t,sgn,lots,profit,move,fill_in_bar,atr,mom4,mom8,mom16,mom48,z20,rng_pos20,z96,rng_pos96,rsi14,bar_range_atr,body_frac,atr_pctl,ret1_atr,gap_atr
2025-10-15 02:02:00,1.0,0.1,-3.1,-0.3099999999994907,-1.1461086637297846,10.037693074186928,1.915778840603495,2.0044446319783145,4.03678411967002,7.48448866136355,1.5591485402699572,0.8919831223628536,2.1339935991435546,0.9470855725506329,63.79029155397122,0.6953789031415425,0.5654727793695492,0.9275,0.3915242248346709,-0.001693616239725721
2025-10-15 04:46:00,1.0,0.1,0.4,0.0399999999999636,4.283410138250114,8.679097250280702,-0.6521415576737313,0.8672560962209064,1.3895454391422384,4.606124213979387,0.31703254580997803,0.6858299595141627,1.491199175643901,0.8844206136431311,56.050602424012936,0.7201209779966299,0.4523200000000361,0.8675,0.3372470564153448,0.011521935647883202
2025-10-15 06:14:00,1.0,0.1,0.5,0.0500000000001819,0.7123026385503682,8.482112225093033,0.724229983874406,-0.14937317101894843,0.4837238521629043,5.35397301932084,0.6640813721046217,0.7539036518544212,1.6293214644386331,0.9249369644392452,57.860914434405856,0.8594557353808185,0.36584362139922966,0.8485,-0.32385801167234246,-0.009431613008285773
2025-10-15 07:43:00,1.0,0.1,-3.6,-0.3599999999996726,-0.542998897464205,7.626342660170381,1.2417485578583594,0.9100036949881114,2.1015315878347884,7.061051725519674,1.591410649956406,0.9680539533232781,1.9388886359027608,0.990243902439025,65.98846290569668,0.37894966549218256,0.027681660899625666,0.7705,0.015734934207271765,0.005244978069090587
2025-10-15 10:21:00,-1.0,0.1,72.4,7.239999999999782,-2.093680297397927,9.821718789544159,-0.370607230566949,-1.4233761217927627,0.7086336056993809,3.8992156892914864,0.005258745438149818,0.6490172482952238,1.3998788639517903,0.8401122951568559,54.33444393469152,0.9665314394977682,0.6979879911513672,0.919,0.6689256881386066,-0.0057016497010798466
2025-10-15 15:04:00,1.0,0.1,1.0,0.0999999999994543,1.3155737704917705,11.16792476296603,0.7124868916010747,0.839905371775528,-0.24355464938473986,2.1069268014795837,0.49443718144288357,0.6608537792936515,1.0551914684359955,0.8126287597857477,53.04782594704467,1.0891011766424328,0.14445449313495431,0.9525,0.1566987633909549,-0.0006267950536100765
2025-10-16 01:15:00,1.0,0.1,10.7,1.069999999999709,-0.23120494335735145,8.204496600671709,0.6853558814979754,1.2569936343389756,1.4190998627565776,3.3826572611082004,1.6888100396764898,0.7619271021292044,1.8607548962665375,0.910281517747861,59.257448792097335,1.5186794030702537,0.8244783306581146,0.8045,1.2521182590482247,0.0
2025-10-16 02:00:00,1.0,0.1,13.4,1.3400000000001455,-3.2440344896730746,8.40939541970689,2.3631900996627384,2.463078374393126,2.7853369750113495,4.70580797131545,1.9732021119265133,0.9179019725045013,2.5125484991698004,0.9613098591549382,64.79430777150547,1.0425244101918327,0.07722139842588038,0.8195,-0.07218116995396655,0.008324022894162921
2025-10-16 06:33:00,-1.0,0.1,0.3,0.0300000000006548,-1.673299101412056,8.831529488315807,0.07926146891384153,-1.530878656736358,-0.7982762226324891,4.094421022750347,-0.5974809485919521,0.5466735430634336,1.1474003952177363,0.7769205390452502,50.759660077207634,0.6182394575281287,0.4908424908425409,0.8575,0.30232588857145376,-0.0011323066987941747
2025-10-16 09:01:00,1.0,0.1,5.3,0.5300000000006548,0.876936316695317,7.320679111830147,0.3073485349691153,1.3837514041054095,-0.08332560281392855,3.0994392259773793,0.6388997586055627,0.820049986114956,1.4011675847283194,0.8826231505215333,56.15501162252255,0.6939246922858149,0.13385826771659465,0.6985,0.09835153119015169,0.005463973955001525
2025-10-16 10:55:00,1.0,0.1,10.9,1.0900000000001455,-0.24325980392153285,7.536473793928804,1.5776608962108656,0.9288163392326828,2.738681320251719,3.165936836298787,1.2137739544092025,0.9002011060834519,1.5821367200036762,0.9409015124449166,59.334167193874386,0.8230639646085551,0.24778333064637617,0.719,0.20394153048571886,0.0
2025-10-16 13:34:00,1.0,0.1,2.3,0.2300000000004729,0.18230483271370626,8.665963324190736,1.5055452592996006,0.8066039213998794,3.2783429766768486,3.094866548203892,1.8555610027954075,0.8976067858224754,1.8735288168345514,0.9571587913202175,63.77481944974851,1.2520246848625547,0.5336405529953705,0.8435,0.66928508499565,0.0011539398017417896
2025-10-17 08:19:00,-1.0,0.1,2.2,0.2200000000002546,0.529841269841286,17.860807125558214,-1.2020733357160218,-1.396353469620715,-2.067655719049488,2.2852830621294964,-2.240186423934172,0.3628595841640612,0.6420073607231473,0.7116092975993913,41.88407722486923,1.476417040653516,0.32043989381872784,0.996,-0.4686238388422381,0.004479080896934939
2025-10-20 03:30:00,1.0,0.1,7.1,0.7100000000000364,2.421764705882357,12.966612458041348,-0.9352481258494652,-0.631390814408328,0.5593596649449182,1.0842461780587416,0.2748564959017953,0.6847590017146191,-0.6114674458265396,0.35757654250634735,52.00177790416841,0.8077668731052902,0.10301699446253738,0.929,0.08938340709656956,0.006169691602860745
2025-10-20 06:23:00,-1.0,0.1,5.8,0.5799999999999272,1.1679181575366275,11.347129583530872,-1.5648010247253386,-1.5912394290628276,-1.662975632832082,3.2769520896252686,-2.060741859616275,0.31869878321330974,-0.6762816984089981,0.31597999782585146,42.16500875774136,1.2181935438599376,0.29183245315783346,0.897,0.36255865148235483,0.007050241156674421
2025-10-20 06:49:00,-1.0,0.1,18.4,1.8400000000001453,2.5997256515774225,12.491836222534351,-1.6538801527617484,-2.5894511762528674,-2.139557349606163,0.9510211139791815,-1.9004008597735333,0.2599119823964883,-0.8418043692844546,0.2640123926513775,39.452998489812074,1.5597386687517307,0.39155204270173816,0.9195,0.6075167705377738,-0.003202091292856255
2025-10-20 11:06:00,-1.0,0.1,0.9,0.0900000000001455,-0.05717916137225957,9.370154858514299,-0.6595408606704897,-0.443962779998222,1.958025270343162,-0.06435325873532843,0.21473068383133773,0.7412602983745284,-0.0769097995810698,0.4399514501085978,49.919925670222675,0.6054328968582464,0.5799400669838828,0.807,-0.3532492312005634,-0.002134436442345809
2025-10-20 12:48:00,1.0,0.1,-4.0,-0.4000000000005457,-3.156247864999483,11.937257186129667,4.718839438715604,5.21811660993423,5.122617285238099,6.6514441937515,3.292164416778134,0.9549826856483348,2.714682085235825,0.9745615306566219,81.01829097913182,2.663677216986299,0.8242915998364748,0.9065,2.2082124552555693,0.012565700617964078
2025-10-20 15:20:00,1.0,0.1,67.0,6.699999999999818,-0.9827586206896629,13.662321984857375,2.179497748113634,1.9718463691500268,6.654066570877182,6.7730800154294615,1.604351921537228,0.983159417295174,3.0825319341501753,0.9899401345429851,76.1612835641219,1.1350193632668575,0.8935319533114153,0.935,1.015713142713227,0.0015370740071128557
2025-10-21 02:17:00,-1.0,0.1,9.2,0.9200000000000728,1.0499871167224446,10.572788585341588,-1.2636212189585692,-1.2929417711948337,-1.5133188251000167,2.5045426555404866,-1.834624613897054,0.2993927742479885,0.813230934920333,0.7758292626627484,42.94406645655466,0.9420409686247638,0.542168674698848,0.845,-0.508853454939891,0.0018916485314163117
2025-10-21 02:30:00,-1.0,0.1,46.7,4.670000000000073,0.7108317214699859,10.64923225781719,0.0422565673379403,-1.693079798007554,-1.9776073514164432,2.8612391261945196,-1.1437795396638688,0.4156800225071967,0.8976710752503978,0.8067725976804975,46.92637124385687,1.09331825225742,0.4225715021901624,0.8485,0.46576127554726704,0.003756139318926129
2025-10-21 03:00:00,-1.0,0.1,2.4,0.2400000000006912,1.0072869955157522,10.890256385566891,-1.1046571884150849,-2.7256474915815168,-2.5970922078092182,3.506804490903869,-1.8791423996066536,0.14348345954563232,0.6258582882703854,0.7343427348667769,39.87057247116512,0.873257677624931,0.08307045215561992,0.8575,-0.08080617837119,-0.008264268242520406
2025-10-21 06:12:00,-1.0,0.1,0.5,0.0500000000001819,1.1789125642909175,9.13242766037837,-2.0607882919951734,-2.5721528681703747,-3.0484774733870372,-2.7038812589923262,-2.1674504839274835,0.10771992818670723,0.09679924212245078,0.6357108544977002,31.459072326748526,0.8176358223340445,0.01607071112895361,0.763,0.02846997640368241,0.015329987294267548
2025-10-21 08:33:00,-1.0,0.1,99.2,9.920000000000073,5.581216958639993,15.61434931777449,-3.68507190591027,-3.6402413474441615,-4.851947299126863,-6.371703231126385,-2.0878134793806793,0.21571388341312803,-1.4964382968723358,0.16747684257322934,30.366813565252485,1.6696180845860225,0.8714998082086884,0.9655,1.45680101918217,0.0017291786836937475
2025-10-21 12:56:00,-1.0,0.1,30.6,3.0600000000004,2.6295961422543472,15.802902575817818,-2.40019197853198,-2.6661557772603923,-3.4177265689562817,-9.617853382996955,-2.2037118107567584,0.040614591167935504,-2.6975364023432595,0.022595087660570095,27.052794278264372,0.8976831902835136,0.7305089524884045,0.9665,-0.6638021053203204,-0.008036498319861696
2025-10-21 13:08:00,-1.0,0.1,-1.9,-0.1899999999995998,2.780959031657397,15.85912382040227,-2.669126017261035,-2.696428912736443,-3.9712156051759773,-9.936425352658764,-2.287196510358084,0.05535863219349871,-2.7569651666412365,0.030205980897990307,25.538768821356868,1.0460855333418626,0.4207353827606692,0.967,-0.43949464541241906,0.0006305518585682261
2025-10-22 04:25:00,1.0,0.1,2.1,0.2100000000000363,-0.17965895249699845,20.507944258563025,0.5480802882183843,0.41301067982290446,4.289069586449291,-0.835286062026794,0.7818520224222549,0.8603037622655262,-0.723544502778996,0.34558342954707094,53.40331877483213,1.2926697900951751,0.1857035081101714,0.976,-0.2400533148487129,0.0
2025-10-22 06:17:00,1.0,0.1,18.0,1.800000000000182,0.9400476608553784,16.276375395557494,-0.23531037512475259,0.8607567507827409,1.3811428806277901,1.4345945846379016,1.022150159658879,0.8538751805208338,-0.43847141307083304,0.3934199596709106,57.08992346210416,0.7102318371911973,0.21946366782008428,0.946,0.16010935706920681,0.0042392730766297165
2025-10-22 07:31:00,1.0,0.1,15.6,1.5600000000004002,1.4161662262791421,15.61556163492652,-0.023053925847564726,0.073644485346431,1.5887997229961397,1.6297844800584769,0.6622283648274125,0.6595229865191855,-0.3029792254631586,0.4055421679674324,55.13209666606749,0.5210827628383284,0.5124738847241266,0.934,0.2651201472472564,-0.0019211604872824998
2025-10-22 11:41:00,-1.0,0.1,98.2,9.820000000000164,2.9462556181553645,23.22028763891102,-2.7609477107668914,-2.3802461390436083,-5.228875795515094,-4.447791586652542,-1.665442758005944,0.03454315328567016,-2.0830137079822704,0.062292911675784546,27.573239854922576,1.1446886624892159,0.42885628291948524,0.9915,-0.4909069248952023,0.0
2025-10-22 15:54:00,-1.0,0.1,31.5,3.150000000000091,-1.5384304207120414,23.191887109977042,0.2101165798579498,-1.5755940785120672,0.540835678464655,-4.481351582437199,-0.3817671070503535,0.3211413923367501,-1.679648200065535,0.1982681624405363,43.650602200310274,0.7705280693744107,0.3045886961387683,0.9885,0.23771243684729101,0.0030182968582168563
2025-10-23 01:20:00,-1.0,0.1,11.0,1.099999999999909,0.3765235824059385,13.409102077034298,-0.6048130555952459,-0.9486093794293117,-2.0105745966520634,3.1148245244202006,-1.6230654870001424,0.2369200394866728,-0.20270110800296096,0.44297399747290134,46.051749429511865,0.766643429287238,0.42509727626457255,0.8525,-0.3236607473838824,0.0022372862722538998
2025-10-23 06:52:00,1.0,0.1,-1.7,-0.1700000000000727,-0.7096654275093087,11.593730611700796,2.20636487570133,3.0007597351700706,3.6847500973401734,5.804861459526986,1.7758718887009441,0.7664648855309283,1.3186652778788364,0.7399082263749438,67.84084802683323,1.2291125675818624,0.1964912280701882,0.8085,-0.2535853297326444,-0.012075491891982126
2025-10-23 13:23:00,-1.0,0.1,11.8,1.180000000000291,-1.5472650026553547,11.390329386665604,2.6557616529872243,1.6408656295646333,1.4670339577327807,5.055165486909189,2.617938650437748,0.9618236748146022,1.762384044538038,0.9805531649467392,64.82301299054338,0.9472948177101504,0.751621872103772,0.7925,0.6865473099622916,-0.02546019435921317
2025-10-24 01:29:00,1.0,0.1,0.1,0.0099999999993087,0.16271543614060505,9.427792775270277,1.543309271515364,2.8734191178935333,3.1545029371042896,4.033817979087943,2.4216703588698754,0.995972073039752,1.28803779016043,0.8689205885656515,62.097915785986416,1.6430144753108145,0.6630083925113351,0.66,1.096757241750439,0.007424855601761166
2025-10-24 05:21:00,-1.0,0.1,-3.1,-0.3100000000004002,-0.3080536912751475,8.540755628210052,-0.16977420536544552,-0.33837755414213816,-3.283081874791506,-3.3650418360024,-0.48768640640657207,0.29273745702816056,-0.44126681888178815,0.4703002654501348,47.11064501769726,0.7759266613496675,0.48287309491482283,0.5745,0.3992620967560119,0.02458798836317228
2025-10-24 05:30:00,-1.0,0.1,20.0,2.0,0.12752075919333108,8.462844511909386,0.6900753040873872,-0.5222830212442167,-2.834744271413674,-3.295582231335098,-0.6335731680937644,0.23840661586172593,-0.630022922588469,0.4184564223361515,45.45967741384007,0.8803186670293508,0.3006711409395387,0.568,-0.2670496895954806,-0.0023632715893918935
2025-10-24 07:00:00,-1.0,0.1,0.0,-0.0,2.305259352972942,9.685651451787407,-1.2740495630495194,-2.02433466634628,-1.8212507530140944,-4.713880137775769,-1.5273123645570874,0.2525049150816062,-2.067945472231458,0.1452573344052791,37.14836136380907,0.702379187797936,0.19506100249885416,0.6745,-0.13700678850619633,0.0
2025-10-24 08:51:00,-1.0,0.1,52.1,5.210000000000036,1.9131559497413342,11.267737369393956,-2.7032933943541453,-3.2641868366495292,-4.444548036416784,-5.611596891825713,-1.7781631404107112,0.11770901909150787,-3.1396488470892607,0.08345780433159097,25.548157899750464,1.2211857224659344,0.21264534883720793,0.7775,0.24228466732064535,-0.017394796628141033
2025-10-27 04:01:00,-1.0,0.1,16.9,1.6899999999995998,0.735534591194946,11.032525382038074,-0.16859240614373902,-1.1094468017202646,0.4803977164311854,-4.334456377309124,-0.9324146227076616,0.29269521410580013,-0.9984302192452167,0.27291541279947884,40.13692363693674,1.0459980467199381,0.9090121317157552,0.7335,-0.9544505573622805,-0.003625643142873449
2025-10-27 04:41:00,-1.0,0.1,-1.9,-0.1900000000000545,0.09623733719247143,11.340595865124667,-1.2904083854185684,-0.9170593964981013,-0.4505936073178244,-5.5464457730509364,-1.3470606543424284,0.2014078110808333,-1.2381027931126183,0.19805294223235964,38.287606456341614,0.9496855481042739,0.47725162488392586,0.7605,0.454738010359693,0.0014990393981465842
2025-10-27 05:27:00,1.0,0.1,23.2,2.320000000000164,0.787705131544664,10.724265712710961,1.5103131938257166,-0.1690558634565758,-1.5432292003343646,-5.542570614373076,-0.16623081030035258,0.4520890099909144,-0.7098262985086027,0.31462299513235625,47.27696704947665,0.5846554130571802,0.7735247208931297,0.7065,0.45597527429817303,0.003729859094460288
2025-10-27 06:08:00,1.0,0.1,-3.8,-0.3800000000001091,0.9586451358802617,10.221930310067778,1.06926966516634,0.9773105173844158,-0.22011498139289123,-4.860138789155068,0.38592521920763356,0.5892370572207049,-0.4203983739664539,0.3783986400160499,51.1607122540368,0.7334231180010983,0.028011204481798155,0.675,-0.012717754480488837,0.007826310449517903
2025-10-27 08:53:00,-1.0,0.1,102.1,10.210000000000036,0.7871621621621622,8.64321922652626,-1.3128210337620474,-2.3945938958114703,-0.16972842659108286,-5.809988001447754,-1.4178147799267606,0.17428754402817012,-1.1495675397522782,0.16186765497798417,35.932927694303274,0.48361610303389796,0.12511961722479595,0.5365,0.05935288537232863,-0.0011569763230201632
2025-10-27 11:11:00,-1.0,0.1,13.4,1.3400000000001455,0.17849947232082908,11.182066918137373,-0.21105221577347158,-0.5222648051343383,-3.646016456391512,-3.9306686609707167,-1.142847056166827,0.21125124460670383,-1.749881637877843,0.11181379007465989,34.00081238356917,0.6361078011849942,0.563756502179153,0.742,-0.3559270418552438,0.0026828671496805234
2025-10-27 13:47:00,-1.0,0.1,8.3,0.8299999999999272,0.16892857142858833,12.257710670032397,-0.7701274939601022,0.40627488558488356,-1.4162514083842208,-5.097199769346072,-1.471391559045346,0.2188711762171541,-1.7854925183418757,0.08242070252291969,37.152912673293265,1.6834301735028374,0.4022292221952818,0.8065,-0.683651313494211,-0.006526504186096587
2025-10-27 14:01:00,-1.0,0.1,3.0,0.2999999999997271,0.6678910976663791,12.382159907887226,-1.92753123667845,-0.166933718783858,-1.4381174312453746,-4.841400890148002,-1.7271939739750348,0.23496220302375764,-1.8424874094892265,0.069473936297597,35.39711836754299,1.130658956446059,0.24621428571429402,0.814,-0.2791920008881717,-0.000807613540336242
2025-10-28 01:00:00,1.0,0.1,17.4,1.7400000000002365,0.4260582010581918,10.98070638167609,0.7351986037502631,1.5308669056165105,1.4856057008519736,-1.5979846277723402,2.0654910507240785,0.9168834688346873,-0.7094034299006737,0.27839053740996084,56.17168423151048,1.1802519391308388,0.5480709876543086,0.707,0.6441297812864609,-0.0027320646738908756
2025-10-28 04:22:00,-1.0,0.1,36.1,3.6100000000001273,0.7053861911073601,9.764148643211206,-0.18332371468402064,-1.7840777149692215,0.1310918183214776,0.9166185734198704,-0.9891401323833069,0.3177172061328707,-1.0328248388699617,0.14337494611452387,44.067146293802146,0.8777006898557094,0.620770128354733,0.606,-0.5397295957456106,0.005120774153155793
2025-10-28 05:31:00,-1.0,0.1,-3.0,-0.3000000000001819,0.29546809779367517,10.653976184000339,0.3566743471518972,-1.3985388875165912,-3.2232097582093724,-1.0963043091405005,-1.2528324577614938,0.2102215015057823,-1.278169175774696,0.09713702273419693,40.048154970145276,1.0650483729295515,0.11456772715256987,0.6745,-0.13797665534557696,-0.015956483951495626
2025-10-28 13:18:00,1.0,0.1,18.2,1.820000000000164,0.6917930419268179,11.867846764587199,-0.2715741165126227,0.5746619530301064,2.169728048464204,-7.990497508188749,0.9805709228552218,0.8201455002694403,-1.3283087759169312,0.2228608385805627,47.718572934507115,1.4240156900600094,0.6081065088757389,0.7735,0.8659532098666687,0.0
2025-10-29 06:25:00,1.0,0.1,13.9,1.389999999999873,0.7881249999999795,10.160381252475,1.2561536504244262,1.2620589406403155,0.19418562659937605,-0.10009466915939705,0.9794614234281449,0.7002548131370345,1.0247030331653053,0.8567211815261414,55.67133159727633,1.059999593753087,0.5629526462395648,0.5995,0.5937769312082417,-0.0029526451079222586
2025-10-29 12:15:00,1.0,0.1,1.2,0.1199999999998908,0.9769874476987501,8.762576972788537,0.7258138809793723,0.7258138809793723,2.4170971696765218,7.591374113639444,1.3337139766376778,0.966458072590735,2.085515231131886,0.9892100813269978,71.69283467944274,1.7745921146586188,0.7601286173633679,0.451,1.3454946001173902,-0.003423650382000937
2025-10-29 13:13:00,-1.0,0.1,33.3,3.3299999999999272,0.23365384615384635,8.270922598110904,1.0651774207163018,0.24302004717815298,1.0276967169226585,6.068246849688033,0.9292844644218683,0.8399433905044318,1.8371040582426141,0.961884127748355,67.54254789230428,0.5900188210096727,0.1317622950819825,0.402,-0.07895128895891179,-0.0012090549611118717
2025-10-29 15:27:00,-1.0,0.1,3.4,0.3400000000001455,0.16236811254398426,9.1666488140229,-0.8181834116440346,-0.3370915655973086,-1.3756390427774678,5.48510159166163,-1.3196053708427824,0.25583064226767627,1.0895944648213953,0.8202881974230354,48.289212652942176,0.8086924840689651,0.1618777822744194,0.491,0.1320002570785749,0.001090911215499583
2025-10-30 01:06:00,1.0,0.1,17.8,1.7799999999997451,0.9149289099526047,14.061970262565206,-0.18134016445679832,0.6561669401736211,0.31574522752475964,-4.727644758073371,0.4442312522935935,0.5300582689847915,-1.1073157073745494,0.295465948401067,46.18490220900732,1.1179087785336128,0.5298982188295033,0.856,0.5829197364910945,-0.009458134067732608
2025-10-30 02:04:00,-1.0,0.1,21.0,2.100000000000364,0.5520928116469612,14.132476902049298,-0.16557607107504493,-0.34601153314400585,1.3543273505880948,-5.493021537416649,0.22687591415306232,0.6262057071810966,-1.1357149852006,0.27486862605297097,45.318062520221936,0.8993469501554258,0.7757671125098425,0.857,-0.697683786666608,0.0
2025-10-30 04:34:00,1.0,0.1,37.9,3.789999999999964,0.3450792326939151,12.907512326063143,2.054385022469167,1.9763684399890011,-0.015494852528319772,-3.657559939313176,1.4279767974813573,0.861974584555231,-0.5822747839359294,0.3837583775785551,57.23061134126686,1.385239816033056,0.9233780760626464,0.8125,1.2442366580252402,-0.0348634181887371
2025-10-30 09:00:00,1.0,0.1,73.3,7.329999999999927,0.04308013165184284,11.380792011090088,1.3382196937751822,-0.03163224489551063,0.3620134693600924,2.7027995916299967,1.234821732796448,0.8731952291274335,-0.03580492181091248,0.5324223169988697,59.782752045824196,0.4531319081286153,0.49641264300947635,0.699,0.22581908161539285,0.0008786734693397184
2025-10-30 12:58:00,-1.0,0.1,21.9,2.1900000000000546,0.15567356064842136,11.693520163472366,0.2890489735125599,-0.4729114862498021,0.24629024962017076,2.9783161540004923,-0.36768770428085223,0.3741965516624007,0.15327769237309452,0.5351205500913925,50.579027705914186,1.180140779429917,0.4330434782608863,0.7235,0.5105391632751481,-0.0005131046866965363
2025-10-30 13:52:00,1.0,0.1,-2.0,-0.1999999999998181,0.5369268955181895,12.374386125284637,-0.1284912224252718,0.14465364034038414,-2.4550712813078075,1.415827809365128,-0.5225063256843058,0.2910191490600075,0.19205310597856637,0.5313165365507451,50.36543776356686,1.2744066526077662,0.35573874445149867,0.771,0.46062891058110617,0.007273088061782182
2025-10-31 02:14:00,-1.0,0.1,0.0,-0.0,0.0808531746031806,9.902123195804178,-0.6311777662641391,-1.7925448561901551,-0.5766440072589212,5.81996394716834,-1.4268373300972268,0.18337466758298318,0.9952303473268849,0.791150848234752,47.376367798275226,1.2903293311291093,0.39289348047272166,0.5155,-0.5049422130113114,0.0020197688520434084
2025-10-31 04:07:00,-1.0,0.1,2.8,0.2800000000002001,0.25357448368572344,10.320920240248906,-1.4378562816644975,-2.193602844803485,-3.913410728869832,-0.028098269655164952,-1.5919656101152944,0.09667225465826217,0.08387757851351274,0.618141525294206,38.486658730243555,0.46313699638521016,0.31171548117158454,0.5595,-0.15986946527941567,-0.015502493602837475
2025-10-31 05:46:00,1.0,0.1,2.4,0.2400000000002364,0.9564943253467538,9.861049742525397,0.641919487810922,0.8832731025012983,-1.752348933550189,0.3782558751239776,-0.11961181750006201,0.34842167957117454,0.382746725720514,0.5997655784251307,48.82801347747047,0.8640053769587847,0.5481220657277093,0.505,0.468509957928345,-0.00507045409015217
2025-10-31 07:04:00,1.0,0.1,12.2,1.2200000000002549,0.8433409066320594,9.364331588124571,0.8617806753269741,0.7838252982527821,0.21891578493434022,0.9098353598247917,1.4241655464317169,0.7965597088984424,0.6093507280937429,0.633584404076204,53.75353071592092,0.9867228550212802,0.3051948051947659,0.452,0.29793904388628417,-0.0032036456331586984
2025-11-03 02:21:00,1.0,0.1,-3.9,-0.3899999999998726,1.0389221556886163,11.47904900440997,0.7378660023793163,2.329461263709858,-0.30925906829354105,-1.5256490318380778,0.37660724575293647,0.7374268606424916,-0.734564044833696,0.4216898841296727,52.0415737279266,0.735252545464142,0.11492890995258219,0.687,-0.08624407820015823,-0.001742304610103006
2025-11-03 03:01:00,1.0,0.1,21.2,2.119999999999891,0.49892588614393224,11.251713069492983,0.7190016266887165,2.9675481230081235,0.20352456429136032,-1.6853433679725212,1.1191916153893386,0.9440018210789889,-0.05800915932134306,0.5399036583778158,58.06196409835868,0.7483304940320069,0.26959619952493613,0.657,0.22307714252024757,0.021330085340600602
2025-11-03 03:30:00,1.0,0.1,8.7,0.8699999999998909,0.17963683527888608,10.660660758899573,0.9849295683885774,0.6866366133909093,1.0981495673452768,-1.922957728758651,1.168852640560312,0.8910243304027828,0.13313976016339787,0.5912359245692628,58.91495501088037,0.44837746065691403,0.3117154811714894,0.5795,-0.13695211141399152,0.00281408448112899
2025-11-03 05:03:00,-1.0,0.1,2.3,0.2300000000000182,0.3346023003402164,9.061275011767467,-0.8494389575423295,-0.04712361113039931,3.637788275622601,-1.8868205608810138,0.5515138730290879,0.7770352139341157,-0.029711812784275895,0.5568172568172581,53.68819476701759,0.5341411659743973,0.6626033057850792,0.3845,-0.3572344946816353,-0.0033107923511029574
2025-11-03 05:31:00,1.0,0.1,17.4,1.7399999999997815,0.6271317829457654,9.196191209126036,0.7068143595741666,0.6339581102026677,1.4299398197539008,-0.6557062443433914,1.0439181885342055,0.934708101173725,0.5797763082525161,0.6703296703296742,60.595515438051386,0.8590512985593816,0.6367088607595117,0.4005,0.5513152004678677,0.004349626828144762
2025-11-03 06:00:00,1.0,0.1,1.5,0.1500000000000909,0.8669264199011105,8.754103644603546,1.170536746650994,0.29129195900846694,2.0458976415067287,0.12908231909000084,1.2800266724659857,0.9154822815993928,0.6922125821473801,0.6958350291683617,61.514705713008105,0.6347880063569264,0.19254993701641251,0.3465,-0.10623589093254432,0.015992499710255938
2025-11-03 07:01:00,1.0,0.1,16.6,1.6599999999998545,0.4804964539007136,7.873886328444445,0.4559374939197759,1.7573278839464286,1.7030979926083232,4.666056692649523,1.3994558889405124,0.9600706713780883,0.9029405027888263,0.744539411206079,64.02590456028207,0.5994498527301292,0.4173728813559075,0.256,0.24765407051349417,-0.002540041748854277
2025-11-03 09:26:00,-1.0,0.1,54.7,5.470000000000255,0.3726092089728381,7.91778857310168,-0.0008840852385712225,0.8137373132048988,1.8531689580405522,2.6917869558180234,1.09472217999182,0.7851971302573687,1.081413731237654,0.8006105006105053,60.590391461508965,1.1859371986642895,0.18029818956338148,0.2605,0.24539680266292696,0.031574472807887326
2025-11-03 09:44:00,-1.0,0.1,10.9,1.0900000000001455,0.1282161234991346,8.562232246451565,-0.8552676205477523,-1.3921603218529914,-0.567608990285711,0.6552029702680715,-1.4118778952915685,0.3092213519383991,0.06223960678880123,0.6043956043956066,44.93427700412514,1.9784560278682557,0.8543683589138081,0.319,-1.6891623099798625,0.0011679197330705224
2025-11-03 15:00:00,1.0,0.1,26.0,2.599999999999909,0.6513698630136974,8.11929538600125,0.7808559362098283,1.089996062374882,2.9202041399896896,2.252658528908108,1.8610527904621277,0.8821193305386643,1.2868913317708497,0.8175102599179196,62.957342272386384,1.6984232429547725,0.7193618564177011,0.279,1.2217808970349173,0.0
2025-11-03 16:13:00,-1.0,0.1,-4.8,-0.4800000000000182,0.02271947873798681,10.36214346937684,-1.3298406879545843,-0.7179981653397705,0.0907148219649756,-0.26635415810993396,-0.5739961611623283,0.39151762339129104,0.28760818071982586,0.6755803702615303,47.16941668892496,1.983566436880816,0.6418701955823901,0.5505,-1.273192176791354,0.0
2025-11-04 01:27:00,-1.0,0.1,-2.8,-0.2800000000002001,0.026798825256959227,8.170717984515168,-0.5752248466912617,0.2460004131594113,-2.4673474275096474,-2.08916768787646,-1.0536624380248865,0.31659807956103914,-1.4048874441322137,0.4034675286511883,42.072105227982384,0.9994225740597165,0.4445260837618883,0.278,0.4479410508276196,0.003671647957628074
2025-11-04 02:03:00,-1.0,0.1,18.8,1.8800000000001087,0.20280612244899437,8.340474275502844,0.12948903915117158,-1.1654013523606532,-2.745647219038927,-3.1209256380604162,-0.9746436124229796,0.24581618655692647,-1.9008047730731241,0.33650891210817396,40.98415155617471,0.6582359490184737,0.01821493624770729,0.2955,0.014387671016784726,0.002397945169464121
2025-11-04 05:45:00,-1.0,0.1,16.8,1.6799999999998363,-1.127016129032218,7.852861546684694,-0.5030013551770083,0.6405308396304659,1.0836814006471946,-4.244694727117983,-0.0211216667998854,0.5348739495798286,-1.4681266779023916,0.2316651501364869,46.09965280823588,0.6838271588102794,0.6573556797020991,0.2375,-0.45206450908317797,-0.0025468423046915135
2025-11-04 08:01:00,1.0,0.1,13.5,1.349999999999909,0.6409050463963502,8.603907007223967,-0.05927539658111307,-1.101825018801397,-0.271969466666184,-2.6999362011346437,-0.15411525612524885,0.5637973137973039,-1.4682784516635166,0.2886388498202802,46.82132143437741,1.223862599997775,0.4776828110161111,0.3225,0.634595422221008,0.04997729515658433
2025-11-04 12:32:00,-1.0,0.1,-0.2,-0.0199999999999818,0.292042042042073,6.728620622619431,-0.5796135967139477,-0.27345872255223674,-1.4252549724324908,-1.7254650917561154,-0.6195767302701701,0.6119791666666743,-0.822775370995904,0.36958899828098146,47.293641125635055,1.1413929289136369,0.8307291666666494,0.1165,-0.9511607740946748,-0.002972377419043113
2025-11-05 01:04:00,1.0,0.1,9.3,0.9299999999998364,0.7968553459119269,7.801892029392657,0.6571482892463287,1.0023209717000483,0.29608202616715384,-7.079052080178483,0.8925052979017646,0.6830814236957449,-1.357493467984759,0.13450937155457557,47.27955505949962,1.2570027838187374,0.8208422555317528,0.2065,1.0343644810254986,0.002563480746033693
2025-11-05 02:48:00,1.0,0.1,-3.8,-0.3800000000001091,0.7874999999999849,8.118723657914952,0.20200219506190914,1.6542009022448887,1.7256407029375675,-4.340583752428163,1.5717465762675589,0.7739449915803495,-0.9646291945153332,0.22694444444444647,52.420738069652444,1.337648681934469,0.639042357274399,0.245,0.854814166908396,0.0
2025-11-05 04:31:00,1.0,0.1,7.9,0.7899999999999636,0.2488344988344734,7.141858387583572,1.452003027395304,3.557897485642705,3.472485542854727,2.020482515459423,1.8340943547297985,0.9516224856423445,-0.09400152001209677,0.48347222222222147,65.99143686762599,0.589482424815206,0.4038004750593793,0.1255,0.24223387052979062,0.004200587350255555
2025-11-05 05:24:00,1.0,0.1,-1.6,-0.1600000000003092,0.7183698296837401,7.027630057405677,1.3233479742149907,2.57697116269174,3.9757357418888377,1.06010133418293,1.6329907247895559,0.9402194993953521,0.2525207878955469,0.5886111111111126,69.98657537632133,0.737090592089667,0.14864864864863678,0.111,0.11241343006771765,0.002845909621965078
2025-11-05 08:05:00,1.0,0.1,41.0,4.099999999999909,0.4275461380724581,6.751401680986788,0.9272148652670298,1.1330980382256723,1.7388981658522586,5.13967345443562,1.0736746111065036,0.805224121251209,0.44601028963748945,0.608749999999999,63.106172175650904,0.9217345218142693,0.3776313675075934,0.0915,0.33178295498370974,-0.016292912967970478
2025-11-05 10:03:00,-1.0,0.1,1.6,0.1599999999998544,0.3846396965865976,7.048320451755669,-1.1577226171615504,-0.09363932932922407,0.9917256242596972,4.701829354501755,0.038312824894787274,0.3956544108916734,0.48513092305374145,0.6040043093196046,54.25363242304709,0.5135975335937207,0.5524861878453206,0.1075,0.28091798798773676,-0.002837555434216956
2025-11-05 13:00:00,1.0,0.1,11.4,1.1400000000003274,0.4371761658030944,6.75294200219586,0.41463409564152975,0.7715155851043731,-1.5282228096500674,4.446950675755147,0.0849838737087076,0.4393695722097216,0.682153856478105,0.5959023539668719,53.82065494860909,0.8855399614057837,0.8528428093645307,0.0905,0.7522647163781444,-0.0029616721117223265
2025-11-05 16:46:00,1.0,0.1,40.0,4.0,0.3873697916666994,7.832957073169534,-0.04340634026512897,0.8451469781030179,2.312025947650397,1.463048998347549,1.3076183995026136,0.8760647359454724,1.4817946543933551,0.923166919866588,58.88105795948312,0.8936599466346258,0.20857142857143376,0.2105,0.17617867519363925,-0.010213256533015918
2025-11-06 01:08:00,-1.0,0.1,7.0,0.6999999999998181,0.14547581903274243,5.184656192565154,0.48219205037838836,-0.7213593073661145,-2.214804525798047,1.7995407320121313,-0.5638974232712732,0.41541038525963264,0.47562865605611765,0.7652961856503828,47.227059169873236,1.066608815436946,0.6907775768535054,0.01,0.7271456119706061,-0.00964384100751514
2025-11-06 02:02:00,1.0,0.1,14.1,1.4099999999998545,0.58256798127142,5.87381678248266,0.06128893925900899,0.48690657300197643,-1.3432492520927835,1.1730021985955965,-0.07654366956246199,0.4691647150663557,0.45829927698330375,0.7524115755626988,50.36095561451341,0.9755156165388844,0.9546247818498748,0.044,0.9448711469094186,0.01361976427983999
2025-11-06 03:38:00,1.0,0.1,2.0,0.1999999999998181,0.9966292134831746,5.572873249698042,1.4498804544743924,3.057668681218122,2.8602839658812873,0.4163023087104788,1.899612504225064,0.9676985195154867,1.3587868132054939,0.9176852559205513,63.12614303055632,0.7859500483412991,0.2762557077625585,0.0295,0.22968403239200802,0.012560845521465351
2025-11-06 05:28:00,1.0,0.1,2.0,0.2000000000002728,1.048214285714198,4.752786506399804,0.5302152740516974,0.6796013234869066,3.770419726589891,2.4070090218855125,1.113460118906381,0.9098646034816272,1.52418021136236,0.9314152862539928,63.13961761862686,0.8942122677459248,0.15764705882354654,0.003,-0.15149007830044398,-0.010520144326365236
2025-11-06 06:55:00,1.0,0.1,14.4,1.4400000000000546,0.8600776294613224,4.414629027096638,-0.8245313428735007,-0.6122824779634206,0.919669574743425,0.2265195996905018,-0.21655470779432534,0.6688640973630773,0.870351226991852,0.8119239631336361,50.87725648288494,0.7497798749755487,0.8640483383686328,0.0,-0.6569068391024758,-0.009060783987611832
2025-11-06 11:42:00,1.0,0.1,1.8,0.1799999999998363,0.9834437086092709,4.726613017522335,0.7383722735628611,-0.6727861976877535,1.1953591248224908,8.297696438148158,0.34082693466738906,0.7843533487297868,1.7979952042934215,0.874411566913244,61.70797473867704,0.8695444253133646,0.10535279805352295,0.0055,-0.09160893823860558,0.0
2025-11-06 12:53:00,-1.0,0.1,8.2,0.8200000000001637,0.22289972899734584,5.1134779130624395,-1.3141740541859936,0.2424964028558023,-0.19028145159567744,7.1595107327010155,-0.5845307832515447,0.3149243918474656,1.5348821111616808,0.8182452468166739,54.6989444155297,1.2398606404075954,0.38533123028389205,0.018,-0.477757025948833,0.0
2025-11-06 14:18:00,-1.0,0.1,14.1,1.4099999999998545,0.7436098069900916,5.713406737423265,-0.6488248028481393,-0.7876211526346698,-0.06948568835464719,5.37910241864921,-0.8467661564337515,0.3207082833133375,1.27208779611683,0.7963835912198629,50.6961510374904,1.569991497585153,0.4444816053511669,0.0585,-0.6995826104623671,-0.0017502692280356557
2025-11-06 15:01:00,-1.0,0.1,4.5,0.4499999999998181,0.6783474494084258,7.182224709226974,-2.630104287287471,-1.6624375431557838,-2.0954510070765475,1.3811876405448427,-2.201885943766796,0.13980964883492558,0.19861722832469256,0.5284274919035612,38.48114316275301,1.1695540504612996,0.5892857142857182,0.133,-0.6961631252746132,-0.0069616312527714585
2025-11-07 01:05:00,1.0,0.1,-1.7,-0.1700000000000727,0.6600174839068649,5.499152239059621,-0.10365234043741191,2.1421483690391843,0.6013654207480716,-5.36082630893689,0.6181635327150923,0.6871482176360149,-0.2337929629605004,0.4360888565185686,52.59955922023235,0.6522823599103308,0.7861722888207896,0.033,-0.509169391622261,0.0036369242258697493
2025-11-07 04:02:00,-1.0,0.1,8.4,0.8400000000001455,0.385770234986943,5.695689006932496,-0.8796126322736112,-1.985712349503985,0.2247313711198506,-0.5109127265301799,-0.36207871840052164,0.56008146639512,-0.3244535230813294,0.45923862581244307,48.443872913116834,0.9129711951742184,0.8307692307692038,0.043,-0.7619798052030701,-0.003511427673743923
2025-11-07 06:23:00,1.0,0.1,9.2,0.9200000000000728,0.8515325670497853,5.20153432598598,-0.484472434875704,0.7632363358955089,-0.5133100798087994,3.158683375003181,-0.12063839529471115,0.543161434977591,0.012113464261082098,0.5485608170844942,52.50807785812076,0.8920444832631831,0.06249999999999387,0.0165,0.04171845966987148,-0.014034320534072
2025-11-07 06:48:00,1.0,0.1,-2.4,-0.2400000000002364,0.3447552447552607,5.306220923936884,0.9196752396768761,1.1364019867318043,1.6169699910711792,3.710738825663389,1.8808735468545112,0.8951793721973137,0.5312439267064454,0.6651810584958174,60.4314384004643,1.2532459721006504,0.5037593984962201,0.021,0.572912444388854,-0.058421992684380135
2025-11-07 08:11:00,1.0,0.1,-4.1,-0.4100000000003092,1.0082720588235428,5.274912453723328,0.20284696843536107,2.439282189587334,3.3100075410114793,3.808594014829392,1.738844047073701,0.9185855263157877,0.9859341813809265,0.7834726090993439,63.92101087054893,1.0180263742973488,0.43947858472992934,0.021,0.45498385443450956,0.007583064240569412
2025-11-10 01:11:00,1.0,0.1,10.8,1.0799999999999272,0.8736598087510882,6.522488254645855,1.2924515416329487,3.0319717304072937,2.0789611986409318,2.658494630120517,2.0791956071602717,0.8770380434782648,2.6181883961944155,0.8349089232188178,66.17423238539632,1.1391358190193102,0.5087483176312629,0.0865,0.5856660603841247,0.006132628904539968
2025-11-10 04:03:00,1.0,0.1,12.9,1.2899999999999636,0.5160116448325902,7.119357442495974,0.2879473346517376,0.8596281405213841,5.385317468560488,8.006340524464015,1.0299228129756655,0.9441756605880149,2.6636448705894953,0.9545257687310511,71.2849245403129,0.5501901023566406,0.045953535869357666,0.1265,-0.02106931716965492,0.004213863433956534
2025-11-10 05:30:00,1.0,0.1,29.2,2.9200000000000728,0.22753623188405173,6.268842840735032,0.2297074654101892,0.733787736726951,1.2011786212073616,7.548442543895607,0.8928764239226387,0.9648891814790354,2.304621295862627,0.9780159384446228,68.39273268917628,0.9076635265166246,0.8804920913883507,0.0785,0.8023809382035759,0.003190381464027383
2025-11-10 08:06:00,1.0,0.1,38.1,3.8100000000004,0.5218712029161128,6.262227601470275,0.035131268615683546,0.934172370008784,4.00815837388389,11.120643392720103,1.1469467400073934,0.8888563907575263,2.155493461779866,0.9600084192801496,73.63114673175002,0.732966013391542,0.06971677559916199,0.074,-0.04630939953889189,0.004790627538538611
2025-11-10 09:37:00,1.0,0.1,3.5,0.349999999999909,0.9117283950617656,6.660757377987835,-0.04203726154709241,0.6590842078271374,3.726302969993196,12.24785641789052,0.9206044094564736,0.854720180893164,1.9051184958892198,0.9491793553490223,67.54583468076424,1.3526990233537184,0.5782463928967714,0.093,0.7776893386206293,-0.004503992308643866
2025-11-10 12:00:00,1.0,0.1,0.8,0.0799999999999272,0.33121597096186867,5.975238946552439,0.7346986520987233,1.4677237309580813,1.6886353985595537,12.305784029344078,2.2780843693622486,0.9360269360269479,1.6131859103219235,0.9907099550166261,65.89175098762301,0.741392945056413,0.5869074492098731,0.0635,0.4401497619635031,0.005020719718248142
2025-11-10 14:34:00,-1.0,0.1,-2.8,-0.2799999999997453,0.13496677740863827,6.660616021327193,-2.360142057381036,-1.1845751165862453,1.2701527866058098,6.799671359973621,-0.10999013366361736,0.3476237952808237,1.2332589406181649,0.8389135073034623,52.82463703093699,1.0194252270748658,0.019145802650973466,0.0995,-0.02552316474268075,-0.006005450527681556
2025-11-10 16:30:00,1.0,0.1,5.5,0.5500000000001819,0.7776570704327296,7.363989169509984,0.5336781341656084,0.9179807091500094,-0.15344943806799513,5.329991543511706,0.41459052350992415,0.5933649289099429,1.23617366476338,0.8943870014771022,58.80811183696241,0.4983711838137158,0.4959128065394204,0.166,0.24986457172127108,0.0027159192578378893
2025-11-11 03:09:00,1.0,0.1,-2.2,-0.2200000000002546,0.5874471086036499,5.866819742616565,0.2982876714769339,1.2170136996259462,3.790810179226981,7.912293548548246,1.2494887237364063,0.8964957819597784,1.8203616089147527,0.9692114660747071,75.91433779504621,0.9067945212898295,0.14849624060150504,0.068,-0.1312465754497703,0.003409001959810799
2025-11-11 05:35:00,-1.0,0.1,5.2,0.5200000000004366,0.41829268292685856,5.5720548402600905,-1.408815997875919,-1.4536827494006277,-0.21894974744062423,7.742206643103714,-0.5183796791879837,0.4699045246990303,1.3796194591564668,0.8711922533790559,54.615402576106256,1.2670370630576828,0.6317280453258297,0.0475,-0.8040121873228651,-0.003589340122055045
2025-11-11 09:02:00,1.0,0.1,12.0,1.199999999999818,0.36656441717792737,6.2979089776661965,0.952697160482527,0.9050623024583718,-1.1940471078046921,3.556736065801521,0.09955126584575447,0.4498555509698858,1.103903043621833,0.8279778035875611,53.89501779487086,1.0193859617163155,0.5155763239875955,0.0985,0.5223956096645799,-0.003175657201677741
2025-11-11 12:20:00,-1.0,0.1,-2.7,-0.2700000000004365,0.07611241217793557,5.392718687877186,-0.21139615581340146,-0.43020972060270285,0.3801422100152517,3.562210660679196,0.05531925446993033,0.6665074056378225,0.9525126430552078,0.8659793814432961,51.272859104237064,1.222759869678059,0.5844707309676632,0.0375,-0.7146673548286597,0.0
2025-11-11 12:52:00,-1.0,0.1,1.0,0.0999999999994543,0.48509316770182076,5.215915603322707,-0.17830043097456205,0.3450976083381264,1.7101503702087786,2.2757270060961714,0.4259069829205691,0.7768752986144287,1.0334567511705108,0.8969072164948478,55.227264728097914,0.7592147383438084,0.5656565656565054,0.0245,0.4294548014873609,0.0
2025-11-11 13:34:00,1.0,0.1,3.2,0.3199999999997089,0.737805675428256,5.522407645954853,0.46175511904977534,0.08257268011247769,-0.41829581372763536,0.753294625587273,0.39887648658337227,0.7410926365795402,1.0002808566400954,0.9010577051814123,54.54255364788815,0.9959424136370545,0.2527272727271669,0.05,0.24264778804978143,-0.009054021942023286
2025-11-12 02:41:00,-1.0,0.1,47.9,4.789999999999964,0.5096153846153446,5.822457545248123,0.1064842457298621,-1.7329452248621182,0.46543920310964676,-1.7089003951811212,-0.4833525687951796,0.34407582938389064,-0.02193459374335505,0.665960315931416,50.2031629244377,0.6973000607471969,0.5640394088670568,0.081,-0.40360964107299796,-0.010304927006186232
2025-11-12 04:05:00,-1.0,0.1,11.5,1.1499999999996362,0.3349007314524582,6.374789809826509,-1.8949644396712566,-3.05312027229496,-4.803295624398512,-2.0361455651435394,-2.233069590392447,0.0050535077288962876,-1.6677816398010121,0.2878058177615034,31.11924045133395,1.482401817458184,0.875132275132254,0.1275,-1.3004350335161212,-0.003137358343752414
2025-11-12 05:30:00,-1.0,0.1,5.0,0.5,0.5507166482910751,6.264898636141625,-0.9720827668092656,-2.2394616122058166,-4.076682079525126,-0.630497032659496,-1.5047271291836086,0.04294478527607362,-1.9411055950073002,0.1692152917505007,30.486499851951777,0.7358459039392922,0.5342733188719985,0.117,-0.3931428332760114,0.0
2025-11-12 08:22:00,1.0,0.1,9.9,0.9899999999997816,0.6456422018348438,6.846713552079232,-0.8982411712160637,1.8388384301803853,1.3364075961993378,0.17526656999333617,0.8329893103010951,0.7547384382107571,-0.6073689119177069,0.4372233400402343,50.79625108668268,1.0647444127096732,0.22222222222220836,0.1775,0.24099153374082063,0.0043816642497968745
2025-11-12 12:15:00,1.0,0.1,3.7,0.3699999999998908,0.14832214765095172,6.527235651991917,-0.09192252769613922,0.7644890220070257,1.8047456271026086,-2.0452762412408743,1.1154894503919923,0.8582124473561179,0.5291484126479893,0.674245472837029,56.96593834807369,0.8947126029099245,0.7808219178082683,0.1445,0.7032073368761269,0.004596126384772126
2025-11-12 14:51:00,1.0,0.1,-4.2,-0.4200000000000727,0.9909310761789826,7.413795343434428,0.9684648236692839,0.2522324819305865,1.4257204994686534,1.4810228083411185,1.7048938886096399,0.8497217068645706,1.2195532493226742,0.8058811433271542,58.70072534054461,1.8829761752680227,0.30802292263611536,0.2445,0.5921393559760388,0.012139531215808241
2025-11-13 01:00:00,1.0,0.1,-0.3,-0.0299999999997453,0.9590655472701743,8.129625324691126,1.8131216890441144,1.3666066462197974,1.0438365436382875,9.834401563031124,2.625516178266402,0.8284057971014435,1.5745444873992063,0.9487724895861052,65.83838540196,1.2928025069100624,0.3777354900095311,0.321,0.4846471814677639,-0.0036902069654587864
2025-11-13 03:47:00,1.0,0.1,3.4,0.3400000000001455,0.4708806818182566,9.431551155267792,1.61479270474965,1.9933094451275846,1.724000615839064,7.522622613394002,2.128233583742958,0.9306122448979596,1.3439135744560144,0.9600283612514383,62.64530787420932,0.7482332316098664,0.9239053422133657,0.467,0.6891761379430745,-0.0021205419628516236
2025-11-13 07:59:00,1.0,0.1,3.3,0.3299999999999272,0.948433420365596,7.730807751504498,1.252133064376935,0.024576991966023705,1.0749200170426156,0.9080551768518974,0.9274542600292476,0.8867534003548209,1.176644948262647,0.9642423676594162,59.25581123749369,0.7360162330893786,0.19156414762742494,0.2715,-0.109949700900911,0.031044621430803936
2025-11-13 10:21:00,1.0,0.1,3.9,0.3900000000003274,0.954291044776137,8.012785241649402,0.5653464885659736,0.9597162245192836,3.9274732881175125,5.585698187361695,1.428145219186567,0.9431724137930924,1.5112446314569021,0.9830592105263125,67.06137813740281,0.91603603224604,0.5940054495912243,0.31,0.5403863786955324,-0.0037440164805377903
2025-11-13 10:58:00,-1.0,0.1,24.4,2.4399999999996,0.27157164869025485,7.8931362542792725,0.7302547193297423,-0.3263594998253629,3.5048172372550392,4.575367615175938,0.8708919770962609,0.8201411509229253,1.3465380057934588,0.9457729765119951,62.21578469330781,1.1150193936191086,0.165435745937883,0.294,-0.18446406511858318,0.0
2025-11-13 12:56:00,1.0,0.1,17.5,1.75,0.5503112033195136,7.732640578610303,0.46038606913244084,0.255540132754338,-0.07759315771898903,4.329698200717024,0.8897895548023093,0.8313995649021158,1.2907121286394287,0.960395196320589,60.14353288892987,0.664714717792312,0.40077821011678383,0.2725,0.2664031748350859,0.0
2025-11-13 14:08:00,-1.0,0.1,45.4,4.539999999999964,0.31614470842331066,9.090250134530926,-1.1987568921349863,0.13013943318304935,-0.1569813788268562,4.3456449949536005,-0.025958505435934906,0.48198302469137183,1.1012731710210149,0.8903291676876611,53.06182279241061,0.9295673798789096,0.3885207100592222,0.436,0.3600560987389189,-0.0011000797395257042
2025-11-14 01:54:00,1.0,0.1,21.7,2.1700000000000728,0.7572681795112937,9.636057012420649,-0.6994562185873414,0.07264382092161184,1.5763709139973914,-5.76273053681842,0.4550405960294739,0.6667793173369508,-0.9925026043582198,0.34773909563825733,48.36939711118408,1.0647508609356837,0.5194931773878961,0.498,0.5552063456146369,0.0020755377406606284
2025-11-14 05:09:00,-1.0,0.1,35.7,3.569999999999709,0.5817503392129861,7.620389794115275,-0.15484772195126,-0.5144093813976852,2.549738336876783,0.08660974278644361,0.7369316413207192,0.7855057074595192,-0.01752094663298299,0.579931972789118,58.20763554097954,0.4907885424559171,0.21122994652406676,0.2545,0.1076060440679623,0.0039368064903742665
2025-11-14 06:16:00,-1.0,0.1,1.2,0.1199999999998908,0.655306893862137,8.050509326148386,0.05838139935738914,-1.2893594155944197,-0.5241904367830009,-0.6546169672622265,-0.7108730802009728,0.42819219538094183,-0.5565059211038738,0.44527811124449984,46.81125104707184,0.9005641390230679,0.01696551724132311,0.3115,-0.01527853642751316,0.0
2025-11-14 06:48:00,-1.0,0.1,-4.0,-0.3999999999996362,0.4011948529411859,8.601260592444312,-1.570699998540566,-2.5496262744630203,-2.7240193164919595,-2.346167725429258,-1.7840225759797028,0.18432679842316757,-0.9250092846679244,0.3523409363745522,40.818266471832004,0.9021933374297378,0.2899484536082393,0.373,0.2534512210820922,-0.008138341961316662
2025-11-17 03:01:00,-1.0,0.1,8.4,0.8400000000001455,0.1855709876543359,10.314967648874015,-0.9168230402576404,-0.14318997890033047,-0.05438698589238264,2.5131440914242704,-1.129889750843488,0.30816155988858146,-0.9494903804476631,0.27646040433374314,42.23027914745895,0.8686406302959285,0.7329241071428549,0.564,-0.6395560533551342,-0.002908394967483989
2025-11-17 05:17:00,-1.0,0.1,-0.4,-0.0399999999999636,0.8282792665726394,8.385164656551588,-1.3511958875068062,-0.8658148405383734,-2.5294673233909615,-1.3857807778313365,-2.0850682770317417,0.08273493599750349,-1.0085883651190153,0.23412790697674407,35.23790362464783,0.7859118180643859,0.9393019726859401,0.332,-0.7334381913651399,0.00477032969993146
2025-11-17 07:55:00,1.0,0.1,-2.6,-0.2599999999997635,0.8292079207920267,8.600029817274471,1.9116212791469405,2.9999895986612684,0.04418589331362796,-1.5895293726240103,0.9630666119622798,0.8391783567134253,-0.5403506627261635,0.32961002066115797,56.18150983520052,0.691858066357955,0.7411764705882533,0.349,0.5058121997742695,-0.006976719996933153
2025-11-17 10:53:00,-1.0,0.1,36.8,3.679999999999836,0.3202028081123218,8.126580251373253,-0.8429129828432292,0.2054984936274851,1.5516982063727547,-0.13412775931370385,0.20847118583686666,0.6113099161879716,-0.48601671762545423,0.3383490971625116,48.793076468433945,1.0361061774511162,0.5764845605700443,0.2995,-0.6140344210784797,-0.016735206666664688
2025-11-17 13:05:00,1.0,0.1,10.4,1.0399999999999636,0.8432881773398992,8.615020967296886,-0.1462561733492293,0.8160165862260845,-0.023215265611016424,-0.6894933886462535,-0.3790113845724608,0.46262219666474436,-0.4840191529904261,0.41507695143304646,48.79764509360615,0.9692373392586029,0.6491017964072014,0.351,-0.6314552246187917,-0.002321526561096364
2025-11-17 14:00:00,-1.0,0.1,-2.0,-0.2000000000002728,0.045355587808417336,9.63716768656201,-1.2285767338581532,-1.3593205416843004,-1.7391001739411232,-2.6729845155562977,-1.861910623748059,0.14787840405320088,-1.3278442504942698,0.38213627992633786,40.04697229071538,1.093682328958212,0.36907020872864194,0.485,-0.4150597073845221,-0.01141414195308757
2025-11-17 16:03:00,-1.0,0.1,4.0,0.4000000000000909,0.664508758568175,10.66775464147172,-1.117386029264317,-0.10123967379243974,-1.3292394207188123,-1.7416973509841702,-1.5912104123649977,0.1150806196648707,-1.6428694625391504,0.23725777560657454,42.330217831513366,0.9749005624453798,0.9009615384615638,0.6005,-0.8820975281356966,-0.003749617547863402
2025-11-18 01:51:00,-1.0,0.1,7.2,0.7200000000002547,0.4484486244177145,10.064931651554826,-0.4292130487873067,-0.43020659751137313,0.3020388121096481,-4.945885548294782,-0.37590887268319567,0.53873173570553,-1.7778819288957193,0.273215979761779,40.1189920983954,1.1591732963430565,0.6376960658266361,0.5475,-0.7282712147248007,0.010929035964459812
2025-11-18 04:17:00,-1.0,0.1,13.0,1.300000000000182,0.30120751341682445,10.05685188888163,-0.3500101263191043,-2.2929640661700477,-2.495810843923162,-5.758263186119143,-1.6982669369629864,0.059010440308668005,-2.196110496526585,0.04586846543001614,34.69770236827904,0.39077835125966753,0.5801526717556845,0.5475,-0.22472241064803894,0.001988693899538567
2025-11-18 07:01:00,-1.0,0.1,-0.2,-0.0199999999999818,0.4236016371077829,9.070627416287207,-1.1068694081703931,-0.16206155677398065,-0.988906234192106,-7.1034777466776085,-1.1224634562236053,0.13601998974884824,-1.7241926041908187,0.046523349330529346,38.96909654815561,0.7838487541923969,0.316455696202526,0.405,-0.25797553935447115,-0.009922136129033548
2025-11-18 08:31:00,1.0,0.1,11.9,1.1899999999995998,0.18531633616620455,9.553931241258677,2.079772137587849,0.8457251571066815,0.47205698744447433,-3.5932852281525465,1.3545397762114841,0.8413081726291132,-1.018707894300416,0.24877839778836605,52.38349649106214,0.5536987724126676,0.5311909262759857,0.484,-0.2972598324484059,-0.0031400686526447887
2025-11-18 09:54:00,1.0,0.1,-2.0,-0.2000000000002728,0.6124551971326277,9.655903656885274,0.030033439676376138,2.6615841368377864,1.4250349308516566,0.7984752410513454,1.6194177605331124,0.884298994582784,-0.3789406123208161,0.42017011450421954,60.81946670499405,0.7549785353131325,0.38820301783263944,0.5,0.2868711307019717,-0.00621381510545226
2025-11-18 10:46:00,1.0,0.1,29.2,2.9200000000000728,0.6703360370799283,9.052305402548425,0.6374066874031447,0.6694427254182035,3.5449533100115738,-0.013587698882256012,1.3870320242535041,0.9209518211484263,-0.09476193763135596,0.48128846377916706,63.58157694879036,0.687117780874824,0.8199356913182798,0.4045,0.5324610456296328,-0.030931347049048284
2025-11-18 11:33:00,1.0,0.1,-3.7,-0.3699999999998908,1.0461200585651622,8.508478487390297,1.1752982645275722,1.612509218931859,5.418124999472098,0.037609544464901556,1.30394565592811,0.9641884298150352,0.16694622436780765,0.536157276473144,67.07557324172137,0.540637201682726,0.5956521739130478,0.3385,0.3267329175386886,0.004701193058106013
2025-11-18 13:30:00,1.0,0.1,4.9,0.4900000000002364,0.13797343826856107,9.002619953832903,1.7294965332143306,0.027769693853794356,1.5517704925500568,0.9486127420456111,1.7703241257429019,0.8708323991929057,0.32501169981316147,0.5388053851938956,62.6618156953611,1.3343893290625175,0.4933821693165882,0.403,0.6583639018857715,0.0
2025-11-19 01:06:00,-1.0,0.1,12.2,1.2199999999998,0.4111990950226121,6.688326338195244,-1.1213567671136955,0.3782710161063832,-1.7687534073273248,4.461504790756378,-0.7893653599080129,0.2508551881413968,1.0142437026431397,0.8447120554971241,49.61902133322548,1.24096815560585,0.7373493975903321,0.158,-0.9225028337454764,-0.007475711780717175
2025-11-19 03:05:00,1.0,0.1,0.3,0.0300000000002,0.9789062499999662,7.5911882647429945,2.17976414533835,0.831226914672439,1.1645080706346347,1.372644128508233,1.121192928129601,0.8015636782156615,1.1503751454529227,0.9192833591358721,56.68534318671458,0.7047644997619477,0.497196261682182,0.247,-0.355675541935888,-0.005269267287934645
2025-11-19 05:16:00,1.0,0.1,49.0,4.899999999999636,0.13310450038141333,6.758192199194973,1.5433121303123407,0.8271442769363032,2.1440645031856023,3.7953936857634036,1.465614182003098,0.9416597213953943,1.1402620413829876,0.9610007445312387,59.410266216373095,0.775355279274828,0.7538167938931265,0.167,0.5903945733409395,0.005918742589879046
2025-11-19 08:00:00,-1.0,0.1,2.6,0.2600000000002183,0.7961672473867499,7.339271911564194,-0.5518258553166235,-1.1690532934855251,2.726428485156793,1.9579598866418428,0.3594591546157348,0.6575704225352084,1.2020263305144707,0.8841767817620605,54.54291807699168,1.4487813134768617,0.7354462522336408,0.233,-1.0754472780281308,-0.009946490725441341
2025-11-19 09:44:00,1.0,0.1,18.1,1.8100000000004,0.8773154612305484,7.464773847974826,0.4260008494246637,0.34830258129056146,0.3174911990995308,2.5318918409199513,0.5388297150746689,0.7170601675552207,1.4456809963752222,0.9036066424494053,57.04266021510159,0.8520016988492055,0.1808176100629167,0.2455,0.15941541220607755,0.005358501250619337
2025-11-19 12:10:00,1.0,0.1,5.2,0.5199999999995271,0.9392458100559358,7.391231113349201,0.5262993323228309,-0.052765228690515954,3.516328958116274,4.884166040323072,1.104093612075943,0.8487003433055392,2.0769115609597333,0.9314444444444433,65.30554010808007,0.752242747484727,0.2553956834530685,0.241,0.1948254597801489,0.002705909163672995
2025-11-19 13:34:00,-1.0,0.1,-3.8,-0.3799999999991996,0.028621495327091757,7.673038075519454,-1.016546499995327,-0.6568454307661914,2.369335303835186,5.421581333308273,0.25462792114841,0.7361191622350425,1.6269658865289514,0.8846026672544886,55.91434249892792,1.159905621789584,0.711235955056128,0.272,0.8080241410218842,-0.016942441666602616
2025-11-19 14:55:00,1.0,0.1,18.5,1.850000000000364,0.5643438453712831,8.890195651688801,-0.232840769888623,-0.5455447990144219,-0.008998677097137931,3.842435120481426,0.035535722598814004,0.6603336422613554,1.6573995886234503,0.9077871430368611,55.16847784372588,1.7513675300321323,0.3622350674373862,0.4255,0.6355315699860058,0.0011248346371678171
2025-11-19 15:35:00,1.0,0.1,8.0,0.8000000000001819,0.9209664209664092,10.193010148236327,0.9222005926901785,0.6759534131526875,0.18149692515713475,4.353964074849771,0.3236243942095674,0.48159700561448276,1.6504822267189045,0.8203825786231508,54.2664037659888,1.6658474536041232,0.8074204946996263,0.6215,-1.3420961817021637,0.0029431933809901745
2025-11-20 02:06:00,-1.0,0.1,-0.7,-0.0700000000001637,0.29840496233939207,9.336321500422653,-2.316758264914128,-2.4559993996524008,0.5451825967828682,-3.5474356788699932,-0.6133881339494465,0.3562415502478573,-0.5074123575975975,0.3356322729797104,42.06989075512359,1.8540492633223773,0.5932986712882891,0.4915,-1.0946495361730146,0.0053554282591830645
2025-11-20 07:44:00,-1.0,0.1,-3.9,-0.3899999999998726,0.004772004241789116,10.032617637985979,-0.007973990725758565,-0.6738022163234031,-1.3336499488767628,-1.8968130438807813,-1.4476227601765035,0.29175738724727096,-1.4504652899616857,0.24382532883023533,41.7496400079691,1.3575719210539479,0.7856093979441998,0.5965,-1.0675180084058342,-0.0009967488406914912
2025-11-20 12:11:00,1.0,0.1,11.6,1.1599999999998545,0.8695799457994744,10.003410879150408,0.09596726672508421,-0.33488577450938667,0.08597067644118529,-4.363511658906017,0.05252420531453392,0.5799364743250328,-1.0506280946562656,0.23291166152864692,47.56320576359778,1.032647776322995,0.5730880929332154,0.593,-0.5867998496627668,0.004998295141904005
2025-11-20 14:49:00,1.0,0.1,75.0,7.5,0.49038923594424466,12.082485001299126,0.7062288924077188,1.0000426235746125,2.100809560059131,2.2630278454357975,1.5345994119493434,0.8363054513352394,0.6064709969696059,0.5319761879451476,62.772610959577946,1.4094782652880309,0.48813857897828694,0.827,0.6987800935893905,0.010759376070910194
2025-11-20 16:22:00,-1.0,0.1,0.4,0.0399999999999636,0.255987055016172,13.782290912034387,-1.3074749412135338,-0.30256218117983,0.13060238036540517,-0.2597536231711632,-0.4574790098857838,0.4158081705150938,-0.14781266748163388,0.37801637078771005,47.718114587233565,1.013401914757468,0.30070881363211777,0.908,0.3001678042064716,-0.004571083312763115
2025-11-21 01:00:00,-1.0,0.1,50.6,5.059999999999945,0.9640858208955013,9.358374164995686,-0.5417607706864433,-0.310951448263791,-1.1532986189385916,1.3987472363482039,-1.1944077530978106,0.4977626394176181,0.055942236080372805,0.49157303370786326,47.83710353599681,0.8676720824405757,0.5652709359606166,0.495,-0.5011554269268969,-0.010685616778815249
2025-11-21 02:56:00,-1.0,0.1,23.4,2.340000000000145,0.25623515439430034,8.95257610888816,0.9818402986011155,-0.6132313127782001,-0.40770387825872306,-0.816524753444156,-0.3393279631887468,0.4418604651162761,0.21177729306695528,0.4996347699050355,49.69546707159056,0.89694853216914,0.07471980074724568,0.432,-0.06366882482398167,0.003350990780230949
2025-11-21 04:41:00,-1.0,0.1,5.9,0.5900000000001455,0.12078651685394098,8.915464468559595,0.8322617431954016,-1.53777742576939,-1.6589152536199243,-3.9728720948761316,-0.716157737358823,0.2678120262758951,-0.8937640431203201,0.3076698319941543,43.51890020453909,0.82216692420784,0.6480218281036899,0.4265,0.5294171735690149,-0.0033649396625375105
2025-11-21 05:48:00,-1.0,0.1,17.3,1.7300000000000182,0.4055750878955237,8.439633417112123,-0.1966910075305532,-0.7026371534072413,-1.8318331183263816,-1.227541468684444,-1.3730587480653604,0.03689092982401067,-1.699663918130834,0.145361577794007,37.27545137155833,1.1177025747200973,0.42828368493585994,0.367,-0.49409729000136654,-0.015403512637944953
2025-11-21 06:00:00,1.0,0.1,15.6,1.5599999999999454,0.8405526512322791,9.258945315889818,0.6761029238672153,0.25704871546386576,-1.086516839313803,1.011994312561657,-0.13208777423621923,0.46377893950709065,-0.8528916272409064,0.28721694667640285,47.205929948999284,2.150352909616081,0.48669010547464214,0.4805,1.0487155576279446,0.0021600732391904983
2025-11-21 08:03:00,-1.0,0.1,18.0,1.7999999999997272,0.15450264861683127,9.497845204541424,-0.11686861346922957,-2.8364328350096306,-2.5858496818054015,-3.0491126541157696,-1.4717816209931631,0.16922233026653233,-2.295016017084432,0.08224971823987523,35.204818093388496,0.6980530696404169,0.2639517345399836,0.5285,-0.1821465777493208,0.002105740783227205
2025-11-21 09:05:00,1.0,0.1,-1.2,-0.1199999999998908,0.4240473738413921,9.943705926877021,0.9563838743757967,0.8447554726347629,-1.1233236463488405,-4.38096222076046,-0.32114334285069235,0.4406859290580255,-1.5144252119147545,0.22075782537067679,44.298376931809884,0.8367101824191554,0.2884615384615595,0.6055,-0.24437569029789444,-0.003016983830812796
2025-11-24 01:07:00,-1.0,0.1,19.7,1.9699999999998,0.30539805467201103,8.70807269014037,-0.8850408436216329,0.3352062050773736,-2.315208050895941,3.5453309932696935,-0.38832836521938463,0.34164355802046925,0.3602187111543273,0.5728886293230406,47.985848038278434,0.49758427084630114,0.3676436648972574,0.4075,0.1898238633069044,0.006890158377740673
2025-11-24 01:30:00,-1.0,0.1,11.5,1.1499999999996362,0.7110927152317291,9.395884105274122,-0.8014147381589122,-1.626243983940025,-1.5134286290331946,1.0940960834361295,-1.3794785595535728,0.12753650673241237,-0.3542130350241333,0.4191000964907847,40.47225987660929,0.6683777630329746,0.10509554140124737,0.5205,0.06779564252422063,-0.002447880342284456
2025-11-24 02:53:00,-1.0,0.1,6.0,0.599999999999909,0.2992073976221696,8.443100756194456,-0.5649583177721019,-2.1638969529761702,-2.0576563636592855,-2.9373094928192933,-1.3976354836827924,0.14011461318051358,-0.7630023021909834,0.31994312122289664,37.759907062695746,0.765121746919877,0.08204334365321089,0.368,-0.06514194439717047,-0.002368797978077947
2025-11-24 05:22:00,-1.0,0.1,-4.1,-0.4099999999998545,0.07269279393171033,7.989606075872146,-1.702211582254427,-0.1289174948325303,-1.1356004180731096,-2.701009260665489,-0.8536529060395254,0.1530784067599424,-0.7899778697782498,0.2958204255751377,42.06214342801706,0.48062444675415567,0.3776041666666497,0.313,0.18649229834990746,0.005006504653684971
2025-11-24 07:32:00,1.0,0.1,4.4,0.4400000000000545,0.40808569454041654,7.329429639030889,-0.019101077013461,0.7449420035256615,0.4993567276380576,-3.746539819929406,0.5827604695224925,0.584869976359343,-0.3712690799032048,0.3839317454674748,49.046305974008796,0.635792992020046,0.23390557939918016,0.234,-0.1500798908201748,-0.001364362643787621
2025-11-24 08:00:00,1.0,0.1,14.3,1.4299999999998363,0.30465587044536285,7.93236535202151,0.861029427780876,1.7233195135819566,1.230402227692771,-2.8659799430703625,1.5705926974284996,0.726841721371266,0.05707748943456132,0.4799146818343421,55.340239317191426,1.152241430441754,0.4102844638949729,0.309,-0.4777893896470752,-0.00504263208070338
2025-11-24 09:07:00,1.0,0.1,15.8,1.5799999999999272,0.42468805704101775,7.159278082545944,0.4609403297303761,1.4149471333843946,2.6944057456055903,-3.377994222484449,1.3623531440177232,0.8471918307804647,0.19887677263341216,0.5218119953278185,58.07685407637783,0.6369357283546587,0.026315789473660593,0.2125,-0.02095183316951058,-0.004190366633876708
2025-11-24 10:03:00,1.0,0.1,24.5,2.450000000000273,0.5726978998384559,7.21885103382954,1.1802432215421674,1.637379680590216,3.531032830646736,0.6368049400738967,1.5603512719117583,0.9305392731535785,0.7033619464564966,0.583859268355374,63.58097971895587,0.9475192060268326,0.24122807017544676,0.219,0.22995349152116984,0.0013852619971454602
2025-11-24 12:42:00,1.0,0.1,6.4,0.6399999999998727,0.6942098300600346,6.307791802309754,0.09512045083355546,0.08560840575020712,1.2635166552392936,1.2635166552392936,0.8049512054319933,0.7405165456012953,0.49601601926764805,0.5680098237998706,58.42633210878808,0.6246242938070453,0.5710659898477738,0.1195,0.3519456680842489,-0.004756022541638121
2025-11-24 14:56:00,1.0,0.1,-2.6,-0.2599999999997635,1.0065559752013182,7.260248731574794,-0.5192659562205171,-0.7492856238301472,0.46279406177745674,3.586653978775149,0.028816377654027534,0.4596738651388286,0.5573499976916052,0.5480014451341678,53.32968792942767,1.4659277379456246,0.21140655830123029,0.237,-0.2837368354944939,0.026169902302898423
2025-11-24 16:03:00,1.0,0.1,-2.1,-0.2100000000000363,0.7672253258845319,7.594822297429283,1.371065653968577,1.8450727944935696,2.8707715791296167,5.454110494990937,1.6837672517180913,0.9336265884653036,1.7978102420579332,0.8472591716753709,65.95676539179797,0.5793420606416843,0.33113636363632953,0.2775,-0.18657447725663662,0.005266746005828594
2025-11-25 01:01:00,-1.0,0.1,4.6,0.4600000000000364,0.1051088777219557,7.18371050526651,-1.9785040042441628,-0.7564336001591978,1.53681025869658,8.289587944328009,-0.03070240368249673,0.5106159551077843,1.61312233962815,0.8569537567264209,56.783053724807246,1.2156670280070239,0.631283636780008,0.2335,-0.7395899369977457,0.027840765556072233
2025-11-25 02:19:00,1.0,0.1,10.3,1.0299999999997451,0.9157635467979874,7.681770253153298,1.0457225008392932,-0.008721947909403354,0.6005126224787429,7.559845984219832,0.6935199295650717,0.6542541768672396,1.6271824736717297,0.9227839966235968,61.081190049262226,1.2223744905864395,0.1781682641107259,0.3035,0.21388299127087176,-0.003905349810147031
2025-11-25 05:53:00,1.0,0.1,-2.8,-0.2799999999997453,0.5181159420289182,6.6074699750218615,0.2194485946180967,0.25274424345660956,1.5240326536582396,7.399201235089632,0.7062837407499053,0.7268907563025077,1.4049622385582616,0.9213075060532655,59.73222757682207,0.8853615713904184,0.4649572649571241,0.154,0.40711497898114923,-0.004540315750681271
2025-11-25 08:34:00,-1.0,0.1,2.1,0.2100000000000363,0.5840390879478784,6.637371615280824,-0.09190384919767126,-0.6448335648626569,-1.4418357980691137,2.6301073695813755,-1.1542313847966317,0.2936904221516143,0.8758752261239197,0.8129656507015003,47.11373865757182,0.7432158821186148,0.41556861950135515,0.16,0.31337705955942974,0.004519861435915104
2025-11-25 12:20:00,1.0,0.1,-2.4,-0.2399999999997817,1.0234248788367588,7.3865207621084386,0.16245808258681252,-0.19359588174935366,0.20848787265310276,-0.06769086774451548,0.8502842395916296,0.7748968768414787,0.6585343610815385,0.7798581874584551,52.57739507907096,0.5415269419561238,0.6124999999999545,0.2765,0.3303314345933045,-0.0013538173547967315
2025-11-25 13:10:00,1.0,0.1,3.7,0.3699999999998908,0.947073887887697,8.592950478991295,-0.4247667909786559,-0.17339795028990893,1.6194670310300372,0.03956731751584088,-0.056833897580995135,0.67994482387377,0.3687159199989519,0.7123864391757149,48.011299450410974,1.6210962735158914,0.907394113424328,0.4515,1.4546807910229391,-0.01629242485949502
2025-11-25 14:46:00,-1.0,0.1,28.8,2.880000000000109,0.3387096774193326,9.576512105566117,-2.7295950458630007,0.23494984136157898,-1.3104980040390486,-3.387454601675441,-1.9355467371931094,0.0993846242741069,-0.3007343155673416,0.5862187178608165,39.816139568891614,2.110058419730447,0.726629385856374,0.609,-1.5321862321326203,0.0010442215171853665
2025-11-26 02:25:00,1.0,0.1,32.2,3.219999999999345,0.6660875608061448,6.392434934117056,1.5846856642897214,1.8537537139026232,2.886224136835613,1.8970861846831637,1.8745285291583387,0.8728866380989516,1.6254384161762951,0.8194640338504933,63.863827146383365,0.9813162065241396,0.3156384505020755,0.134,0.3050480795029255,-0.004693047376928685
2025-11-26 06:15:00,-1.0,0.1,3.8,0.3800000000001091,0.528472222222276,6.045079608156275,-1.50370228172604,-0.752678259829884,1.1381156983801048,1.1761631708549483,-0.41440034070614523,0.5802595628415277,1.3445337172926421,0.7946189839572203,52.22853861577222,0.979308856745668,0.8445945945945842,0.101,-0.8420071082492452,-0.014888141403251951
2025-11-26 08:27:00,1.0,0.1,-4.0,-0.3999999999996362,1.106756756756634,6.55410720408791,1.8644797253817313,1.2801133302743872,0.5858921559301122,4.172955850179212,1.0662773773905723,0.829097283085027,1.8483405124828107,0.9348262032085624,61.943612568935315,1.6325640803260042,0.7598130841121726,0.1625,1.24349507052879,0.003051521645535827
2025-11-26 11:30:00,1.0,0.1,33.7,3.3700000000008004,0.07068741893633732,5.805516238006548,0.2859349508201276,0.3823949342294047,2.2116896195968687,5.45515656173148,1.170529339602321,0.8370064279155086,1.4094102262180257,0.9216322349325564,57.213348612990984,0.8733073497940307,1.0,0.0805,0.8664173509790934,-0.006889998814937171
2025-11-26 14:06:00,-1.0,0.1,-2.6,-0.2600000000002183,0.5418541854185277,7.5155161492914715,-0.24043591472691395,-2.4159351985042186,-1.2423631078059467,0.6670200556315115,-1.5793897518832214,0.1851263243683648,0.3239696142581318,0.679843099583729,43.26610851490869,1.0032577736807604,0.04336870026528211,0.325,-0.04617114687890947,-0.0026611612033343272
2025-11-26 15:00:00,-1.0,0.1,26.7,2.6700000000000728,0.2483200977397451,8.617013268948233,-1.3140283815975107,-1.5237298110372666,-2.083088355530726,-2.275730509858449,-1.8908841760721868,0.05506109518780492,-0.5251728771636105,0.49855907780978864,37.87631011570249,1.1964702476614393,0.6867119301648548,0.4915,-0.8227908880620223,-0.001160494905613491
2025-11-26 16:40:00,1.0,0.1,6.9,0.6899999999995998,0.6452254641909556,8.1720242402293,0.6607909914677538,2.440031920345858,0.029368488509653214,0.5641197167900618,0.44602664536183945,0.6970910061382363,0.8765883938531419,0.7852006056018105,53.74280759395159,0.398921968923179,0.003987730061324876,0.429,-0.029368488509653214,-0.027777695382055344
2025-11-27 01:05:00,-1.0,0.1,16.4,1.6400000000003274,0.5528455284552802,4.5095269974501395,0.00820485164414664,0.3814147250857794,0.266103296571535,-1.5567042849438124,-0.2817647786258112,0.3723150357995048,0.5673643895196512,0.7823095823095719,50.46245191806353,0.8641704556161763,0.2727739286631049,0.001,-0.2357231702130097,0.0
2025-11-27 02:49:00,-1.0,0.1,2.9,0.2899999999999636,0.43170731707309973,5.210199609003239,0.12091667254178859,-2.413151307729965,-2.2302408491070875,-0.13819048290512567,-1.4439490061023659,0.2153614457831299,-1.259157250265977,0.4563650920736413,35.79487196610363,1.069056930251719,0.019748653500839916,0.0325,0.024951059413263033,0.0038386245250502512
2025-11-27 04:07:00,-1.0,0.1,5.2,0.5199999999995271,0.31634615384607395,5.11021344794144,0.3796318920457412,-1.3424096801208985,-3.3350857402768663,1.0527935975291498,-1.2371540078053724,0.1332788225674658,-1.9175534489588495,0.30771283693620677,32.639493688711184,0.7749187074749789,0.14141414141424116,0.0205,-0.10371386741452973,0.005870596268877929
2025-11-27 06:12:00,1.0,0.1,-2.9,-0.2899999999999636,1.0172413793102566,4.85400668119135,-0.7966614498048212,-0.08384825706508096,-1.4971137201272144,-4.1444112711980745,-1.1864175160331016,0.19281305114636405,-1.696075945390258,0.2968508139845081,36.92802835903266,0.8982270290014455,0.2408256880734543,0.0095,-0.21775824992092352,-0.0014421076154758276
2025-11-27 08:01:00,1.0,0.1,0.6,0.0600000000004001,0.5875763747452941,4.717902662422799,0.53477152466399,2.761820438514371,2.67555329204655,-1.0019282588531386,1.5469377308082384,0.8784957092377937,0.11642612903424014,0.6445956765412352,58.01790597201469,0.5532119220660969,0.4839080459770415,0.004,0.2613449424933639,-0.006358757724844486
2025-11-27 13:00:00,-1.0,0.1,7.7,0.7700000000004366,0.6814595660749755,4.454672636360568,-0.7250813390046205,-0.5252911248517482,-2.619721122657931,-2.3346272215630983,-1.0766569272136812,0.30653804930333867,-0.6495948038715091,0.48598879103282394,44.52947792095273,1.0977237609079415,0.33128834355829934,0.001,-0.36815275416944776,-0.00448966773366918
2025-11-27 15:23:00,1.0,0.1,-2.3,-0.2299999999995634,0.7958057395142971,4.788032801999019,-0.2270243427627768,1.2913445366160756,-0.06829527146591435,1.8907556348027164,0.5430414149073907,0.6179160419790072,-0.13839765000064383,0.5993577213068987,51.827691477760524,1.1904680347260883,0.7110526315789496,0.016,0.8506625097261072,0.0041770808235016684
2025-11-28 05:09:00,-1.0,0.1,45.3,4.529999999999745,0.24386820330965292,5.0882864123404135,0.9433431239953274,-0.039305963499768067,1.5742038381671857,7.145824164264448,0.6024183190482137,0.849292530437648,2.0933948039341,0.909468274362524,64.27498393843777,0.7192991320463812,0.7295081967213604,0.057,0.5247346127223952,0.0
2025-12-01 05:13:00,-1.0,0.1,29.4,2.9399999999996,0.19643899591358788,7.31236776233427,0.8615540416951187,0.39385327620348637,2.0280708632284066,10.015907621230042,0.9960165016654648,0.7148468185388968,1.780272267103214,0.8974286521616331,64.73090012926238,0.6728326801809403,0.7337398373984815,0.367,0.4909490491564305,-0.002735092195917142
2025-12-01 08:00:00,1.0,0.1,-2.0,-0.1999999999998181,0.31829121540309135,7.733013196265775,1.0698287704972649,2.028058093522098,0.768523193891619,5.025595975805006,1.4571907407927385,0.9468939152596545,1.4359238498410953,0.8940661203729926,61.528205348314586,1.0995713810635495,0.5730918499353348,0.435,0.6327417108718797,0.002586313962219144
2025-12-01 10:03:00,1.0,0.1,2.2,0.2200000000002546,0.3632488391565835,7.053933442063945,0.7626950330886519,0.6743755153164208,2.897674066232607,4.047387210907195,1.1353553994363217,0.9061760840998767,1.3384189654078729,0.9388716209852145,59.98823343132085,1.0041206169827552,0.38119440914861114,0.319,0.36249278803113055,-0.020272377273549667
2025-12-01 12:11:00,-1.0,0.1,3.8,0.3800000000001091,0.1134636264929499,6.824619638067024,-0.13334076450560972,0.674030238160386,1.3710654214056985,4.769496576547598,0.8386611905188198,0.7476724676777583,1.2605776362623686,0.9305882352941253,58.02787240869056,0.7638520938109241,0.7078457701897451,0.2865,-0.5362936242753739,0.004395849379269203
2025-12-01 13:30:00,1.0,0.1,8.2,0.819999999999709,0.23533246414605918,7.322462760068904,0.5776744981302806,0.36326576005349653,0.7579417174049181,2.516912766085118,1.1543668830444536,0.7797814434703341,1.2497216220973721,0.9485171981699387,57.98452972121473,1.0515587791022596,0.3415584415584638,0.375,0.36463142080560723,0.005462643008318587
2025-12-01 14:30:00,-1.0,0.1,-4.1,-0.410000000000764,0.8741616660783439,8.091559477570025,-1.2923343181233928,-0.7695673519129703,-0.8721433760157042,0.6763838312220567,-1.3903446408758326,0.3021186440677903,0.8038230136044466,0.8140892765520757,47.425907722018984,0.8836368341381532,0.08629370629372617,0.513,-0.08613914313207674,-0.009886845696640919
2025-12-02 01:01:00,-1.0,0.1,1.5,0.1499999999996362,0.8117667356797789,6.420639167955315,-0.11260561154242668,-0.7366867809060769,-1.5917418395051883,-4.334459431842428,-1.4409692466143855,0.23156666517074775,-1.382895532747892,0.22907758094074254,40.99882749403226,0.9562910855735943,0.2752442996743354,0.2155,-0.2678861021476772,-0.004672432014163318
2025-12-02 06:03:00,1.0,0.1,-1.1,-0.1099999999996725,1.0263157894735195,5.949586602687461,1.0420892095594076,1.3782470190947105,0.907626085745256,-0.21682178715026412,1.423765231684332,0.9254658385093206,-0.8499415794768105,0.4033689276582914,53.23341778477404,0.9614113352708556,0.8339160839162557,0.1585,0.8012321390273646,-0.0005042367144056806
2025-12-02 09:06:00,-1.0,0.1,9.3,0.930000000000291,0.3079231692676617,6.2270624611929355,-0.5106741774019543,-0.41592645266384115,-1.369827274603335,-4.297371379646275,-1.13410908521689,0.30276816608995494,-1.5732562303985373,0.18183185441418673,41.32119777241034,0.677687115923327,0.5402843601896961,0.188,-0.3645378561957714,0.0016058936396636933
2025-12-02 14:02:00,1.0,0.1,23.5,2.3499999999994543,0.26336206896553405,7.3121776380038765,0.5237837740831286,0.9573071588986866,2.8035423939175823,-0.9614099038654849,1.595041520127074,0.9197187225315018,-0.56863556726793,0.3759731704395676,59.44648380052875,1.3949332886809185,0.7193137254901633,0.3965,1.0161131700880928,0.01271850939677594
2025-12-02 15:36:00,-1.0,0.1,10.7,1.069999999999709,0.0722738799661512,9.821419948415938,-4.028948991880011,-1.577165021082213,-0.9021098829431053,-3.5259667320900436,-1.3964333106882412,0.12127483443708005,-2.069890259022166,0.10497154836776483,36.70952793679505,2.2512019765090807,0.810945273631866,0.799,-1.8215288719922562,0.0040727308484976325
2025-12-03 01:00:00,1.0,0.1,9.7,0.9699999999993452,0.5108752758222307,6.427539683008696,-0.11979700444883193,0.9288157357911061,2.416165557258798,0.9926037511469188,1.0573532049666552,0.8347895154884847,0.415718810319361,0.7205075702093947,60.2825617703423,1.1419610553947341,0.6880108991825724,0.2215,0.7825700420483799,-0.0031116105052306216
2025-12-03 02:04:00,1.0,0.1,-0.1,-0.0099999999993087,0.6982160555004927,6.457385305248103,0.39489667713148907,0.2756533667819215,0.6690014294932534,0.8920019059910984,0.9866800842395038,0.7455441789912756,0.6683155646683957,0.7586201742717531,60.51001322533252,0.8950991348312719,0.4653979238753838,0.2245,-0.41502866459310983,0.0015486144200163334
2025-12-03 05:31:00,-1.0,0.1,14.5,1.4500000000007276,0.7749185667752544,5.307241281898412,-0.4390228135937474,-0.9666038771399323,0.6764342921895563,8.128516814778969,0.04117894480854705,0.6518003273322406,1.021201955675889,0.8488947344821949,55.60073384725382,0.646286802843918,0.14577259475221288,0.0875,-0.09421090420466977,0.0
2025-12-03 07:24:00,-1.0,0.1,-0.1,-0.0100000000002182,0.21312803889782567,5.625898893734866,-0.30217393382113183,-2.6484656552560213,-2.9648595389040184,2.428056432939608,-1.4851758612807333,0.10542756735652738,0.026763038291227913,0.633670617424192,38.36119270839393,0.7732097718365729,0.4873563218390146,0.1225,-0.36438621431362744,0.012442456098628454
2025-12-03 09:08:00,-1.0,0.1,15.0,1.5,0.23515325670498288,5.318330673077748,0.030084628022435767,-0.3121280157330276,-2.99154019898365,1.9009724331693274,-0.6806254978276238,0.2460191082802312,0.0911398281219001,0.6394996039278377,42.64124257617301,0.6618618164942709,0.6818181818182523,0.0885,-0.4174242138117238,0.033845206525325744
2025-12-03 10:11:00,-1.0,0.1,12.3,1.2299999999995634,0.27401894451959347,5.117000269517136,-0.8403360901925359,-0.8090677705574945,-1.0754347684488006,-1.5536446318676718,-0.8978838997030592,0.18694029850744198,-0.2085860337275894,0.5752312911952353,39.33749783935011,0.47488760445767914,0.20987654320956695,0.061,0.09966776883664984,0.0
2025-12-03 10:38:00,-1.0,0.1,0.1,0.0100000000002182,0.196096654274974,5.637260436471367,0.5339473018713896,-0.6315124234758215,-1.0696685150445546,-1.2435118226306598,-0.5271628827464986,0.31628787878788606,-0.14110931439027866,0.5873376477797542,44.76324409745984,1.8253547296532162,0.7376093294460809,0.1275,1.3676856137634998,0.021286935622758747
2025-12-03 12:00:00,1.0,0.1,0.1,0.0099999999993087,0.9863731656185312,5.432177075732714,1.4819104546429693,1.2002554241332408,0.4381300474596707,-0.7308303732835818,1.4578865852545975,0.8944020356234207,0.25066490737972613,0.6726799886409511,54.207944544008306,1.1247792394866898,0.7512274959084111,0.1045,0.8504877391863606,0.00552264765700754
2025-12-03 16:55:00,-1.0,0.1,29.4,2.9400000000005093,0.3837116686579189,9.404710125778275,-0.714535579526344,-0.636170591116976,0.6996494216195108,-0.34450822584302243,0.24725708649749242,0.45987493486190734,0.9774816531865101,0.7334687632590638,53.46627318675922,0.7155988765196132,0.23328380386327055,0.7605,0.1818237858616113,0.014886157906833083
2025-12-04 01:00:00,1.0,0.1,11.5,1.1500000000005457,0.8462918660287195,5.730185053657884,0.783569807598881,1.5811007698986819,0.6718805699900918,0.5252884456286057,1.2076652124404137,0.779831045406549,0.0009500592118337429,0.36450992953236483,53.18274574797242,0.8045115396503404,0.4099783080259332,0.1535,-0.3263419911379947,0.00349028867519034
2025-12-04 01:45:00,1.0,0.1,5.3,0.5299999999997453,0.900866738894917,5.667841313005236,0.22054251891840945,1.5385046119748693,1.083304852927285,0.11821079014028031,1.7190885134809928,0.9235251274581103,0.35081963869384397,0.4311338885330032,56.629571357777536,0.686328318874148,0.436246786632384,0.143,0.2822944242156283,-0.01711409946802493
2025-12-04 02:03:00,-1.0,0.1,-0.6,-0.0599999999994906,0.33349561830577795,5.922281219219181,-0.42720024705855164,0.3309535510808538,0.5065615577768077,-0.736202797302392,-0.07200423104045603,0.47499999999997694,-0.31809651129801075,0.3104847320093954,48.857962920035085,1.5585210594267247,0.6088840736728616,0.1765,-0.9540242671464132,-0.005065615577725076
2025-12-04 02:34:00,-1.0,0.1,-3.0,-0.3000000000001819,0.19236760124605273,6.080487377796126,-1.1874048166542113,-0.9785399804838188,-0.15294826585716387,-2.33698371809637,-0.8532727336797363,0.39086859688193276,-0.6660256837752723,0.24279308135810182,45.505283546936084,0.6742880537787433,0.30243902439016385,0.1975,0.20064181112428103,-0.003289210018504399
2025-12-04 03:02:00,-1.0,0.1,100.2,10.019999999999529,0.8316866619618768,5.96904268799768,-1.4374164247899013,-1.8612699859460111,-0.3434386562726788,-6.146714292021288,-1.8522704977925208,0.0896436525612288,-1.254907601973261,0.12726884475763497,39.75902807225155,0.7044680729885177,0.1997621878716195,0.184,-0.14122867670151337,-0.0005025931556233405
2025-12-04 05:38:00,-1.0,0.1,22.3,2.2299999999995634,0.35895316804405225,5.532332433571258,-0.26390315794121033,0.6832561212449884,-2.9318556313742414,-3.980238039633851,-0.7146647799293874,0.3261236904359442,-1.334364378811413,0.17834041766770828,42.27010814144379,1.4080860276451834,0.34531450577658696,0.1225,0.47900230722198217,-0.007230223505231883
2025-12-04 08:06:00,1.0,0.1,2.7,0.269999999999527,0.871198271563959,6.289350584046748,0.5755761189688172,2.025646341343322,-0.3132278879471687,-0.5008466228595634,0.3771157770136891,0.7071129707113036,-1.1474008795335087,0.2806885097387931,48.85792615505895,1.1797720449582305,0.5714285714285364,0.228,0.6593685539678783,-0.014786900293926429
2025-12-04 09:43:00,1.0,0.1,9.9,0.9899999999997816,0.8356258596974159,6.142492653761377,-0.2767606077573112,0.348392765059146,-0.9279620377745837,-3.072042746106465,0.2622774269111708,0.6743600503566831,-1.2162492126954971,0.24263928733202197,47.804849527875106,0.7146935694440099,0.3940774487470238,0.2105,0.29304064350780223,0.011396025025402953
2025-12-04 11:09:00,1.0,0.1,30.9,3.090000000000145,0.6035986913849303,5.6842383134377314,-0.45564592073441007,2.209618827962794,1.2578642213323101,-0.9306435987200299,0.9172167780640877,0.7753322259136266,-0.6426889764242427,0.33398761890382056,52.92908812746988,0.9200880947648827,0.7323135755257325,0.1475,-0.6790707544535038,-0.005277751977573552
2025-12-04 14:13:00,1.0,0.1,-4.0,-0.3999999999996362,1.0413070283600554,6.840620393262573,1.1475567344347808,-0.0306989699657751,-0.23682062545020807,-1.586113448231359,0.4491974825938534,0.6420503909643809,-0.44164993582233586,0.3486335497508727,53.289539660667124,1.4867072597708615,0.6460176991151004,0.361,0.9575154917895127,-0.002923711425375226
2025-12-04 16:09:00,1.0,0.1,6.0,0.6000000000003638,0.7944191343963163,7.887224306318016,0.7763187354892022,1.1478055711878297,1.1211802348408189,1.4685774805112533,1.3482850498340686,0.7821123755334451,0.5773131859216329,0.5928255256362943,59.27431436513972,0.7484255259826671,0.1394206335762176,0.544,0.11068532681404665,0.006339365796929305
2025-12-05 01:07:00,-1.0,0.1,-3.3,-0.3299999999999272,0.5191908713692883,4.383093715210534,-1.0107016385771035,-1.3529256696979965,-1.6632087912475313,0.725514945976152,-2.5778683888474654,0.1894639556376458,0.005438197790035955,0.5984180790960353,39.59425964920972,0.9621058261579964,0.7635760018970434,0.0105,-0.7414854007619347,-0.006844480622359758
2025-12-05 03:54:00,1.0,0.1,-3.0,-0.2999999999992724,1.0348009491166936,5.216691162980696,0.8990373118658519,2.070277818368936,0.6172494976989249,1.7846561563903054,1.3911412835657455,0.9246358454718427,1.0224242797150904,0.7697175141243028,56.33148253641634,1.3322621145986453,0.8618705035971316,0.087,1.1482374196325138,0.0
2025-12-05 07:10:00,1.0,0.1,7.9,0.7899999999999636,0.8412828947368163,4.725348806657921,0.850730848553535,1.650671795700929,3.6752842405050665,1.684531729971882,1.2283599500125144,0.857349279060463,2.0766126853693483,0.9082096933728919,67.36606196559714,0.5263103533216315,0.2050663449940498,0.0355,-0.0973473110285331,0.01058122945966082
2025-12-08 02:54:00,1.0,0.1,-5.4,-0.5399999999999636,0.9048013245033408,6.528498939282114,-0.007658728363932305,-0.44880148212470566,1.8457535357009986,-4.144903790545007,0.8557177949527099,0.7321879737240934,-0.7581587386777573,0.21533660276415204,50.82454784935557,1.4566901348146586,0.3364879074657986,0.315,0.4901586152898565,0.0
2025-12-08 05:33:00,1.0,0.1,13.5,1.3500000000003638,0.7507836990595308,4.9540034787090965,-0.6217193857931055,-0.7064993020376366,-0.3068225540276781,-2.036736559302816,-0.3751132625186268,0.5707964601769856,-0.8121392831575264,0.21459355030464566,47.82524630169026,0.9467090647303522,0.5522388059702275,0.0635,-0.5167537752047521,0.006055708303128337
2025-12-08 08:00:00,-1.0,0.1,10.6,1.0600000000004002,0.18101659751037305,4.970732455355138,-2.0540232433955397,-2.0942587623650533,-0.6679096148944731,-0.4244847251286876,-1.355979702102743,0.15083798882680854,-0.7354392246743864,0.2196463070292726,42.950390355110486,0.9334640400936282,0.647198275861959,0.065,-0.6216387680795783,-0.01750245075184358
2025-12-08 10:31:00,-1.0,0.1,17.1,1.7100000000000364,0.3110014104372189,5.294381977262184,-0.8933998378495404,-0.6724108716161104,-1.9907894906839305,1.630029725294364,-1.5771466133478373,0.16834804539723378,-0.7062286721277558,0.2043394263635014,42.30817297496109,0.89831070376598,0.7632464255674855,0.109,-0.678077255365637,0.0075551783327594945
2025-12-08 12:03:00,1.0,0.1,-3.9,-0.3899999999994179,1.0307027518761225,5.440182719265521,0.9190867766800027,0.13731156443604725,0.33087123960483444,1.4209081567473711,-0.13995751426980374,0.5032796995010679,-0.39301077705275705,0.2463961955714064,49.29883779627307,0.9632029419607699,0.9408396946562464,0.132,-0.8951905204863027,0.011029041320066412
2025-12-08 12:51:00,1.0,0.1,12.6,1.2600000000002185,0.7219780219781055,5.018460070782198,-0.20324959960106947,1.203556452539144,0.7113735986033807,0.5997855831362762,1.2687900375519612,0.7551068464119718,-0.04552488476198165,0.30361123495317865,54.65991816812335,0.5160945715358571,0.2432432432432717,0.0695,0.13151444680060673,0.005977929399978152
2025-12-08 13:51:00,-1.0,0.1,8.5,0.8500000000003638,0.23498845265595664,5.441986882590803,-1.793462610360742,-1.9808941536567153,-1.0124978466278545,-0.7111373260345647,-1.6881844507502144,0.19341615690231526,-0.8176646383194803,0.15856739485806462,40.245401897906206,0.7956652769325521,0.06697459584294885,0.135,-0.05880205279882518,-0.005512692449999537
2025-12-09 01:03:00,1.0,0.1,4.7,0.4700000000002546,0.83626760563376,4.2302131889154175,-1.011769338532343,0.08746604094786888,0.8013780508470042,-4.288199953499562,-0.1060286173199022,0.5418118466898953,-1.1152450375299576,0.33344247725518017,46.414898668137965,1.0212251267429175,0.3541666666666316,0.012,-0.3758675813707169,-0.014183682315969412
2025-12-09 01:30:00,1.0,0.1,0.4,0.0399999999999636,0.5030769230769903,4.44186749452404,0.42774801417241,0.3167586610214534,1.1121448368485936,-3.9668000051154,1.0226878832781845,0.7491909385113092,-0.7221920661998276,0.4202118951282786,52.92904064075705,0.7226690134177445,0.6323987538939945,0.019,-0.4412558461989998,0.01575913736418418
2025-12-09 02:04:00,1.0,0.1,-3.7,-0.3699999999998908,1.0412772585670287,4.273395951911006,1.3478741649072847,0.3463287784832193,1.0764272844746121,-4.109144155515684,1.6105062785177628,0.9113618049960139,-0.49215606047978877,0.4681572607994015,56.27541201361503,0.74647892118985,0.14420062695927716,0.014,0.1076427284474612,0.0
2025-12-09 04:54:00,-1.0,0.1,9.7,0.9700000000002548,0.31137184115525124,4.311221657887806,-1.1110539842543667,0.04175150671526324,-0.6309116570296834,0.5798820377110517,-1.5194033258575894,0.26128451850113843,-1.010911808368642,0.3070140561779269,43.66282980453458,1.6259892337418398,0.6205420827389769,0.0165,-1.0182728582206828,-0.00927811260336839
2025-12-09 08:01:00,1.0,0.1,-3.0,-0.3000000000001819,0.5965630114565831,4.886200243714208,0.07777004237371472,0.5566697769906924,-2.511153736645181,-1.0028242306080641,-0.5184052717739132,0.42788009609024064,-1.2611607468587096,0.25922801096815024,44.48160585300875,0.8964020673599504,0.607305936073011,0.0725,0.5382505564284723,-0.00613974018734465
2025-12-09 09:05:00,1.0,0.1,41.5,4.150000000000546,0.5541719384696879,4.815208276778401,1.9147666040665772,1.9936832319999274,0.9926881092667289,0.9324622616334076,1.2404955996722578,0.8405627198124305,-0.2974694461461709,0.46198453608248397,57.50939922579353,0.6936356244666453,0.22455089820358304,0.0635,0.14952624240004178,-0.00623026009994665
2025-12-09 12:49:00,1.0,0.1,-3.7,-0.3700000000008003,0.8633387888707108,4.730996186510132,-0.6235473214737096,-0.363559794215144,2.3546837834627286,2.0989236956718726,0.3177470324131462,0.6775437555621243,0.9306031449906823,0.7028395333480039,58.173461754848326,0.471359500639432,0.12107623318402659,0.0525,-0.06763903148200796,-0.010568598669081768
2025-12-09 13:27:00,-1.0,0.1,-3.0,-0.3000000000001819,0.04811946902649253,4.857889568980704,0.6813658386009801,0.5599139217506057,0.3252441163110769,1.8238372598203594,0.6270449813885467,0.713107274519086,1.313967380220599,0.7690953114681944,62.69720356897141,1.0759816430114129,0.14539889037693485,0.071,0.17229704136217244,0.01585050440236179
2025-12-09 14:51:00,1.0,0.1,-2.1,-0.2100000000000363,0.7402676399027398,6.275737753901663,0.8301812797644307,0.6294080719904188,0.35533670899713243,2.6737892273411887,1.0576846000643032,0.8711449091677419,1.6453615929558245,0.8383177570093447,58.95511471612945,2.1861971513182574,0.8994169096209852,0.264,1.9854239435441006,0.01912125788323232
2025-12-09 15:29:00,1.0,0.1,0.0,0.0,0.9763636363636496,7.004998369435531,0.4482513534478441,-1.380442862369901,-0.9921486963259301,0.19557463510306095,-1.708222012715933,0.28074024611273823,0.3155757460615452,0.59042056074765,45.69687744184938,2.0927913508110025,0.6377899045020775,0.419,-1.3376162999385444,-0.0028551041620211944
2025-12-09 15:58:00,1.0,0.1,14.4,1.440000000000509,0.660724391624178,7.378442471605144,-0.11113456575100618,0.5949765166420543,0.024395392481825966,1.4894742409787958,0.7791305319384311,0.7476867308976388,1.5724675350408852,0.8191588785046575,55.35192337846331,0.8091138506500425,0.19262981574547683,0.4825,-0.1599253507147814,-0.00406589874695045
2025-12-10 01:00:00,-1.0,0.1,-4.2,-0.4200000000000727,0.05001777883128788,4.20105801321811,-0.5862808826374505,0.2166121003653489,-1.0521159160604516,1.213979903146525,-1.0045132665797685,0.28322639780011705,0.7935718140654521,0.7405825242718334,48.729557206855375,0.535579369035289,0.34222222222201204,0.0115,0.1873337615246336,0.0040465996771139505
2025-12-10 02:43:00,1.0,0.1,2.7,0.269999999999527,0.9070796460177575,4.6167242922702965,-0.7017962942739421,0.9855472651070306,0.7407849772892267,2.4952757129742786,0.9289378901276608,0.6527777777777788,1.1369733788358294,0.844854368932043,54.91898148502378,0.7537812049610539,0.4166666666665578,0.0465,-0.3162415400123611,-0.0021660379453373704
2025-12-10 03:40:00,-1.0,0.1,-1.9,-0.1899999999995998,0.1941352158566785,4.612289996655797,-1.1614620945092646,-1.8639331018286196,-0.4871766522982307,3.194291774949653,-0.9673348313776525,0.22616618075803305,0.558655197784443,0.7408349514563155,45.14695879185672,0.7003028869263465,0.5037151702785504,0.046,-0.39828371618685643,-0.045530528252191366
2025-12-10 05:12:00,-1.0,0.1,0.0,-0.0,0.1982968369828868,4.220820469344768,0.17295215593779736,-2.3715768232033216,-0.27482808340813664,-1.2942981203957042,-0.9675686245591556,0.22688524590164172,0.3799141343339796,0.718058252427176,44.62798925302091,0.5750066883032701,0.3007828594974436,0.0125,-0.17769057116907616,-0.004738415231063316
2025-12-10 07:59:00,-1.0,0.1,5.4,0.5399999999999636,0.055269922879210134,4.089052048112089,0.20787214004595708,-1.220331739798631,0.004157442800874657,0.29835765983060236,-0.3841254611569568,0.32546583850935235,0.16994951860834942,0.6811720970916296,46.83179239367995,0.46465537186736805,0.2263157894732937,0.008,-0.10515884731717026,0.0
2025-12-10 08:10:00,-1.0,0.1,12.5,1.25,0.291385135135193,4.074834044675535,-0.9669105433012373,-1.9730864893763203,-0.7239558636392801,-1.4111004121783448,-1.8627249920484723,0.10478654592501918,-0.3032436326449198,0.6020118084408566,40.83884208554357,0.9546401049346476,0.9203084832903923,0.008,-0.888379737753992,-0.009816350693405645
2025-12-10 13:44:00,1.0,0.1,1.6,0.1599999999998544,0.9780635400908421,4.3723087649676655,0.03659393894635841,0.7341659001119916,-0.009148484736589602,-4.329520401595033,0.6518674139469526,0.6205630354957306,-1.185522514956552,0.2998225901833277,47.50468695510794,1.5941234653520382,0.2697274031564255,0.0365,0.4162560555151389,-0.013722727104988409
2025-12-10 14:01:00,1.0,0.1,-3.2,-0.3199999999997089,0.45118898623274867,4.566990720813902,0.919642770645113,0.7291453395829267,1.3838434072564518,-2.861840717221876,1.4782133343067025,0.7428243398392913,-0.7604772105627263,0.38261383796570886,52.47597928000875,1.0991920734852934,0.37250996015937593,0.0615,-0.42478737501219727,-0.01532737951068882
2025-12-11 01:02:00,1.0,0.1,1.8,0.180000000000291,0.8040657439446152,8.155034259974654,0.5885934806623597,1.1502097601277708,2.533404439684606,4.891457071588489,0.7750005218560558,0.8747634069400544,2.2658901962009987,0.8747634069400544,62.71237891944375,0.9748579523471588,0.6017610062893924,0.59,-0.5854052659755693,0.0012262364180735347
2025-12-11 01:44:00,1.0,0.1,-2.2,-0.2200000000002546,1.0622743682310933,8.289085662937413,-0.5878814863488395,1.2606939323506325,0.4077651187890287,4.628978582229137,0.5256591529442646,0.8241274658573564,2.0203606964244463,0.8241274658573564,60.04695950806529,0.828800700023924,0.6084425036389817,0.605,-0.504277572940297,0.0
2025-12-11 04:47:00,-1.0,0.1,2.9,0.2899999999999636,0.1927419354839481,7.128744857767632,-0.7069968277105994,-2.1574625417042013,-4.250958703758377,2.50759430399899,-1.418384291883819,0.06254886630178898,0.14650520821002344,0.45417298937783834,38.25424946283459,0.6536915113355781,0.24463519313312512,0.434,-0.1599159491250636,0.0
2025-12-11 05:39:00,-1.0,0.1,14.3,1.430000000000291,0.31416666666670306,6.632023488526102,-0.08745445503975835,-0.10449299541823895,-3.5916639983573786,1.743057759068566,-1.030600123080984,0.0973744583227268,0.1723093876556473,0.4626707132018202,39.554380619796,0.5081405404896777,0.06231454005936,0.35,0.004523506295259221,-0.02714103777086964
2025-12-11 07:36:00,1.0,0.1,9.6,0.9600000000000364,0.6387631975866671,5.855920862775548,-0.10758342108153186,0.14685990814296213,0.02851814495326156,2.824491721727341,-0.251095250751921,0.3423252279635261,0.20730522720764985,0.47572078907434945,44.33966402422602,0.5498708188609558,0.2080745341615556,0.225,0.11441411448352648,0.0
2025-12-11 08:40:00,1.0,0.1,-0.8,-0.0800000000008367,0.8596638655462295,5.5616666431104615,0.20497452888739875,0.09169913134437552,0.2553191500175768,2.770752184345507,0.24179665376996595,0.695681973954794,0.25746440391509273,0.4930197268588765,46.39180186778278,0.6652682077922109,0.3054054054054499,0.1945,-0.1726101295893454,0.030566377114791838
2025-12-11 09:47:00,1.0,0.1,15.3,1.5300000000006548,0.6068075117370666,5.468742939921688,0.047542918519961,-0.016457164103133786,1.36777319434705,-2.7209177983804063,1.476393488331455,0.8766946417042816,0.4450224853447042,0.5450682852807187,52.455277462697076,0.7698295652675756,0.8527315914487423,0.1845,0.6363436786533976,-0.020114311681515566
2025-12-11 11:37:00,-1.0,0.1,1.8,0.1799999999993815,0.20790816326520017,5.231779726384113,-0.5065197960524906,0.10703814558099486,0.3153802503724531,-2.075775466087033,-0.42843074630666256,0.2804878048781015,0.15264083884508103,0.5007587253414292,47.18214905062345,0.4568235141757678,0.18410041840984917,0.147,-0.08983558646957418,-0.005734186370357666
2025-12-11 12:01:00,-1.0,0.1,12.6,1.2600000000002185,0.31849912739975167,5.18036109060675,-1.1215434403859101,-1.3898645044367974,-0.9362281731276588,-4.098169920721474,-1.8543973469751187,0.09491733006737224,-0.12607771069840457,0.44658573596357426,41.52771215976238,1.1061005014477372,0.6160558464222433,0.1405,-0.6910715174838554,-0.009651836836402005
2025-12-11 13:16:00,-1.0,0.1,32.9,3.289999999999964,0.43678815489746586,5.539735676382338,-0.06679019029325153,-0.5902808709701767,-0.016246262503794948,-5.106741847017949,-1.4211863936729425,0.1878260869565618,-0.1495515518236823,0.45827010622154757,44.00147449368295,2.2473996463546344,0.6835341365461393,0.1945,-1.5289538156323341,0.007220561112779513
2025-12-11 13:32:00,-1.0,0.1,8.4,0.8400000000001455,0.11498708010336554,5.77118312806936,-0.9062266581981017,-0.3326874156291714,-0.23565358607059742,-4.0251711797214655,-1.0572637670166858,0.3669238187078429,-0.09717951605098606,0.471623672230654,45.414983992652886,1.5213518277209541,0.09567198177677481,0.2195,0.15248173216338337,0.006930987825601171
2025-12-11 14:08:00,1.0,0.1,-0.3,-0.0299999999997453,0.7026450511945506,6.124795656345446,0.08816620672732317,1.5967879662838078,0.42123854325278276,-2.8213186152746386,1.5099363793169274,0.7589199614271913,0.4768368124704141,0.5949924127465758,56.47508127756755,0.8653349919532966,0.24150943396224925,0.262,0.20408844149844702,-0.0048981225959211505
2025-12-11 15:33:00,1.0,0.1,7.1,0.7100000000000364,0.34662576687116814,8.157909751837014,0.9475466430919779,3.187090908200507,2.951736502671845,3.174465124987243,1.7514105625147114,0.8552162849872882,1.6179350592827775,0.866160849772386,63.70691224487066,0.8997402794688186,0.1416893732970125,0.591,0.13116104891448127,0.00367741258646547
2025-12-12 04:13:00,-1.0,0.1,3.0,0.3000000000001819,0.25457875457868867,5.711804647805858,0.0420182437597854,-0.05777508516974473,-0.9594165658492294,7.07832331337367,-0.7610542953177076,0.32869037021522357,0.9264843521830838,0.8132029339853336,48.994260750693854,0.44119155947822436,0.555555555555315,0.21,-0.23635262114891228,0.008753800783328432
2025-12-12 05:30:00,1.0,0.1,1.9,0.1900000000005093,0.5485703094397971,4.949892180377404,1.1717426943141944,0.9030499730318248,1.707107890854394,3.4687624243748574,1.1098300821421725,0.6807274218910697,0.9509077960839264,0.8581907090464618,55.00493251751732,1.423667373591615,0.7388959841068046,0.1135,1.040426702710095,-0.011515402340630991
2025-12-15 04:10:00,1.0,0.1,-1.3,-0.1300000000001091,1.0446859903382673,6.384636238143259,0.1487946947273681,0.7345759139699268,3.9203486410807353,-3.067363475306642,1.1700228252496616,0.9323356823988589,1.0110187027325694,0.7271973466003334,65.74911754049666,0.43542026457065747,0.24820143884879964,0.3025,-0.10180689639237227,0.006265039777989948
2025-12-15 05:28:00,1.0,0.1,7.4,0.7399999999997817,0.8529999999998836,5.539948910366411,-0.3231076728253751,0.5469364517659878,2.3646427452584455,7.22930854561821,0.6338638894562602,0.8728901136755207,0.8800956983550156,0.7182835820895573,63.10332936269348,0.5090299650097667,0.07092198581586817,0.2005,0.04693184074562557,0.010830424787351026
2025-12-15 08:48:00,1.0,0.1,2.7,0.269999999999527,0.678251121076146,5.303021132225544,1.0333732156373014,-0.056571526403359815,3.496120331736109,9.000529850796465,0.9815127010089169,0.9056448290070077,1.4148189623932086,0.9126243781094587,68.1042191967412,0.6009781821597975,0.19767806714754307,0.168,-0.13011451072796767,-0.011314305280774865
2025-12-15 13:11:00,-1.0,0.1,13.8,1.3800000000001091,0.16300078554594574,4.567375266692376,0.6502640634017979,1.371903912887229,-0.27149072007340685,8.39585051827153,0.7001365669872388,0.7030759991993197,1.1207162909465997,0.9193615257048116,61.045382130396774,0.818851042802146,0.07754010695186646,0.0625,0.05911491485479941,-0.0043788825817263665
2025-12-15 13:57:00,-1.0,0.1,22.1,2.2100000000000364,0.35566452729499687,5.347458987216858,-1.3239933241049107,-0.4338509197633112,-1.2604117237949302,3.4820276405132127,-1.1725430116101552,0.29510155316604925,0.7613754660043237,0.8431799336650064,47.08289795959727,1.1687794174655053,0.16,0.184,-0.18700470679448083,0.0
2025-12-15 16:04:00,-1.0,0.1,39.3,3.930000000000291,0.6104941699056253,9.006712257859004,-0.5962220004657282,-1.5266392004476592,-2.724634616653491,-0.9959239002193375,-1.5504094637182209,0.18221258134488857,-0.11893328228533383,0.6484052135212427,35.69514074031741,1.207987963699687,0.4632352941176391,0.7125,-0.5562518104904076,0.0033308491645848
2025-12-16 01:04:00,-1.0,0.1,0.0,-0.0,0.44866310160427314,5.752222597966903,0.6397527107697415,0.6345373354102501,-1.1073980346746906,-6.07243537695242,0.10048317870661203,0.4553704009239761,-0.9644555453284548,0.3478595626732412,47.983774394127174,1.0830596163302926,0.6356340288924135,0.2405,-0.6710449629268471,0.017384584531848324
2025-12-16 01:30:00,1.0,0.1,9.6,0.9600000000000364,0.3285928143712443,6.162120505389833,0.28886160185341053,0.6539956491398906,1.0223753324021738,-5.67661732181374,1.2483543311395047,0.7980582524271892,-0.7558018542921512,0.4029873729596587,53.27267745388764,1.3225966601711165,0.9067484662576482,0.294,1.192771221135894,-0.0064912719517537425
2025-12-16 02:53:00,-1.0,0.1,16.9,1.690000000000509,0.548602150537639,6.444242891369035,-0.8301983786436382,-0.363114804864692,1.1358975947048182,-4.504796062060367,0.5566839359322612,0.5462765957446768,-0.877857641008684,0.3712657838004284,49.78202818531799,1.0179628717572848,0.2286585365853836,0.3415,-0.23586944589506667,-0.003103545340791414
2025-12-16 05:29:00,-1.0,0.1,4.5,0.4500000000007276,0.14364207221349753,6.904980286809196,-0.26647433063859083,0.5372933514505998,-2.611158794246383,-2.5112309202569776,-1.0886743347780181,0.1463414634146371,-1.716750879686158,0.07843700617727427,36.564190618571445,0.9572800682179898,0.4599092284417089,0.427,-0.44605485780803017,-0.005792920231267987
2025-12-16 08:18:00,-1.0,0.1,-2.2,-0.2199999999993451,0.7142617730852976,6.833720209566275,-0.667279294463508,-0.7433725473408497,-0.9306790159622647,-4.555351850141942,-1.3588232749312399,0.487338748208298,-1.4894927012032892,0.12932674020539917,40.298348951894106,1.3257785982103332,0.6655629139073277,0.4225,-0.8970223848818022,-0.014633317860960705
2025-12-16 10:30:00,-1.0,0.1,-1.3,-0.1300000000001091,0.18792238936123754,6.177940368893431,-0.6409903242088651,-0.22175675357728972,-1.490788102516065,-4.20204768092475,-1.5491995393629823,0.3076185912793534,-1.4401146146962491,0.08152380952381044,38.48348836633895,0.8449417910026285,0.02873563218383695,0.297,-0.027517261392816343,-0.0032373248698123773
2025-12-16 12:19:00,1.0,0.1,4.5,0.4499999999998181,0.8953033268101979,5.959739586547714,1.9614951006225494,1.6611464068574158,1.055415242336714,-3.283700523454732,1.9151459339700347,0.8976327575175718,-0.7729174060338674,0.21396133385234,56.37780152010392,2.008477019200294,0.7744360902255668,0.27,1.5554370900573762,0.0
2025-12-17 01:00:00,1.0,0.1,5.4,0.5399999999999636,0.4377085010928562,5.062367335806574,1.0271874115536157,2.3408020820978876,0.5096429849630544,6.824870205610123,1.3373271425456206,0.8585966791644667,1.0296168748726904,0.6545995925403569,59.98181962626613,0.49186474130152325,0.22891566265087085,0.138,0.10271874115543342,-0.00987680203420393
2025-12-17 04:39:00,1.0,0.1,2.2,0.2200000000002546,0.7893907563025192,5.549146194098011,0.7028108223475041,0.37483243858527,1.654308551063946,0.2594993805591339,0.9496461818897591,0.7719999999999951,1.3988338795174649,0.8041059395079153,60.57818018314435,0.5208008401498033,0.6332179930794879,0.219,-0.32077006763543675,0.009010395158332853
2025-12-17 08:09:00,-1.0,0.1,23.5,2.350000000000364,0.24081567880662055,6.1952208513793545,-1.7432792565571866,-2.5589079679815487,-0.9442762639685189,1.0572665861527497,-1.2900659053922467,0.17945631457518849,0.6336584129922586,0.6426387068588912,43.152580484821904,0.57625064313968,0.4957983193278938,0.32,0.2824758054606505,-0.003228294919620758
2025-12-17 10:38:00,-1.0,0.1,9.2,0.9200000000000728,0.16556047197639934,5.857559810108896,-0.40972693029232915,0.6282479597817162,-2.1527735795778833,2.9944209822202197,-0.4457993486681588,0.33831720902961226,0.6009202931992376,0.6713266346293915,48.56022207072422,0.722143714640265,0.09219858156037061,0.265,0.06145903954395806,-0.0051215866286114155
2025-12-17 13:06:00,1.0,0.1,1.5,0.1500000000005457,0.6453982985305293,5.38668116016004,0.22834096977886273,-0.029702890377699805,-0.29888533442581533,0.8261116386304934,-0.14040556834731882,0.6583184257603026,0.26160605167494944,0.6205635948210206,47.25038698756872,0.4715333847464065,0.07086614173239907,0.1925,0.020420737134795246,-0.012995014540201454
2025-12-17 15:31:00,1.0,0.1,1.8,0.180000000000291,0.8805717054263514,8.52095302068118,1.7134233652696766,1.828433974719231,2.984407957452554,2.917514031548226,1.653119985820116,0.9385121457490028,2.374969907656507,0.9556164383561757,65.92383450755517,1.3918630898697846,0.05564924114677332,0.714,0.07510896943651553,-0.0023471552949411428
2025-12-18 07:12:00,-1.0,0.1,3.4,0.3400000000001455,0.17494824016568683,4.304789054805253,0.15564061129828888,0.49015177587955655,0.17190157068759296,-2.00706698748824,0.263268977227799,0.5768398268398326,0.35506929608179494,0.6466839745102598,50.049624441623735,0.6992212537430337,0.10299003322241468,0.027,0.07898180274841063,0.006968982595597132
2025-12-18 07:32:00,1.0,0.1,0.1,0.0100000000002182,0.9601226993863793,4.367853827867778,0.31823409270954556,-0.2152086670124174,0.4029438871720174,-1.5751442862177158,0.7327283938742647,0.6850649350649434,0.4767970461310188,0.6702855794193937,52.22742352218103,1.0760433350614622,0.8531914893617816,0.0375,0.9226499234675717,0.00457890780866408
2025-12-18 08:02:00,-1.0,0.1,6.7,0.6700000000000728,0.7053915275994758,4.289782127090093,-0.5827801799565602,-0.4265950917281851,-0.4079461259695922,-1.1072823419174644,-0.8735052875155331,0.3069414316702656,0.05855382841882601,0.587679962237425,45.74825165280968,0.6503826808315127,0.7347670250896805,0.0255,-0.46156190252570595,0.01631784503871584
2025-12-18 09:42:00,-1.0,0.1,4.8,0.4800000000004729,0.20111354816940638,4.592342296932611,-0.4855909807703074,-2.2058460247543605,-2.410534599608279,-3.6343109726703853,-1.8468109507053214,0.1826741996233397,-0.8353895501731089,0.43120132168986486,36.39533261306513,1.0321530263904317,0.33122362869212885,0.072,-0.34187347076660146,0.0
2025-12-18 12:27:00,-1.0,0.1,0.7,0.0699999999997089,0.5353606789250368,4.057039295822632,-0.8232604509005391,-0.18239902205574632,-1.0919292806854697,-3.5493863751400285,-0.9595589293133099,0.19053185271771522,-1.1970153673757866,0.26568483063327175,40.43000350167766,1.2348906763508087,0.34131736526945344,0.0095,-0.4239544836973279,-0.002464851649456507
2025-12-18 13:06:00,-1.0,0.1,21.1,2.1099999999996726,0.3106540084388022,4.203165208790923,-1.161029785313598,-1.106309119202395,-1.3632583339851059,-3.335581473380489,-1.821793966051046,0.2329212752114478,-1.7349379609253885,0.17260677466862162,38.3340382850796,0.6233397617871786,0.637404580152726,0.019,-0.41159457553135836,-0.014274956376901422
2025-12-18 13:30:00,-1.0,0.1,0.5,0.0500000000001819,0.0194915254237434,4.828647552477888,0.2754394445950853,-1.0624092862954095,-0.8449570931939769,-0.8346022268557777,-1.1611677272460348,0.42586085734361745,-1.743663073618545,0.17698598130839746,41.85449895363436,1.6692044537117436,0.5471464019850665,0.119,0.8988023981524629,-0.014496812873366061
2025-12-18 14:43:00,-1.0,0.1,9.9,0.9900000000006912,0.11542338709678679,6.1162629827759485,1.9472674791027935,2.164720522529041,1.5009164952277632,-0.3122821901837002,1.1797451670202155,0.6325237592396845,-0.045146717679997964,0.5248247663551244,56.243431030368214,1.0562004966418364,0.5681114551083672,0.343,-0.6000396010333737,0.0
2025-12-18 16:02:00,1.0,0.1,9.7,0.9699999999993452,0.18425378040764168,8.892827854947559,1.0764854730291833,0.1746351132992939,1.3947194528340938,0.5524676829617363,1.4234807045056794,0.855989583333339,0.861327069882669,0.7324337707353379,58.384431265406576,0.7804041766240313,0.09697406340068052,0.796,0.07792796749288898,0.0022490033907943004
2025-12-19 07:33:00,1.0,0.1,0.1,0.0100000000002182,1.0180851063829872,5.264517945515772,0.07408085679176256,1.4569235169068517,1.5803916115599046,-0.8775732266113992,1.3953415873077222,0.884135472370729,-0.14244555012380195,0.2886098926032334,55.37984376868357,0.8889702815025328,0.08333333333320378,0.189,0.07028183849483326,-0.0037990182969292997
2025-12-19 08:41:00,1.0,0.1,3.0,0.2999999999992724,0.8150337837838967,4.932481753484896,-0.5088716239499405,-0.4298039214239503,1.5529707726924327,-1.7536810944892478,0.5705480440077789,0.6406619385343078,-0.36354892474905676,0.2506428679473676,51.331261177645885,0.7724306323705221,0.5616797900262737,0.1375,0.43385867539973666,0.0
2025-12-19 09:44:00,1.0,0.1,-2.0,-0.2000000000007276,1.033460803059305,4.556928658925534,0.41255857633779147,-0.13825101228349165,1.5449002007549328,-1.1915920582528094,0.7916442746331133,0.7107377647918077,-0.153710674921061,0.27908032067765326,53.945592051205985,0.5486151281089988,0.039999999999781724,0.071,0.026333526149207993,0.004388921024967791
2025-12-22 02:31:00,1.0,0.1,4.1,0.4099999999998545,0.9269064748201692,6.29587585747841,1.7476519945880054,2.503702480295433,6.541266208589967,6.987590129774292,1.3774125103445047,0.8775670589208704,2.652794718416032,0.9220159919908422,74.83263181516469,0.5617963378038989,0.45999434549047097,0.4095,-0.25206977328094127,0.006353365426106767
2025-12-22 06:45:00,1.0,0.1,11.4,1.139999999999418,0.1447257383966434,6.418129303679189,1.0968928276288057,2.059790224609683,3.8001727366287033,8.873302064412018,1.681256776376322,0.9634304207119702,2.268375375908821,0.987404839662493,76.28684847592196,1.4459041818743026,0.7931034482758486,0.4445,1.151425851729585,0.004674259208605825
2025-12-22 10:32:00,-1.0,0.1,-1.5,-0.1500000000005457,0.07245841035115896,5.379583484089503,-0.20819455694151226,-0.3847881543474117,1.91650525184562,13.664626679260806,0.1514681347855944,0.6066350710900433,1.5006754441542218,0.9092778997784102,60.18012028237401,0.5855471913981617,0.8444444444442519,0.2295,-0.4888854328180833,0.005576639918029426
2025-12-22 11:02:00,-1.0,0.1,-2.5,-0.25,0.10657894736834894,5.208559228628204,-0.46845968201502647,0.0779486192205361,-2.0504710671809177,13.37721180495267,-0.6441687230382458,0.45404157043880333,1.3531140357471618,0.8825481681687676,55.81480241977001,0.5677193769337668,0.15556307067978553,0.1945,-0.059517418616575175,0.028798750943656203
2025-12-22 12:58:00,1.0,0.1,-2.0,-0.2000000000007276,1.0259643916914225,4.717909642080444,-0.12145209286959678,0.11869663526524397,-0.1341695895050416,10.084974831993328,-0.5877013134560909,0.329523809523813,1.1940482795038145,0.891193099953299,55.70000365612919,0.6697881561390815,0.1202531645570021,0.107,0.07418539704080158,-0.0063587483177224065
2025-12-22 14:17:00,1.0,0.1,7.8,0.7799999999997453,0.699999999999946,6.198993051043257,0.14518486996030436,3.0972772258180656,1.9938722141203982,7.377004559200846,1.9946088381792404,0.9525375939849943,1.5333792449043968,0.990605262913119,68.08311333623968,0.9065988546404443,0.4483985765125419,0.4035,0.41135713155397563,0.004839495665299464
2025-12-22 15:45:00,1.0,0.1,18.8,1.8800000000001087,0.21503293297172604,7.493741510726933,0.6445378444247127,0.5257720718496345,2.3709117767896335,4.85471775986987,1.5043019348469964,0.92490453966909,1.4356332809928347,0.9838793409656044,63.9725108134026,1.533279468414062,0.842471714534419,0.661,1.2957479232637843,0.004003340648566778
2025-12-23 02:32:00,1.0,0.1,27.2,2.719999999999345,0.41104014598541005,7.19729488760902,1.31021448297681,2.5686039392143845,5.386746076883344,9.45077297264904,1.3444792952189495,0.9306260575296195,2.387732696678876,0.9666232497557841,74.62376457435857,0.6641384123678288,0.27824267782426737,0.6325,0.2000751702531512,0.015283519949968962
2025-12-23 11:58:00,1.0,0.1,0.3,0.0299999999997453,0.8923410404624447,5.181383056267186,1.1309721625216764,1.300810985562505,0.8756349319727647,5.836279555402246,1.1898207190989292,0.7290836653386286,1.137843882534378,0.9005349929031492,58.85852836897386,1.0557026841287038,0.8299817184643057,0.1945,0.8897238343387115,0.013509906378189867
2025-12-23 13:14:00,1.0,0.1,6.5,0.6500000000005457,0.9780194083947031,5.037898902076948,-1.4192424538435942,0.43073512235536493,-0.6748845235060069,3.1501227611886478,0.1979897088703979,0.5124533001245497,0.9714344836426699,0.877843394575678,53.471907460099835,0.7006889317579121,0.08498583569408676,0.173,0.0674884523506368,0.00793981792359371
2025-12-23 14:00:00,-1.0,0.1,35.0,3.5,0.9416926908329256,6.697399300869932,-1.0840028604920136,-2.15158143521891,-0.1537910394361521,-1.1258101333484156,-1.5850878788110274,0.24420529801323146,0.618417609459559,0.7847465545433273,43.627112588146346,2.6383375406189233,0.6004527447651691,0.554,-1.5931557192079222,-0.00895870132630396
2025-12-24 02:08:00,-1.0,0.1,16.0,1.6000000000003638,0.16001376462490427,8.434537969485955,0.8165236821406409,1.838867766807324,2.511933679906256,3.8484621347881984,1.349564144542034,0.8396563743899966,2.3153546878298332,0.9255663430420701,66.6364042968695,0.5904294957254167,0.2638554216867833,0.836,-0.15175697882094605,0.004031044749998604
2025-12-24 02:59:00,-1.0,0.1,82.4,8.239999999999782,0.24589732107578108,8.557902302828232,-1.3554723563700726,-1.073043331771289,2.261769218094938,2.188620451277008,0.3119033848811447,0.6075741561157803,1.4983684293385275,0.8178306712600498,55.76911804532442,0.775891072956737,0.2575301204819205,0.8475,0.1916357469351265,-0.008179574564268538
2025-12-24 07:47:00,-1.0,0.1,9.1,0.9099999999998544,0.36133310661450213,7.615559965079919,-0.7878606468220535,-0.9414934729523634,-0.878464621206537,1.5730950914880955,-0.727572169046873,0.45976542117562197,0.06667364907086917,0.6076834742666255,44.40074907381804,0.49595827717448837,0.8154620068837415,0.7215,-0.4070613341913226,-0.00262620215601141
2025-12-24 10:03:00,1.0,0.1,8.8,0.8800000000001091,0.8479561316051399,7.314380413017071,1.7062279093100468,1.483379232052398,0.8531139546550855,-0.40645958128032866,1.25497689045401,0.74442906265351,0.4659605527524678,0.6733479486376451,53.237410028896576,0.6603430129781321,0.6728778467909005,0.672,0.44433018471614116,0.0
2025-12-24 13:12:00,-1.0,0.1,8.8,0.8800000000001091,0.11781376518218555,6.227681738649557,-0.14291032158499645,0.1878708721961411,1.3407878485792726,-3.4367523740288926,0.3297991554442453,0.5773480662983341,0.15074366393557556,0.6302328009186754,49.643388321962576,0.4431825703087071,0.12681159420306212,0.435,0.0545949543134285,-0.0016057339504293184
2025-12-24 14:37:00,-1.0,0.1,1.7,0.1700000000000727,0.2888607594936672,6.860032261649146,0.9795872298687794,-1.158886678193062,-1.3411015647014093,-3.1967779689024867,-0.9252425743016404,0.41696252465481487,-0.20058070214259685,0.5717715836726125,45.92119867809431,0.7915414669921703,0.0644567219153598,0.5905,-0.039358415485866646,0.011661752736523619
2025-12-24 15:37:00,-1.0,0.1,31.7,3.1700000000000728,0.4785408652806908,9.545727077909278,-1.5839547764769637,-0.8799748758205989,-1.8102340302593734,-2.249173879031816,-1.9366155205968547,0.26265196494204107,-1.1728994544644602,0.413926297108254,38.25162122254586,1.6028113809588629,0.3084967320261568,0.921,-0.49550966221804504,-0.001047589137904464
2025-12-26 02:31:00,-1.0,0.1,31.3,3.130000000000109,0.5865570599613563,10.114717294927093,-0.8008132866018811,-0.5002611395315288,2.395222653642589,1.1419004271916662,0.43207975161184453,0.47338056862639505,0.7515610753062817,0.6484111699566675,55.78805496198229,0.8087225536301311,0.4975550122248856,0.946,-0.42808907789954576,-0.025705117841565175
2025-12-26 05:30:00,1.0,0.1,12.6,1.2600000000002185,0.6286279683376601,8.166558423412392,-0.2632687955598032,0.5665789381650084,-0.3526577354474742,2.7122808472781696,0.04223665402799458,0.3917342799188544,1.10013377430465,0.7112421762156872,55.762948639238765,0.5130680248349722,0.4343675417662989,0.775,-0.22041108465468529,0.002449012051771935
2025-12-26 06:08:00,1.0,0.1,0.0,0.0,1.0507246376811377,7.822899865085144,0.10482046480736644,1.0264735761017372,0.7350215520031353,3.1586752260865216,0.8118130180162374,0.4579107505071036,1.3491076487203792,0.7426576793452079,57.39146059112714,0.4985363570107757,0.4948717948719157,0.7305,-0.2658860570724292,-0.019174475269600505
2025-12-26 08:59:00,1.0,0.1,-2.2,-0.2200000000002546,1.0566914498140103,6.3579484514912155,0.9908856682413897,-0.6354250951896925,1.0223423561220393,7.239756715738174,0.8310328395185129,0.7384767969932919,1.4422387532703587,0.7974241694752053,57.11353637122714,0.6469067862661904,0.16119620714794808,0.4665,-0.09012341077805015,0.014155509546328045
2025-12-29 05:58:00,-1.0,0.1,-2.1,-0.2100000000000363,0.24996033634776282,9.328531317517678,0.04931108492247013,-0.01393574139114346,1.5768827374119132,-2.4869938482634946,0.8245075972504484,0.869354117421578,-0.19280877943634037,0.5700423181661242,51.46749558209509,0.800769139936501,0.32663989290492823,0.8865,0.271210967073537,0.009647820963106818
2025-12-29 11:39:00,-1.0,0.1,48.8,4.880000000000109,0.5904806786050931,10.097174027307645,0.2644304230846275,-0.04496307568552229,-0.5886795636010682,-6.979477605259339,-0.6447119717477949,0.38428030303031824,-1.8899051652740364,0.19327490950658013,39.65148304917431,1.0101836387502168,0.7019607843138129,0.925,0.7071285471251968,-0.001980752232886833
2025-12-29 13:42:00,-1.0,0.1,67.4,6.739999999999782,0.31385501355014195,10.89216260076407,-0.4694200947423989,-1.2568670246476283,-1.2985483708265657,-4.352946401725082,-1.338795476429622,0.3772364733778805,-1.9206548820268585,0.15101829478771128,37.903818611716105,1.342157708789087,0.41131404336822275,0.9525,-0.552048314039869,0.0
2025-12-30 01:05:00,-1.0,0.1,11.0,1.1000000000003638,0.11078998073219623,10.280351061992365,-0.573910362051021,0.7859653771817786,0.2820915338895554,-10.385832094269665,0.4281926101339574,0.6032727272727325,-1.1142192736085186,0.17129166354415096,46.19130419771806,0.8183572671077635,0.10697729704024563,0.9095,-0.09172838498546904,-0.004182736537038188
2025-12-30 04:40:00,1.0,0.1,3.2,0.3199999999997089,0.9510443864229756,9.34093213735343,-0.5245729149883274,0.7746550230317865,1.4966386431708434,4.666557829457748,1.0575399875036262,0.8638497652582141,-0.555792469941579,0.2831139481585759,58.41726100563456,0.5556190670998798,0.3391136801542108,0.8445,0.19055914054676704,0.002141113938677395
2025-12-30 07:49:00,1.0,0.1,26.6,2.660000000000764,0.7819349962206869,8.63056338282726,1.7356920209642572,0.24679733008372262,1.564208430108021,5.4071788746555685,1.8274156209033399,0.8795461610195687,-0.10778415427302977,0.40503420293563946,62.200803385835506,1.0416469471607976,0.9755283648498042,0.771,1.0184734889369962,0.002317345822432836
2025-12-30 08:27:00,-1.0,0.1,18.5,1.8499999999994543,0.38772171957263407,9.057016386213267,0.18328331640502857,-0.30694434916022734,0.9981211929527691,3.8806377841494526,0.47165714403761505,0.5219800517177784,-0.19345998584275703,0.37000485185836846,55.55991949660979,1.1405522038940348,0.19390125847044684,0.823,-0.221154507686295,0.0
2025-12-30 10:15:00,1.0,0.1,-0.7,-0.0700000000006184,0.2503105590062462,9.220162803406538,0.3015131141689417,0.5997724896957999,0.29825937552685816,4.328556973555224,1.0953248902865829,0.7759975816203183,0.08574751684681617,0.4271851856075059,57.945250163917535,0.9153851379806672,0.4419431279620069,0.8325,0.4023790120744199,-0.0021691590946894927
2025-12-30 10:30:00,1.0,0.1,46.3,4.630000000000109,0.19452736318406885,9.13657974602037,1.4994670194792687,3.165298263017601,1.7202279667996674,5.550216975021517,1.8528422819969494,0.9676541717049664,0.2480249333098829,0.4633317559593371,61.8167281886884,0.881073686628361,0.7788819875776763,0.827,0.693913934561964,0.007661510318475459
2025-12-30 12:11:00,1.0,0.1,6.4,0.6400000000003274,0.620776419841822,7.941665873874429,-0.06547744620057143,1.5173138975338756,1.494270873197885,4.849108563819834,1.0311635789120384,0.8183349374398434,0.48379067766937917,0.49909192804953373,60.5448259457577,0.5124869346856713,0.1351351351351895,0.685,-0.06925499117376721,0.0
2025-12-30 14:36:00,-1.0,0.1,-2.4,-0.2400000000006912,0.4399641577060859,9.216285645939692,-0.33961620985337576,-0.3417862814818791,0.9070899406945723,3.767895368488115,0.4074342342692697,0.6304894197767624,1.2902856988273992,0.582723803207914,55.75102315175617,1.1197569602832642,0.42151162790693575,0.8315,0.48175590151718845,0.009765322328067786
2025-12-30 16:09:00,-1.0,0.1,-0.8,-0.0799999999999272,0.12476280834910858,11.361907973929938,-0.09065378828653561,-2.037509901780374,-1.6792954179684665,0.5289604539827509,-1.4593139178579202,0.19624766249512135,0.35288912693352903,0.6213649564375584,40.980180761194575,0.8748530636586728,0.26760563380278857,0.9515,0.22971493925045555,-0.004400669334234895
2025-12-31 04:54:00,-1.0,0.1,11.0,1.0999999999994543,0.6859637774902677,10.503735602128257,-0.818756328772873,-2.5800344778774207,0.02856126728279377,-1.848866035438316,-0.8451736276280543,0.2583909180651623,-1.4254077746360334,0.18728483511225277,43.41936398496285,0.5407599938872618,0.5510563380279999,0.905,-0.2998933064691181,-0.001904084485559992
2025-12-31 09:43:00,1.0,0.1,11.5,1.1500000000005457,0.8641660597231882,12.582206611236423,-0.17667807155667245,-0.7449408748088775,-1.498147390392282,-2.1188652216370616,0.07791044242469422,0.6708041014570888,-1.3586124042576244,0.3818945719047819,47.39288582857629,1.3177338850240554,0.4095295536791311,0.967,0.5380614234989307,-0.0015895463028381478
2025-12-31 12:24:00,-1.0,0.1,0.1,0.0099999999993087,0.14892276678843444,10.49980873616567,-0.4564845056168116,-1.7143169416030006,-1.3209764433351907,-3.095294477894307,-1.1030823426689598,0.16899051868375864,-1.5614141690975576,0.2684476123908333,42.23500621103024,0.6762027936323294,0.2845070422534399,0.8905,-0.18762246527546378,0.004761991504383484
2025-12-31 13:46:00,1.0,0.1,28.9,2.8900000000003274,0.3451792336217513,10.507832026170437,1.487461919934824,1.92808563646063,-0.30929310555266437,-3.4212575829594547,1.7509456990861325,0.8714712623668953,-0.49549394483909953,0.4518676119299796,57.64979116218088,0.8841024463336126,0.49730893433798806,0.8915,0.43776870324380573,-0.001903342187971388
2025-12-31 16:05:00,-1.0,0.1,12.0,1.199999999999818,0.32338500579246143,11.88027843756203,-0.7073066548197612,-0.6944281687806128,2.223853602325314,-0.9051134665330572,0.8322886367123019,0.6847770069375739,-0.1609426549614445,0.5874605824522381,54.861982219940664,0.913867470115284,0.6048632218845008,0.9485,0.5527648223493684,0.0
2026-01-02 02:50:00,1.0,0.1,36.5,3.649999999999636,0.4254166666667061,7.868694090245441,0.6341585964290719,0.23256718065434995,4.667864778925963,2.359984997131903,0.8529125277300498,0.9110704110704122,1.3058450654515241,0.7810292633703336,64.33123814409579,0.9683944899378096,0.46325459317582623,0.6285,0.4524257722018581,0.0038125767320063117
2026-01-02 05:10:00,1.0,0.1,5.3,0.5299999999997453,0.8321276595744321,6.8418247674334625,-0.2703957003994337,1.5073464098480212,2.8037841733844946,5.22565268993458,1.149147408840011,0.8586886130599022,2.1991748885002425,0.9498035080992995,72.00878422916728,0.6733583739134802,0.4790536140656281,0.4925,-0.3211131642040381,0.0014615983805690957
2026-01-02 07:56:00,1.0,0.1,6.0,0.6000000000003638,0.8229813664596087,6.200282407598062,0.275310040379387,-0.4564308226560677,0.34675839883759885,8.68944290891921,0.2946641549012608,0.8064094179202065,1.697000358472833,0.9249654612976402,61.13544042430203,1.366066808444208,0.25265643447453995,0.363,0.34030707978946223,-0.004838489286065777
2026-01-05 01:02:00,1.0,0.1,79.7,7.970000000000255,0.3012962962963044,10.347778373288202,2.166648645846064,6.106624796209343,7.4334796538126175,0.21550519537188814,1.7874858588752731,0.9789279112754156,1.3109666357544063,0.9224027732640061,76.30984387212551,1.0840007966304395,0.6365338325756044,0.868,0.685171226540984,-0.0048319550531979024
2026-01-05 05:30:00,1.0,0.1,0.1,0.0099999999993087,0.9751714353275319,8.864888721783911,0.8573147659850242,0.5719191925715967,1.863531570272791,10.237015133308754,1.6284705385737508,0.7551098585383226,1.4069745861025316,0.9197863358935993,67.32794180546989,0.6336232948076828,0.7690938223250069,0.7285,0.492955990441412,0.005640228723606609
2026-01-05 08:15:00,1.0,0.1,35.8,3.5799999999999272,0.40222984562612074,7.997755694649749,0.542652234664216,0.783469793181141,3.0446041276666853,12.866109434780242,1.315394539043264,0.9326228944654511,1.4507045913007193,0.9831726435261894,65.80503076096343,0.7405827617317791,0.4507850751308753,0.627,0.33384365588789117,0.0
2026-01-05 10:38:00,1.0,0.1,5.8,0.5799999999999272,0.8999519769489257,6.736109582203431,0.08654847325226045,0.9723713547215823,1.3647343303748798,15.469314851305306,0.9755618930835384,0.8602585904391578,1.4137250313516279,0.959682883331901,66.97987458439918,0.796602242661962,0.0037271710770643155,0.4755,0.002969072838774234,0.0
2026-01-05 12:42:00,-1.0,0.1,31.9,3.1899999999996,0.4604283054003547,7.526605830901909,-0.2054046717383392,-2.320966501032611,-1.4507203174065315,3.8296146560056608,-1.7810689450476367,0.17332425995236456,0.8403940490169052,0.8131896014824245,44.21434531993758,0.6377376612832402,0.4783333333333728,0.5795,-0.30505118131384173,0.0
2026-01-05 14:55:00,1.0,0.1,27.5,2.75,0.8177822853279435,9.461853143700145,1.8618974245790185,2.0915564529953063,-0.5643714734206802,3.1748537568458333,0.755351164684598,0.7678203071281209,1.1000705662930055,0.9221110743750808,58.088671675747804,1.2816728198825154,0.7124598004452904,0.789,0.9205384894183541,0.007398127928704547
2026-01-06 02:13:00,1.0,0.1,1.1,0.1099999999996725,1.000939047293795,8.58790533586386,1.6348573314342054,1.1690860119372795,0.6718751283742604,4.759018456959827,1.5317997702201893,0.704269242754732,1.3744746448754528,0.8671798460461778,58.458927225252054,1.6255419050442752,0.8080229226360828,0.683,1.3123106926825334,-0.0011644282987677316
2026-01-06 05:04:00,1.0,0.1,6.1,0.6100000000005821,0.6713147410355953,7.1432915991194115,-0.013999148517567348,1.7512934795413346,4.328536721616087,2.6500388143657716,1.1546568866996878,0.9736128236744608,1.89836279668457,0.9851862107157606,64.39840230599691,0.8427487407545495,0.7906976744185835,0.517,0.6705592139890314,0.004199744555219276
2026-01-06 05:47:00,-1.0,0.1,37.9,3.789999999999964,0.8275816993463531,7.032121590111293,0.04977160811504463,-0.4522106108732761,3.3716709383042383,2.540769491973107,0.484400654476547,0.7586057588222617,1.5322412206295768,0.8568126364453621,56.92880629978588,1.7789794786244915,0.5355715427657635,0.5035,-0.9613030595924653,-0.008532275676912832
2026-01-06 06:25:00,1.0,0.1,0.8,0.0799999999999272,0.8336177474402274,7.575349738412304,-1.3596731973668612,-1.1643026796870064,-0.3405783348744321,1.9075026895100506,-0.23998930328788368,0.5828502415459015,1.1384544203996299,0.7782201104404834,50.43577783845994,0.9187694615217545,0.6508620689656079,0.573,0.6494749641791775,0.05148277155071086
2026-01-06 08:25:00,1.0,0.1,13.5,1.3500000000003638,0.6364613180515662,7.130724282713569,-0.8947197713795527,0.716617246355665,-0.5202837542034665,3.0838382088770895,-0.4329227975389341,0.5080309099000676,1.2236593773427644,0.8438423012713513,52.5894320411747,0.8919150072058879,0.41666666666663094,0.5115,0.3688264888288842,-0.0028047641735372414
2026-01-06 09:11:00,-1.0,0.1,31.1,3.1099999999996726,0.2604425909732521,7.427155703032671,1.1879379338173421,0.31681037722681427,0.10003829591144961,3.8322880437767823,0.8983959728539638,0.713280328679593,1.5004095212967825,0.9051233635448214,56.748577709530785,0.5982101598039794,0.5746117488183125,0.549,0.3383529443140403,-0.005385641771806499
2026-01-06 14:02:00,1.0,0.1,8.0,0.8000000000001819,0.7102728731941544,7.599019722643724,0.5698103384436942,0.6246858375500954,2.847735733007256,2.2858211498307326,1.634348057993222,0.9116809116808946,1.2681188534455645,0.9019385699899295,58.877316162778875,1.916036611487426,0.47252747252740457,0.577,0.9027480188738155,-0.002631918422310529
2026-01-06 14:33:00,1.0,0.1,19.5,1.949999999999818,0.6031843233313029,7.596358842483629,1.0017957494898415,0.3089638139359411,2.191444657261241,0.8319775475395242,1.0738428467237071,0.7879493900268343,1.2092293779017877,0.8862034239677743,55.822567429460754,1.1627939363002222,0.5502094418657631,0.5775,-0.6638706918105209,-0.024090489113881945
2026-01-07 01:06:00,-1.0,0.1,51.1,5.109999999999673,0.3187617260787886,5.846595976825376,-0.2565595443820081,-0.24800755956939893,1.8027583985242372,4.923719736083134,0.2943694394707173,0.6279963719604288,1.3356205605593097,0.8814012089833754,55.05754280646369,1.7011608189489533,0.2208928212345894,0.2685,0.37286653783507934,-0.0029076748362995577
2026-01-07 05:33:00,-1.0,0.1,10.4,1.0399999999999636,0.5480349344977847,6.467114720736336,0.38193230005343465,-1.2076482847842793,-1.3251659155698325,-2.299325223398359,-0.6329086652904947,0.24766445283434882,-0.3732843010309693,0.4497622440045998,41.028626564763655,0.7947902924187163,0.5175097276264894,0.3965,0.4159505615965508,0.004638853846762995
2026-01-07 06:46:00,-1.0,0.1,7.9,0.7899999999999636,0.21207968799408583,7.984123274540257,-0.7244377123338825,-2.320104457689125,-3.6538764491558555,-4.66550912594031,-2.157325703585304,0.09289765055359502,-1.866639258134738,0.07347261085265595,27.743482831284325,1.4892054632867602,0.7022708158116177,0.6185,-1.0433205642706695,0.002504971342841422
2026-01-07 11:25:00,-1.0,0.1,24.2,2.4200000000000728,0.423925027563395,6.703316311722291,-0.4594740657864882,-0.6176047507648826,1.7096015564653557,-5.33318112073615,0.20519444610159862,0.6067964071856301,-0.810938346210883,0.3429272419627752,47.20271183288882,0.5728507833182543,0.6640625000000222,0.427,-0.3848841200419267,-0.0044753967446357025
2026-01-07 12:18:00,-1.0,0.1,7.9,0.7899999999999636,0.2180755395683638,7.121831715407772,-2.2592502382765,-2.6917232484624165,-2.82792416400802,-6.671036595432942,-2.3312952788283536,0.06942011909691029,-1.9636574365964599,0.07067681895092587,32.83129982856029,0.9393650773195028,0.31091180866962165,0.489,-0.24010676864219158,0.05195292654829403
2026-01-07 13:06:00,-1.0,0.1,8.1,0.8100000000004002,0.531671159029646,7.38351613657103,-0.33182022693291213,-2.628828818272757,-3.1678673910045707,-6.372302725385484,-1.802773665589703,0.15628079858080687,-1.9223171098611118,0.09066701517651815,34.72594575230474,1.1801965132626906,0.5592150562313088,0.5305,-0.6505030816158599,0.009480577912330205
2026-01-07 13:33:00,-1.0,0.1,-1.6,-0.1599999999998544,0.2840637450199568,9.080684832043463,-0.8787883455486806,-1.8665993053947232,-2.227805542662803,-3.8543348488974933,-1.419434647561139,0.3046051375601821,-1.9699152911199889,0.19713630685171812,38.186094016610134,1.9084463694684795,0.5203115983842694,0.7495,0.9929867809288007,0.0
2026-01-07 15:14:00,-1.0,0.1,11.3,1.1300000000001091,0.08797895083043408,9.945642810854642,-0.8144269962279412,-0.013774876356016364,-1.9653832710206474,-2.98693614530156,-0.6859331414143827,0.4263947960970617,-1.6068721766761627,0.23396894691322023,42.79049224450607,1.231996788244478,0.044315677793167266,0.83,0.06163503070212296,0.00703825799206374
2026-01-07 16:22:00,1.0,0.1,65.2,6.519999999999527,0.6077898550724798,10.571796794435816,1.9381757328881073,0.00662139098592508,0.14567060169095397,-2.194518155344276,0.28683779056055225,0.5829256360078244,-1.2477337080859572,0.3086267856449045,48.76944100752806,0.6432208386354136,0.16470588235292072,0.8805,0.10121269078524807,-0.004729564989983355
2026-01-08 01:00:00,-1.0,0.1,48.8,4.8799999999992,0.35170025188911136,6.468891789822408,-2.069906320131383,-0.8996904244335006,-1.091377044072229,0.41429043599349896,-1.3032218812603638,0.22460658082976553,-0.749807403897307,0.3682031465636251,43.07545257269519,0.8734108072249493,0.2318584070795708,0.375,-0.21332865733978915,-0.010821018850530299
2026-01-08 04:43:00,-1.0,0.1,2.1,0.2100000000000363,0.25396120242854886,6.758466506412955,-1.1230358237032272,-0.6861023866287835,-2.9972775600469586,-0.8444223248846602,-1.406952381030427,0.09216463414632,-1.8480999634699664,0.23721391241664458,33.751444734427494,0.5977687388354295,0.9299504950496412,0.414,-0.5558953346052073,0.0
2026-01-08 11:48:00,-1.0,0.1,5.2,0.5200000000004366,0.22167968750004735,6.577160357206508,-0.9365743976808066,-1.0354012415918632,-0.7343594709088503,-5.341210810149798,-0.9121831498946775,0.3396801599200148,-1.4382571025826365,0.20847521755580015,44.19295774606455,0.5458282609858707,0.05013927576585511,0.3765,0.020829657870452732,-0.006537775827914971
2026-01-08 13:25:00,1.0,0.1,4.2,0.4200000000000727,0.9866969500323928,7.722379748314864,1.0760931566223175,-0.990627274146804,-1.3234262407556954,-4.722637475573322,-1.1782574379661417,0.4678235719450525,-1.6478952017080082,0.21356659514772203,43.43820676280578,1.5888884514746922,0.5664221678891675,0.569,-0.9051613916714082,-0.00517975045305072
2026-01-08 14:47:00,1.0,0.1,14.0,1.4000000000005457,0.7676730486008342,9.161941139611336,-0.8033232136996565,-0.3318074143542168,-0.7225543036266135,-1.726708320751209,-0.14039119600192293,0.6504267425320183,-1.1283846062038678,0.3018649942234829,48.295764699888316,1.4887674775630524,0.11165689149554195,0.7505,-0.19209902936289444,-0.025867880658545023
2026-01-09 05:16:00,-1.0,0.1,1.6,0.1599999999998544,0.3626453488371877,5.738295164061558,0.09358180167577403,-0.22132008962407967,0.6866150811963082,2.7726004928508567,-0.4892872177521061,0.43315056938002616,0.8187076384531381,0.7279492000052683,47.0961640113081,0.8695962576571028,0.318637274548959,0.1995,-0.2805711372400225,-0.003485355742188867
2026-01-09 05:30:00,1.0,0.1,11.9,1.1899999999995998,0.3473756906077905,5.819845509485741,0.32303262980708086,0.21134581631002083,1.249174052498661,1.907267122797078,-0.10635414075254039,0.49936735554618844,0.8836123201059624,0.7485899846180197,49.82732821773613,1.1821619644003312,0.2165697674418253,0.2185,0.2697666110622306,0.013746069353479502
2026-01-09 06:46:00,1.0,0.1,-1.3,-0.1300000000001091,0.8548387096773689,5.631241284794788,1.3506791159059601,2.0911908057992186,0.3153833959832819,2.4534555174016632,1.8940356029984646,0.9216821409065994,1.3150708803995994,0.8857920408082789,64.52172501957341,0.4865712302895279,0.5642335766421497,0.179,0.25678175145936893,-0.017758074098062463
2026-01-09 09:20:00,1.0,0.1,0.9,0.0900000000001455,0.8865168539325551,5.643737427173807,0.10985628016900245,0.6183845448223582,2.085497447724733,2.9448570587244034,1.3409967487263699,0.8693834900731475,1.0978769445423069,0.8826893496180829,58.39613560428537,1.1605784437211495,0.9664122137404201,0.1785,1.1127378055829498,-0.00885937743301786
2026-01-12 07:15:00,1.0,0.1,0.9,0.0900000000001455,0.7256169212690686,8.050531286801286,1.3477371385151637,1.6495805713806848,0.5974760955076737,11.265095031514798,1.7133447350954838,0.9379350090881035,1.5985244234117004,0.8753764399486164,65.73934158954773,1.1514767994502983,0.5264293419633095,0.5825,0.6086554819100083,0.0024843080893700437
2026-01-12 08:47:00,1.0,0.1,33.0,3.2999999999992724,0.3569310600444969,7.642158364063064,0.2499293928507882,1.4642460240841153,2.3200252016989165,11.630222218104594,1.305374972848428,0.8485596083045577,1.4337225241200533,0.8906797329645605,63.849043342900615,1.0010261022559224,0.2692810457516671,0.522,0.2721744173453722,0.0026170617051821696
2026-01-12 11:25:00,-1.0,0.1,18.0,1.800000000000182,0.236193293885637,6.960503935190763,-0.14797779149183352,-0.8519498092687696,1.0832549008239758,8.759423249766366,0.49099733962620107,0.7176905001678461,1.2373985688184563,0.9283061781780674,58.541008555712835,0.6187770368500853,0.7522637566750072,0.393,-0.4626101831105431,0.0028733551745314732
2026-01-12 13:07:00,1.0,0.1,16.6,1.6599999999998545,0.5236389684813924,6.927201891760337,0.7679868557503097,-0.5399005339296348,-0.921006793174021,0.2550813485171436,0.19077748419765447,0.5767772511848525,1.0890520665320322,0.9246558514036257,55.965158369281,0.7636561028042553,0.7996219281664465,0.3855,0.6091925810650612,-0.0014435843153514736
2026-01-12 15:26:00,1.0,0.1,17.4,1.7400000000006912,0.8599663582842687,11.424084831739016,1.8254416268043239,0.9430952377093198,2.303379254230791,3.3844286496002054,2.001366587361469,0.9277830637488093,1.5332262052595982,0.9784985835694048,62.4049507351869,1.538591515984444,0.8746657563861637,0.927,1.3454907090059016,-0.00026260309196644984
2026-01-13 01:31:00,-1.0,0.1,16.7,1.6700000000000728,0.24189419795215744,9.680390077597076,-0.6817907075123417,-0.30990486705104736,-2.163859083372775,-0.13088315551796825,-1.281274876828079,0.09581721470018785,-0.6945738977304209,0.2906295540658603,40.568226013020976,1.4575858913633923,0.7772501771793627,0.785,-1.1298098436457578,0.003099048670578119
2026-01-13 04:20:00,1.0,0.1,0.1,0.0099999999993087,1.0375816993466374,7.744129078508318,-0.029699918179032506,1.4217221702251088,0.6323499970565056,-2.550835581346604,1.3275494088470146,0.9148056244830627,0.2590359462221419,0.5126912664343308,53.92938960447361,0.530724624852372,0.8442822384429516,0.516,0.4442074718960038,-0.003873902371152622
2026-01-13 06:40:00,-1.0,0.1,0.0,-0.0,0.18221690590110534,7.367735750892325,-2.2422085371341867,-1.7033727082951122,0.14387052356920116,-4.255445778739123,-1.1925276499806103,0.3509561304836883,-0.8718916801254356,0.25082617316589856,41.583414272725236,1.184895915810113,0.6368843069873069,0.4415,-0.7546416141928143,0.0
2026-01-13 12:23:00,-1.0,0.1,5.0,0.5,0.4069345713042622,6.260428635088645,-0.21084818259908467,0.0,-0.6676859115639618,-1.4636378008757098,-0.9298466328186551,0.31160896130345156,-1.0007225115489413,0.17669902912621574,44.143976147667786,0.9663875035793802,0.8429752066116051,0.2365,-0.8034593624799818,0.01118134301671938
2026-01-13 12:30:00,-1.0,0.1,3.6,0.3599999999996726,0.19159544159546596,6.305612304010887,-0.9943522845532705,-0.652276068001212,-1.5335544803236887,-1.2152665959380613,-1.5867933167541757,0.1537678207739041,-1.241025179200649,0.12197705207413571,40.81766625794851,1.09315315748409,0.4526331060497297,0.246,-0.4916255314378446,0.0031717776222485033
2026-01-13 13:08:00,1.0,0.1,5.0,0.5,0.4207006369426858,6.596879996825697,0.7094262745801386,1.045948994573161,0.07427753729574604,0.909520864846275,1.4280481330064558,0.8019750519750383,-0.2166449148093476,0.3481023830538405,56.16522512350546,1.4734238010508662,0.7674897119342118,0.3005,1.114163059436742,-0.016674549188798744
2026-01-13 16:27:00,-1.0,0.1,67.0,6.699999999999818,0.4068775100401558,10.757909019111956,-0.8282278632558427,-0.5707428821987065,2.690113845412447,1.3831684180973325,0.45037778474310786,0.6116110817010891,1.0323650058144498,0.6389435695538174,54.964558163756685,1.3150325007273338,0.46723687000775455,0.883,-0.616290766934418,-0.001859097336108353
2026-01-14 03:39:00,1.0,0.1,16.9,1.690000000000509,0.8457547169811168,7.104228036269641,-0.6897301121224393,0.08304913594946323,2.5407405150634856,-0.4438202129637517,0.590908846506265,0.7757131640931771,1.3155026051578562,0.7032258064516149,58.46327398387879,1.1852097028717186,0.3705463182897701,0.378,-0.42369135458956064,0.015483737210866965
2026-01-14 05:01:00,1.0,0.1,33.6,3.3599999999996726,0.5356111645813604,6.496485204867692,0.1631651526284032,1.3376463927739353,3.096597523985263,1.5562261255402154,1.4639596160033743,0.9641469973110305,1.9876364725185236,0.9190476190476257,68.75637246386191,0.5356742746667037,0.3534482758621568,0.2705,0.18009738544827503,-0.009235763356382822
2026-01-14 09:19:00,1.0,0.1,-2.5,-0.25,1.0530303030303552,7.472868518804003,1.4960787777635884,0.7574066084205253,0.6195746637786581,6.1034126166186375,1.3664716590995354,0.9437070938215288,1.730079725143574,0.9825159914712214,60.14219546941548,0.8109335772135696,0.6204620462046155,0.446,0.4723754995979382,-0.03077800705602182
2026-01-14 12:08:00,1.0,0.1,-3.9,-0.3900000000003274,0.9884987893462165,6.647701105495447,-0.4121725625923087,-0.03008558851036253,-0.30085588510389893,5.015267604682017,-0.6582480086577294,0.4871091607240988,0.9802028083199651,0.8665245202558708,49.93845015336697,0.8318665223122422,0.05605786618435894,0.2835,-0.05866689759517273,-0.012034235404145012
2026-01-14 12:32:00,1.0,0.1,-2.5,-0.25,1.0377574370707148,6.632660647085346,0.9076297311614991,0.1748921076656627,1.6599673322405752,3.992364664644184,0.8962096139736261,0.8083700440528359,1.2627211022649605,0.9489694385216748,56.05790038855146,0.7447991481624243,0.08704453441283733,0.2825,0.055784551583003654,-0.009046143499872417
2026-01-14 13:30:00,-1.0,0.1,16.9,1.6899999999995998,0.18050407709410898,7.200305881440211,-0.6652495156277811,0.17082607603797215,-0.8462140498372869,2.3304565495269483,-0.6374495882612735,0.3961827646037865,0.9087234430795917,0.8558210191962363,49.67842247607372,1.0874538011201498,0.3775223499360471,0.3915,0.38331704867061167,-0.027221065775154072
2026-01-14 14:38:00,-1.0,0.1,19.9,1.9899999999997815,0.48441006541566795,7.71106950957449,0.5226252979559819,-0.09855960953998025,0.051873478705370714,1.986754234413068,0.6603526946582682,0.6428969359331521,1.0624859176395283,0.911476315426048,53.2776176843536,0.9129732252132743,0.14914772727275388,0.501,0.14394890340728284,0.007781021805846888
2026-01-15 01:19:00,-1.0,0.1,-1.5,-0.1499999999996362,0.4598623853211285,8.792347089287325,-0.8405036704026811,-0.8632507250820284,-3.101560905531863,-3.0321823887597246,-1.2999412946720958,0.16357069143447137,-1.7473109399602074,0.22398345968297856,39.503094828066075,1.2510880073652346,0.5418181818181851,0.6395,-0.6801369349131541,-0.0022747054679864423
2026-01-15 03:22:00,-1.0,0.1,-1.2,-0.1199999999998908,0.1953038470058572,10.62297298817393,-2.131230120344229,-1.6840859917384274,-2.398575241447501,-4.052537839258828,-2.2773058366220336,0.16126367953748408,-3.069350125018956,0.13130464021520608,33.79900223406135,1.392924562311634,0.7900250050685423,0.8675,-1.1023279465207465,-0.0018827121204009602
2026-01-15 03:30:00,-1.0,0.1,22.2,2.2200000000002547,0.16320927394753681,10.831546346161547,-2.3736223045485167,-1.433774966535977,-2.21482688005136,-4.6456893957558405,-2.408030044762918,0.07713552969027057,-3.3776810984188708,0.06333009394233671,30.93238283649913,1.2503293220731964,0.4600162445543977,0.8835,-0.5687091947110329,0.006462604485324976
2026-01-15 10:12:00,1.0,0.1,3.4,0.3400000000001455,0.9251054852319787,7.567645752540443,1.1007386276245243,1.4376994319992853,2.312476108454903,-2.642829838234175,1.386720570986353,0.9717357910906269,-0.273434964427119,0.5111506140917842,59.24314097462719,0.6871357579409816,0.6134615384613756,0.4385,0.41888852936000615,-0.0026428298382918623
2026-01-15 13:31:00,-1.0,0.1,14.3,1.430000000000291,0.5748834498834421,6.389382194729188,-1.7497779377201965,-2.1520077498796093,0.133033206356251,0.7496812452307818,-1.355922011251978,0.2608329827513931,-0.6545796572756067,0.3938267614738236,41.59242541364949,1.8029912202628393,0.5286458333333259,0.225,-0.9594041823099811,-0.006260386181462261
2026-01-15 16:11:00,1.0,0.1,48.9,4.890000000000327,0.6668711238328907,8.712857390325205,0.4992621599465892,3.1137890573218128,-0.4430234338835654,2.654697415991654,0.5462735397396574,0.8126538650910957,0.31592409491571755,0.5547834518422814,56.206465440749724,0.839334293261874,0.5387665800629639,0.6195,0.44646662119361674,-0.005738645516647859
2026-01-16 02:35:00,-1.0,0.1,4.2,0.4200000000000727,0.2992738589211082,6.44577543039282,-0.9831245392322554,-1.186823848055381,-2.2102848840844667,-0.8590122413965056,-1.3121634504310393,0.22627682922291678,-0.8399437868861878,0.43284302459204615,40.58264810518415,1.1573471773194257,0.231769436997354,0.24,0.2812694949705397,0.013031791272739625
2026-01-16 05:30:00,1.0,0.1,13.5,1.3500000000003638,0.5586565752128579,5.431224595289155,0.5297147907480942,1.0568518939501135,-0.9040318465670907,-1.8730582434069052,0.6033240466591461,0.5821325648414855,-0.6783137256380124,0.4656400827395916,49.35288163296817,1.1212940826056776,0.7733990147783126,0.0725,0.8782549711048315,0.011047232340848596
2026-01-16 06:47:00,-1.0,0.1,-1.4,-0.1399999999994179,0.27864077669907733,6.620325815989479,-1.6404026481251721,-0.589699073506544,0.005588848801064996,-2.7676885563164313,-0.872066433463534,0.19426494345717388,-1.5391004137915236,0.3235363830291483,42.58987082736945,1.859425101143687,0.6937449228269444,0.27,-1.2899667232954106,0.0
2026-01-19 05:06:00,1.0,0.1,11.2,1.1199999999998909,0.8643749999999955,8.949988550528346,0.5639113359203728,0.09162022893887409,-1.3296106394792138,10.30615843576186,-0.1461942807868454,0.35479404638283857,1.5691097453215181,0.8232845528455279,60.52611206898205,0.5508386934984791,0.39350912778919933,0.643,0.18770973733828022,-0.029050316492848435
2026-01-19 06:32:00,1.0,0.1,0.4,0.0399999999999636,0.7015895953756521,7.96663649148991,0.08661120671649433,0.9075348182037383,1.2125568940316058,11.460294453942804,1.401894548364732,0.7814258911819926,1.5199899422470662,0.8649756097560961,62.09867214694133,0.5297091193388987,0.11753554502371201,0.503,0.06477011980536845,0.002510469759840478
2026-01-19 08:57:00,-1.0,0.1,-1.1,-0.110000000000582,0.07960526315784301,7.181507239723357,0.43584165489481314,-0.6433189922089197,0.8633285176829609,10.95173998641396,0.1451190617120096,0.4650166587339089,1.1889936156686292,0.8526829268292647,55.430799543170906,0.6029374970269787,0.36027713625875896,0.3485,-0.2130471987186346,0.0041773960532693125
2026-01-19 10:44:00,-1.0,0.1,2.7,0.269999999999527,0.13990247183443902,6.614379021376688,-0.10174802469358629,-0.5382213490480376,-0.5926482270416038,11.127272834250368,-0.8530980550951611,0.24214734437462757,0.9748550053637461,0.8394796747967461,50.84638492720558,0.8783893365081356,0.8227194492253729,0.249,-0.678824117198118,0.04384387393929601
2026-01-19 11:41:00,-1.0,0.1,8.6,0.8599999999996726,0.200394218133995,6.303782752747288,0.1808437956564251,0.07408250225581252,-0.07455840698103243,-1.8211287492413026,-0.22486130951510497,0.32261126933601353,0.9326295723398558,0.8468943089430897,52.51072913445914,0.8645602511642113,0.46055045871565176,0.191,0.4029326675150713,0.0047590472540746855
2026-01-19 13:33:00,1.0,0.1,-1.8,-0.180000000000291,1.0277027027026908,5.848655532292985,0.14533254613923363,0.8377993836266461,0.9176467942703473,1.6362734900627254,1.260479298603574,0.8615819209039508,0.9162447455901874,0.8787642276422742,56.84301808120863,0.58645956853859,0.43731778425663864,0.115,0.26159858305074496,0.005129383981344469
2026-01-19 15:54:00,1.0,0.1,9.2,0.9199999999991632,0.6689814814815321,5.639374984550476,0.55325279991974,0.3599689691785162,0.9806051229346564,1.3453618567280319,0.9368428986378114,0.7563559322034001,0.7337764392232068,0.8690731707317066,55.06628603522214,0.932727476787838,0.7015209125475962,0.082,0.6596475691351428,0.0053197384607217586
2026-01-20 03:36:00,1.0,0.1,-1.9,-0.1899999999995998,0.5459677419353884,5.8974150960084435,0.21195726935450743,0.3849144011478595,1.2327434785658893,2.1704424381901872,1.1432715774600997,0.8050921350927175,1.047238960092156,0.7009345794392665,54.28597549318816,0.5154800790701559,0.546052631578906,0.1355,0.28995754447697236,0.00847829077421114
2026-01-20 07:13:00,1.0,0.1,1.6,0.1599999999998544,0.9186413902053185,7.127008070825535,-0.2614000126682176,2.4217736009944004,6.142830142035833,6.43608082720842,1.3224582923659307,0.9102861562258255,3.2221268871256963,0.9214624238320864,74.41570462655953,0.8362555424059844,0.2785234899328598,0.3465,0.2357230387989141,0.0028062266523027
2026-01-20 13:20:00,-1.0,0.1,-1.7,-0.1700000000000727,0.5868031402166943,5.960446292975485,-1.1051185894860533,-0.4726156166057402,-0.29645431116176363,8.929364913953577,-1.0988162071433762,0.3515530829856157,1.379734450367775,0.8207713992824182,52.759636732645234,1.0670341929756284,0.6363207547170894,0.14,-0.6823314564201434,-0.0033554534369511046
2026-01-20 16:54:00,1.0,0.1,-1.4,-0.1400000000003274,0.49512591389115,10.066885491725785,1.2407015069622598,0.6943557673071716,1.8347283293508396,5.533687657993851,1.2638561520780265,0.8375279642058318,1.6100859559292706,0.9365651271972979,59.51992511588734,0.5006513687021136,0.8313492063493134,0.7915,0.40926262679625464,-0.006953491231944939
2026-01-21 03:03:00,1.0,0.1,3.7,0.3700000000008003,0.6773325358851463,12.29878330455055,0.11545857544092777,4.239443748936411,5.9778270890257925,8.09917514061281,1.4755686532111632,0.915101855013087,2.5342742667834437,0.9582587287376901,76.2500343397229,0.7675556001142649,0.6016949152542936,0.954,0.46264739032309804,0.0008130885593869097
2026-01-21 04:19:00,1.0,0.1,9.2,0.9200000000000728,0.5895813047711814,11.92455653428726,0.9375610713784601,1.4004713678015188,5.715097228483475,8.409537051684879,1.1358514743997663,0.9463897346672435,2.359427027380052,0.9723948709334214,76.95811516524215,0.7170077960900222,0.007017543859695778,0.9375,-0.010063267313534805,-0.005031633656729267
2026-01-21 09:33:00,1.0,0.1,43.1,4.3100000000004,0.4586206896551409,13.054972360376896,0.6824985725012698,2.042899767520466,0.5300662313926411,9.602471498176458,1.2473519540083415,0.7746858168761344,1.7544242448777858,0.9274566473988481,64.0458308991783,1.4278084614390776,0.847639484978577,0.964,1.214096787221599,0.003829958319324883
2026-01-21 10:00:00,1.0,0.1,-2.7,-0.269999999999527,1.411885245901525,12.720715963794383,0.4512324633563812,0.4024930683597056,-0.752316145352021,8.157559707751506,-0.12466335392400764,0.49910233393178227,1.394940041981431,0.8387283236994241,54.77578656990601,0.6587679517293845,0.7052505966586846,0.957,-0.463024252468525,0.001572238548242955
2026-01-21 13:32:00,1.0,0.1,0.1,0.0100000000002182,0.3949987661429316,9.858394377297975,0.31851028472051757,0.0859166277574717,-0.7820746163041229,4.120346422084818,0.8569489569642569,0.6431357254290359,1.1577339167293978,0.8828901734104087,56.68515412736558,0.9907292837149411,0.13002969181934573,0.748,-0.12578113154564685,0.003043091892208095
2026-01-21 15:19:00,-1.0,0.1,100.0,10.0,0.5473480999796867,14.394229219812221,1.1115565658755522,-0.6231663997439991,-0.34131733800919406,1.8514364050364411,-0.48253372785303855,0.5050578034682089,0.8785296111349884,0.8314332688937478,49.78629648572341,1.513801098151765,0.3932996787517083,0.98,0.5898197027676997,-0.005557782829372706
2026-01-22 01:03:00,-1.0,0.1,34.8,3.4799999999995634,0.20547147846330074,17.873570277302488,1.122327531029122,-1.8860249786137082,0.950006055676702,-3.845342532783127,-0.3066638604308201,0.43266010352177225,-1.3952792793739508,0.32117833195208506,45.108775894503985,0.637813252927783,0.44298245614038095,0.9865,0.28421853726957846,0.0016784559287431294
2026-01-22 05:04:00,1.0,0.1,1.7,0.1700000000000727,0.88924455825856,11.25830962411258,0.0834938841961902,0.7514449577653077,-0.05951159831002467,-4.458928709198363,0.8326401299692804,0.6749059645352051,-1.1659228675592324,0.31613049046937525,48.86046411718723,0.3748342460720776,0.4928909952606165,0.8685,0.18208772617245994,-0.0026646984317692407
2026-01-22 05:50:00,1.0,0.1,53.2,5.319999999999709,0.4398933591856408,10.398817873241764,0.5212130903789377,1.0183849865522052,-0.22502557776508741,-3.2590242865206887,1.218495787747755,0.7654486835035004,-0.994130924623365,0.3415203797182255,51.23885630416876,0.7327755993888183,0.7257217847768799,0.7895,0.5279446247564974,-0.0038465910729037394
2026-01-22 07:02:00,1.0,0.1,8.4,0.8400000000001455,0.39880952380953727,10.206910912509596,0.518276297828419,2.851009502231912,3.679859687416879,0.027432393835883997,1.8376498564188533,0.948957189901208,-0.11969400371451601,0.535372560837789,63.289994317455836,0.5212154828823305,0.5263157894734862,0.7655,0.26844556825137333,-0.005878370107644876
2026-01-22 09:32:00,-1.0,0.1,54.7,5.469999999999345,0.4997119815667878,8.54780424191024,0.3705045073998687,-0.8832677710355389,3.998687736952774,3.768219192722391,0.6145843027507439,0.7821497120921241,0.07095767444761633,0.5907893686646943,59.23664886101587,0.6469497713678133,0.5895117540686857,0.5315,-0.3848941677757378,-0.003509673262362993
2026-01-22 13:42:00,-1.0,0.1,27.0,2.699999999999818,0.19941006575307954,7.947767271967799,-0.5658192856074874,-0.07637365051451524,-0.2990777055567926,3.933557555247773,0.010349598409787122,0.5502878289473673,0.2420051908165362,0.5718173836698862,52.45588922031357,1.1713981652226229,0.0007518796992059593,0.454,0.0393821295074995,0.0402628800076175
2026-01-22 14:32:00,1.0,0.1,58.7,5.8700000000008,0.36856995884769556,8.529891244655113,0.2657712665938552,-0.26143357940195266,0.30246575554132327,4.913310005712082,0.7850211726801987,0.7309644670050695,0.4471670891901944,0.5899114055391482,54.18594082662404,0.9496017906529545,0.6259259259259322,0.5255,0.5978974237445358,0.003517043669162023
2026-01-23 07:45:00,-1.0,0.1,-2.4,-0.2399999999997817,0.29721166032947,8.37552238456141,-0.8345748096721035,-1.8064544878883277,-0.4238541594186283,3.9460225264183166,-1.908012170028855,0.27322218441646495,0.9342448446590116,0.8636885768985342,45.7336988925069,1.4861162597981536,0.8974049971880749,0.479,-1.2954415858287425,0.038206572116572045
2026-01-23 09:29:00,-1.0,0.1,6.2,0.6199999999998909,0.12051792828682281,11.38983915788465,-2.640072399897287,-3.8639702799959355,-3.8982113254219675,-1.2247758556224912,-2.090668974651696,0.16201117318435201,0.21247747754414276,0.6458200382897252,30.60989018979106,0.9569933208805744,0.17431192660556047,0.8695,-0.15803559427387756,0.008779755237468696
2026-01-26 04:32:00,-1.0,0.1,53.2,5.319999999999709,0.677364864864791,12.12020032023121,-0.5907493119604864,-1.2904077149527726,2.422402206586673,10.517152904414091,0.30790220453788536,0.7289573274174671,1.836406566391136,0.8925170772096898,64.11677855655068,0.43233608864153916,0.7385496183204925,0.895,-0.3110509645378212,0.008250688714562117
2026-01-26 06:45:00,1.0,0.1,62.9,6.289999999999964,0.48720529039677496,13.527360941366396,2.384796276215923,1.8547594101133595,0.28534760155588595,8.060700122708921,1.9112225561880478,0.9793154395469059,1.8026315923047813,0.9956530738977429,66.82339869416754,1.3262010289929829,0.9336677814938893,0.939,1.2493198099209268,0.011088637366135417
2026-01-26 09:32:00,1.0,0.1,0.1,0.0099999999993087,0.9904855937528263,12.065635294606563,0.0,0.10857281593667768,2.5916579804113904,9.59750540875073,1.1606773428470085,0.7560892522568609,1.4445145202685263,0.9322418851140357,60.7656046148415,0.7417761088801889,0.6067039106145083,0.884,0.453353666544636,0.0033152004866120843
2026-01-26 12:56:00,-1.0,0.1,11.9,1.190000000000509,0.18436073059359692,10.043884304968849,-0.6511425063672364,-0.9488360987277723,-1.0016045281429196,3.29653339232708,-1.7148284540393461,0.3491024923593368,0.9412645427592164,0.8566016192651024,48.87861167498563,1.0673161572258376,0.6147388059701482,0.6725,-0.6541293985982534,0.001991261487405055
2026-01-26 13:00:00,-1.0,0.1,31.9,3.1899999999996,0.7787803360298472,9.95217828318531,-1.2660544899289714,-1.286150592943698,-0.44613348692739013,3.7428991864962557,-2.29784431872194,0.15496534802632217,0.8487930476064567,0.8331949346066002,45.34585184551622,0.8802093120457615,0.5182648401826851,0.658,-0.45316712298252165,0.0030144154521861612
2026-01-26 14:58:00,1.0,0.1,-2.0,-0.1999999999998181,1.0124317768344409,12.269227110783435,0.8761758098480233,-0.12877746786602914,-0.9055175113870932,-0.5224452968489025,-0.19700248870590265,0.6429580781912425,0.7987668448002384,0.8382255206025699,51.22891529424204,1.3203765692593321,0.21481481481484643,0.8945,0.28119130641632756,-0.0024451417949780886
2026-01-26 16:03:00,1.0,0.1,23.9,2.3900000000003274,0.5083493898522575,13.296761081030382,-0.3973148022895039,1.6710836469566384,-0.05490058786134889,1.0596565520080312,0.8342723197431235,0.845938375350132,0.8904119423794933,0.882778163312512,55.02485271997611,1.319870297213779,0.7156695156694792,0.932,0.9303017422526573,-0.014289194100859673
2026-01-27 01:11:00,1.0,0.1,11.5,1.1499999999996362,0.8164142795179706,19.87767301497618,-0.5307462293021281,1.1626109345187996,0.2223600316128537,-2.953061958297343,-0.3775803955251493,0.5371786833855817,-1.7676415124405191,0.35381565906838597,44.33785685693641,1.0977140022154577,0.05362053162236885,0.9895,0.05936308536272122,0.0005030769946101893
2026-01-27 02:40:00,1.0,0.1,2.6,0.2600000000002183,0.7138866719872219,19.49204420016637,0.0749023542634679,1.1840728331512267,2.4464340174024786,-0.17699528918420837,1.183079696896482,0.9091226843760901,-0.2254068760877998,0.6444499504459844,55.075870911894356,0.517647092135879,0.4172447968285407,0.981,0.21290737684476496,-0.0030781789423547515
2026-01-27 05:47:00,1.0,0.1,15.7,1.569999999999709,0.5023452157599011,14.255820061398584,0.5611743109512249,-0.010522018330309949,0.7617941271162649,-0.17676990794960268,0.7857938742027908,0.9219460442558401,0.13634334505712384,0.6988767756854967,55.533148566470686,1.0409783468144687,0.6933962264151275,0.9285,0.7204075216836657,-0.0014029357773448874
2026-01-27 11:47:00,-1.0,0.1,29.4,2.9400000000005093,0.7971650711376735,9.402946257152307,0.1276195744592237,-0.210572297857545,-0.766780943208708,3.10753663808024,-0.24719408729341003,0.45692475463469717,0.6426061755631896,0.8318722333130815,52.22324644475168,0.5296212340055075,0.21887550200785794,0.542,-0.11166712765167565,0.004253985815301008
2026-01-27 14:05:00,-1.0,0.1,77.0,7.699999999999818,0.5385492700729627,11.029243586988885,-0.7044907421544064,0.031733817214197366,-1.952989779408856,1.5631171679205342,-1.3094059647814469,0.31493376771061304,0.2652728233449087,0.7573127332696812,46.29262562029659,0.9656147238023975,0.35774647887328925,0.7635,0.34272522591295224,-0.002720041475559177
2026-01-27 16:11:00,1.0,0.1,38.8,3.880000000000109,0.6282422690830637,15.16502380319801,2.5202729976553284,0.9047133837737183,0.927792806829194,0.9205392738688708,1.164545606449023,0.9584685269305823,0.9614426334921886,0.8763996180887095,56.34918864385512,0.7444762465601354,0.9140832595217584,0.945,0.685129158703284,0.004615884611071123
2026-01-28 01:06:00,1.0,0.1,57.2,5.719999999999345,0.649513417870836,13.790472094791946,-0.002175415010772874,-0.4938192074346923,5.302211519474674,6.900416414020923,0.6234867907144998,0.8320226773957576,2.2135972637667707,0.8960031702898553,67.42760059596725,0.8556632375519996,0.3169491525423495,0.904,0.272652014677532,0.0014502766737826316
2026-01-28 02:32:00,1.0,0.1,42.4,4.239999999999782,0.6801972685888138,16.211558963446244,1.4939957381403295,3.3895568047404234,2.738169728160617,8.464330932602005,1.9252928899087196,0.9238507301243918,2.6783757049212418,0.9605646426170739,74.89344232353932,0.7901769366465209,0.6370023419203434,0.9555,0.504578246820285,0.001233687645008292
2026-01-28 04:58:00,1.0,0.1,10.5,1.0499999999992724,0.9281572164948615,13.936961544310956,0.4527529174805058,1.3309931250812888,5.138853240879828,11.432908062018903,1.0650773490059608,0.9142319610447106,2.1629740209863506,0.96144470424357,74.96614740286486,0.5151768538050645,0.28370473537606955,0.8995,0.14615811298064188,0.0
2026-01-28 06:51:00,1.0,0.1,12.1,1.2100000000000364,0.6732776617954249,13.228992137642107,-0.23282196919876663,1.6448720940790988,3.0470953176622126,13.59967548004503,1.1853512308320873,0.924484773915707,1.934077140384362,0.9776747146819408,74.24270606542713,0.7317261889102327,0.6157024793387342,0.878,0.4603525300064694,0.00982690129735612
2026-01-28 11:04:00,-1.0,0.1,99.6,9.960000000000036,0.7582094175960238,13.059349738974419,-0.6306592720631639,-1.8014679498006454,0.00160804331152628,6.979214265775379,-0.6813998710358741,0.30434928631403274,1.2461069659003252,0.8435455850139757,53.351146047066145,0.8274531439916177,0.4623357394040224,0.865,-0.3526974996506593,0.02986366149888831
2026-01-28 15:00:00,1.0,0.1,53.5,5.350000000000364,0.8634852990284149,16.278112656393954,1.207142401258737,0.4251107082294964,0.9906553874146514,3.3253240804140294,1.8096612863968937,0.9353507565337001,1.1084967839789308,0.904448976508799,60.249595469643374,1.1260519193421359,0.37206764866337894,0.956,0.429410961058446,0.010443471155932667
2026-01-28 16:57:00,1.0,0.1,10.7,1.069999999999709,0.9069956616051962,18.3873202474006,0.1729452664778515,0.22461130520549694,0.743447104639002,2.3581467781380185,1.080561055304316,0.7608408733124488,0.9667780675471864,0.8802262770618013,55.65563673068204,0.7080966570885208,0.32104454685101,0.972,-0.22515515824474727,0.0021754121569519296
2026-01-29 04:08:00,1.0,0.1,-2.0,-0.1999999999998181,0.9752542557241565,31.817996245056655,0.31711613523013255,0.00785718868261042,1.0497204079967408,8.16236189104301,1.3529664161678827,0.7153700189753296,2.103891881548959,0.8626993074569159,67.47275017145475,0.6826325527451728,0.8116942909760465,0.9915,0.554403233444973,0.00031428754731127704
2026-01-29 06:00:00,1.0,0.1,73.1,7.309999999999491,0.09378596087455836,26.22538064799574,0.16930164177956078,0.6344998466694145,0.6440325967696159,10.015107255271527,1.3211534902752065,0.9829981581337981,1.7965742590904532,0.9045543426252943,65.81729802583973,0.6085707663968211,0.8057644110275924,0.987,0.4903646651543451,0.0
2026-01-29 08:04:00,-1.0,0.1,43.9,4.389999999999418,0.4425521178288707,22.959976187812934,-0.5361503818342155,-0.589721865965477,0.13501756163169853,11.738121929893502,-0.23332978915011232,0.4679780420859999,1.34694325982387,0.8671062348057201,55.22704347220312,0.3738244295111879,0.017476406850709857,0.981,-0.008710810427842575,-0.0021777026069705464
2026-01-29 08:39:00,-1.0,0.1,50.9,5.089999999999236,0.741379310344816,23.30085191704278,-0.4802399517339096,-2.381457991216755,-0.7132786414493129,10.600470784475416,-1.3807136884976603,0.18272966537160895,1.1427577594440825,0.815414570466885,48.63769473710591,0.8416001298929532,0.3785823559408517,0.9815,-0.31844329239189767,0.00017166754310340109
2026-01-29 11:03:00,-1.0,0.1,9.6,0.9600000000000364,0.10795454545453256,23.480457979128786,-1.2963972009002969,-1.1230615698995117,-3.3129677482928837,2.925837309522093,-1.6088111092105335,0.08429400703131687,0.578200533719924,0.6860056365763476,38.830593523013476,1.1307275191821147,0.9450094161958216,0.9775,-1.0476797352873526,0.020868417491487216
2026-01-29 14:27:00,1.0,0.1,59.7,5.970000000000255,0.8054277828886747,21.98231386775939,0.6336912521493419,-0.3049269535647269,0.22927522690829816,0.31980254864394797,0.77436921724327,0.8042606169594737,0.7277443709094739,0.8115978504675485,52.19247460956345,1.3096892425972109,0.6377214310524698,0.9705,0.842950387819632,0.007733489796513423
2026-01-29 14:46:00,-1.0,0.1,2.5,0.25,0.2972758948368513,24.25411756964965,-0.3327270092109263,-0.4992966643797217,0.39745828609585554,-0.32406868555116064,-0.16911558489636658,0.596141642340402,0.5928416460497175,0.7807045443859645,48.316408519174445,1.8107853181580118,0.5849404585714537,0.9785,-1.0630359948556924,-0.003834400477889272
2026-01-29 15:01:00,-1.0,0.1,99.7,9.970000000000256,0.8062131310809766,24.77668060038894,-0.5694871006965387,-1.5284533312103727,0.5154039883695747,-1.5950482083294104,-1.5555871628615685,0.3236451326310447,0.38131872117292137,0.7213241252658561,42.81143945372964,1.2741819822104874,0.6572695597085901,0.9815,-0.8665406131789593,-0.029059582742853467
2026-01-30 02:00:00,-1.0,0.1,30.4,3.039999999999964,0.7498662636177639,44.52034276408628,-2.3964325828610944,-3.09678657980183,-2.098815826624246,-5.251307278536812,-1.7170573041463897,0.10563505730063523,-1.4150502295711547,0.4055507441944766,39.11367105613384,1.3217553223213143,0.8279378027020146,0.9855,-1.0950050465318004,-0.0006738492593984649
2026-01-30 05:16:00,1.0,0.1,51.6,5.159999999999855,0.43683622135270284,45.641926287250314,0.22545060730432817,0.9738852764506688,-1.8459562698942236,-1.062400383691629,-0.3956212607557602,0.3331013309661229,-1.3925197589035028,0.25292541942760444,43.330874307127246,0.4649234098151524,0.5104618284637231,0.982,0.2147148640993649,-0.022610789770466662
2026-01-30 08:33:00,-1.0,0.1,101.6,10.160000000000764,0.646250855411091,41.5319455397643,-0.5398254213382393,-0.11388823563468457,-1.3943483563647305,-4.005350528082784,-1.1177205640391137,0.2793951156396589,-1.485533728601575,0.11550198352151317,39.66198929202923,0.9048456437953135,0.17323044172432758,0.971,0.15867303865383872,0.0019262280868429852
2026-01-30 09:04:00,-1.0,0.1,19.8,1.9799999999995637,0.8317737312426176,45.28096324602129,-1.4211270120375503,-0.8597431946949795,-2.1662525036637565,-4.172393572404868,-1.6264687860205347,0.34202453987730114,-1.657168983649489,0.12861972951471767,37.147772976150115,0.8303710280126201,0.5505319148936069,0.981,0.4580291255580158,0.0008833734340551668
2026-02-02 01:07:00,-1.0,0.1,6.5,0.6499999999996362,0.5769196317491883,63.221332580353256,0.3812478955480028,-2.0447212155121917,-2.626913942203277,-5.843549715287188,-1.2119969357055531,0.28182285488335307,-1.713738169959876,0.11170008560089187,40.710796639385194,0.7794362755225035,0.772713436288739,0.992,-0.594846683312189,0.007434199514900964
2026-02-02 05:38:00,-1.0,0.1,-2.9,-0.2899999999999636,0.3776864180707406,55.90496251362789,-0.21137658391452083,-0.6657727387068219,-0.6834277009073344,-6.036798610100691,-0.9651724261992963,0.2845642680843,-1.629284992662725,0.1138789819273729,38.818502410372815,0.4462931174297413,0.15338677354710434,0.971,-0.057901836517840435,0.010553624820986542
2026-02-02 09:41:00,1.0,0.1,-2.1,-0.2100000000000363,1.0351051401868951,60.53864533773194,0.722183322010195,2.1482641257408948,0.5157036439423225,-3.3226874978424465,1.3229770097309754,0.9253414751727476,-0.8340686717117476,0.38234509061307786,58.15218967657572,1.219221203055165,0.5875897574854505,0.9745,0.7160715235393877,-0.0003303674849158072
2026-02-02 11:13:00,1.0,0.1,75.5,7.550000000000182,0.6840124437096035,54.80491726448657,-0.2519299487921606,1.1818829994288278,3.6584855886631376,-3.477972589213547,1.0934270041966916,0.914589674813899,-0.653674408495542,0.4076667736869745,57.31408338804673,1.0093984766554482,0.5800795372378847,0.9575,0.5855314012269183,0.0
2026-02-02 15:30:00,-1.0,0.1,100.9,10.090000000000146,0.3889921121822951,52.421999665058934,-0.7785471798246447,-1.106291258832972,-1.375567518613058,-0.2770401757428612,-1.5229760506051384,0.15874752826892807,-0.593129198977699,0.39284187733753295,44.13937720523985,1.037923016055164,0.5541260797647347,0.9515,-0.5768570484379248,-0.0017168364536870886
2026-02-03 06:14:00,1.0,0.1,67.5,6.75,0.8154486586494053,29.51883369656276,0.5366065666017351,0.5355902662862101,-0.5511735377910287,5.389000176471184,0.5730520562076752,0.7160534816941863,1.3709631806671974,0.930487027965115,57.90476280565163,0.5769198124512201,0.25660598943046775,0.87,0.14871861283975826,0.0006775335436730316
2026-02-03 11:24:00,-1.0,0.1,5.6,0.5599999999994907,0.04424610710216204,22.87289794089958,-0.7165685800876579,-0.4245198848475318,0.5814741986068207,8.256496421571148,-0.19382897393995738,0.601681603991496,1.4590410938855392,0.8779686925014846,56.2960201011989,0.999130064718912,0.18815910383757797,0.842,0.18886981488580915,0.0008743972911173874
2026-02-03 12:02:00,1.0,0.1,16.2,1.6200000000008004,0.7886922205290358,22.649499553992904,0.6406322561525309,0.02825669496470182,-0.02030949950587065,6.293295781666463,0.20687254699445615,0.5772441248234221,1.4685136848832598,0.9068134854360687,58.66892113539088,0.8190026431171183,0.3924528301887107,0.84,0.3196538617880563,-0.001766043435291354
2026-02-03 13:29:00,1.0,0.1,17.1,1.7100000000000364,0.8811235955056392,22.871038263262196,0.17445644373779604,0.96759927316232,0.5430448699808416,4.357782049628014,1.1696663138349055,0.6818802122820282,1.4372591583965657,0.9406119964899357,60.042840595610876,1.239996176542423,0.5296191819463758,0.8395,0.6562885264422306,-0.0004372341948013706
2026-02-03 16:16:00,1.0,0.1,99.9,9.989999999999782,0.19329765545362076,24.300238891990315,0.3246881660328067,0.8407324755450608,0.8032842840254374,5.280195004267723,1.7277966651661807,0.8977593114705402,1.25771043511274,0.9805756815426677,61.01536795042007,0.6700757170485041,0.533071301357194,0.8475,0.3633709133168404,0.006172778821939389
2026-02-04 02:02:00,1.0,0.1,94.3,9.430000000000293,0.398603207449558,29.814983048760105,1.0296836308708388,3.3288632040368524,3.4256937135588013,4.451453142969994,1.7525470645749377,0.9553405777895588,2.2442641905574185,0.978120932165152,69.66636299871985,0.745933679171606,0.6416366906474408,0.864,0.4866680613659995,0.008049644019860408
2026-02-04 03:35:00,1.0,0.1,29.2,2.9200000000000728,0.7005979219760712,26.061188761778006,-0.19991413467835178,0.5978238422818972,4.9713772147652895,4.892332470535447,0.9565038684229729,0.9182666071340017,1.9542082224322814,0.9588789362186736,65.92283823370418,0.6078003633982916,0.23017676767680598,0.839,0.12685530311837337,-0.013046219921433441
2026-02-04 07:54:00,1.0,0.1,3.0,0.3000000000001819,0.9419441944194828,19.722566321856878,0.5247795764048374,-0.01825320265754232,0.9312175555797968,8.862436923652007,0.9008069672777603,0.824373410824555,1.758752813903974,0.9571479216520428,59.999539215067315,1.1900074065914237,0.3597784405623951,0.781,-0.42895026245263645,-0.0008112534514739939
2026-02-04 09:32:00,-1.0,0.1,76.6,7.6599999999998545,0.36444348202684756,17.86627019292195,-1.5336161215593085,-1.8168313615261267,-1.3097305563681656,6.581116188793641,-1.8518283117175791,0.1409594095941057,1.1344314768772599,0.8345807674088109,47.829934493827565,0.9041618550244049,0.764764145103362,0.7565,-0.6914705680928089,0.0
2026-02-04 11:15:00,-1.0,0.1,99.8,9.979999999999563,0.9290103492884666,17.14048092203787,-0.6516736636974154,-1.5439473443230307,-1.1959991142163768,6.437975719696417,-1.6492308435106544,0.01546184738954868,0.7811226775742496,0.7677404073898599,43.48804079826598,0.6312541666254604,0.5480591497227313,0.748,-0.3453812076176116,0.0005834142020695039
2026-02-04 13:54:00,1.0,0.1,0.0,0.0,1.0055495882563787,19.226043555794753,-0.9903233572078997,0.23873866646976954,-1.0641815067475684,0.2574632677615459,-0.8847243208120477,0.3207136047936862,0.5287752933453962,0.7402652771198492,45.45804399825678,1.3460907817510819,0.46676970633693493,0.772,-0.615831331372941,0.012483067527866643
2026-02-04 14:31:00,-1.0,0.1,0.0,-0.0,0.7961457603363674,20.34429872160386,-0.8606833904481174,-0.8007157298915107,-0.5957442999561108,-1.3006100805972654,-1.3506115763833355,0.33908590934952126,0.3876014536954704,0.7134059687351971,44.08446742631288,1.1026676469402268,0.7488967146614041,0.787,-0.8267672545595462,-0.000983076402589307
2026-02-04 16:46:00,-1.0,0.1,81.9,8.19000000000051,0.6658962545727236,33.94602464474107,-1.3986910248518651,-2.9199295362956614,-4.692743897618038,-5.161723702075536,-1.953745446788262,0.05390769858866117,-1.8696897364477556,0.07584083372809186,23.525577839008463,1.1604598892584261,0.7016475008250044,0.8765,-0.8133500251929211,0.0008837559129149147
2026-02-05 02:07:00,-1.0,0.1,36.4,3.639999999999418,0.5923148266598315,26.360631837603453,-1.822793941208072,-2.0337145304508937,0.7807096630606004,-3.124356066553534,-0.5531336215935712,0.4040450260821802,-0.9235963701910598,0.46159446669093424,45.80915389496835,1.0857099395915635,0.7348008385744491,0.8275,-0.8038502313048872,-0.006069657244391783
2026-02-05 02:33:00,-1.0,0.1,13.1,1.3100000000004002,0.42814700704225567,30.33954479874987,-0.5071269230326223,-2.5923263029061787,-0.7332344683337745,-3.6920791245561206,-1.1920219330677848,0.3321872601688403,-1.2299572355630422,0.3730291631274521,43.067971459124905,1.5977167858496217,0.46053554482815445,0.857,0.7282245052308901,-0.007580865221453174
2026-02-05 05:45:00,1.0,0.1,99.6,9.960000000000036,0.3173892329680958,35.73019934612589,-0.03909857838930324,0.511975872924513,-2.6590111932947225,-0.3312883839615043,-0.2895471083919522,0.41628887263968145,-1.3507091674015435,0.3186691251522816,45.30754540689233,1.7456661631182138,0.26314270597853917,0.876,0.45656056497117936,-0.0027987529269213824
2026-02-05 08:13:00,1.0,0.1,6.5,0.6499999999996362,0.9611503531786154,31.430052203523612,-0.12122156130473313,0.6315611527293291,1.1326739061543545,-0.3646191843968767,0.8711234892649349,0.8395953757225426,-0.7742452834227509,0.42086200651937605,50.830658488798655,0.41775304460131024,0.42193450114241565,0.8545,0.17626442247457916,0.0
2026-02-05 09:01:00,-1.0,0.1,44.0,4.399999999999636,0.6569350145489751,28.96820697065906,-0.14602215471202587,-0.277545655764729,1.6518108990475677,-1.0445934755523067,0.303161891395616,0.731821998320743,-0.7787958726600994,0.40693424648513427,48.97056506781033,0.772433034003938,0.47595638183766265,0.833,-0.36764443207640257,0.0
2026-02-05 12:10:00,-1.0,0.1,41.1,4.110000000000582,0.3270433229120259,26.504572928860846,-0.3289998304596352,0.524815096524466,-1.7981802660212967,-5.434911190104257,-0.9462747884057076,0.2149776064993259,-1.1886436721098863,0.2909935746179259,43.80183891093738,0.8085397209575541,0.16425571628555666,0.8085,-0.13129809747699006,0.0015091735342170935
2026-02-05 13:06:00,-1.0,0.1,84.7,8.469999999999345,0.17822646450461704,28.74882047639501,-0.5137602084276028,-0.8170770004038178,-2.0244308822265387,-5.331001323196492,-0.916302057719995,0.3229174491098907,-1.3201503422459504,0.2373761208117021,42.227388759420236,1.0396948293771358,0.18959518233521486,0.8265,0.19712113074873816,0.0
2026-02-05 13:30:00,-1.0,0.1,36.5,3.649999999999636,0.5711250279579475,31.227518676075345,0.06753658597970061,-1.338787126625937,-0.7486025464428099,-3.2656132899258963,-0.8098166189080163,0.3787653548235639,-1.3215601768488947,0.22548008857588675,43.801256352859326,1.3197654423812923,0.608618639749575,0.853,0.7942673978449161,-0.008966450485682186
2026-02-05 15:46:00,-1.0,0.1,26.2,2.619999999999891,0.240733279613196,33.851372027430024,-1.403783573720253,-0.38787201858054,-1.7768851422406051,-1.6247495066206794,-1.4963688633058083,0.10545540745849219,-1.8264614534821504,0.09965212964534129,39.75587128262511,0.8395523814210878,0.26917663617169657,0.863,-0.23730205066699087,-0.011314164746125283
2026-02-05 16:43:00,1.0,0.1,55.1,5.509999999999309,0.7226668913415899,33.303970970941634,0.9004932182461558,0.4258651321902405,0.045309912181843014,-1.1135909298131044,0.6314132529190085,0.531275675675676,-1.017093566424267,0.26095791617172953,50.35570892868835,1.1604321909156177,0.7532020596682906,0.8585,0.8740399163030304,0.0
2026-02-06 01:54:00,1.0,0.1,55.3,5.529999999999745,0.5970933828076689,36.99057341522316,-0.44227484165646513,-0.012705939827521587,-1.935628280110226,-2.8794633379801944,-0.6003298669821648,0.4573270623051322,-1.8568444280502623,0.23656443059428142,42.43297349191039,1.1502930631102108,0.7141480611045945,0.8795,0.8214795607222221,0.0
2026-02-06 05:25:00,1.0,0.1,17.2,1.7199999999993452,0.8434953214609274,28.264838465522132,0.1686193963504606,0.32832312172311284,2.723383687258504,0.11625751917911611,0.855979015561643,0.8817361364703421,-0.31422667394713644,0.5851277435435841,56.354297685972035,0.6407254024144319,0.5118718939811833,0.8,0.3605186002541466,0.03254927499841552
2026-02-09 05:29:00,1.0,0.1,-1.4,-0.1400000000003274,1.0167580743448896,17.65974832732298,0.1806367758403994,-0.2967199703459255,-0.20894975010999844,4.205042938528513,0.12579375398065007,0.6384625831862033,1.2820575925867232,0.8667833770997455,56.09085731599411,0.4949107902334794,0.35423340961104527,0.635,0.1753139366777022,0.0
2026-02-09 05:30:00,1.0,0.1,7.3,0.7300000000004729,0.39435279187814143,17.571194875371344,0.7335869923147161,0.28284929028739264,0.7887909785478809,5.218768595443163,1.4275056788412095,0.8436778487029716,1.4921035511008223,0.9297125933341662,62.32324126255768,0.9339148598824615,0.9201706276660322,0.633,0.8599301360648272,0.0005691132601479922
2026-02-09 07:22:00,-1.0,0.1,95.7,9.569999999999707,0.6317771084337345,17.515846112729033,-1.2137580944234405,-0.12046235085767354,-0.4196200373477252,2.711658899850838,-0.6316837734362213,0.449153962137706,1.0285850917634738,0.8467089900430559,48.84100563196223,1.318634558179568,0.7866822531064757,0.6315,-1.0364329466680837,0.0009134585846808853
2026-02-09 10:02:00,-1.0,0.1,7.8,0.7799999999997453,0.0819339895772975,15.373968164557757,-1.2735814065973226,0.09431527270510179,-1.8609378979953586,3.541505967569195,-1.5194096090727907,0.2485195420450095,0.7271140586856865,0.8120631881282905,44.331385554671,0.8332266505879017,0.5136612021858071,0.5955,-0.4312484538171818,-0.003252250782946784
2026-02-09 12:31:00,1.0,0.1,5.8,0.5799999999999272,0.7101626016260316,14.419458503753134,0.5554993620540851,1.5978408616386706,-0.8065490113218963,-1.4452692515863164,0.22962995920885343,0.5402318445277973,0.7416981424783645,0.8117546362339527,52.34136206873086,0.4972447473068317,0.3695955369594992,0.566,-0.1671352637391046,0.016644175642054376
2026-02-09 14:30:00,1.0,0.1,10.7,1.069999999999709,0.4854014598539888,15.058269175656466,1.1083611141034075,0.4602122540884429,1.990268579369634,1.3301661543134513,1.3224883501229556,0.8578409595735121,0.841735653363638,0.829305037007923,55.7154394139327,0.9469879860463872,0.3751753155680024,0.581,0.3732168640659783,0.017930347561917977
2026-02-10 05:27:00,-1.0,0.1,47.2,4.720000000000255,0.29677799186469783,14.061544199872557,0.4120457837093298,0.21078766015092462,-0.08434351043830256,-2.415026366756192,-0.06660914226216799,0.44336542486395786,-0.1749395452078244,0.45337046283848464,47.0583986200622,0.5539932093710281,0.22849807445439713,0.53,-0.13910278787288943,-0.012516406270797822
2026-02-10 08:41:00,1.0,0.1,17.7,1.769999999999527,0.7883831521739315,12.863411517456663,0.8014981084923636,0.31329169517212657,0.6429087640380154,-3.0093105508960445,1.2249296508640326,0.7140355996498567,0.04622452089351956,0.5115229498751707,52.471085754853085,0.6973266763507688,0.28985507246380043,0.4765,0.20523326929389138,0.003109594989298171
2026-02-10 12:43:00,-1.0,0.1,16.6,1.6599999999998545,0.563048016701452,11.93861406464773,-0.11307845221313785,-0.08292419828966997,0.9079780903629612,1.0637750689677357,0.18370355651933407,0.5637966804979138,0.2857643712470368,0.6017589064536275,52.1976441340544,0.7513434935937793,0.3251950947602429,0.427,0.2110797774644275,-0.0332534411322935
2026-02-10 13:33:00,1.0,0.1,1.0,0.1000000000003638,0.977314390467425,13.116339189410757,-0.6861670676575663,-0.7890921278062291,-1.1110569641082149,1.573609808494641,-1.210436729441549,0.40834097158569144,-0.22633119846378077,0.5122218132256162,47.56480289681475,0.9873181695739288,0.3637065637065716,0.4815,-0.35909409874079584,0.0
2026-02-10 15:37:00,-1.0,0.1,100.0,10.0,0.5717074440395418,15.877326984191022,-2.392090308262655,-0.32688121905955947,-0.9787541703633783,0.6669888458267917,-1.4713942957210868,0.2138141188420547,-0.7464855633379983,0.46058875613080025,43.96098051058372,0.9989086963940088,0.6324085750315228,0.591,-0.6348675699654315,-0.003149144692300326
2026-02-11 01:53:00,1.0,0.1,3.5,0.3499999999994543,0.7154612029951603,11.812965268083735,0.24803255859184267,0.15432196392931005,0.6639315211727628,1.2251792561435106,1.322422477703656,0.6918580982843687,0.80433099573616,0.5658270676691698,57.48083971260566,1.1154692916605193,0.4904758290961444,0.4035,0.5445711431473239,-0.002539582511158255
2026-02-11 02:01:00,1.0,0.1,6.8,0.680000000000291,0.9182432432432229,11.837253463220565,1.2426869159898755,0.9013915291374595,1.8878534678195358,1.7123904681926667,2.0818674876671386,0.9363186972957113,1.4646845228418994,0.6711779448621551,62.41185606234626,1.0266739694102036,0.6917633506130676,0.404,0.7102154250664207,0.0
2026-02-11 05:35:00,1.0,0.1,6.8,0.680000000000291,0.7524271844659921,9.829546323372302,-0.5391907037864051,-0.38964158405694743,1.574843791436513,4.366427359719198,0.5720015494643418,0.7511551155115539,1.1795292395691968,0.6791979949874726,55.194060280137535,0.7945432823719631,0.61715749039693,0.274,0.5035837705174557,0.01322543235703568
2026-02-11 06:18:00,1.0,0.1,4.3,0.430000000000291,0.9429447852760532,10.249214020571676,0.6156569652399096,-0.29465674089143357,1.7152534784339841,2.9251023483191303,0.45346253575483486,0.6998726925525057,1.1885554232811337,0.6962406015037593,54.43053560871945,0.785426080852809,0.21490683229810184,0.304,0.17172048475791804,0.0029270537175280402
2026-02-11 06:59:00,1.0,0.1,3.1,0.3099999999994907,0.9780351437699962,9.877893721819431,-0.8544331653778845,0.17716327481175448,-0.014173061984973504,1.6491369981048423,0.18513861499266754,0.6801400381922292,1.093363323181761,0.6884711779448635,53.594901197754226,0.7086530992470179,0.3799999999999792,0.2755,-0.2652387314324442,0.0040494462814078475
2026-02-11 08:31:00,-1.0,0.1,27.9,2.789999999999964,0.45448798988620825,9.707837555459422,-0.8601297613704457,-0.5098972836866305,-0.7097358150709454,3.1407612484052168,-0.8312552608774708,0.3099845201238457,0.7540403306319461,0.6592731829573953,49.59525704498754,0.5438904359323996,0.0232954545453785,0.2585,-0.01267017492792931,0.0
2026-02-11 09:46:00,1.0,0.1,7.6,0.7600000000002183,0.7937099781146009,9.12990713222022,1.3370344104509884,1.0974919957990594,0.2453475120348849,3.1007982436198063,1.9567512918094125,0.8134674922600742,1.5836870339989,0.8223057644110336,60.62072143773035,1.3581737273360623,0.8185483870968422,0.222,1.1150168180872513,0.0032859041790110643
2026-02-11 13:30:00,-1.0,0.1,99.2,9.920000000000073,0.502043586679068,15.96697956177079,-0.8972893053801413,-1.663871360091704,1.652347577569884,2.699508684986367,0.024046165863469606,0.4784615384615341,1.4019741414123603,0.6811204528427481,51.9039270297496,1.6408864243009122,0.054847328244271305,0.5895,-0.0987663317222491,-0.008768095397048342
2026-02-12 01:04:00,-1.0,0.1,18.9,1.8900000000003276,0.30802221366909843,13.59982040500088,0.1367665119545718,-1.5353143922637527,-1.4014890956200283,-3.5853414639262033,-1.0727361490705305,0.26126896387172,-0.20337974635653605,0.44286847847649546,43.032592813308675,0.5358158992541336,0.5187319884726938,0.474,0.2764742392199241,-0.001470607655457143
2026-02-12 03:08:00,1.0,0.1,7.1,0.7100000000000364,0.8689279731992929,12.88562780937907,0.20255124846147815,0.23747387750655086,-1.3829361101854862,0.01940146058060379,-0.010160942779808349,0.38493595525888097,-0.14065170329919932,0.47321959928585344,48.82335323158897,0.9149728809812719,0.6802374893977567,0.435,0.6208467385793213,-0.0015521168464116006
2026-02-12 04:01:00,-1.0,0.1,20.0,2.0,0.41233140655106415,12.562690333810895,-0.720387095401313,-0.512629049103285,-0.328751238011872,-0.18730064480434283,-1.0274869827530084,0.2216669673461932,-0.7489323597163332,0.3834556635588139,43.78342060184909,0.8381962557542701,0.8062678062678218,0.414,-0.6758106563488975,0.0
2026-02-12 05:06:00,1.0,0.1,14.9,1.4899999999997815,0.7498017446471191,11.603435017283779,1.0781290179473642,0.29818756211813385,0.5619025737023328,0.7997631723861783,1.6063424797537007,0.8249991682469889,0.016354410390056577,0.5075381868676826,53.2989214765164,1.2832406936240068,0.7709872397581807,0.3575,0.9893622003225464,0.0
2026-02-12 06:32:00,-1.0,0.1,9.4,0.9399999999995998,0.3964972465468751,11.461640322636116,-1.4369670951436944,-0.08724754676039297,-0.98676975386,-2.8102434811522605,-1.383311746255093,0.1650563313523206,-0.9652706950532693,0.3679825431462025,42.424903582010096,1.3128138361035955,0.9078221572406622,0.349,-1.1891840623441656,0.0026174264027895703
2026-02-12 09:05:00,1.0,0.1,12.3,1.2299999999995634,0.7527805864509982,10.673608169618518,0.4646975906533873,0.8338323703256795,-0.07682500490637893,-1.2516854457921485,0.6833566125164124,0.691860650764772,-0.14406753008964268,0.4994048799841307,53.29117336649657,1.1308265966101225,0.45981772990889114,0.2935,0.52278478948505,0.0028106709111861243
2026-02-12 09:50:00,1.0,0.1,13.6,1.3599999999996726,0.7687110187110728,9.987247503153048,0.9852564479746381,1.4608629650355591,0.08110342711990237,-1.3747531535255235,1.005163515249664,0.8278890059712164,0.09848129141739287,0.5416584011108931,55.83396740371731,0.5436933447665134,0.2836095764272341,0.245,0.15619919297162674,0.002002553756089694
2026-02-12 12:36:00,1.0,0.1,-2.0,-0.1999999999998181,0.9967336865790758,8.099416565101539,-0.03580504813760348,0.13297254084210985,0.2144598917759583,0.2172996024903374,-0.5773869648255681,0.35614525139664893,-0.5876665637226841,0.43741321166435326,46.86699858504236,0.514851899082165,0.07913669064746319,0.145,0.012346568323358011,-0.028397107143566216
2026-02-12 13:47:00,1.0,0.1,2.2,0.2200000000002546,0.7074115044247293,9.797068728257328,1.829118535048557,1.1983176116891503,0.26946835560977156,1.495345230940881,1.785927651579978,0.8349453978159147,0.6309022267797519,0.6998520836644143,59.93345579954523,1.7229643343537788,0.7772511848341117,0.2325,1.3310103625576462,-0.008165707745745028
2026-02-12 14:56:00,-1.0,0.1,76.2,7.619999999999891,0.4320054945054683,10.992009577982037,-1.75491113459722,-0.12463599037833095,-0.5403925422243856,-0.1592065570526252,-1.2801830717303948,0.2134895684481311,-1.0473879231883574,0.31775671848497733,43.26257779515162,1.6248166336914167,0.20940649496078723,0.3165,-0.33751790095156875,0.002729255263736122
2026-02-12 16:10:00,-1.0,0.1,57.3,5.730000000000473,0.7632154469178489,12.19763272787702,1.3275526785613079,-1.2174493470409709,-0.2670190251388626,0.29456535379927884,-0.3048441347900465,0.474621126441985,-0.659434911495374,0.3507133124292095,48.157392547805955,1.2174493470409709,0.6880134680134693,0.389,-0.8351620537580271,0.0024594936303650125
2026-02-13 01:01:00,1.0,0.1,67.0,6.699999999999818,0.5354592464910137,19.44506356831295,0.4078155863127058,0.33118945471044986,-0.9061425763972752,-6.98377763193819,0.07009161972651637,0.5780855544862414,-1.4738327977150576,0.24464164484530965,44.113411780967276,0.906656845736899,0.7271695972773987,0.646,-0.6433509438552883,0.01594234952800906
2026-02-13 02:30:00,1.0,0.1,3.6,0.3599999999996726,0.9766791044776119,18.787229325565914,0.8644169780745782,2.6608500451938766,3.497056370658891,-4.069785846279752,1.7538590594935795,0.9751046291667895,-0.46405485015866915,0.5260886431965844,63.02410952925592,0.5583580110838828,0.7597712106767884,0.6295,0.422627512679304,-0.001596829392981377
2026-02-13 04:16:00,1.0,0.1,52.8,5.279999999999745,0.558017727639022,15.858363717405487,0.12737758043620653,0.49122344138506424,2.787803381724494,-4.991687756102927,0.9063325036605901,0.9333643988816374,-0.3779375657063169,0.5253612646688004,60.88044717062309,0.746609184338801,0.3800675675675629,0.552,0.2825007724525456,-0.001261164162704623
2026-02-16 02:45:00,-1.0,0.1,34.8,3.4799999999995634,0.766730751624944,12.299036307489976,-2.302619432284556,-0.9691816254531199,-2.992104347036474,1.4771075997992518,-2.2895908636441895,0.04606698564593594,0.255980474167084,0.5782557559039807,37.641981548340205,1.6155737330329925,0.877201811776567,0.3325,-1.4139319183414405,0.003252287333732324
2026-02-16 05:03:00,-1.0,0.1,72.5,7.25,0.3975526328467338,11.60207162091666,-0.8334718415774744,-1.4549125838498778,-3.2528673527545426,0.10230931498999182,-1.385678846113206,0.16059082338152653,-0.6342324936036589,0.3725578128834152,29.203875878886507,0.518872852771168,0.28737541528244975,0.285,0.14738747146821457,-0.0017238300756892233
2026-02-16 07:41:00,1.0,0.1,3.2,0.3200000000006184,0.720942982456129,10.083789501696447,0.501795480672045,1.1692033037794445,0.3232911594844152,-2.398899738628112,0.997180583683055,0.5811518324607281,0.01831969516291728,0.5444099405159807,50.24311735611037,0.5156791500977876,0.34038461538453635,0.1935,0.17255417714809027,-0.0029750720197697787
2026-02-16 09:03:00,1.0,0.1,20.1,2.0100000000002183,0.7668918918918599,9.76166958321121,0.08605085357988711,1.370667167736547,3.1039772184167442,-1.5837454718390802,1.4033318025063704,0.8922051218144326,0.3251403367783604,0.6289398644475088,56.94981679908156,0.6894312435625028,0.2466567607726541,0.17,0.17415053700686559,0.004097659694275902
2026-02-16 12:12:00,-1.0,0.1,6.3,0.6299999999991996,0.2174796747966856,7.991179385385772,-0.20772903722267252,-1.1412583249824801,-0.36415150501084326,-1.9800581662498207,-0.2835586709533267,0.5415047686329817,0.0012180750684580664,0.5972094125212588,50.101712575060915,0.7458223264140027,0.3842281879194546,0.106,-0.3003311381533561,-0.013765177165431866
2026-02-16 13:38:00,-1.0,0.1,-1.5,-0.1500000000005457,0.10808580858080892,8.024898557360585,-0.25009661937206046,-1.2980849446932519,-2.407133231893891,-4.366036498724794,-1.9777347831844705,0.05470057558068862,-0.7038810976022044,0.3872291686551499,42.13201530157229,1.1124128157124904,0.44774280273328493,0.1095,-0.4893519802063745,0.008722851697161102
2026-02-16 14:37:00,-1.0,0.1,13.0,1.300000000000182,0.579523852629652,7.848547159953695,-0.23354640835342108,-0.4892625248647791,-1.6219562347733498,-3.4605130664921804,-1.6205260943904745,0.10227395193449786,-0.9575979731874782,0.32204025929717056,41.08734616503698,1.2562834622833245,0.2900608519269274,0.1025,-0.36822101480708547,-0.003822363475474401
2026-02-17 05:06:00,-1.0,0.1,58.9,5.890000000000327,0.7338620435263744,9.75722457368923,-0.40585311633375176,-1.4443656486089518,1.7699705351221304,-4.238192909027654,-0.6932507649052994,0.43810539541543136,-1.9138978939632694,0.2768192602029043,40.387532520577054,0.46017184149969925,0.13808463251665823,0.161,0.06149289641424153,-0.002049763213758338
2026-02-17 09:53:00,1.0,0.1,19.9,1.9899999999997815,0.9102366255144113,12.281277342585879,0.24671700796895815,0.28824363307266543,3.392969545236681,-5.91143722064289,0.5096149889431127,0.6580599422565108,-1.4357542777930934,0.3992780863677988,46.22379356643868,0.6473268030869099,0.26918238993703986,0.321,0.17262048082317105,-0.0016284951020669623
2026-02-17 10:51:00,-1.0,0.1,40.9,4.0900000000001455,0.39809335963177955,12.472446953914906,0.0657449178200941,0.30868040683804304,1.0398921757634074,-5.5546437885032525,0.5311356478930546,0.7344796104686587,-1.3075161981535792,0.40439008272706384,46.81437144737828,0.7023481464677371,0.7123287671233189,0.334,-0.5059151602981066,-0.0056123710333951
2026-02-17 12:15:00,1.0,0.1,48.0,4.800000000000182,0.5561224489795948,11.712447253480054,0.6360754365649033,-0.22198605839842145,0.5208134447041292,-3.889024984634638,1.5567358522685675,0.8423603192702463,-0.8381323143238645,0.4787010541933967,54.689725835864344,0.902458706642978,0.44995269631035417,0.2755,0.3773762992774019,-0.028687429085360986
2026-02-17 13:56:00,-1.0,0.1,99.8,9.979999999999563,0.6978304835447637,11.886188958140664,-1.311606273036977,-0.5157245961332095,0.0630984416149919,-3.491447102696218,-0.6336798726811966,0.38184281842816736,-1.0604735810898371,0.4174338227241371,46.14347622184473,1.239000999551969,0.146669382766339,0.29,0.22463045214930075,0.04290694029813633
2026-02-18 01:02:00,1.0,0.1,-2.7,-0.2700000000004365,0.747350973776119,13.622912222077476,1.1510020577382978,-0.291420801608515,-0.40226347426062914,-4.0020811344320775,-0.42618719844875597,0.44054174728381323,-0.9955315882891748,0.22795043403352772,47.47179692918202,0.8116473056385598,0.2921226372434236,0.403,-0.23856866630418466,-0.001468114869529497
2026-02-18 07:14:00,1.0,0.1,9.4,0.9399999999995998,0.8546416938110838,8.530034354526837,-0.30949465034667606,-0.35873243562912116,2.9988155893446886,7.7268153046796035,0.6078184888849033,0.82654010794715,1.1918081750059633,0.8681835637480839,67.38085634030142,0.6342295675666066,0.05175600739366966,0.097,-0.030480533746189236,0.002344656442071969
2026-02-18 08:19:00,-1.0,0.1,3.2,0.3200000000006184,0.3892961876833452,8.312165347019308,-1.0947809168958194,0.2995609322056605,0.10430495109329005,4.300925030662405,-0.24288220291003612,0.5614271289128331,1.0251207963786793,0.8541666666666703,58.8029005585686,0.6737113334743251,0.15714285714272955,0.086,-0.11188420359477978,-0.0060152797631860865
2026-02-18 10:38:00,-1.0,0.1,24.0,2.399999999999636,0.30862646566160923,7.78999526442486,0.023491670249879634,-0.5721441218782818,-1.1600777270392177,5.282801671001863,-0.7736407764155093,0.28927111716622017,0.7189151672018006,0.7789266513056828,50.639451024826485,0.8523753577006266,0.19774096385542728,0.062,0.1724006182818908,0.003851093483554288
2026-02-18 11:02:00,-1.0,0.1,1.6,0.1599999999998544,0.20026178010457493,7.980858161672385,-0.3671284391535046,-0.3320444927496782,-2.0486518703615486,4.4744561645632634,-1.342154826879469,0.15059324612107802,0.46017915066267173,0.7112135176651309,43.691263211073505,0.8207137462303581,0.36183206106872584,0.0695,0.2869365616591907,-0.010023984686774996
2026-02-18 11:45:00,-1.0,0.1,8.5,0.8499999999994543,0.3341968911916659,7.229069016470205,-0.11204762302793803,-1.27955618889866,-3.1470165726967045,4.862313517814858,-1.343320402060513,0.05628232430786311,0.36376756261387616,0.6814516129032225,40.72828178707346,0.7635838013752608,0.7282608695652388,0.0455,-0.563004723115496,-0.006916519940017919
2026-02-18 12:10:00,1.0,0.1,2.4,0.2400000000006912,0.9055869872701491,7.401992658150879,-0.19454220863280908,-0.5903815636980769,-2.331804528473014,7.284524923248051,-1.0362871122576345,0.18534961154271332,0.4284060754078969,0.6973886328724992,43.08616702175334,1.3037029953513006,0.16994818652844348,0.049,0.22426393495161148,0.002701975119958149
2026-02-18 12:39:00,1.0,0.1,6.0,0.6000000000003638,0.5259836674090499,7.9161161185075954,0.7175235828994152,-0.05090880350504812,-0.6139374318471752,6.4526592631172655,0.1740140898033255,0.4309892033848769,0.750577696875429,0.7750576036866328,52.79494388847389,1.0539259246708386,0.07431379599663217,0.0655,-0.07453149892795871,0.003789737233591915
2026-02-18 14:32:00,1.0,0.1,96.5,9.650000000000546,0.4471177292973851,9.597691191671192,0.49491069311773817,4.141621063458967,4.099631798337583,6.233790898786156,1.576866043259619,0.8719014872860986,2.0233325144307384,0.9376605183282728,75.13776143088577,0.8512463921625172,0.3219094247246127,0.129,0.2823595743892818,0.008335337989343798
2026-02-18 16:47:00,1.0,0.1,13.0,1.2999999999992724,0.843368237347289,10.517546593466417,0.4934610894164784,2.2676391103240916,7.265002281755258,6.8986620934081415,1.2035995233951478,0.9674308038541367,2.4061279289896693,0.9789818488176907,79.34555815909859,1.1590155452767021,0.7136997538967197,0.184,0.8243367331869911,-0.0028523762394635907
2026-02-19 03:34:00,1.0,0.1,9.8,0.9799999999995634,0.8721925133690076,7.650619500007086,-0.420880949575034,0.7136676971054409,-1.59202793969678,1.1384698977634384,-0.3536802222855448,0.3247091081660647,0.4519054517196643,0.6242649054555287,45.35842573836559,0.6456993450001042,0.030364372469564443,0.0295,0.011763753249009724,-0.007842502165927231
2026-02-19 08:45:00,1.0,0.1,0.4,0.0399999999999636,0.9834851936218194,6.915991920381211,0.6448821877389065,1.5543685018370377,5.6954953755685045,5.39618906870305,1.2991241159856435,0.9572383073496649,1.559496324673411,0.9833766233766228,74.68736659535185,1.3919912155520353,0.5256050690766245,0.0105,0.7272998664409213,-0.004337772563360836
2026-02-19 09:28:00,-1.0,0.1,31.5,3.149999999999636,0.32636887608068543,6.86562568645116,1.10259433673155,0.19663175093633434,4.225397847897455,5.93827887827576,1.0659701493613314,0.9356261022927682,1.4781376667783481,0.9748189030700235,71.66754354814654,0.6525261068107071,0.48437500000006345,0.0085,0.32189345894013993,0.005826125953662296
2026-02-19 13:02:00,-1.0,0.1,29.1,2.9099999999998545,0.3162729658792631,8.646130427620623,0.04429727300633843,-0.9850649456769375,-3.7458375479205532,2.718325868057548,-0.934801639671602,0.15349729241878832,0.002845398400424739,0.659709750566895,41.76975016215085,0.7552511559551818,0.2323124042878843,0.0755,-0.18008055893140956,-0.0046263470502574235
2026-02-19 13:30:00,-1.0,0.1,58.9,5.890000000000327,0.24081257247970686,8.788194093203469,-1.0635859769219762,-0.2260987842242546,-2.0296547630637956,2.1236444942009056,-0.911418364600489,0.169949601007977,-0.18433159098256086,0.621823574435516,40.11737388529412,0.9160016170131945,0.13130434782605777,0.083,-0.12255077534452109,-0.0022757804149892377
2026-02-19 14:10:00,-1.0,0.1,52.4,5.239999999999782,0.24800478850755636,9.746917355874366,1.263681587756223,1.3029760627185958,0.13645339869423018,2.4684727613392234,0.6280014727916858,0.5143620436142297,0.6149148977672535,0.6820189274447972,54.62607578396178,0.7335652636564529,0.47132867132880724,0.13,0.3457503410521621,0.0
2026-02-19 14:30:00,-1.0,0.1,-1.8,-0.1799999999993815,0.2834626201440334,10.822586903789565,-0.42346622307054754,-1.2871229516413174,-0.8020263618267607,0.49895649238065326,-1.4177446458769876,0.18703993851064074,-0.6097684904686586,0.397157304906375,41.67544440232048,0.9782319231174259,0.5195050533673602,0.2065,0.506348440415916,-0.0018479870088576964
2026-02-20 01:00:00,1.0,0.1,27.2,2.7200000000002547,0.2772877618522774,9.811881067925594,1.8997376620201079,1.2637739811721156,1.8762966930144473,2.239122126318751,2.148527163819916,0.952074076586492,1.0261274391819732,0.7429276873174407,59.06651010324742,1.3351160607544887,0.9328244274809095,0.128,1.249505565255715,0.004076690261841946
2026-02-20 03:05:00,-1.0,0.1,29.5,2.949999999999818,0.4329032258063953,9.425666370787482,-0.08381370281133363,-1.0885172036004316,0.22703965065343473,-0.10503236175098993,-0.24658467154974892,0.36579572446554637,0.15052243895350734,0.5589201205854063,49.54353147450936,0.7150688062638894,0.5385756676557473,0.106,-0.37981399501845836,0.0053046647349140755
2026-02-20 03:42:00,-1.0,0.1,21.6,2.1599999999998545,0.23989755264651713,9.091263350321872,-0.5796774108202404,-0.7963689666677022,-0.5499785681406949,1.5421399050665565,-0.8923014064896316,0.2334577536477791,-0.19721072845223042,0.4932381225053482,46.16348806234877,0.6929729958572955,0.3428571428571099,0.0905,-0.23319091289164262,0.004399828545121558
2026-02-20 06:01:00,1.0,0.1,14.4,1.4399999999995998,0.42049170400870994,8.568419372752485,1.4109953626273548,2.7834772041903424,1.7412779826633569,1.959521268694206,2.1833155803073914,0.910240963855407,1.4157915201305642,0.823500682082281,64.53790775105476,1.5953934331774864,0.9185808339429204,0.064,1.4631636775234096,-0.002334152791824875
2026-02-20 08:54:00,1.0,0.1,1.5,0.1499999999996362,0.9110718492343782,9.377322871503328,0.6750327451383927,-0.454287439856198,2.5433698217300313,4.025669214687934,1.1340279716910386,0.8322669104204728,2.0118284026999462,0.8905082268001235,61.40309123334081,1.0301447579837046,0.4213250517598106,0.113,0.4372250008005826,0.00319920732300064
2026-02-20 09:01:00,1.0,0.1,-2.6,-0.2600000000002183,0.1736166800320705,9.315371237824534,2.43039159921742,0.8952944318671971,3.134604006057836,4.3981070591844915,1.5474262823560376,0.9505395683453284,2.4502778058554946,0.9677452460891139,65.05587144784596,0.9113968497064959,0.7396937573616981,0.11,0.677375043774853,0.003220483567840222
2026-02-23 02:37:00,1.0,0.1,16.6,1.6599999999998545,0.455976863753218,14.249382376904142,0.13684803652692698,0.5628314117669767,4.433174598668082,9.29913988516247,0.8936785866356303,0.8803811659192827,2.1418140858184476,0.9439159001314057,67.62054779275996,0.6863455370424675,0.07464212678941635,0.46,0.05263386020264458,0.0014035696053706656
2026-02-23 06:30:00,-1.0,0.1,-1.7,-0.1700000000000727,0.5471794871793977,9.882548483430265,-0.5464177594528925,-0.7730799411518251,-0.8712327609054161,8.944049214451105,-1.6595732017049816,0.025475131419332678,1.2630790960633795,0.8713706233988022,52.20745979090027,0.9559275136205587,0.765639885678002,0.1465,-0.6890935077544519,0.04280272449044943
2026-02-23 12:44:00,1.0,0.1,8.7,0.8700000000008004,0.9506711409395601,8.93427192827576,-0.05708355466383645,-0.6559012359421887,2.803809890845199,-0.32906990335663483,0.4408274276707366,0.6778937724522093,0.7724145423209533,0.8588279248505558,51.6814614841947,0.7767840575834098,0.0706051873199884,0.078,0.058202840049529615,0.003357856156672309
2026-02-23 13:26:00,-1.0,0.1,9.0,0.8999999999996362,0.16333589546502417,9.341728653943822,0.5662763494812784,0.16913357886207653,0.9677009828564784,0.8067029432308084,0.5297583624094849,0.757468272796373,0.8102572120207984,0.884286934244234,53.28490425434131,1.3309099911343627,0.7343360411807379,0.1065,-0.9816170368134971,-0.00428186275599824
2026-02-23 14:00:00,-1.0,0.1,20.9,2.090000000000145,0.16167091836734404,9.28466029617879,-1.9192947756347893,-0.3683495023945694,-0.35757904910813954,-1.1804416801884234,-1.1069493401163115,0.261171032357472,0.5850116891200271,0.8381191289496158,46.43481307720802,0.8336330843666158,0.8191214470284657,0.103,-0.7011565089440573,-0.01830977058687201
2026-02-23 14:30:00,1.0,0.1,51.4,5.140000000000327,0.034404288965163926,9.71493668395003,1.6109214613673999,1.5604836648133353,0.9572887917390792,0.4323239704627828,1.923433873248887,0.9941690962099367,0.9686321109258129,0.9397416737830915,59.43366786003856,0.9644941912467626,0.8847385272145208,0.131,0.8646479409256592,0.011322770655038051
2026-02-24 01:00:00,-1.0,0.1,99.7,9.970000000000256,0.8623367019965473,11.10104319484984,-1.0620623479304858,-0.27745140217352243,0.7438039700477183,6.67324671201786,-0.4042986361662371,0.39838150289018437,1.3679466431636214,0.7963320992196153,52.08908880914292,0.99450112986875,0.5407608695652423,0.232,-0.5927370864616235,-0.054949790690182417
2026-02-24 06:35:00,-1.0,0.1,41.6,4.159999999999855,0.26866113744074793,11.748174377067507,0.11491147106528912,-0.28004351096644087,-0.38303823688419386,-3.543529289219785,-0.9397670697823188,0.2513022939787034,-0.41559508395125133,0.36512285041132836,40.9437663598345,1.4300094177010059,0.8321428571428221,0.268,-1.184013750013129,0.005958372573729353
2026-02-24 10:33:00,-1.0,0.1,0.1,0.0100000000002182,0.2606652205350385,9.643102073988095,0.7525586625879541,0.5890220757199043,0.7456106909201298,-5.598820751429842,0.3495274273256373,0.6617647058823393,-0.40200802170039907,0.3177664974619248,49.34708527582607,0.9664939693152236,0.16201716738188934,0.121,0.14518149753657422,-0.011407117663556985
2026-02-24 12:17:00,-1.0,0.1,51.9,5.1899999999996,0.7674473067915663,8.62484914720585,-1.0226265815741347,-0.8000139923879127,-0.3953692339192478,-7.205923134334943,-1.5339057219543841,0.21776919362627767,-0.8024715079236111,0.24116289801569213,42.55895673159485,0.9828577700684902,0.6098855727262188,0.053,-0.6017496551439371,-0.0023188811373015565
2026-02-24 13:39:00,-1.0,0.1,99.8,9.980000000000471,0.47383949645948226,9.784435057590457,-0.5304343040198596,-1.8866699907910727,-1.2584272804231107,-0.8547248717760696,-1.6338419314110229,0.3059756196888562,-1.2756529572211108,0.13714813105675816,38.49174380422945,0.7426080256276919,0.3537021745114014,0.1375,-0.26164004205990743,0.0010220314142257094
2026-02-25 01:14:00,1.0,0.1,30.4,3.039999999999964,0.9092645654250338,11.765734989690687,0.4666091837705941,0.893271861826672,-0.15723624589712856,-1.7584961770878307,0.121797603033957,0.5389662589349876,-0.56072059221052,0.40546334716459426,51.512491078054715,1.2153936845025028,0.35174825174829305,0.276,0.424112901095682,-0.00339970261398988
2026-02-25 05:18:00,1.0,0.1,8.2,0.8200000000006185,0.7669039145907129,10.405537275766813,0.7198090594940301,0.20469870450232408,1.3588918693252494,3.933482617502232,0.7373175145395728,0.9030273769289953,1.4303629852355173,0.9459284297009782,62.29108119240335,0.861752715151255,0.6033232965317352,0.18,0.55066834591472,0.030752857014491524
2026-02-25 07:54:00,-1.0,0.1,15.0,1.5,0.24640088593571619,9.304428039789359,-0.5559718424257796,-1.7768958961581311,0.24934364477628126,2.913666469778341,-0.35102221267764416,0.44776795830501176,1.057035492301993,0.7919050465374438,52.32780633203841,0.5019115608212922,0.7023554603853736,0.1005,-0.35252032537338,0.0
2026-02-25 09:03:00,-1.0,0.1,36.5,3.649999999999636,0.36209887250649997,8.695403879666067,0.0690019702711504,-1.0775807690671328,0.3093588333821953,3.605352946665464,-0.7329032046329051,0.3414951810367406,0.9582150841824681,0.7841345743318263,50.08781765709244,0.9441769598763396,0.8465286236296939,0.0575,-0.7923726252798298,0.006900197027156878
2026-02-25 10:20:00,-1.0,0.1,11.3,1.1300000000001091,0.36142172523957494,8.829682990519004,0.0872058488199775,-0.2967263946863271,-0.8154313136418283,2.6758605065854937,-1.1582248455588642,0.23669508967950986,0.8612912485489745,0.7783280676287242,48.64069373940323,1.4119419704407474,0.7010507740434262,0.069,-0.9875779242996013,0.002265086982284907
2026-02-25 13:05:00,1.0,0.1,9.1,0.9099999999998544,0.7511389521639563,8.74581650588644,0.1383518621944145,0.8849945565163897,-0.28928116640646523,3.5068195152913844,0.06286689650560412,0.6558272015191084,0.7428933085603578,0.7625309538041195,51.12052279860978,0.7664235804042908,0.35804863493950206,0.062,-0.22868076395770304,0.04573615279149901
2026-02-25 14:56:00,1.0,0.1,15.5,1.5499999999992724,0.9171137339055769,9.569579153222177,-1.2591985297432762,-1.0146736700255599,-0.18914102396969512,-1.1390260559503802,-0.7622148831910054,0.4963867430849743,0.28650075004646813,0.6966954145675038,42.1041019288322,2.329569528926911,0.12021710850936673,0.132,-0.28109909087212565,-0.0010449780330048447
2026-02-25 15:41:00,1.0,0.1,0.2,0.0200000000004365,0.9323336634130062,11.182305174792047,0.22535603890342762,-0.6867993566578908,1.0248334150130323,-0.5338791874020168,-0.11447251638789674,0.5294985250737482,0.4706781296226967,0.699692856435159,47.566163475006164,1.950402860509125,0.598807886290658,0.246,-1.1527140243906935,0.015202589926028753
2026-02-25 16:22:00,1.0,0.1,22.3,2.230000000000473,0.7570446735394695,11.676642663636384,-0.05909232815254427,0.6183284192197567,0.9009439016886261,0.9951490625115307,1.1914951131028164,0.7865571007163906,1.0656219034318484,0.7825591028611955,55.640525385321226,0.7673438554305883,0.26785714285710116,0.2835,-0.20725135381049908,-0.001712821105909229
2026-02-26 04:12:00,1.0,0.1,0.8,0.0799999999999272,0.8869132290184777,10.92194189167251,0.7654316496935217,0.11170174792180956,2.7055628287613147,0.13916939085332972,1.262800939895378,0.8658227848101276,0.45464814134091325,0.6557913485302387,56.33677167275934,0.8112110545794997,0.7449209932279569,0.2345,0.6024569682994634,-0.0018311761953958173
2026-02-26 05:13:00,1.0,0.1,0.5,0.0499999999992724,0.9819214876033798,9.37550526780653,-0.020265574448773336,0.8714197012990966,0.4554421205076487,-0.2538529852009702,0.846373144643868,0.8443491991879168,0.4035783723334166,0.6531680174520551,55.0529250921011,0.46717482150419976,0.35616438356159263,0.123,-0.16425781395355754,0.0021332183629828214
2026-02-26 07:02:00,-1.0,0.1,19.5,1.950000000000728,0.6262019230769401,8.325952924919408,-0.6209499437027043,0.08047126929997123,1.0617403292711642,-1.63945197902158,0.22189297497256474,0.6103690072024681,0.4054077368220833,0.6624187112540914,51.97720798216815,0.814321202766754,0.5044247787610916,0.0445,-0.4107637925460859,0.0
2026-02-26 10:57:00,-1.0,0.1,-0.1,-0.0100000000002182,0.241047850427731,8.683650637665243,-1.1040287547286773,-0.22916628996669755,-2.8279580817640184,0.20532838945243873,-1.7881040881297738,0.13964879852123974,-1.188631895532824,0.3705800323083844,37.536786858712404,0.886723835549309,0.8320779220778632,0.0655,-0.8072641671688653,-0.06944084062808323
2026-02-26 11:52:00,-1.0,0.1,0.1,0.0100000000002182,0.3763237518910944,8.16227782336416,0.3108200988623802,-0.8637294824515612,-1.4542509158439252,0.251155381422101,-1.000855776278227,0.2824641232061472,-0.9445618938981488,0.4056084057050496,42.299827527126,0.43860305633708463,0.7346368715084253,0.037,0.3173133843332782,-0.004900592808231225
2026-02-26 14:30:00,-1.0,0.1,99.6,9.960000000000036,0.5199373397892283,9.621196369340632,-0.424063686404058,-0.8502061163689656,-0.9118408629467956,-1.0851041387398677,-0.6295464499662359,0.3869176180191305,-1.1667189988633586,0.3462382813039257,44.68533502481028,0.9208833974362456,0.46049661399549413,0.159,0.4178274557216037,-0.006236230682454322
2026-02-27 01:40:00,1.0,0.1,0.1,0.0100000000002182,1.0057283142389783,9.822243838137489,-1.329940512093531,-0.9335952304905214,-1.9262401047852338,-0.37771410088547885,-1.5588049101298136,0.23215846198660856,-0.7625144180338765,0.5944268357105132,41.92733404749928,0.5385734753865633,0.3308128544423463,0.1795,-0.17613083410558142,0.002036194613982317
2026-02-27 05:25:00,1.0,0.1,0.0,0.0,0.5752453653216569,8.040182533745357,0.07586892429860251,0.5584450329522812,1.3295718045123521,1.2835529487901247,0.5082736038840129,0.6199452721191889,0.4775783182300095,0.7584521922873758,52.54079832399321,0.7537142315570629,0.9108910891089228,0.032,0.6828203186877619,-0.0037312585721458666
2026-02-27 07:16:00,-1.0,0.1,14.6,1.4600000000000364,0.4560439560439383,7.848407447086818,-1.9660039446253148,-0.7096981187014174,-0.13760753468537149,1.0524428115752547,-1.1935571486107224,0.30383042023057827,-0.04119929124087148,0.726635841389949,43.711618461297114,1.0830222637275337,0.47411764705879356,0.0235,-0.5147541112304937,-0.0012741438397072633
2026-02-27 09:48:00,-1.0,0.1,12.3,1.2299999999995634,0.23454320281980226,6.859662052155629,0.09767245017406173,0.07580548371723765,-1.6137821245174888,-2.5151384818699625,-0.5045726693318132,0.2562427967729596,-0.021630628697507082,0.7176684881602962,46.94167994011629,0.5802035099890759,0.5376884422111965,0.007,0.29447514828600885,-0.017493573165485783
2026-03-02 06:05:00,1.0,0.1,28.4,2.840000000000145,0.234242424242411,15.12328862690625,0.6651992333269018,-0.02049818711049863,2.722291494639163,9.054247616248198,1.1493635198694176,0.9820983810709755,1.607505731077917,0.8789806084326631,62.27979691739613,0.46616844880262537,0.774468085106468,0.5595,0.3636775132503126,0.002644927369090777
2026-03-02 10:02:00,-1.0,0.1,20.9,2.090000000000145,0.47232824427478254,13.721926438672348,-0.15376849667792153,-1.1915236590921625,1.8925914022399435,9.383522100593499,0.17348959080432586,0.6536398467432972,1.3005203155843417,0.8918315252074033,57.27599774112475,0.7331332116493139,0.4575546719682205,0.487,-0.3412786113473067,-0.005830085182096893
2026-03-02 11:45:00,-1.0,0.1,33.6,3.3599999999996726,0.2880839539607301,13.360588804161065,-0.8495134583039846,-0.5668163365406291,-1.0391009111572205,0.5396468752750276,-0.9892585391484788,0.31043198529410515,1.102964783624274,0.8783246837495938,53.34433308117835,0.8278078280918157,0.11754068716095252,0.467,-0.10328886100965232,-0.00598776005852465
2026-03-02 13:31:00,1.0,0.1,-2.5,-0.25,1.0054479418886286,15.374421184082028,0.48977453588925757,0.7180758135747104,0.4494478144747428,6.142019843827869,1.70321069452462,0.6352488578985328,1.1447922842691953,0.9255408763233527,58.57375913495979,1.7366507447866575,0.6519475655430813,0.59,1.1322052252622403,0.0
2026-03-02 16:00:00,-1.0,0.1,100.1,10.010000000000218,0.8540032828743367,24.571591105912052,-0.656856120160528,-3.180502217505823,-2.834574273183371,-2.058881729796811,-1.8908451956620524,0.09354942808992554,-0.2964456897971531,0.494515811967903,31.457415884528956,1.5033621486201454,0.7146724417975073,0.7685,-1.0752254457646124,-0.000813948104305889
2026-03-03 04:26:00,1.0,0.1,1.3,0.1300000000001091,0.893623737373713,13.467197453396366,-0.3675597701102578,0.8658074584820292,0.9853572018916084,2.0887790572125198,0.36903143202043975,0.6390090444357099,0.1147267387131729,0.6379896712432318,54.65516209824854,0.6296781516232879,0.6674528301886249,0.477,-0.42473573434959827,-0.004455269940692743
2026-03-03 05:48:00,-1.0,0.1,64.7,6.469999999999345,0.6791488349976065,13.634688624748026,-1.7785518002944603,-1.7499482868051646,-1.3942379267462457,3.21804195222766,-1.7558287334099294,0.2636036417531216,-0.39412959387437074,0.5345761430910709,43.78203256600422,1.8313582867362113,0.5442531037244697,0.49,-0.9981892784332792,-0.0014668468455689922
2026-03-03 09:25:00,-1.0,0.1,100.4,10.039999999999964,0.6951944302937585,17.637790816785802,-1.3397369458260924,-1.0585225890212917,-3.7251263881342322,-2.328522910075251,-1.1618257131862773,0.17998696421366178,-1.5263549791001334,0.22934900658020632,35.23080387030119,1.0925404547638284,0.039439543331613966,0.671,0.031183043597316593,-0.011906253009882642
2026-03-03 11:07:00,-1.0,0.1,100.0,10.0,0.6418860698899013,22.27704593770581,-1.214703245469321,-2.141666365164098,-2.809169589854767,-3.3267427022073446,-1.7447517221847062,0.2001236172591496,-2.4086764547137864,0.11532840597777876,31.879915963094064,1.0396351502242749,0.5513816925734247,0.7705,-0.5714402185818478,0.001795570207639613
2026-03-03 14:44:00,-1.0,0.1,100.3,10.030000000000657,0.1635164051355222,36.55253610181968,-0.8666977282165181,-1.5914080445188101,-3.5792318113184725,-5.8255875709099945,-1.017275342796162,0.342920661386689,-2.469315098935089,0.21462113745724407,35.28818170168732,1.1331635070305854,0.45654273297923276,0.9265,-0.5189790373821687,-0.00164147297009314
2026-03-04 01:01:00,1.0,0.1,90.2,9.020000000000437,0.44752186588920423,20.024976929852112,0.6661680583568425,2.672162878761199,1.2679165668425985,-0.29677936812704736,1.701469175791791,0.8436596133353577,-0.6942618306696342,0.37186426563963704,57.68927330369403,0.6292142080431604,0.51507936507937,0.7365,0.32259712571103294,-0.0014981290667567774
2026-03-04 06:01:00,-1.0,0.1,78.4,7.8400000000001455,0.8183749999999919,16.53636488883615,0.17615721590457578,-0.8792742599563734,-0.9286805233940877,3.2094719944061216,-0.5207348810340026,0.403304680038207,-0.187820212329419,0.4417820768443175,53.15754539209014,0.875041165169806,0.03780234968898142,0.6375,-0.03489279559800736,-0.0018141834800046114
2026-03-04 08:44:00,1.0,0.1,-1.1,-0.1099999999996725,1.0066821410986384,17.130458602164538,-0.2743651007338971,1.6531956708048263,-0.3023853663407334,3.274284787268446,0.21377682405987303,0.7051219113074696,0.07264234617860897,0.49083054135073073,53.235431148223945,0.9596940970350446,0.33090024330896783,0.6515,0.31931427681149044,0.0017512666004139935
2026-03-04 09:20:00,1.0,0.1,1.3,0.1300000000001091,0.8666050523721004,16.525417838540736,0.4122739931035667,-0.20495699613116727,0.19140211950488095,2.7268902027338604,0.3741337869786387,0.7118391541172692,0.18842596765124828,0.505640486559544,52.60339046487886,0.7519325757089391,0.27337840012874853,0.637,-0.2091928950768783,-0.0036307705248794443
2026-03-04 09:39:00,1.0,0.1,25.7,2.569999999999709,0.8434593924364211,16.50431656435929,0.48290397054133677,0.19812998540400156,0.8555337596039403,2.8984538568111624,1.023503591834967,0.81800704902274,0.34133843745745457,0.5509272378073731,55.69078067287201,0.9833791018677382,0.4109673444238989,0.6365,0.40153131904355005,-0.0026053790129930226
2026-03-04 12:03:00,1.0,0.1,28.3,2.8299999999999272,0.7571123755334219,13.510606016942013,0.1731972642134509,0.7386789302778695,1.7726814008170342,4.954626011302467,1.0579460326522216,0.816219667943815,1.2351086469945194,0.7327988066380767,60.57253019000368,0.4929460596844631,0.13963963963953077,0.482,-0.05699226215566966,0.011842547980395393
2026-03-04 14:48:00,-1.0,0.1,100.2,10.020000000000437,0.4357247796278161,16.2908067489607,-1.0330980079346668,0.28052631588010024,-0.8618357713251781,-0.5352712197973652,-1.0597751516669653,0.3050100200400875,0.7221034873713391,0.8352650579517411,47.36937600326698,1.3449303240551693,0.2355089000456777,0.642,0.3345445123734231,0.017801451117113315
2026-03-05 01:06:00,1.0,0.1,3.6,0.3600000000005821,0.6281117182756032,12.175033241714422,0.5987663323187301,2.6275082264577074,2.841060004788075,-1.6147799853753368,1.597427435235973,0.8662439401391167,0.6693824685847466,0.6653650878814132,64.61341136651909,0.9166299408336042,0.09587813620077351,0.383,0.0862420643257584,-0.001642705987192875
2026-03-05 02:23:00,1.0,0.1,14.6,1.4600000000000364,0.8731853116994306,11.999441987371133,0.20417616107301753,0.6441966224875321,3.2068157869755956,-1.1575538274712207,1.2581080183260207,0.8808571885494858,0.9080795728496014,0.7182403896544276,65.77983709179591,0.8375389464424554,0.6453731343283342,0.375,0.5216909258436913,-0.018834209143927045
2026-03-05 05:33:00,-1.0,0.1,2.9,0.2899999999999636,0.3699763593380502,10.601235978358504,-0.5621985976132269,-1.2074063841357991,-0.4914521297927709,2.466693511339864,-0.9956381676848532,0.21436040432205375,0.4715110209323067,0.6514483594849814,50.45465615010876,0.6414346415721512,0.4720588235294045,0.264,-0.30090830979638744,0.0018865724751675477
2026-03-05 06:10:00,-1.0,0.1,16.7,1.6700000000000728,0.270620022753139,11.498973879298923,-2.0036570429538783,-2.7472016487375606,-2.0862731102632375,-0.10087856639870706,-3.0672069832723334,0.007291443276863494,-0.6963753608675011,0.40740055694277394,36.19801298294,1.8462516936593683,0.8379651436646052,0.3335,-1.5497034941596963,-0.002608928441403147
2026-03-05 09:06:00,1.0,0.1,14.3,1.4299999999993815,0.6135886673662131,13.34366141215897,0.24805785292059065,-0.1641228694550766,-0.4653895065368925,2.0556576754116906,0.29225529168869624,0.6799156880457664,0.14992001962995768,0.5803405365968932,51.945285061040146,0.6435265205527341,0.4064283218818681,0.483,0.3155056074911953,0.05395820365647007
2026-03-05 12:05:00,1.0,0.1,18.6,1.8599999999996728,0.6179976162097971,11.207001825257045,-0.05978405379484317,0.2578745006970794,0.16150617517705065,-0.12224500552085686,0.36527870125949025,0.6155726826087928,0.17106916387407392,0.5649269911731749,51.23826364385457,0.4235744826329152,0.6214451232357695,0.3085,0.2614436979385589,-0.0017845986207803474
2026-03-05 13:16:00,-1.0,0.1,79.8,7.980000000000473,0.829325401847872,10.727708850302701,-1.1791893475597723,-0.8063231507029165,-2.180614735768109,-1.9128035898756257,-0.8915940640782165,0.42813234917457743,-0.17230569969292367,0.5279993699157305,45.2315655169853,1.644339928138764,0.39756235827663206,0.2755,-0.6320082036723467,0.021719455966928123
2026-03-05 15:08:00,-1.0,0.1,99.8,9.979999999999563,0.3895417156286576,18.17415748162843,-0.8831220933473544,-3.338806767870225,-3.44555174363929,-4.953737200253034,-1.7946897097240337,0.2316615112682297,-2.5997879699033,0.184141201264491,31.35707289838382,1.0923752597647904,0.20702160882484558,0.745,0.2476043252375732,0.02145904152060769
2026-03-05 16:26:00,-1.0,0.1,0.1,0.0099999999993087,0.022438443208879798,21.69632857184925,-0.10600871905044328,-1.3642861234321981,-3.9361498290916006,-4.632581022505805,-1.3505102362611314,0.20525038209116261,-2.7182981325964173,0.1696262723827926,33.564687085397196,1.4071505185265767,0.6354405502783891,0.84,-0.8927777773946628,0.0013827224223857864
2026-03-06 01:00:00,-1.0,0.1,74.3,7.429999999999381,0.40216843166916205,14.572255400732956,-0.10430780673278506,0.08166203290259003,1.2674770989170516,-5.441161839368519,0.4447113446309393,0.6268560361523553,-1.049066570010641,0.23425269313848665,49.04635850347959,0.8969098907876143,0.07345065034429923,0.5835,0.06450614363733424,-0.00137247114125042
2026-03-06 01:35:00,1.0,0.1,9.9,0.9899999999997816,0.47932287461067913,14.862965115938058,-0.3303513102331577,-0.37072010578102343,0.3559182140801312,-5.113380769393224,0.48962801830205477,0.6522487626425701,-0.9759603411803073,0.24244844662689308,50.182382828254845,0.9257910445637794,0.627688953488383,0.5995,0.5811088119111556,0.0
2026-03-06 07:07:00,-1.0,0.1,0.1,0.0100000000002182,0.3147058823529176,10.389643793759543,-0.16266197701741084,-1.1453713174601112,-1.0192842228489138,5.083908654474423,-1.7664738392545383,0.20455813953490426,-0.03722298312068976,0.4999498174125896,48.75907463947227,0.7199476852606214,0.7419786096256145,0.25,-0.530335794891144,0.003849987621711276
2026-03-06 08:25:00,-1.0,0.1,15.8,1.5799999999999272,0.3747282608695469,10.273331709102633,0.39033101563801137,-0.08468528269451592,-1.9156394981934564,4.08533484447046,-1.0114122725795056,0.27198829915900496,0.010224708417008184,0.4981741258579294,48.966054770619024,1.1894875339392366,0.3510638297872237,0.2435,-0.4156392610409946,0.0019467881078741149
2026-03-09 01:00:00,-1.0,0.1,99.8,9.979999999999563,0.23041358439811396,25.805735727507795,-1.0052028848900283,-3.0889644396005362,-4.00918621706709,-1.2787854742239892,-1.457329401047259,0.12783155196049853,-2.2081899140161285,0.12783155196049853,28.667159224828552,0.9354509499323491,0.10397680198840863,0.9165,-0.09571515519192665,0.0015500429990579713
2026-03-09 02:10:00,1.0,0.1,70.7,7.069999999999709,0.8105721393034871,25.89681690215927,0.7780879046304894,-0.22357960138016789,-3.9353485173501026,-0.5749741389552321,-0.711325279273735,0.3033898584400405,-1.4850213421453082,0.3033898584400405,38.79251160638237,0.6749864304188707,0.535469107551482,0.917,-0.3603917823283311,0.0010425991774221644
2026-03-09 05:23:00,1.0,0.1,6.5,0.6500000000005457,0.8819999999999709,18.313578921204208,0.30141568853093786,0.5089119958529539,1.3241540664628018,-2.19345438555921,1.034645925818175,0.9318779289061608,-0.4850733209020564,0.44786121960196434,51.13993466575658,1.1597951493472007,0.28531073446329863,0.786,0.33745452085527833,0.006552514968057389
2026-03-09 08:32:00,-1.0,0.1,12.8,1.2799999999997451,0.1845114345113988,15.924391659369668,-0.947602917761786,-2.1746513613048664,0.1419206490484972,-3.895282239149289,-0.7531125053939035,0.17802013422818405,-0.5874406100049399,0.42143889081151165,44.714093506253604,0.9884208035500437,0.5285895806861388,0.698,-0.5237248730373331,-0.0012559349473591265
2026-03-09 09:09:00,1.0,0.1,5.6,0.5600000000004002,0.7403934126257884,15.4673581144565,-0.15063981726925962,-0.06529880491072526,0.4118350369121018,-3.6735426683431567,-0.41449480056241406,0.2619127516778493,-0.4272369768193987,0.4489049290552232,47.999554251020065,0.9943520985413312,0.42327698309493966,0.671,0.4170072194792822,-0.0038791369254146534
2026-03-09 10:51:00,-1.0,0.1,25.6,2.5599999999994907,0.282357473035426,15.28542676040876,-0.4507561423044735,0.36832468522125533,-0.7183312688684094,-1.9220922294494338,-0.8509343609121106,0.16274289985052529,-0.4967740609425394,0.4444004987832561,46.64765931326755,0.7340324987890167,0.3422459893048458,0.6565,-0.25383655038338954,-0.0026168716534345523
2026-03-09 13:42:00,-1.0,0.1,42.8,4.279999999999745,0.1563642271139533,13.531922945211635,-1.0892760814319915,0.6399681726731355,-2.2709263217371176,1.6849046578459952,-0.37754879824023885,0.28377358490567683,-0.5748365688081963,0.43736919299286736,47.829502963886846,1.0168547408754858,0.14534883720930003,0.5275,0.14632066765508073,-0.0014779865419352097
2026-03-10 01:20:00,1.0,0.1,20.9,2.090000000000145,0.5529891304347737,13.993050709449827,0.48452622239280285,-0.18866507774581032,0.26656088636065034,3.3666711411390886,0.8844546647114192,0.6762125902992906,1.709243576364203,0.9111000920875593,58.664962375965914,2.0531620013781224,0.43334493560741094,0.5785,0.8911566361707657,0.0014292808919802317
2026-03-10 07:59:00,1.0,0.1,0.9,0.0900000000001455,0.9464479182788352,10.329066241719792,0.040661952413826585,0.7212655844832099,1.3108638944836073,5.636230675417423,1.0459446847477947,0.6943913320586325,1.5239925469192253,0.9156668432999278,59.15480581496066,1.2372851234490556,0.517996870109548,0.2495,0.6447823882762672,0.0038725668965507195
2026-03-10 10:37:00,-1.0,0.1,3.3,0.3299999999999272,0.11856435643562122,9.434892603092049,-1.3831635980385588,-1.1075907739082365,-0.25649470553665643,4.42612351372335,-0.9749243778528246,0.41684606371092736,1.0645036173989348,0.8412533566755211,48.4688260126193,0.9655647799333825,0.832052689352382,0.1625,-0.8055205628424064,-0.002119790954894607
2026-03-10 13:00:00,1.0,0.1,42.4,4.239999999999782,0.3687499999999787,10.593513705946272,1.1195529952769596,0.9241504067252695,0.3549341705094206,5.289085524904679,0.9450193322166356,0.790817642507099,1.2207059836938725,0.939839473020491,57.6168938218849,0.8590162105414014,0.160439560439558,0.28,0.16047555581540304,0.022655372585685778
2026-03-10 15:20:00,1.0,0.1,-2.5,-0.25,1.0419034090909196,14.219655522845182,1.9859834125116842,1.6020078660416557,2.5575162451420335,4.0057229170206385,1.843144216025341,0.9284627092846383,1.9646504550110093,0.9684602244997609,65.93958330819876,1.6322476984559184,0.7251184834123572,0.621,1.1821664718244118,-0.001406503833254239
2026-03-11 05:30:00,-1.0,0.1,84.1,8.409999999999854,0.6337086558761261,8.450588771623538,-0.805861009692944,-0.4804398971150489,-1.6969231834062048,-3.752401265398206,-1.5489580183780751,0.21617900172116028,0.17550374864916782,0.5361966175933802,45.12807039247635,0.7135597486707727,0.6517412935324141,0.068,-0.46032295561022496,0.004733398001128715
2026-03-11 07:33:00,-1.0,0.1,2.3,0.2300000000004729,0.4529197080291978,8.74024676918653,-0.9931069716019189,-0.29404204113093974,-0.7585598181705772,-0.554904241044874,-1.1794296129889723,0.24691358024690685,-0.10805697212173832,0.5049276067648157,44.739847359470005,0.5171478700047185,0.23451327433614785,0.092,-0.11670151048772508,0.004576529823046001
2026-03-11 11:58:00,-1.0,0.1,12.5,1.25,0.1352490421455474,9.972270767143495,0.5776016450514149,-0.6778797084283017,-0.6578240957529243,-0.6147045285008859,-0.7331299736644248,0.3568232662192542,-1.0807414099073864,0.3116016427104804,44.69387451731667,1.0940336714429062,0.36021998166819574,0.233,0.4011122535079118,0.007019464436359272
2026-03-11 12:36:00,-1.0,0.1,16.8,1.680000000000291,0.12303710094908654,10.353195654305544,0.8982733747654644,-0.13329217819092448,0.5138510057798638,-2.134606621754396,0.46155967992161584,0.6379236379236614,-0.7454056779063717,0.3796201232032958,49.51068247748619,0.7118575023678758,0.15196743554951253,0.2755,-0.10334973236545879,0.0048294267460683585
2026-03-11 13:30:00,-1.0,0.1,7.6,0.7599999999993088,0.6395705521471875,11.695422352213232,-0.7507210715087288,0.044461840225985746,-0.517296410322051,-2.85068798679946,-0.5198337581158037,0.5491873396064978,-1.3526653312405126,0.26694045174538195,46.22156819334514,0.5933945599397007,0.5389048991353756,0.4105,0.31379798774907564,-0.005985247722709409
2026-03-12 04:37:00,-1.0,0.1,-2.1,-0.2100000000000363,0.25341923815975387,9.365273415323077,0.09289638021430767,-1.6678637459151044,-0.0042710979408798954,-2.1291423235305214,-0.2512804141751505,0.5452170418006529,-1.3979940257258594,0.31805392731536153,44.56087351294778,0.3972121085022187,0.12096774193567118,0.1685,0.053388724261047245,0.005338872426027034
2026-03-12 06:31:00,1.0,0.1,20.6,2.0600000000004,0.16035714285713507,9.15499102851628,1.4793023781034262,0.42632483066800825,-1.2798483322926304,-1.6952501593565967,0.16592801116988753,0.5083486479390854,-0.9437022761520457,0.3638100820633026,51.46976363757823,1.1392692759077163,0.18628954937674178,0.146,0.21551086110891735,0.0032769010813019704
2026-03-12 07:42:00,1.0,0.1,31.7,3.1700000000000728,0.617942961669557,8.652214149454778,1.4640183172995764,3.029282394917568,2.0156690182130426,-0.974317077037617,1.7479117066660885,0.9302933488237096,-0.1302549919647073,0.537713793527748,59.79915200266935,0.5305000455044662,0.22657952069715265,0.086,-0.12366776659904279,-0.0034673205588231773
2026-03-12 09:59:00,1.0,0.1,0.1,0.0099999999993087,0.9624505928853954,8.075170764176818,0.4210437276549943,0.7157743370135353,3.8723639305214355,1.0278420410402656,1.2267646942269004,0.905803996194103,1.0246981346629869,0.8246834562404288,65.28837973317701,0.9126741978876403,0.6119402985074258,0.049,0.5671706684294263,0.008668547334038297
2026-03-12 10:00:00,1.0,0.1,7.8,0.7799999999997453,0.6581986143187636,8.04051570959277,1.2437013198132876,0.7582846946901307,4.177592733252851,1.4725423626589507,1.363333062198505,0.9605263157894667,1.2667352261017137,0.8733824961736416,67.50572609420826,0.9439693017383034,0.46376811594195777,0.048,0.43529546193465063,-0.002487402639567756
2026-03-12 11:19:00,-1.0,0.1,10.6,1.059999999999491,0.28020378457049533,7.385325750360317,-1.1134241437622125,0.30601222970969927,1.169887462252941,3.630171627662109,0.17055421810732385,0.711629060252917,0.66025315181557,0.7546663275542898,55.343185350316375,0.7068070084443696,0.6800766283526106,0.023,-0.47255870871092054,0.008124218487921523
2026-03-12 12:05:00,-1.0,0.1,9.7,0.9699999999993452,0.4253003003002386,7.048312927675425,-0.4611032502882742,-1.2939266592704648,-0.42889696172969743,6.332011710881763,-0.14796822710344745,0.5382040245741866,0.7037517568701535,0.7580574512879139,54.71821695863654,0.6937830442798131,0.36196319018418144,0.015,-0.24686758630815275,0.004256337695061591
2026-03-12 13:23:00,-1.0,0.1,25.4,2.539999999999964,0.19643556600076256,7.8931045692556765,1.9890779175981872,0.7094800215636238,0.9958058874089989,3.451113533463364,0.9905843058342655,0.7418440225388374,1.1573833673165084,0.833792548005584,58.81416517013695,0.9400610285719022,0.428571428571341,0.0455,0.3775447257606241,-0.02533857219868027
2026-03-12 14:33:00,-1.0,0.1,21.4,2.1400000000003274,0.4679856115108115,10.419869743322467,-1.8330363498296631,-1.9146112659215053,-2.711166328936492,-1.541286061689244,-2.0449942006823383,0.13297347113421476,-1.1775517307350925,0.37744120600172104,38.12436984609065,1.2888836742519603,0.685778108711827,0.3095,-0.8589358812028711,0.024952327275188663
2026-03-13 08:03:00,-1.0,0.1,25.6,2.5600000000004,0.29128065395096175,9.439826107615653,-0.31886180589396323,-1.8623224410688164,-3.2214576469227914,-0.9862469810210355,-1.6153964552783728,0.29308855291577895,-1.1909037170396441,0.2213144158192624,35.08025193819681,1.1006558681856655,0.37151106833492675,0.201,-0.44492345008468276,-0.03601761262591986
2026-03-16 06:14:00,1.0,0.1,13.4,1.3400000000001455,0.9204234972677588,11.29617186055254,0.43643103706808734,-0.13898513756525957,0.14606718279159023,-2.5141260553210527,0.6822129301793989,0.798140167838521,-0.9016952944483867,0.32507118819570496,51.19700652155354,0.42226694661558706,0.25576519916145557,0.405,0.11685374623328827,0.008852556532852928
2026-03-16 07:15:00,-1.0,0.1,20.3,2.030000000000655,0.4443969204448582,11.379610911041725,-1.521141639667519,-0.22760004891617588,0.9270967243495579,-2.8559851697974135,-0.6887955704819302,0.3197190426638866,-1.017947462529649,0.27575718353610895,45.39265641940625,0.5984387386559671,0.3274596182086108,0.4115,-0.19244946221100892,0.0035150586705166966
2026-03-16 12:28:00,1.0,0.1,18.4,1.8400000000001453,0.9105525362318673,12.757476599601574,0.24926559536849907,2.257499731639619,1.3145232812359826,-1.3278488004853215,1.0263498716957709,0.6723314874928416,-0.6305639384686128,0.2472171887134333,52.50974337877758,0.9625728022407863,0.6807817589576421,0.544,0.6647082543160926,0.009406248881823428
2026-03-16 14:08:00,1.0,0.1,16.6,1.660000000000764,0.8608195673997902,12.578216563403513,0.7910501421123145,2.6060928299941652,4.327322536198422,1.1066751736888119,1.3554565681287347,0.9265140899890982,0.2380382802547888,0.40568609632610564,61.88064683999318,0.8347765318773321,0.13647619047618978,0.531,-0.12561399241582133,-0.011686871446277444
2026-03-17 01:00:00,-1.0,0.1,6.5,0.6499999999996362,0.22904869762169855,9.040040622149842,-1.1017649606126898,0.09590664867986014,-1.0973402017347311,0.6460147961825548,-0.9955952705030378,0.19753610875108552,-0.23308327489937652,0.4818047337278172,47.221768369555896,0.8838455858731045,0.13391739674599823,0.1445,0.12168086914401156,0.003318569158443775
2026-03-17 03:21:00,1.0,0.1,-2.6,-0.2600000000002183,0.7197115384615567,8.722247484381286,0.14331168683740564,1.4434353098263661,1.9077651751795812,-0.6236924611163435,1.083818314756111,0.8036279873308438,1.1769632334044382,0.7751479289940867,58.449895502339174,0.5858581757912766,0.07045009784747655,0.1065,0.028662337367481125,-0.012611428441758431
2026-03-17 04:30:00,1.0,0.1,2.5,0.25,0.17147270854788438,7.929436572593248,-0.0012611236509264205,0.9029645340435888,3.6660864531630444,5.1226842699512884,1.3020471081438214,0.9711637487126696,1.6995907959721788,0.9202662721893446,63.12601212796223,0.8180909123381218,0.5256667180514587,0.0505,0.4275209176546512,-0.002522247301852841
2026-03-17 10:06:00,-1.0,0.1,13.6,1.360000000000582,0.29147837314397196,8.477519514956654,-1.6950712970518436,-1.2574432864699054,-1.2067209024941747,0.6794440272107907,-1.14090568584987,0.14141668767329627,-0.01843661313787721,0.541217672413792,41.60593598549845,0.6900603401358688,0.6495726495727413,0.0895,-0.4529626848071938,-0.004718361300070466
2026-03-17 13:32:00,1.0,0.1,23.4,2.339999999999236,0.6370133070478169,9.05529251936455,-0.7951151202022112,0.6394050758292096,-0.5168248281314172,-0.06957257301769851,0.23902850070487983,0.6129504834456492,0.018176654320454445,0.5508006234943964,49.66839732872942,0.9994155330318651,0.422099447513872,0.162,-0.4251657239970129,-0.003312979667480756
2026-03-17 14:31:00,-1.0,0.1,23.3,2.3299999999999272,0.23460537727664993,10.818299657579425,-0.42982725078629086,-1.0953662197458283,0.4150374959205383,-1.5862012093533904,-0.34291769370362435,0.41210739614995545,-0.3357003498751616,0.48490860138869146,45.838076371556454,1.0694841487306772,0.8643042350907737,0.382,-0.9178891613566296,0.006470517753745724
2026-03-17 15:35:00,-1.0,0.1,10.5,1.050000000000182,0.685878428465522,11.719941860686301,-1.143350381707009,-1.540110029090391,-1.0460802746065314,-3.219299246403442,-1.9799317906195963,0.0726950354610123,-1.3547273032906297,0.29502621510557514,38.576209257460434,1.8029099675723017,0.6422148603880844,0.49,-1.1561490800096688,0.001706493107062682
2026-03-18 01:08:00,1.0,0.1,-1.5,-0.1499999999996362,0.8195847362513918,6.667102679425815,0.20848636459278846,0.7484510498688661,0.6044604671285515,0.16048950367925932,0.6485361797897143,0.5765624999999903,-0.6247403797750908,0.4316963025684433,51.29759112449532,1.0449816561996697,0.018659394287371293,0.007,-0.022498528553118746,-0.002999803807018839
2026-03-18 01:52:00,-1.0,0.1,18.0,1.7999999999992724,0.21455399061030397,7.548529368330334,-0.3444379524980971,-0.039742840672889794,-0.2785973131167972,-2.102396271594581,-0.39773408836159796,0.3804060017652227,-0.8486956869817996,0.3971210838272664,47.56453983325611,1.0677576527442576,0.7547146401985129,0.0375,-0.8085018554216732,-0.0026495227115822134
2026-03-18 02:57:00,-1.0,0.1,1.0,0.0999999999994543,0.0899566473988351,7.3826816245544755,-0.08398032470177205,-0.43615587990273974,0.6515247771219811,-3.493310603321096,-0.4098354907804035,0.40503246753248134,-0.8517242212429402,0.3883714366356225,47.58030426325217,0.516072640506196,0.22309711286072573,0.03,-0.11919788022190578,-0.004063564098562256
2026-03-18 04:34:00,-1.0,0.1,-1.6,-0.1599999999998544,0.4841269841269742,6.700053292222806,-0.8253665693106785,-1.71491173261829,-1.8208810389854768,-0.6268606855524484,-1.4661328088064127,0.15286624203819987,-1.5422822229430915,0.2386395709850369,38.726449074332265,0.4582053106298812,0.03583061889240489,0.008,0.013432728976007544,-0.002985050883647728
2026-03-18 06:36:00,1.0,0.1,1.0,0.1000000000003638,0.9918648310387355,7.500508600945493,2.351840513558743,2.40517023041956,0.8732741135945897,0.7932795383035461,1.8956507690445434,0.9262941378128029,0.3229023787761831,0.5310743048168911,61.53941581347611,0.5426298690580338,0.13267813267813322,0.041,-0.07599484652664298,-0.003999728764643123
2026-03-18 08:45:00,-1.0,0.1,43.4,4.3400000000001455,0.446788990825695,8.316155380280298,-2.1026543156545143,-3.2185545815399936,-0.0019239659756191767,-2.1206914966764363,-1.3382116921361826,0.08938770847612697,-2.125270547467931,0.18510048510048768,34.812809113233385,1.1279250532334275,0.444562899786783,0.0985,-0.5122559410207453,-0.010822308613131281
2026-03-18 10:35:00,-1.0,0.1,99.9,9.989999999999782,0.6242281147838594,8.034531202493326,-1.1667139953468346,-0.7622099965333831,-3.2522121504600507,-2.4133330883054125,-1.4697959015483855,0.16945565508417046,-2.184519481781211,0.15280665280666283,36.58030046098547,1.2769880085617642,0.6276803118908415,0.076,-0.797806348428974,0.0037338830659386264
2026-03-19 05:30:00,-1.0,0.1,49.2,4.920000000000073,0.9460193633767753,9.690092813603012,-0.3942170703088797,-1.3766638005028569,0.10939007710137266,-3.6913991112434226,-0.6827973820052332,0.399124087591243,-0.8087165838516709,0.20059372349448523,45.59813279322276,0.7646985578505141,0.5263157894737682,0.261,-0.40040896146560545,0.0020639637189398675
2026-03-19 07:44:00,-1.0,0.1,99.6,9.960000000000036,0.3387389906332915,16.425146284290086,-2.6130665296449216,-4.613657539992804,-5.425826866774341,-6.990500907125551,-1.9094164471475699,0.1958294175916288,-1.784820909716711,0.08612600536193057,25.658486501619194,1.5220564594856227,0.2936000000000058,0.8265,-0.44322284100219783,0.0036529355027898583
2026-03-19 10:20:00,-1.0,0.1,100.5,10.050000000000182,0.4650995096625315,23.0987129949699,0.41344294818849175,-0.44418059145695654,-5.573903620865686,-4.930144810440271,-0.9025660134332787,0.10526946107784388,-2.114845261336828,0.056909779547440795,30.593006670140923,0.9395761575428762,0.2483527622909481,0.9585,0.23204756044922914,-0.001298773659259189
2026-03-19 11:42:00,-1.0,0.1,81.6,8.159999999999854,0.22576769025367072,23.210716104229984,0.12395136742356629,-0.9840282349512569,-3.646591497647731,-6.490967332651282,-0.8897328536773711,0.12782739065249782,-2.1153873790455884,0.06107512146505443,29.592056639258644,0.6847268274115699,0.00817970175549669,0.958,0.005600861232214097,0.0
2026-03-20 01:03:00,1.0,0.1,22.6,2.2600000000002183,0.6290283203124852,18.767493961980854,0.26961511271834887,0.667483896644763,0.2461703203080324,-0.15985085734288196,-0.12896988673232956,0.47453874538746016,-0.5325255288118727,0.40088301309720586,52.22685210458524,0.7209273666164325,0.5535846267553155,0.873,-0.39376594525465,0.005328361911400322
2026-03-20 01:35:00,1.0,0.1,-1.1,-0.1099999999996725,0.589692585895103,19.866053467218183,0.6438118180395157,0.9105985761012484,0.24212156722207484,2.799750845923213,1.157288854304669,0.6230927835051598,-0.36661052458993915,0.43790817431150025,56.67194145937959,0.6815646611614578,0.7658788774002894,0.894,0.5164588939081776,-0.005537083657868346
2026-03-20 02:49:00,1.0,0.1,9.4,0.9399999999995998,0.7991803278688521,19.37430237401787,-0.056776237862145244,1.5081833366648165,1.9897490632590777,6.527202763676832,1.5065582963159212,0.7826286764705827,-0.049267221769803214,0.5031140821435438,61.51655806103419,0.624538616483363,0.11074380165290958,0.8825,0.06864763305147642,-0.0005161476169396888
2026-03-20 09:58:00,-1.0,0.1,13.4,1.339999999999236,0.10381114903298212,17.027797149644403,-1.9714822595653057,-1.2150720271196433,-2.094810014855326,1.115235272837177,-1.3308826867548902,0.16770861647185714,0.344417104292702,0.7328935039597465,41.605762439402774,1.2626413041600622,0.8553488372093175,0.8205,-1.0799987713257655,0.0
2026-03-23 05:30:00,-1.0,0.1,45.6,4.5600000000004,0.4202436998061461,29.054321815396435,-0.4216240213016603,0.1855145693727418,-2.2499234508154684,-7.860792671435619,-0.7461781305945667,0.27621445497630476,-1.6690029342069548,0.08970227502284672,36.39617764198485,0.7695929074534996,0.7330053667262926,0.9595,-0.5634273656088272,0.0006883657490789608
2026-03-23 11:05:00,1.0,0.1,100.7,10.069999999999707,0.20504059192272,41.51845385667672,0.3726053974313032,0.4247990558820738,1.1708046780307195,-5.507021065603366,0.7134331334543528,0.8051776266061993,-1.2302897925999963,0.2854845733811269,48.59681192207796,0.7721867512376985,0.3799126637554736,0.99,0.28469268245881213,-0.00867084312058719
2026-03-23 12:49:00,1.0,0.1,4.0,0.3999999999996362,0.503380091262461,55.7232922989202,0.5243767694710759,3.3041838054419435,3.298620602206633,1.4195141158508533,1.71155582748513,0.9206721234630224,0.03924032291712459,0.5740846202807284,61.726120099639346,1.2292884568367004,0.7550364963503687,0.998,0.9181079919965753,-0.010049657457358308
2026-03-23 14:18:00,1.0,0.1,29.9,2.9899999999997817,0.6093387470997713,52.21852566320944,0.34547126275359485,2.1388960829794317,3.8413570175024265,1.3181145795637448,1.1429908256354195,0.8953453788385736,0.3409427396695561,0.6395188222334902,60.92253758966118,0.4931200119681311,0.38407766990289,0.9935,0.19265193477278245,0.0032555495935774046
2026-03-24 01:00:00,-1.0,0.1,-1.5,-0.1500000000005457,0.725309311916638,32.23270969027086,-2.385154730668071,-1.932912268272793,-1.0545188513971029,-0.45791992487852756,-1.8066416825481737,0.278692635626516,-0.058685810375433134,0.6413282173797631,40.83529172455438,1.3585578259099191,0.45649691710435714,0.9385,0.6217286784936003,0.0015512192577242095
2026-03-24 05:05:00,-1.0,0.1,60.3,6.030000000000655,0.27435502502888637,26.077078368410106,-0.5341856094153231,-1.2505235264202177,-1.18571565277254,-1.1657747685732789,-0.7148060579328931,0.19557038404201954,-0.36450338574628893,0.5667125171939477,41.34492024508169,0.6611170069145977,0.4350348027842053,0.9,-0.28875934234728273,-0.001150435626906616
2026-03-24 06:22:00,1.0,0.1,100.0,10.0,0.5465945089757093,27.38486343607216,1.1378548617830597,0.5988709798858105,1.97663939885486,-1.1239785829808566,1.307112603650528,0.825476839237051,0.06978525050797531,0.6464441709500709,52.204953828821914,1.1908038203705194,0.583256669733202,0.9095,0.7014824099760181,0.00693813940113485
2026-03-24 10:17:00,1.0,0.1,0.1,0.0100000000002182,0.9851279000594727,22.611951929858257,1.2077683556340195,0.5227324043791522,2.647714809659782,1.2444746073797586,1.1092781087054475,0.9397182093811366,0.7097229679825309,0.7006840323360761,61.26519065249887,0.7115705910710826,0.014294592914826685,0.85,0.0035379519755302353,0.013709563905053969
2026-03-24 12:34:00,-1.0,0.1,1.3,0.1300000000001091,0.29158316633267195,24.94775937063931,-0.4321029331671162,-0.7980676622779869,0.22847743219409408,0.9736345312271427,-1.1514315849325198,0.42063734251711227,0.06236300630348208,0.46562047320135025,48.73383049093225,1.2873701210136836,0.5451941339477571,0.879,-0.7192229062910191,-0.017356268094744602
2026-03-25 02:46:00,1.0,0.1,11.8,1.180000000000291,0.9474499927350201,19.15283648150037,0.4401436835813785,1.3387051064089106,6.517937962900638,12.35587220872369,1.1675806920798177,0.9456406103076929,2.453254507406612,0.9731879887606213,79.28994260297713,0.8473940669663708,0.37892791127538245,0.7605,0.33415416072608173,0.013052896903363309
2026-03-25 05:17:00,-1.0,0.1,15.4,1.5399999999999636,0.682018753447343,13.5014231343868,-0.16516777363423873,-0.36810934303230247,0.1123585258309678,11.665955390942807,-0.3893990433948455,0.5194518747946812,1.6116560770586774,0.8912989632355532,64.04989539879885,0.5021692848609234,0.1607669616519449,0.504,-0.06243786240975727,0.018294367752263393
2026-03-25 08:15:00,1.0,0.1,10.4,1.0399999999999636,0.6131698709018267,14.750940159220528,0.1326695097991467,1.6398954737050986,-1.0385778692501488,10.443402138249914,-0.08572209353728218,0.5485167996235978,1.154558272261477,0.8256575151122046,53.4386049560397,1.6024063378242093,0.8114396920082829,0.588,1.3050015654742655,0.004745460238068508
2026-03-25 09:48:00,-1.0,0.1,50.0,5.0,0.29704237195188754,13.792005820011601,-1.0694601055488528,0.2869053313665877,-1.1724182987610188,6.603825519551826,-0.528655572443714,0.43157070496979333,0.9131053229075903,0.7937816122600865,48.56903731514086,0.802421355126045,0.7291949037679321,0.518,-0.5865716782298559,-0.0014501153973860298
2026-03-25 11:05:00,1.0,0.1,7.6,0.7599999999993088,0.9316074188562454,13.231673078794515,0.5169414298001467,0.19347515501294651,0.9968505057111189,5.628691062459742,0.6404286911342641,0.7769404672192911,0.9241225797795221,0.826771778882315,52.904810705432446,0.8061716712979882,0.6084184869222421,0.471,0.4882224614779087,-0.0022672869727883667
2026-03-25 12:31:00,-1.0,0.1,55.3,5.530000000000655,0.18572302048305475,14.658578796327333,-2.369943258667327,-0.7053889837254076,-1.4032738293260372,-0.5614459706054503,-1.2551091618850108,0.2976993599723217,0.6224119728487398,0.7721728541468522,42.88252885622017,2.663286839907108,0.8393954918032906,0.58,-2.2348687724220677,0.0006821943749910974
2026-03-25 14:50:00,1.0,0.1,26.0,2.600000000000364,0.8307443365695915,17.536870291531073,0.24177632208680747,1.0326814134416153,0.7509891891234518,-1.5812399555347665,0.3897136742258197,0.6837566635308895,0.7486002172376836,0.8534743142303435,53.16264617656503,0.6801099513041093,0.22721556133144202,0.709,0.1545315643526629,0.0
2026-03-25 15:17:00,-1.0,0.1,34.2,3.4199999999991637,0.22041541404754217,17.521964690146653,-0.21344638378959024,-0.5421766433157039,-1.0227163629702583,-1.527225997381932,-0.9162927252299679,0.4377547820633394,0.49418647668544824,0.7716658694612334,46.01556833804965,1.099534232644226,0.8989930447420823,0.708,-0.9879029153468475,0.000570712256134251
2026-03-26 02:34:00,-1.0,0.1,18.5,1.850000000000364,0.5775444264943461,15.133998972048973,-0.4149597215909883,0.19888993025302804,1.089599651120316,-2.685344440359647,0.5819220419718341,0.7070017953321291,-0.9816931157771689,0.3584853438508182,49.96822423576379,0.5522003811044615,0.32703123130312123,0.5875,-0.18058677055864483,0.0
2026-03-26 05:26:00,-1.0,0.1,57.4,5.739999999999782,0.5006830601092839,12.353595669589552,-0.7803396078221019,-0.21208400129603242,-2.376635983989199,-3.654806358212284,-1.4121842782691336,0.19870071684587423,-1.5572819331629266,0.22226600786120804,41.91915065261416,1.1875085110736414,0.8002726653033213,0.376,-0.9487116393853654,0.0016189618419162298
2026-03-26 08:43:00,-1.0,0.1,31.4,3.1400000000003274,0.1304433887569297,17.169522716023017,-1.1951409680625933,-0.7029898384267025,-5.3892004763562475,-4.95703936607241,-1.2765265555999952,0.11513643067846453,-2.6643935362579176,0.07348355592163183,31.377335111056254,1.300560322457946,0.7492163009404625,0.681,-0.9732361391971518,0.0011648547447257848
2026-03-26 11:01:00,1.0,0.1,-3.3,-0.3299999999999272,0.9832505486888721,17.808769085919568,1.0912039965392453,0.8671570688290948,-0.7455315937864258,-4.164240641349781,0.468655045925396,0.5933620520853741,-1.5420707662612974,0.17528343359555681,46.03318709846172,1.2628610035593262,0.6550911516229312,0.7045,0.8244814635509563,-0.002807605610413254
2026-03-26 13:45:00,1.0,0.1,35.8,3.5799999999999272,0.8539678605362111,18.39146314336839,0.9640342294567609,0.6970625392913535,1.6072674462911978,-4.167694511441748,2.0492791413994995,0.9243281471004235,-0.975986628763961,0.24447381066794766,53.838286974104584,1.330889217959029,0.2259263798668046,0.73,0.2952456777185911,-0.0054373052986549575
2026-03-26 16:21:00,-1.0,0.1,99.6,9.960000000000036,0.5652467503235639,18.328520765750987,-0.8569704124377961,-0.3528380758410634,-0.11948591094665882,-4.288234768343579,-0.490381292324911,0.3674105729661227,-1.0791892712065447,0.17266495836002316,45.35634174764644,0.9216783075896993,0.09489137512579546,0.722,0.08745932203080245,0.0
2026-03-27 01:56:00,1.0,0.1,0.0,0.0,1.0040650406503893,18.537349460290454,1.5309632081325306,1.056785385740535,0.7439035461644631,-0.882003116735988,1.7584790280146612,0.9842735535997671,-0.43753470910907116,0.35295943708609284,57.44609318777694,0.9035811746377657,0.7737313432835843,0.7175,0.7012868818084151,0.0021578057901777766
2026-03-27 03:39:00,1.0,0.1,48.3,4.829999999999927,0.6507069408740193,15.987083005361226,0.28460476488890135,1.802705345955544,2.2436863552888906,-1.4763793990488985,1.4431785463858358,0.9201415602400299,0.06589504366512151,0.46889471628633456,61.326296624753056,0.539810795822231,0.6442641946696895,0.5905,0.34965728257778816,0.0018765149333743007
2026-03-27 04:55:00,1.0,0.1,18.5,1.8499999999994543,0.6338888888888808,13.628743671367575,0.4255711413947359,0.8672846364285338,3.7017351867868404,0.10199032526524424,1.1685009800473005,0.9342291371994272,0.36759463210686705,0.5219376842592062,63.26258196569015,0.6038707747721346,0.8967193195626367,0.441,0.5429700769518606,0.001467486694429859
2026-03-27 05:30:00,1.0,0.1,19.8,1.9799999999995637,0.21662041319767136,12.322959856412073,0.7449508971031511,0.6516291616272986,2.9903530019880735,3.8042808340081367,0.9242185298271148,0.9156317494600441,0.5452987346440447,0.5322272963755172,62.9117095031539,0.5483260579222459,0.0784371762616109,0.3425,-0.045443627709953374,-0.002434480055871908
2026-03-30 03:41:00,1.0,0.1,93.7,9.36999999999989,-3.028517110265974,21.354215594498367,1.6043670556939988,2.740442501436454,1.6263767613617333,2.435444175875017,1.6936960371006422,0.8934656243736298,1.1725217372591732,0.6809990724791324,59.52494717442911,0.6523302126624714,0.19167264895909486,0.8,0.1259704430769891,0.0009365832199235309
2026-03-30 06:49:00,1.0,0.1,37.8,3.779999999999745,-0.7020020533881154,15.735889712407886,1.8772373561253048,3.293108997779776,2.8908438500385856,3.150123755691694,2.0225868980652684,0.9774372586872601,1.7652927058363128,0.8992977341990204,68.66725094931374,0.9900933652143584,0.7297817715019219,0.543,0.7244585599129832,0.0019064698945493736
2026-03-30 12:15:00,1.0,0.1,0.8,0.0799999999999272,-1.2715481171548066,14.256644992186377,1.2711966952907332,1.6422517368449872,1.5889432620659103,9.167163808289326,1.7044119259786137,0.6259710234278701,1.5714772988568968,0.859760748959779,64.71507387938266,1.1278950979569788,0.19633084577115467,0.459,-0.22284345312244883,-0.001402854599415812
2026-03-30 14:58:00,-1.0,0.1,84.7,8.470000000000255,0.21092977250245085,16.837669675363905,-1.2691780045588779,-3.0348617703770846,-0.623007827226131,1.6825368679996773,-1.259152915696638,0.15799583800224148,0.412010933828602,0.644594594594597,42.84991050165918,0.9724029699879315,0.24308312465648152,0.6055,0.23162350106599633,-0.004751251303912888
2026-03-31 01:02:00,1.0,0.1,48.0,4.800000000000182,-0.4769772481040235,15.90817618250634,2.1498378951579165,2.349546520681772,2.1642958693066117,-0.7448999724450174,3.0487147012328673,0.9946776155717845,1.0274535831562328,0.7976658476658504,64.49518881527716,0.8109037674718056,0.8992248062016039,0.547,0.748043010303504,0.01885822715051907
2026-03-31 01:36:00,1.0,0.1,27.4,2.7399999999997817,-1.30062234183145,17.961845790018224,3.850383797328531,4.2228399512344,4.1899925475267015,0.8601565886166169,3.201524403520316,0.9565091330820529,2.1886054289154426,0.9710722550784262,72.66503405464005,2.3544350894884873,0.8730196263892198,0.666,2.082191353673886,0.026723311490977703
2026-03-31 06:13:00,-1.0,0.1,7.3,0.7300000000004729,-0.4530757097791608,16.093665955539286,0.2392245502445781,0.7164309257973153,-2.2580312093213455,1.7814461962367332,-0.1266106185268587,0.4189668995533174,1.2383235740555525,0.6299241318937876,55.006261240862685,0.9196164528881726,0.5385135135135241,0.555,-0.512002673770152,-0.016776786640497882
2026-03-31 08:19:00,-1.0,0.1,43.6,4.360000000000582,-2.1454639575511667,13.669149360146909,0.9776028959754278,0.4523324632055627,0.6147419842012712,4.97126764874783,0.8714011186530372,0.5855136540962296,0.9911235103065542,0.6088634374088174,54.6909037268179,0.940804702704738,0.12052877138415408,0.3775,0.10044516771493861,-0.012948867214497797
2026-03-31 11:36:00,-1.0,0.1,11.5,1.1500000000005457,-0.7554479418885913,14.769838109475767,0.9898551285149331,0.8801721388983739,1.5732738455062756,4.719076775478253,1.7456834668566519,0.8494623655914013,1.1711105469575445,0.6771228479719921,59.012676812362315,2.273552340323641,0.7087552114353851,0.4715,1.6080067922181829,-0.003385277457313753
2026-03-31 12:09:00,-1.0,0.1,-1.1,-0.110000000000582,-1.3134360290971656,15.518324696435718,2.2798852770574043,1.7295681412159074,1.1541194265714432,4.432823861186498,1.6067359904546858,0.8302005012531309,1.3700598148145309,0.7295010213014302,59.66875771194327,1.052755392065733,0.609659056130276,0.508,-0.6186234782292777,0.023198380433575937
2026-03-31 14:51:00,1.0,0.1,12.6,1.2599999999993088,0.17892459826949225,17.542447329655626,1.1423719634672755,1.6537031267557871,3.807906544890936,1.1799949922042137,1.341293615058228,0.7784478575601879,1.9202632256871444,0.8488137150888982,63.043128367907045,1.4971115207854802,0.42950158016981227,0.643,-0.6242002494993255,0.018811514368468986
2026-04-01 03:36:00,-1.0,0.1,5.0,0.5,-0.21101694915253688,15.196532215716609,-0.0019741345968864294,-1.3805781281009333,0.32507416362342495,4.4970786117454695,-0.52636503979819,0.407021481243993,1.2404703607639815,0.810200625994152,52.34885966401813,0.6560707310375092,0.21063189568700108,0.4845,-0.14345378070825754,-0.005264358925070377
2026-04-01 05:02:00,-1.0,0.1,-0.3,-0.0299999999997453,0.3727544910180059,12.627925152308359,-0.4278612626249681,-0.6533139768010041,-2.7177861434922264,5.304909491624136,-1.0942600056437708,0.16637630662019745,0.9201205489937562,0.7544768843963247,46.15985546444869,0.7113599337701254,0.04263609039304385,0.288,-0.03088393344880067,-0.00055432701058792
2026-04-01 07:48:00,1.0,0.1,34.2,3.4200000000000728,0.6409208261617757,15.212942089741663,1.4645424841933445,1.8852369141232508,2.900622360861747,4.162245516118636,1.922468734418877,0.7902667984189666,1.5864791243233194,0.9222705424582265,65.2532066330614,1.684092389813065,0.3005464480874152,0.489,0.5081199911496429,0.0019720051402795278
2026-04-01 08:33:00,1.0,0.1,25.1,2.5100000000002183,0.5186626815875526,16.0397207620854,0.4594843083191981,1.3092497251971917,3.622257573045587,3.599002804117053,1.4781085926426274,0.7858201581027651,1.5045168457662603,0.9206225680933848,62.01460118846082,1.181442013927931,0.6036939313984495,0.5545,0.7175935398580935,0.004364165750639162
2026-04-01 09:03:00,1.0,0.1,10.9,1.0900000000001455,0.5342741935483294,15.23226433057364,1.0241418912806428,-0.11817021822463904,3.42431032366653,3.010058058667741,1.1039164305346882,0.7622282608695653,1.4112975921066842,0.9118791485465785,60.70347394956865,0.41162626014929465,0.4853269537479896,0.4905,-0.20088937098193413,-0.001116052060999467
2026-04-01 12:30:00,1.0,0.1,23.2,2.319999999999709,0.7856303015033302,13.567565784317988,-0.7352092599786709,0.5008267590531268,0.3453088103257717,0.9813845911393836,0.349365437834275,0.4800639458341095,1.2533275748613157,0.858230769230767,54.798994819709904,1.539701397589318,0.3449018669219784,0.371,-0.575268999913136,-0.04422311338220089
2026-04-01 15:53:00,1.0,0.1,34.1,3.4099999999998545,-3.2661636083009116,16.677982096396583,1.8869189220918219,2.524286197015136,1.5115737536045724,5.925596959439818,2.4945563316608963,0.9826950354609892,2.2402851259876124,0.9936405337781471,70.12752713337879,1.0053374504834416,0.7323910061430114,0.602,0.7398976643982791,0.0035975575254612894
2026-04-02 01:13:00,1.0,0.1,1.8,0.1799999999993815,1.1075380914194048,12.485093590685425,0.05422466360242262,0.6805715902954491,1.4929803981531067,2.5822794010973706,0.7210287368479402,0.6977633339705548,1.3173210275885678,0.8816439586764455,56.77286380863419,0.6800109216909511,0.32073027090695244,0.28,-0.21065120424585648,0.00744888288776869
2026-04-02 02:03:00,-1.0,0.1,10.6,1.0600000000004002,2.7321366798631974,22.83378248759811,-3.8622597919507604,-3.832610740140471,-2.688122304455598,-1.2459608921759715,-2.0553425654321917,0.31511359894633023,-1.140327832304991,0.31511359894633023,26.65103947064013,1.1859620724121418,0.2437223042836182,0.8445,0.2851038807756028,-0.003941528305659735
2026-04-02 06:33:00,-1.0,0.1,99.5,9.949999999999818,4.452968841857667,23.417416042073228,-3.6729073713969616,-3.1997552533283886,-4.193588217571133,-8.278026903212384,-2.0544989119931043,0.2394755613349579,-3.083802471296602,0.15357430564270258,22.73897226924511,1.0663003960444075,0.4253103724469431,0.86,0.45265455338692046,-0.000854065195049436
2026-04-02 11:18:00,-1.0,0.1,0.4,0.0399999999999636,-0.043859649122772265,17.447968669702913,0.13984435931716144,0.21263220207646136,0.35992728545560737,-9.390204848573294,0.41202694177851285,0.6925969143005397,-1.353043127013182,0.30003602845033206,44.738886467025836,0.7553887933605916,0.5295902883156539,0.6575,0.4017659667266916,0.0017193978604419487
2026-04-02 12:41:00,-1.0,0.1,11.4,1.1400000000003274,-1.0385662431941247,18.02892319658483,0.599592104427357,0.40324094349554185,-0.4847765950689881,-9.097603789840887,0.218647688800369,0.5637171165015378,-1.2086161784101919,0.29262793135972726,48.38806795249571,1.1459364363986764,0.6335914811229104,0.691,0.7271648926034064,0.0011093285928593397
2026-04-02 14:00:00,-1.0,0.1,100.3,10.030000000000657,-1.359245041586691,21.67280774002343,2.030055382199073,2.109555925952713,1.1115311079658985,-2.3342614674966637,2.229926409361294,0.9214295844561062,-0.7497533530775301,0.37419796216607853,58.025492724486334,2.3499493287132918,0.8609856666012196,0.8335,2.015428758652988,-0.007843930608313926
2026-04-06 03:16:00,1.0,0.1,32.1,3.2100000000000364,1.6482159194876347,18.699386788905585,-0.16417650667674039,-0.4529560298215034,0.036364828840469654,-0.7850524814380052,0.13905078421083636,0.4564391273750909,-0.3110704238070595,0.5340372754089584,47.756418929213176,1.0294455223216783,0.7693506493506229,0.7325,-0.7952132424375711,-0.0032086613682967614
2026-04-06 06:10:00,1.0,0.1,44.3,4.4299999999993815,1.5636805180787556,14.627563089916176,-0.446212397777971,0.8233087033001256,1.829628068290443,-0.43937598904845465,0.4782638603689694,0.551976047904192,0.5514788789726629,0.6765567290427817,52.58835178094239,1.1141295306553323,0.5465423084003429,0.469,-0.6171226160168127,-0.008203690475456943
2026-04-06 08:51:00,1.0,0.1,25.4,2.539999999999964,-1.843005952380915,14.03827766106701,2.044410339567141,2.6712678652880935,3.1449727000658227,1.933285596371128,1.8806640161482384,0.9580645161290252,2.007716420925951,0.9427779178220285,65.80030442004829,0.4024710250367783,0.385840707964455,0.4205,0.12893319563120237,-0.02635650960416808
2026-04-06 12:45:00,-1.0,0.1,17.3,1.730000000000473,1.522408769252137,11.439300786869142,-0.7369331532637778,-1.6198542502938487,-1.4187930103760829,5.058875632191373,-1.2244204087512809,0.3658327988026603,0.8050352700251571,0.7639098941335681,49.29606939678336,1.1399298124032389,0.8259202453988088,0.21,0.9441136483094495,0.0026225379119483873
2026-04-06 16:15:00,-1.0,0.1,40.4,4.039999999999964,-0.6648620097715096,14.54467312465824,0.5562173814882648,-0.15332073680081154,-0.15998984508322553,1.8386800288183704,-0.44210503847920296,0.3997653551176598,0.414548790070219,0.657060545952585,47.82610723235,0.6031761542393741,0.25646871081727624,0.474,0.15607088454617815,0.0013750738726833025
2026-04-06 16:37:00,-1.0,0.1,30.3,3.0299999999997453,-0.31743247983165934,14.046696472896961,-0.11675343047133539,-1.4489527868186722,-0.03915511387758712,1.3348334276445741,-0.9239133224444428,0.2975861994046995,0.2097540075844739,0.6126381411164611,45.28417581967459,0.5391303225361487,0.5981777366962185,0.428,-0.3348118192113603,-0.012316063092384547
2026-04-07 02:00:00,-1.0,0.1,100.3,10.029999999999744,2.0278541953232287,13.796824432077607,-2.0352509476539296,-2.3092270367611625,-1.5880465905661618,-3.538495415401109,-3.1193831714448392,0.20682302771853694,-2.005907752703244,0.11825335254349124,33.421083042470045,2.2432698301241762,0.4788368336026076,0.408,-1.0719858089672596,0.0021744134056605707
2026-04-07 02:37:00,-1.0,0.1,50.2,5.020000000000437,0.9128301886792645,13.73420065827103,-1.4688150043774961,-1.7998863286676492,-2.0168629168322427,-2.490862107755652,-1.5110541500619437,0.351812366737738,-1.5472374116206193,0.20115260999667212,39.4547764120023,0.890477742702507,0.6369582992640771,0.403,0.5628285323867975,-0.0043686561375057085
2026-04-07 05:31:00,1.0,0.1,12.0,1.2000000000007276,1.6893491124260085,11.730444886205234,-1.5097466610858585,-0.8720896862172582,-1.8995869479940872,-2.8285372227457795,-1.3503614662809904,0.3325041459369825,-1.872690525230326,0.17776792641028527,39.97768301028805,2.3332448398599492,0.8494702228717608,0.241,-1.9837269793036219,-0.0017049651734050307
2026-04-07 09:02:00,1.0,0.1,24.8,2.480000000000473,-1.864382470119506,13.24088373128413,2.776249738765371,2.236255570316751,1.7602299418227294,2.073653130502755,1.995158892091454,0.8838089045852939,1.1153402429075614,0.7373379142192183,65.87770595325487,0.6394588285670638,0.012991614503327887,0.3625,-0.008307602591492927,0.0
2026-04-07 10:13:00,1.0,0.1,25.6,2.5599999999994907,1.6444102037322537,13.925730379248343,-0.8701159414989491,1.76960197626131,1.9972381514326965,1.567817227923243,0.7171999051152785,0.6697514394045806,0.4938779089089438,0.6030477668181294,55.67524576339377,1.2284454412166597,0.19717074881625055,0.428,0.2716554103070713,0.029441902782473245
2026-04-07 12:14:00,-1.0,0.1,73.0,7.300000000000182,-1.0313055852010984,15.402023219832602,0.48694901266883783,-0.7254241758065088,0.8745604267532493,0.046097839865985674,-0.22612374776411695,0.46924724602203527,0.028612795316290802,0.530226854690376,50.17458886048951,0.5194122801800937,0.4091250000000173,0.542,-0.2125045491286898,0.0
2026-04-07 14:35:00,-1.0,0.1,19.6,1.9600000000000364,0.24815007816568993,19.05819373408124,-0.6595588320377459,-1.0651586547626628,-1.1963358289945165,0.5687842274693259,-0.7251001674213177,0.4747983870967798,-0.8189575549810069,0.4175531914893659,46.95155005143016,2.0962637150947185,0.5886460914620363,0.766,1.2246700986285952,-0.009287343935598455
2026-04-07 15:03:00,-1.0,0.1,13.8,1.3800000000001091,0.23007641921397398,19.61635071969253,-0.5464828883405778,-0.9330481628076626,-0.9599135062923198,-0.8778391172784483,-1.4326984323253276,0.35158556851112205,-1.6733507429064993,0.2836879432624161,42.74747734307153,1.363658326782775,0.5050467289719368,0.7885,-0.6960010144136196,-0.007289837036634636
2026-04-08 10:43:00,-1.0,0.1,69.2,6.920000000000073,0.8891145410235795,13.99299241768669,-1.1282075719590903,-1.8657195845401564,-3.853857587447743,3.3604677681783484,-1.4444457978567022,0.1560589369319698,0.603823426798905,0.7004762419741791,38.220853467392864,0.864218291486722,0.008517324071782583,0.416,-0.012863581614807199,-0.020224408872161873
2026-04-08 13:22:00,-1.0,0.1,22.1,2.2100000000000364,-1.6979571984434645,14.660484888567598,-0.8314868227520559,0.40360193028912095,-0.5102150479233157,-1.8389569106969805,0.122697319404099,0.48003966787875096,0.5744735128357209,0.7429214581255538,48.4709965380109,1.0836612922938564,0.40788065714103855,0.4805,-0.4440507970562335,-0.002046317037108347
2026-04-08 14:55:00,-1.0,0.1,9.5,0.949999999999818,1.1230703650701632,16.12315960033962,-0.8776195454705776,-2.157579585037823,-1.9553859653746748,-2.901850577663067,-2.373537850260155,0.16192758253461978,-0.010031772281853079,0.610635136163549,34.76978862549207,1.1926942656819828,0.4007800312012083,0.5895,-0.4705653350872816,0.00744270992624567
2026-04-09 01:07:00,-1.0,0.1,7.9,0.7899999999999636,0.020887728459518466,12.581397819263326,-0.6914970915774783,-0.840129225054471,-1.903604062446072,-7.282418163402797,-1.141305352417033,0.24477351916376788,-1.660609841898191,0.05304789413075246,41.03783753009202,1.0555265949596468,0.8734939759035901,0.289,-0.9188168251305131,0.00317929697276719
2026-04-09 03:39:00,1.0,0.1,-2.4,-0.2399999999997817,6.652380952379777,12.094433189098828,-1.0771071117034052,0.6253290155686603,0.20282058378812676,-4.557220593824871,-0.35714925454574176,0.4106925528832131,-1.2613218299891293,0.09746252234905631,45.60972148905764,0.6711352134564148,0.0020943698411647746,0.2555,0.0027285280329789395,0.004134133383385738
2026-04-09 07:53:00,-1.0,0.1,13.2,1.3200000000006185,-0.41058048891235954,13.369344274670581,0.6739298364146751,-0.10322121800802471,0.5751964974504391,0.9791056113948925,1.0213715895304813,0.6470588235294064,-0.6795604045214222,0.17084395355423496,52.021664751876045,1.6971662584071407,0.6130453944468973,0.375,1.042683897849065,0.0022439395218943553
2026-04-09 08:08:00,1.0,0.1,16.6,1.6599999999998545,1.0912121212120953,13.358176826479873,0.8938345520574248,0.8504154532137715,0.9657006466952073,1.4193553690961545,1.2780202373440528,0.7508090614886909,-0.6130083132069912,0.21118517314258153,52.92934529689444,0.989131987967741,0.14228411413002476,0.3745,0.13849195320824878,-0.0022458154574115556
2026-04-09 08:37:00,1.0,0.1,13.1,1.309999999999491,0.5245327102803795,12.44863205956683,1.0185858124270566,0.23376062414532578,0.33553887527663223,1.0081428979464013,0.5054841089186197,0.6389787846098473,-0.67191488887542,0.18721349050425604,51.057774620696804,0.5542777685920081,0.40144927536240327,0.287,-0.22813751634803864,-0.005623107797287144
2026-04-09 09:44:00,1.0,0.1,6.8,0.680000000000291,0.832159816603956,11.456505629250463,0.7506651921894106,1.8574599174174176,0.307249008896156,0.5891848892184078,1.36891924698389,0.8734680357734429,-0.34904321895959955,0.28533865264303443,55.29364894117273,0.4093743896939403,0.21535181236680265,0.216,-0.08554091724944926,0.0026185995076945267
2026-04-09 10:02:00,1.0,0.1,8.6,0.8599999999996726,0.16046939064048732,10.790298221139413,0.2699647350147061,0.451609390225456,1.5044069836918774,1.2143315904216445,1.0980030479997926,0.853030804902287,-0.3349898314235234,0.28326294528094054,54.64380221570336,0.6577204683829709,0.3564886571790663,0.17,0.22983609434825106,-0.004633792224780799
2026-04-09 11:21:00,1.0,0.1,0.1,0.0099999999993087,-0.5568432671082071,9.952547261597633,1.1816070490191717,0.8379764276207382,1.4749992754763148,3.07760407410346,1.3970106493499714,0.8250115580212707,0.0925014849660362,0.37449504223283087,59.61309754884146,0.566689094937697,0.3409574468085058,0.1265,-0.19723593853947974,-0.004019071595299575
2026-04-09 14:35:00,1.0,0.1,47.3,4.729999999999563,0.6253709198813193,12.337490461712086,1.057508416358202,2.2589683117884527,2.220873044241228,3.242150429549281,1.2969568252375254,0.781552042013512,1.7372786148659562,0.6977251253724809,61.29173150962046,1.0601831904626091,0.4013761467889931,0.2905,-0.4314491684122965,-0.005916924533953387
2026-04-09 16:17:00,1.0,0.1,15.7,1.5700000000006185,-1.0244510978043793,13.258303124864023,1.4481491197763465,1.3129131108305898,3.457456023466071,5.026284236557141,1.5472973272963082,0.8078787878787973,2.5924211272812006,0.8764252996783995,66.23578337312922,0.9842888548479399,0.36191570881227736,0.375,-0.3394099499475844,0.016819648630732556
2026-04-10 01:00:00,-1.0,0.1,6.7,0.6700000000000728,-0.0968586387434727,8.742648687761541,-0.07892345039168859,-0.12501932069281144,-0.6771403279977642,0.733187415957013,-0.22189616411229754,0.38451895957378823,0.6149451206814356,0.6281939181968296,48.27996474966842,0.9699577671319747,0.8832547169810571,0.0615,0.8498568643619776,-0.006862908729752758
2026-04-10 03:13:00,-1.0,0.1,7.5,0.75,-0.23546180159642197,10.068767914562631,-1.1332071706109519,-0.9752931126555092,-1.0838466128726532,-1.1047031865648833,-0.9209187481220579,0.3658888621602151,0.12146440151892574,0.5084329960134909,44.02286533346733,0.6286767212942449,0.519747235387046,0.1395,0.35257541241622586,0.025822424571349572
2026-04-10 07:14:00,-1.0,0.1,15.9,1.5900000000001455,1.4297556719022833,8.286677776520415,-2.32903951625645,-1.458968277281894,-0.815767208802796,-6.197899976939456,-1.6808730174354845,0.25754343188051554,-0.5026971310843296,0.4393335377695962,37.65392091571199,1.3744953414591439,0.3863037752414767,0.0465,-0.527352470779292,0.003620268678197823
2026-04-10 09:44:00,-1.0,0.1,0.1,0.0100000000002182,-0.9989539748953746,9.095343386076914,0.19460507700116417,-0.5299415091219238,-1.191818663668481,-2.323166823184022,-0.5820331423234737,0.4737793851717936,-0.6649651069810949,0.3531804733727771,45.167000434648024,1.7800317495196547,0.1278567016676741,0.0995,0.217693814950465,-0.0098951734068575
2026-04-13 06:57:00,1.0,0.1,19.0,1.899999999999636,1.3402154398564696,9.618780584103241,0.5395694344641778,0.8036361711769134,1.1383979397655306,-3.395440795684358,1.1347403422795186,0.7397260273972437,-0.3785362242375672,0.5705621311034152,55.578583940252834,0.7495752644483702,0.7586685159501009,0.131,-0.542688332929357,0.02599082054259246
2026-04-13 11:25:00,-1.0,0.1,0.1,0.0099999999993087,-1.9196428571429072,8.654232235094028,0.41251492946109053,0.27038793695772845,-0.767254658717647,7.181457385436615,-0.3080732297329116,0.4166666666666571,-0.37050868598928,0.540393197593994,50.868281738566296,1.052664147728489,0.07025246981343035,0.07,-0.0658637282332551,0.008088528028720957
2026-04-13 12:41:00,-1.0,0.1,9.1,0.9099999999998544,-0.06258411843877891,9.934147359107726,-1.0448808161159016,-0.1761600605205018,-2.16324554319174,3.7980109048219743,-1.1283287968737599,0.19890859481582143,-0.623802089716758,0.4722940281785319,43.467371755627674,1.4233732890056874,0.486562942008483,0.1535,-0.6573286829707611,0.03523201210413698
2026-04-13 14:01:00,1.0,0.1,2.8,0.2799999999997453,0.8329351046545316,11.049712179378382,0.6192921488734027,2.107113707762674,1.4129779804706748,0.8256323650697778,1.463811479845259,0.655965978128798,0.03375162230590056,0.5956173677918466,56.905853300060805,2.108652209374648,0.15206008583693337,0.2115,0.3179268331130005,-0.0027150028447476297
2026-04-13 16:05:00,-1.0,0.1,31.4,3.1400000000003274,-0.4560580204778629,11.880682355331084,-0.38297463596091447,-1.3410845878604405,0.6186513350137908,-0.2920707663261691,-0.4601654498938557,0.32061413411604944,-0.32948437459927804,0.5205555957081958,47.16494348084203,0.42926827327488465,0.39607843137260634,0.2715,0.16834049932347217,-0.0016834049932714667
2026-04-14 01:26:00,1.0,0.1,6.9,0.6899999999995998,-0.4680998613037424,8.88108972314364,1.8454942479961622,1.4671622972172287,3.7731856162509043,6.610675247093265,1.9846830552128867,0.9758007117437617,2.7373504815745577,0.9905468025949913,72.89580812628397,1.6349345015806,0.42424242424240144,0.091,0.6981125282230798,0.0045039517949836474
2026-04-14 03:51:00,1.0,0.1,0.1,0.0100000000002182,2.1182212581342936,7.917579886825436,-0.6176129663227269,-0.6959197227889986,1.0091467486543153,5.777017807690249,0.1825075648668126,0.6525453898184671,1.7132905348346823,0.8733290071382297,57.13068653258562,0.5149300743759093,0.20358106450818772,0.0325,-0.10230398828653452,0.0025260244021933806
2026-04-14 07:52:00,1.0,0.1,2.8,0.2799999999997453,0.501455604075657,9.35479941696852,0.9104417551220795,1.789455792032843,1.117073657511537,4.743019921893554,0.9975232475084486,0.5221418009183635,1.5674755930541773,0.8084442595673866,56.89538585596352,0.8370035156282685,0.6781609195402873,0.1205,0.5644161637953827,-0.0032069100215370546
2026-04-14 11:38:00,-1.0,0.1,60.9,6.0900000000001455,-0.20044378698217746,9.957542774926024,-0.5804644911548157,-0.04418760832316572,0.5503365763890665,2.288717258376957,-0.17649761219860813,0.5942093541202665,1.1078653626569601,0.8105241264559039,52.49902594459412,0.8084323795495808,0.18633540372670387,0.157,0.15465662913121703,0.004017055302105974
2026-04-14 14:21:00,1.0,0.1,2.5,0.25,-0.30057251908398774,10.742984190460993,1.2063687119178297,2.3351984472131133,1.1644809094206998,2.4955821887744065,1.917782460555582,0.8313530088156357,1.624138353349541,0.9149265274555277,66.02855328568347,1.005028007914919,0.025655274613321417,0.2035,0.02578426953713662,0.0
2026-04-14 14:34:00,1.0,0.1,40.2,4.020000000000437,-0.4196502057613439,11.101342462570937,2.3729562518062455,3.661989541991438,2.2666628009035423,3.6367673672009757,2.660034101030953,0.9743490023672672,2.1832450146774085,0.986259057971016,73.5990078550072,1.4160449560944084,0.9034987277353816,0.2245,1.2829979840746113,0.0036031678272089
