open_date,close_date,symbol,action,lots,sl,tp,open_price,close_price,pips,profit,duration,change,change_pct,dur_s,sl_dist,tp_dist,move
2025-10-15 04:02:00,2025-10-15 04:02:00,XAUUSD,Buy,0.1,4167.25,4179.65,4169.73,4169.42,-31.0,-3.1,2s,-0.10%,-0.1,2.0,2.4799999999995634,9.920000000000073,-0.3099999999994907
2025-10-15 06:46:00,2025-10-15 06:46:00,XAUUSD,Buy,0.1,4184.38,4196.78,4186.86,4186.9,4.0,0.4,8s,0.01%,0.01,8.0,2.4799999999995634,9.920000000000073,0.03999999999996362
2025-10-15 08:14:00,2025-10-15 08:14:00,XAUUSD,Buy,0.1,4188.09,4200.49,4190.57,4190.62,5.0,0.5,3s,0.02%,0.02,3.0,2.4799999999995634,9.920000000000073,0.0500000000001819
2025-10-15 09:43:00,2025-10-15 09:43:00,XAUUSD,Buy,0.1,4191.31,4203.71,4193.78,4193.42,-36.0,-3.6,2s,-0.12%,-0.12,2.0,2.469999999999345,9.930000000000291,-0.3599999999996726
2025-10-15 12:21:00,2025-10-15 12:21:00,XAUUSD,Sell,0.1,4175.77,4163.37,4172.76,4165.52,724.0,72.4,10s,2.42%,2.42,10.0,3.0100000000002183,9.390000000000327,7.239999999999782
2025-10-15 17:04:00,2025-10-15 17:04:00,XAUUSD,Buy,0.1,4201.79,4214.19,4204.3,4204.4,10.0,1.0,4s,0.03%,0.03,4.0,2.5100000000002183,9.889999999999418,0.0999999999994543
2025-10-16 03:15:00,2025-10-16 03:15:00,XAUUSD,Buy,0.1,4213.45,4225.85,4215.89,4216.96,107.0,10.7,28s,0.35%,0.35,28.0,2.4400000000005093,9.960000000000036,1.069999999999709
2025-10-16 04:00:00,2025-10-16 04:00:00,XAUUSD,Buy,0.1,4210.74,4223.14,4213.18,4214.52,134.0,13.4,13s,0.44%,0.44,13.0,2.4400000000005093,9.960000000000036,1.3400000000001455
2025-10-16 08:33:00,2025-10-16 08:33:00,XAUUSD,Sell,0.1,4207.69,4195.29,4205.18,4205.15,3.0,0.3,2s,0.01%,0.01,2.0,2.509999999999309,9.890000000000327,0.030000000000654836
2025-10-16 11:01:00,2025-10-16 11:01:00,XAUUSD,Buy,0.1,4231.58,4243.98,4234.03,4234.56,53.0,5.3,6s,0.17%,0.17,6.0,2.449999999999818,9.949999999999818,0.5300000000006548
2025-10-16 12:55:00,2025-10-16 12:55:00,XAUUSD,Buy,0.1,4233.35,4245.75,4235.76,4236.85,109.0,10.9,13s,0.35%,0.35,13.0,2.4099999999998545,9.989999999999782,1.0900000000001455
2025-10-16 15:34:00,2025-10-16 15:34:00,XAUUSD,Buy,0.1,4245.05,4257.45,4247.45,4247.68,23.0,2.3,5s,0.07%,0.07,5.0,2.399999999999636,10.0,0.23000000000047294
2025-10-17 10:19:00,2025-10-17 10:19:00,XAUUSD,Sell,0.1,4344.53,4332.13,4342.1,4341.88,22.0,2.2,18s,0.07%,0.07,18.0,2.4299999999993815,9.970000000000255,0.22000000000025466
2025-10-20 05:30:00,2025-10-20 05:31:00,XAUUSD,Buy,0.1,4266.52,4278.92,4268.92,4269.63,71.0,7.1,11s,0.23%,0.23,11.0,2.399999999999636,10.0,0.7100000000000364
2025-10-20 08:23:00,2025-10-20 08:23:00,XAUUSD,Sell,0.1,4251.41,4239.01,4248.83,4248.25,58.0,5.8,4s,0.19%,0.19,4.0,2.5799999999999272,9.819999999999709,0.5799999999999272
2025-10-20 08:49:00,2025-10-20 08:49:00,XAUUSD,Sell,0.1,4251.41,4239.01,4248.91,4247.07,184.0,18.4,12s,0.59%,0.59,12.0,2.5,9.899999999999636,1.8400000000001455
2025-10-20 13:06:00,2025-10-20 13:06:00,XAUUSD,Sell,0.1,4252.8,4240.4,4250.26,4250.17,9.0,0.9,3s,0.03%,0.03,3.0,2.5399999999999636,9.860000000000582,0.09000000000014552
2025-10-20 14:48:00,2025-10-20 14:48:00,XAUUSD,Buy,0.1,4263.71,4276.11,4266.14,4265.74,-40.0,-4.0,1s,-0.13%,-0.13,1.0,2.430000000000291,9.969999999999345,-0.4000000000005457
2025-10-20 17:20:00,2025-10-20 17:20:00,XAUUSD,Buy,0.1,4324.64,4337.04,4327.17,4333.87,670.0,67.0,16s,2.13%,2.13,16.0,2.5299999999997453,9.86999999999989,6.699999999999818
2025-10-21 04:17:00,2025-10-21 04:17:00,XAUUSD,Sell,0.1,4358.32,4345.92,4355.78,4354.86,92.0,9.2,13s,0.29%,0.29,13.0,2.5399999999999636,9.859999999999673,0.9200000000000728
2025-10-21 04:30:00,2025-10-21 04:30:00,XAUUSD,Sell,0.1,4349.19,4336.79,4346.61,4341.94,467.0,46.7,24s,1.45%,1.45,24.0,2.5799999999999272,9.819999999999709,4.670000000000073
2025-10-21 05:00:00,2025-10-21 05:00:00,XAUUSD,Sell,0.1,4349.19,4336.79,4346.72,4346.48,24.0,2.4,4s,0.07%,0.07,4.0,2.469999999999345,9.930000000000291,0.24000000000069122
2025-10-21 08:12:00,2025-10-21 08:12:00,XAUUSD,Sell,0.1,4335.47,4323.07,4332.99,4332.94,5.0,0.5,3s,0.02%,0.02,3.0,2.480000000000473,9.920000000000073,0.0500000000001819
2025-10-21 10:33:00,2025-10-21 10:33:00,XAUUSD,Sell,0.1,4319.41,4307.01,4316.8,4306.88,992.0,99.2,36s,3.04%,3.04,36.0,2.6099999999996726,9.789999999999964,9.920000000000073
2025-10-21 14:56:00,2025-10-21 14:57:00,XAUUSD,Sell,0.1,4251.62,4239.22,4249.13,4246.07,306.0,30.6,39s,0.91%,0.91,39.0,2.4899999999997817,9.909999999999854,3.0600000000004
2025-10-21 15:08:00,2025-10-21 15:08:00,XAUUSD,Sell,0.1,4251.62,4239.22,4249.09,4249.28,-19.0,-1.9,4s,-0.06%,-0.06,4.0,2.5299999999997453,9.86999999999989,-0.18999999999959982
2025-10-22 06:25:00,2025-10-22 06:25:00,XAUUSD,Buy,0.1,4118.23,4130.63,4120.65,4120.86,21.0,2.1,4s,0.06%,0.06,4.0,2.4200000000000728,9.980000000000473,0.21000000000003638
2025-10-22 08:17:00,2025-10-22 08:18:00,XAUUSD,Buy,0.1,4140.56,4152.96,4142.97,4144.77,180.0,18.0,40s,0.53%,0.53,40.0,2.4099999999998545,9.989999999999782,1.800000000000182
2025-10-22 09:31:00,2025-10-22 09:31:00,XAUUSD,Buy,0.1,4144.54,4156.94,4146.96,4148.52,156.0,15.6,12s,0.46%,0.46,12.0,2.4200000000000728,9.979999999999563,1.5600000000004002
2025-10-22 13:41:00,2025-10-22 13:41:00,XAUUSD,Sell,0.1,4063.94,4051.54,4061.3,4051.48,982.0,98.2,18s,2.86%,2.86,18.0,2.6399999999998727,9.760000000000218,9.820000000000164
2025-10-22 17:54:00,2025-10-22 17:54:00,XAUUSD,Sell,0.1,4017.51,4005.11,4014.89,4011.74,315.0,31.5,14s,0.89%,0.89,14.0,2.6200000000003456,9.779999999999745,3.150000000000091
2025-10-23 03:20:00,2025-10-23 03:21:00,XAUUSD,Sell,0.1,4083.17,4070.77,4080.71,4079.61,110.0,11.0,25s,0.31%,0.31,25.0,2.4600000000000364,9.940000000000055,1.099999999999909
2025-10-23 08:52:00,2025-10-23 08:52:00,XAUUSD,Buy,0.1,4098.26,4110.66,4100.68,4100.51,-17.0,-1.7,3s,-0.05%,-0.05,3.0,2.4200000000000728,9.979999999999563,-0.17000000000007276
2025-10-23 15:23:00,2025-10-23 15:23:00,XAUUSD,Sell,0.1,4104.15,4091.75,4101.72,4100.54,118.0,11.8,21s,0.33%,0.33,21.0,2.4299999999993815,9.970000000000255,1.180000000000291
2025-10-24 03:29:00,2025-10-24 03:29:00,XAUUSD,Buy,0.1,4130.51,4142.91,4133.02,4133.03,1.0,0.1,5s,0.00%,0.0,5.0,2.5100000000002183,9.889999999999418,0.009999999999308784
2025-10-24 07:21:00,2025-10-24 07:22:00,XAUUSD,Sell,0.1,4110.3,4097.9,4107.9,4108.21,-31.0,-3.1,19s,-0.09%,-0.09,19.0,2.4000000000005457,10.0,-0.3100000000004002
2025-10-24 07:30:00,2025-10-24 07:30:00,XAUUSD,Sell,0.1,4108.32,4095.92,4105.83,4103.83,200.0,20.0,18s,0.56%,0.56,18.0,2.4899999999997817,9.909999999999854,2.0
2025-10-24 09:00:00,2025-10-24 09:00:00,XAUUSD,Sell,0.1,4105.29,4092.89,4102.87,4102.87,0.0,0.0,8s,0.00%,0.0,8.0,2.4200000000000728,9.980000000000018,-0.0
2025-10-24 10:51:00,2025-10-24 10:52:00,XAUUSD,Sell,0.1,4084.03,4071.63,4081.58,4076.37,521.0,52.1,48s,1.45%,1.45,48.0,2.450000000000273,9.949999999999818,5.210000000000036
2025-10-27 06:01:00,2025-10-27 06:02:00,XAUUSD,Sell,0.1,4067.6,4055.2,4065.2,4063.51,169.0,16.9,15s,0.46%,0.46,15.0,2.400000000000091,10.0,1.6899999999995998
2025-10-27 06:41:00,2025-10-27 06:41:00,XAUUSD,Sell,0.1,4060.97,4048.57,4058.48,4058.67,-19.0,-1.9,3s,-0.05%,-0.05,3.0,2.4899999999997817,9.909999999999854,-0.19000000000005457
2025-10-27 07:27:00,2025-10-27 07:27:00,XAUUSD,Buy,0.1,4079.39,4091.79,4081.85,4084.17,232.0,23.2,26s,0.63%,0.63,26.0,2.4600000000000364,9.940000000000055,2.3200000000001637
2025-10-27 08:08:00,2025-10-27 08:08:00,XAUUSD,Buy,0.1,4081.99,4094.39,4084.42,4084.04,-38.0,-3.8,4s,-0.10%,-0.1,4.0,2.430000000000291,9.9699999999998,-0.38000000000010914
2025-10-27 10:53:00,2025-10-27 10:53:00,XAUUSD,Sell,0.1,4056.3,4043.9,4053.6,4043.39,1021.0,102.1,18s,2.77%,2.77,18.0,2.700000000000273,9.699999999999818,10.210000000000036
2025-10-27 13:11:00,2025-10-27 13:11:00,XAUUSD,Sell,0.1,4026.52,4014.12,4024.09,4022.75,134.0,13.4,5s,0.35%,0.35,5.0,2.4299999999998363,9.970000000000255,1.3400000000001455
2025-10-27 15:47:00,2025-10-27 15:48:00,XAUUSD,Sell,0.1,4017.95,4005.55,4015.42,4014.59,83.0,8.3,26s,0.22%,0.22,26.0,2.5299999999997453,9.86999999999989,0.8299999999999272
2025-10-27 16:01:00,2025-10-27 16:01:00,XAUUSD,Sell,0.1,4017.95,4005.55,4015.43,4015.13,30.0,3.0,2s,0.08%,0.08,2.0,2.519999999999982,9.879999999999654,0.29999999999972715
2025-10-28 03:00:00,2025-10-28 03:01:00,XAUUSD,Buy,0.1,4007.76,4020.16,4010.39,4012.13,174.0,17.4,33s,0.46%,0.46,33.0,2.6299999999996544,9.769999999999982,1.7400000000002365
2025-10-28 06:22:00,2025-10-28 06:22:00,XAUUSD,Sell,0.1,3983.26,3970.86,3980.85,3977.24,361.0,36.1,27s,0.94%,0.94,27.0,2.4100000000003092,9.989999999999782,3.6100000000001273
2025-10-28 07:31:00,2025-10-28 07:31:00,XAUUSD,Sell,0.1,3966.27,3953.87,3963.85,3964.15,-30.0,-3.0,2s,-0.08%,-0.08,2.0,2.4200000000000728,9.980000000000018,-0.3000000000001819
2025-10-28 15:18:00,2025-10-28 15:18:00,XAUUSD,Buy,0.1,3927.78,3940.18,3930.22,3932.04,182.0,18.2,18s,0.47%,0.47,18.0,2.4399999999996,9.960000000000036,1.8200000000001637
2025-10-29 08:25:00,2025-10-29 08:25:00,XAUUSD,Buy,0.1,3969.76,3982.16,3972.23,3973.62,139.0,13.9,26s,0.36%,0.36,26.0,2.4699999999998,9.929999999999836,1.3899999999998727
2025-10-29 14:15:00,2025-10-29 14:15:00,XAUUSD,Buy,0.1,4027.32,4039.72,4029.79,4029.91,12.0,1.2,5s,0.03%,0.03,5.0,2.4699999999998,9.929999999999836,0.11999999999989086
2025-10-29 15:13:00,2025-10-29 15:13:00,XAUUSD,Sell,0.1,4015.9,4003.5,4013.42,4010.09,333.0,33.3,22s,0.85%,0.85,22.0,2.480000000000018,9.920000000000073,3.3299999999999272
2025-10-29 17:27:00,2025-10-29 17:27:00,XAUUSD,Sell,0.1,4004.98,3992.58,4002.55,4002.21,34.0,3.4,4s,0.09%,0.09,4.0,2.4299999999998363,9.970000000000255,0.3400000000001455
2025-10-30 03:06:00,2025-10-30 03:06:00,XAUUSD,Buy,0.1,3961.79,3974.19,3964.42,3966.2,178.0,17.8,6s,0.45%,0.45,6.0,2.630000000000109,9.769999999999982,1.7799999999997453
2025-10-30 04:04:00,2025-10-30 04:05:00,XAUUSD,Sell,0.1,3940.53,3928.13,3938.09,3935.99,210.0,21.0,30s,0.53%,0.53,30.0,2.4400000000000546,9.960000000000036,2.100000000000364
2025-10-30 06:34:00,2025-10-30 06:34:00,XAUUSD,Buy,0.1,3964.04,3976.44,3966.59,3970.38,379.0,37.9,14s,0.95%,0.95,14.0,2.550000000000182,9.849999999999909,3.7899999999999636
2025-10-30 11:00:00,2025-10-30 11:01:00,XAUUSD,Buy,0.1,3974.71,3987.11,3977.12,3984.45,733.0,73.3,1m,1.83%,1.83,60.0,2.4099999999998545,9.990000000000236,7.329999999999927
2025-10-30 14:58:00,2025-10-30 14:58:00,XAUUSD,Sell,0.1,3966.18,3953.78,3963.53,3961.34,219.0,21.9,11s,0.54%,0.54,11.0,2.649999999999636,9.75,2.1900000000000546
2025-10-30 15:52:00,2025-10-30 15:52:00,XAUUSD,Buy,0.1,3982.64,3995.04,3985.16,3984.96,-20.0,-2.0,3s,-0.05%,-0.05,3.0,2.519999999999982,9.88000000000011,-0.1999999999998181
2025-10-31 04:14:00,2025-10-31 04:14:00,XAUUSD,Sell,0.1,4012.21,3999.81,4009.73,4009.73,0.0,0.0,5s,0.00%,0.0,5.0,2.480000000000018,9.920000000000073,-0.0
2025-10-31 06:07:00,2025-10-31 06:07:00,XAUUSD,Sell,0.1,3993.36,3980.96,3990.84,3990.56,28.0,2.8,5s,0.07%,0.07,5.0,2.519999999999982,9.88000000000011,0.2800000000002001
2025-10-31 07:46:00,2025-10-31 07:46:00,XAUUSD,Buy,0.1,4008.13,4020.53,4010.62,4010.86,24.0,2.4,5s,0.06%,0.06,5.0,2.4899999999997817,9.91000000000031,0.24000000000023647
2025-10-31 09:04:00,2025-10-31 09:04:00,XAUUSD,Buy,0.1,4012.54,4024.94,4015.1,4016.32,122.0,12.2,12s,0.30%,0.3,12.0,2.5599999999999454,9.840000000000146,1.2200000000002547
2025-11-03 04:21:00,2025-11-03 04:21:00,XAUUSD,Buy,0.1,4004.21,4016.61,4006.71,4006.32,-39.0,-3.9,2s,-0.09%,-0.09,2.0,2.5,9.900000000000091,-0.38999999999987267
2025-11-03 05:01:00,2025-11-03 05:01:00,XAUUSD,Buy,0.1,4004.14,4016.54,4006.57,4008.69,212.0,21.2,15s,0.52%,0.52,15.0,2.430000000000291,9.9699999999998,2.119999999999891
2025-11-03 05:30:00,2025-11-03 05:31:00,XAUUSD,Buy,0.1,4004.21,4016.61,4006.67,4007.54,87.0,8.7,35s,0.21%,0.21,35.0,2.4600000000000364,9.940000000000055,0.8699999999998909
2025-11-03 07:03:00,2025-11-03 07:03:00,XAUUSD,Sell,0.1,4004.07,3991.67,4001.61,4001.38,23.0,2.3,5s,0.06%,0.06,5.0,2.4600000000000364,9.940000000000055,0.2300000000000182
2025-11-03 07:31:00,2025-11-03 07:31:00,XAUUSD,Buy,0.1,4013.2,4025.6,4015.67,4017.41,174.0,17.4,21s,0.42%,0.42,21.0,2.4700000000002547,9.929999999999836,1.7399999999997817
2025-11-03 08:00:00,2025-11-03 08:00:00,XAUUSD,Buy,0.1,4013.2,4025.6,4015.61,4015.76,15.0,1.5,13s,0.04%,0.04,13.0,2.4100000000003092,9.989999999999782,0.15000000000009095
2025-11-03 09:01:00,2025-11-03 09:01:00,XAUUSD,Buy,0.1,4016.42,4028.82,4018.86,4020.52,166.0,16.6,34s,0.40%,0.4,34.0,2.4400000000000546,9.960000000000036,1.6599999999998545
2025-11-03 11:26:00,2025-11-03 11:27:00,XAUUSD,Sell,0.1,4013.64,4001.24,4011.21,4005.74,547.0,54.7,1m,1.31%,1.31,60.0,2.4299999999998363,9.970000000000255,5.470000000000255
2025-11-03 11:44:00,2025-11-03 11:44:00,XAUUSD,Sell,0.1,4000.03,3987.63,3997.58,3996.49,109.0,10.9,16s,0.26%,0.26,16.0,2.450000000000273,9.949999999999818,1.0900000000001455
2025-11-03 17:00:00,2025-11-03 17:00:00,XAUUSD,Buy,0.1,4025.27,4037.67,4027.84,4030.44,260.0,26.0,15s,0.61%,0.61,15.0,2.5700000000001637,9.829999999999927,2.599999999999909
2025-11-03 18:13:00,2025-11-03 18:13:00,XAUUSD,Sell,0.1,4004.24,3991.84,4001.81,4002.29,-48.0,-4.8,1s,-0.11%,-0.11,1.0,2.4299999999998363,9.9699999999998,-0.4800000000000182
2025-11-04 03:27:00,2025-11-04 03:27:00,XAUUSD,Sell,0.1,3983.38,3970.98,3980.97,3981.25,-28.0,-2.8,2s,-0.07%,-0.07,2.0,2.4100000000003092,9.989999999999782,-0.2800000000002001
2025-11-04 04:03:00,2025-11-04 04:03:00,XAUUSD,Sell,0.1,3980.23,3967.83,3977.82,3975.94,188.0,18.8,23s,0.44%,0.44,23.0,2.4099999999998545,9.990000000000236,1.8800000000001091
2025-11-04 07:45:00,2025-11-04 07:45:00,XAUUSD,Sell,0.1,3977.91,3965.51,3975.48,3973.8,168.0,16.8,26s,0.39%,0.39,26.0,2.4299999999998363,9.9699999999998,1.6799999999998363
2025-11-04 10:01:00,2025-11-04 10:01:00,XAUUSD,Buy,0.1,3993.94,4006.34,3996.4,3997.75,135.0,13.5,26s,0.31%,0.31,26.0,2.4600000000000364,9.940000000000055,1.349999999999909
2025-11-04 14:32:00,2025-11-04 14:33:00,XAUUSD,Sell,0.1,3988.27,3975.87,3985.84,3985.86,-2.0,-0.2,20s,0.00%,0.0,20.0,2.4299999999998363,9.970000000000255,-0.01999999999998181
2025-11-05 03:04:00,2025-11-05 03:05:00,XAUUSD,Buy,0.1,3940.78,3953.18,3943.27,3944.2,93.0,9.3,35s,0.22%,0.22,35.0,2.4899999999997817,9.909999999999854,0.9299999999998363
2025-11-05 04:48:00,2025-11-05 04:48:00,XAUUSD,Buy,0.1,3946.99,3959.39,3949.5,3949.12,-38.0,-3.8,5s,-0.09%,-0.09,5.0,2.5100000000002183,9.889999999999873,-0.38000000000010914
2025-11-05 06:31:00,2025-11-05 06:32:00,XAUUSD,Buy,0.1,3962.87,3975.27,3965.37,3966.16,79.0,7.9,34s,0.18%,0.18,34.0,2.5,9.900000000000091,0.7899999999999636
2025-11-05 07:24:00,2025-11-05 07:24:00,XAUUSD,Buy,0.1,3973.62,3986.02,3976.03,3975.87,-16.0,-1.6,6s,-0.04%,-0.04,6.0,2.4100000000003092,9.989999999999782,-0.16000000000030923
2025-11-05 10:05:00,2025-11-05 10:06:00,XAUUSD,Buy,0.1,3975.99,3988.39,3978.54,3982.64,410.0,41.0,41s,0.95%,0.95,41.0,2.550000000000182,9.849999999999909,4.099999999999909
2025-11-05 12:03:00,2025-11-05 12:03:00,XAUUSD,Sell,0.1,3964.33,3951.93,3961.91,3961.75,16.0,1.6,3s,0.04%,0.04,3.0,2.4200000000000728,9.980000000000018,0.15999999999985448
2025-11-05 15:00:00,2025-11-05 15:00:00,XAUUSD,Buy,0.1,3967.49,3979.89,3969.99,3971.13,114.0,11.4,18s,0.26%,0.26,18.0,2.5,9.900000000000091,1.1400000000003274
2025-11-05 18:46:00,2025-11-05 18:47:00,XAUUSD,Buy,0.1,3983.12,3995.52,3985.53,3989.53,400.0,40.0,1m,0.91%,0.91,60.0,2.4100000000003092,9.989999999999782,4.0
2025-11-06 03:08:00,2025-11-06 03:08:00,XAUUSD,Sell,0.1,3968.64,3956.24,3966.22,3965.52,70.0,7.0,12s,0.16%,0.16,12.0,2.4200000000000728,9.980000000000018,0.6999999999998181
2025-11-06 04:02:00,2025-11-06 04:03:00,XAUUSD,Buy,0.1,3974.81,3987.21,3977.26,3978.67,141.0,14.1,13s,0.32%,0.32,13.0,2.450000000000273,9.949999999999818,1.4099999999998545
2025-11-06 05:38:00,2025-11-06 05:38:00,XAUUSD,Buy,0.1,3987.78,4000.18,3990.19,3990.39,20.0,2.0,25s,0.05%,0.05,25.0,2.4099999999998545,9.989999999999782,0.1999999999998181
2025-11-06 07:28:00,2025-11-06 07:28:00,XAUUSD,Buy,0.1,3988.24,4000.64,3990.68,3990.88,20.0,2.0,15s,0.04%,0.04,15.0,2.4400000000000546,9.960000000000036,0.20000000000027285
2025-11-06 08:55:00,2025-11-06 08:55:00,XAUUSD,Buy,0.1,3988.68,4001.08,3991.12,3992.56,144.0,14.4,14s,0.32%,0.32,14.0,2.4400000000000546,9.960000000000036,1.4400000000000546
2025-11-06 13:42:00,2025-11-06 13:42:00,XAUUSD,Buy,0.1,4014.13,4026.53,4016.56,4016.74,18.0,1.8,19s,0.04%,0.04,19.0,2.4299999999998363,9.970000000000255,0.1799999999998363
2025-11-06 14:53:00,2025-11-06 14:53:00,XAUUSD,Sell,0.1,4006.69,3994.29,4004.26,4003.44,82.0,8.2,12s,0.18%,0.18,12.0,2.4299999999998363,9.970000000000255,0.8200000000001637
2025-11-06 16:18:00,2025-11-06 16:18:00,XAUUSD,Sell,0.1,4005.59,3993.19,4003.06,4001.65,141.0,14.1,13s,0.32%,0.32,13.0,2.5300000000002,9.86999999999989,1.4099999999998545
2025-11-06 17:01:00,2025-11-06 17:01:00,XAUUSD,Sell,0.1,3991.02,3978.62,3988.52,3988.07,45.0,4.5,5s,0.10%,0.1,5.0,2.5,9.900000000000091,0.4499999999998181
2025-11-07 03:05:00,2025-11-07 03:06:00,XAUUSD,Buy,0.1,3992.83,4005.23,3995.27,3995.1,-17.0,-1.7,22s,-0.04%,-0.04,22.0,2.4400000000000546,9.960000000000036,-0.17000000000007276
2025-11-07 06:02:00,2025-11-07 06:03:00,XAUUSD,Sell,0.1,3990.7,3978.3,3988.23,3987.39,84.0,8.4,43s,0.19%,0.19,43.0,2.4699999999998,9.929999999999836,0.8400000000001455
2025-11-07 08:23:00,2025-11-07 08:23:00,XAUUSD,Buy,0.1,3996.42,4008.82,3998.85,3999.77,92.0,9.2,17s,0.20%,0.2,17.0,2.4299999999998363,9.970000000000255,0.9200000000000728
2025-11-07 08:48:00,2025-11-07 08:48:00,XAUUSD,Buy,0.1,4001.2,4013.6,4003.65,4003.41,-24.0,-2.4,25s,-0.05%,-0.05,25.0,2.450000000000273,9.949999999999818,-0.24000000000023647
2025-11-07 10:11:00,2025-11-07 10:11:00,XAUUSD,Buy,0.1,4007.68,4020.08,4010.32,4009.91,-41.0,-4.1,3s,-0.09%,-0.09,3.0,2.6400000000003274,9.759999999999764,-0.41000000000030923
2025-11-10 03:11:00,2025-11-10 03:11:00,XAUUSD,Buy,0.1,4025.39,4037.79,4027.84,4028.92,108.0,10.8,11s,0.24%,0.24,11.0,2.450000000000273,9.949999999999818,1.0799999999999272
2025-11-10 06:03:00,2025-11-10 06:03:00,XAUUSD,Buy,0.1,4050.91,4063.31,4053.31,4054.6,129.0,12.9,22s,0.29%,0.29,22.0,2.400000000000091,10.0,1.2899999999999636
2025-11-10 07:30:00,2025-11-10 07:30:00,XAUUSD,Buy,0.1,4054.4,4066.8,4056.97,4059.89,292.0,29.2,22s,0.65%,0.65,22.0,2.569999999999709,9.830000000000382,2.9200000000000728
2025-11-10 10:06:00,2025-11-10 10:07:00,XAUUSD,Buy,0.1,4076.81,4089.21,4079.24,4083.05,381.0,38.1,1m,0.84%,0.84,60.0,2.4299999999998363,9.970000000000255,3.8100000000004
2025-11-10 11:37:00,2025-11-10 11:37:00,XAUUSD,Buy,0.1,4082.88,4095.28,4085.4,4085.75,35.0,3.5,5s,0.08%,0.08,5.0,2.519999999999982,9.88000000000011,0.34999999999990905
2025-11-10 14:00:00,2025-11-10 14:00:00,XAUUSD,Buy,0.1,4083.61,4096.01,4086.02,4086.1,8.0,0.8,6s,0.02%,0.02,6.0,2.4099999999998545,9.990000000000236,0.07999999999992724
2025-11-10 16:34:00,2025-11-10 16:34:00,XAUUSD,Sell,0.1,4078.16,4065.76,4075.69,4075.97,-28.0,-2.8,1s,-0.06%,-0.06,1.0,2.4699999999998,9.929999999999836,-0.27999999999974534
2025-11-10 18:30:00,2025-11-10 18:30:00,XAUUSD,Buy,0.1,4091.83,4104.23,4094.27,4094.82,55.0,5.5,13s,0.12%,0.12,13.0,2.4400000000000546,9.959999999999582,0.5500000000001819
2025-11-11 05:09:00,2025-11-11 05:10:00,XAUUSD,Buy,0.1,4138.59,4150.99,4141.09,4140.87,-22.0,-2.2,24s,-0.05%,-0.05,24.0,2.5,9.899999999999636,-0.22000000000025466
2025-11-11 07:35:00,2025-11-11 07:35:00,XAUUSD,Sell,0.1,4132.12,4119.72,4129.67,4129.15,52.0,5.2,15s,0.11%,0.11,15.0,2.449999999999818,9.949999999999818,0.5200000000004366
2025-11-11 11:02:00,2025-11-11 11:03:00,XAUUSD,Buy,0.1,4135.36,4147.76,4137.79,4138.99,120.0,12.0,36s,0.26%,0.26,36.0,2.430000000000291,9.970000000000255,1.199999999999818
2025-11-11 14:20:00,2025-11-11 14:20:00,XAUUSD,Sell,0.1,4139.31,4126.91,4136.86,4137.13,-27.0,-2.7,12s,-0.06%,-0.06,12.0,2.4500000000007276,9.949999999999818,-0.27000000000043656
2025-11-11 14:52:00,2025-11-11 14:52:00,XAUUSD,Sell,0.1,4139.31,4126.91,4136.9,4136.8,10.0,1.0,27s,0.02%,0.02,27.0,2.410000000000764,9.989999999999782,0.0999999999994543
2025-11-11 15:34:00,2025-11-11 15:35:00,XAUUSD,Buy,0.1,4142.06,4154.46,4144.54,4144.86,32.0,3.2,42s,0.07%,0.07,42.0,2.4799999999995634,9.920000000000073,0.31999999999970896
2025-11-12 04:41:00,2025-11-12 04:41:00,XAUUSD,Sell,0.1,4128.71,4116.31,4126.15,4121.36,479.0,47.9,23s,1.04%,1.04,23.0,2.5600000000004,9.839999999999236,4.789999999999964
2025-11-12 06:05:00,2025-11-12 06:06:00,XAUUSD,Sell,0.1,4109.15,4096.75,4106.71,4105.56,115.0,11.5,43s,0.25%,0.25,43.0,2.4399999999996,9.960000000000036,1.1499999999996362
2025-11-12 07:30:00,2025-11-12 07:30:00,XAUUSD,Sell,0.1,4106.07,4093.67,4103.66,4103.16,50.0,5.0,6s,0.11%,0.11,6.0,2.4099999999998545,9.989999999999782,0.5
2025-11-12 10:22:00,2025-11-12 10:23:00,XAUUSD,Buy,0.1,4123.05,4135.45,4125.5,4126.49,99.0,9.9,33s,0.21%,0.21,33.0,2.449999999999818,9.949999999999818,0.9899999999997817
2025-11-12 14:15:00,2025-11-12 14:15:00,XAUUSD,Buy,0.1,4128.66,4141.06,4131.12,4131.49,37.0,3.7,18s,0.08%,0.08,18.0,2.4600000000000364,9.94000000000051,0.36999999999989086
2025-11-12 16:51:00,2025-11-12 16:51:00,XAUUSD,Buy,0.1,4137.37,4149.77,4139.85,4139.43,-42.0,-4.2,2s,-0.09%,-0.09,2.0,2.480000000000473,9.920000000000073,-0.42000000000007276
2025-11-13 03:00:00,2025-11-13 03:00:00,XAUUSD,Buy,0.1,4205.75,4218.15,4208.24,4208.21,-3.0,-0.3,2s,-0.01%,-0.01,2.0,2.4899999999997817,9.909999999999854,-0.02999999999974534
2025-11-13 05:47:00,2025-11-13 05:48:00,XAUUSD,Buy,0.1,4206.78,4219.18,4209.18,4209.52,34.0,3.4,47s,0.07%,0.07,47.0,2.4000000000005457,10.0,0.3400000000001455
2025-11-13 09:59:00,2025-11-13 09:59:00,XAUUSD,Buy,0.1,4217.16,4229.56,4219.59,4219.92,33.0,3.3,36s,0.07%,0.07,36.0,2.430000000000291,9.970000000000255,0.32999999999992724
2025-11-13 12:21:00,2025-11-13 12:21:00,XAUUSD,Buy,0.1,4237.16,4249.56,4239.66,4240.05,39.0,3.9,7s,0.08%,0.08,7.0,2.5,9.900000000000546,0.3900000000003274
2025-11-13 12:58:00,2025-11-13 12:58:00,XAUUSD,Sell,0.1,4227.5,4215.1,4224.98,4222.54,244.0,24.4,33s,0.52%,0.52,33.0,2.5200000000004366,9.8799999999992,2.4399999999996
2025-11-13 14:56:00,2025-11-13 14:56:00,XAUUSD,Buy,0.1,4238.19,4250.59,4240.59,4242.34,175.0,17.5,18s,0.37%,0.37,18.0,2.4000000000005457,10.0,1.75
2025-11-13 16:08:00,2025-11-13 16:08:00,XAUUSD,Sell,0.1,4221.87,4209.47,4219.45,4214.91,454.0,45.4,17s,0.96%,0.96,17.0,2.4200000000000728,9.979999999999563,4.539999999999964
2025-11-14 03:54:00,2025-11-14 03:54:00,XAUUSD,Buy,0.1,4187.73,4200.13,4190.15,4192.32,217.0,21.7,24s,0.45%,0.45,24.0,2.4200000000000728,9.980000000000473,2.1700000000000728
2025-11-14 07:09:00,2025-11-14 07:09:00,XAUUSD,Sell,0.1,4199.56,4187.16,4197.15,4193.58,357.0,35.7,38s,0.74%,0.74,38.0,2.410000000000764,9.989999999999782,3.569999999999709
2025-11-14 08:16:00,2025-11-14 08:16:00,XAUUSD,Sell,0.1,4186.54,4174.14,4184.14,4184.02,12.0,1.2,4s,0.02%,0.02,4.0,2.399999999999636,10.0,0.11999999999989086
2025-11-14 08:48:00,2025-11-14 08:48:00,XAUUSD,Sell,0.1,4176.22,4163.82,4173.76,4174.16,-40.0,-4.0,2s,-0.08%,-0.08,2.0,2.4600000000000364,9.94000000000051,-0.3999999999996362
2025-11-17 05:01:00,2025-11-17 05:01:00,XAUUSD,Sell,0.1,4074.47,4062.07,4071.98,4071.14,84.0,8.4,6s,0.17%,0.17,6.0,2.4899999999997817,9.909999999999854,0.8400000000001455
2025-11-17 07:17:00,2025-11-17 07:18:00,XAUUSD,Sell,0.1,4072.62,4060.22,4070.21,4070.25,-4.0,-0.4,23s,-0.01%,-0.01,23.0,2.4099999999998545,9.990000000000236,-0.03999999999996362
2025-11-17 09:55:00,2025-11-17 09:56:00,XAUUSD,Buy,0.1,4085.54,4097.94,4087.95,4087.69,-26.0,-2.6,11s,-0.05%,-0.05,11.0,2.4099999999998545,9.989999999999782,-0.25999999999976353
2025-11-17 12:53:00,2025-11-17 12:54:00,XAUUSD,Sell,0.1,4074.61,4062.21,4072.21,4068.53,368.0,36.8,1m,0.76%,0.76,60.0,2.400000000000091,10.0,3.6799999999998363
2025-11-17 15:05:00,2025-11-17 15:05:00,XAUUSD,Buy,0.1,4087.05,4099.45,4089.52,4090.56,104.0,10.4,31s,0.21%,0.21,31.0,2.4699999999998,9.929999999999836,1.0399999999999636
2025-11-17 16:00:00,2025-11-17 16:00:00,XAUUSD,Sell,0.1,4063.47,4051.07,4061.06,4061.26,-20.0,-2.0,5s,-0.04%,-0.04,5.0,2.4099999999998545,9.989999999999782,-0.20000000000027285
2025-11-17 18:03:00,2025-11-17 18:04:00,XAUUSD,Sell,0.1,4063.18,4050.78,4060.71,4060.31,40.0,4.0,9s,0.08%,0.08,9.0,2.4699999999998,9.929999999999836,0.40000000000009095
2025-11-18 03:51:00,2025-11-18 03:51:00,XAUUSD,Sell,0.1,4029.72,4017.32,4027.3,4026.58,72.0,7.2,4s,0.15%,0.15,4.0,2.419999999999618,9.980000000000018,0.7200000000002547
2025-11-18 06:17:00,2025-11-18 06:17:00,XAUUSD,Sell,0.1,4010.88,3998.48,4008.46,4007.16,130.0,13.0,22s,0.27%,0.27,22.0,2.4200000000000728,9.980000000000018,1.300000000000182
2025-11-18 09:01:00,2025-11-18 09:01:00,XAUUSD,Sell,0.1,4007.49,3995.09,4005.03,4005.05,-2.0,-0.2,3s,0.00%,0.0,3.0,2.4599999999995816,9.940000000000055,-0.01999999999998181
2025-11-18 10:31:00,2025-11-18 10:31:00,XAUUSD,Buy,0.1,4022.7,4035.1,4025.26,4026.45,119.0,11.9,29s,0.24%,0.24,29.0,2.5600000000004,9.83999999999969,1.1899999999995998
2025-11-18 11:54:00,2025-11-18 11:54:00,XAUUSD,Buy,0.1,4040.25,4052.65,4042.67,4042.47,-20.0,-2.0,6s,-0.04%,-0.04,6.0,2.4200000000000728,9.980000000000018,-0.20000000000027285
2025-11-18 12:46:00,2025-11-18 12:46:00,XAUUSD,Buy,0.1,4044.73,4057.13,4047.31,4050.23,292.0,29.2,23s,0.59%,0.59,23.0,2.5799999999999272,9.820000000000164,2.9200000000000728
2025-11-18 13:33:00,2025-11-18 13:33:00,XAUUSD,Buy,0.1,4048.03,4060.43,4050.5,4050.13,-37.0,-3.7,3s,-0.07%,-0.07,3.0,2.4699999999998,9.929999999999836,-0.36999999999989086
2025-11-18 15:30:00,2025-11-18 15:30:00,XAUUSD,Buy,0.1,4048.03,4060.43,4050.45,4050.94,49.0,4.9,13s,0.10%,0.1,13.0,2.419999999999618,9.980000000000018,0.49000000000023647
2025-11-19 03:06:00,2025-11-19 03:07:00,XAUUSD,Sell,0.1,4067.29,4054.89,4064.79,4063.57,122.0,12.2,30s,0.25%,0.25,30.0,2.5,9.900000000000091,1.2199999999998
2025-11-19 05:05:00,2025-11-19 05:05:00,XAUUSD,Buy,0.1,4075.86,4088.26,4078.33,4078.36,3.0,0.3,4s,0.01%,0.01,4.0,2.4699999999998,9.930000000000291,0.03000000000020009
2025-11-19 07:16:00,2025-11-19 07:16:00,XAUUSD,Buy,0.1,4078.1,4090.5,4080.53,4085.43,490.0,49.0,25s,0.99%,0.99,25.0,2.430000000000291,9.9699999999998,4.899999999999636
2025-11-19 10:00:00,2025-11-19 10:00:00,XAUUSD,Sell,0.1,4087.38,4074.98,4084.98,4084.72,26.0,2.6,16s,0.05%,0.05,16.0,2.400000000000091,10.0,0.2600000000002183
2025-11-19 11:44:00,2025-11-19 11:44:00,XAUUSD,Buy,0.1,4094.67,4107.07,4097.11,4098.92,181.0,18.1,22s,0.36%,0.36,22.0,2.4399999999996,9.960000000000036,1.8100000000004002
2025-11-19 14:10:00,2025-11-19 14:11:00,XAUUSD,Buy,0.1,4116.69,4129.09,4119.14,4119.66,52.0,5.2,29s,0.10%,0.1,29.0,2.4500000000007276,9.949999999999818,0.5199999999995271
2025-11-19 15:34:00,2025-11-19 15:34:00,XAUUSD,Sell,0.1,4109.02,4096.62,4106.6,4106.98,-38.0,-3.8,4s,-0.08%,-0.08,4.0,2.4200000000000728,9.980000000000473,-0.37999999999919964
2025-11-19 16:55:00,2025-11-19 16:55:00,XAUUSD,Buy,0.1,4117.69,4130.09,4120.19,4122.04,185.0,18.5,16s,0.37%,0.37,16.0,2.5,9.900000000000546,1.8500000000003638
2025-11-19 17:35:00,2025-11-19 17:36:00,XAUUSD,Buy,0.1,4117.69,4130.09,4120.09,4120.89,80.0,8.0,27s,0.16%,0.16,27.0,2.4000000000005457,10.0,0.8000000000001819
2025-11-20 04:06:00,2025-11-20 04:07:00,XAUUSD,Sell,0.1,4067.98,4055.58,4065.58,4065.65,-7.0,-0.7,5s,-0.01%,-0.01,5.0,2.400000000000091,10.0,-0.07000000000016371
2025-11-20 09:44:00,2025-11-20 09:44:00,XAUUSD,Sell,0.1,4061.0,4048.6,4058.54,4058.93,-39.0,-3.9,1s,-0.08%,-0.08,1.0,2.4600000000000364,9.940000000000055,-0.38999999999987267
2025-11-20 14:11:00,2025-11-20 14:11:00,XAUUSD,Buy,0.1,4070.24,4082.64,4072.69,4073.85,116.0,11.6,16s,0.23%,0.23,16.0,2.450000000000273,9.949999999999818,1.1599999999998545
2025-11-20 16:49:00,2025-11-20 16:49:00,XAUUSD,Buy,0.1,4093.99,4106.39,4096.45,4103.95,750.0,75.0,24s,1.48%,1.48,24.0,2.4600000000000364,9.94000000000051,7.5
2025-11-20 18:22:00,2025-11-20 18:22:00,XAUUSD,Sell,0.1,4069.19,4056.79,4066.68,4066.64,4.0,0.4,2s,0.01%,0.01,2.0,2.5100000000002183,9.889999999999873,0.03999999999996362
2025-11-21 03:00:00,2025-11-21 03:00:00,XAUUSD,Sell,0.1,4075.76,4063.36,4073.24,4068.18,506.0,50.6,39s,0.98%,0.98,39.0,2.5200000000004366,9.879999999999654,5.059999999999945
2025-11-21 04:56:00,2025-11-21 04:56:00,XAUUSD,Sell,0.1,4062.95,4050.55,4060.54,4058.2,234.0,23.4,25s,0.45%,0.45,25.0,2.4099999999998545,9.989999999999782,2.3400000000001455
2025-11-21 06:41:00,2025-11-21 06:41:00,XAUUSD,Sell,0.1,4051.79,4039.39,4049.34,4048.75,59.0,5.9,17s,0.11%,0.11,17.0,2.449999999999818,9.950000000000273,0.5900000000001455
2025-11-21 07:48:00,2025-11-21 07:48:00,XAUUSD,Sell,0.1,4050.12,4037.72,4047.71,4045.98,173.0,17.3,25s,0.33%,0.33,25.0,2.4099999999998545,9.990000000000236,1.7300000000000182
2025-11-21 08:00:00,2025-11-21 08:00:00,XAUUSD,Buy,0.1,4059.92,4072.32,4062.51,4064.07,156.0,15.6,12s,0.30%,0.3,12.0,2.5900000000001455,9.809999999999945,1.5599999999999454
2025-11-21 10:03:00,2025-11-21 10:03:00,XAUUSD,Sell,0.1,4027.24,4014.84,4024.7,4022.9,180.0,18.0,14s,0.34%,0.34,14.0,2.5399999999999636,9.859999999999673,1.7999999999997272
2025-11-21 11:05:00,2025-11-21 11:05:00,XAUUSD,Buy,0.1,4045.71,4058.11,4048.14,4048.02,-12.0,-1.2,5s,-0.02%,-0.02,5.0,2.4299999999998363,9.970000000000255,-0.11999999999989086
2025-11-24 03:07:00,2025-11-24 03:07:00,XAUUSD,Sell,0.1,4060.46,4048.06,4057.97,4056.0,197.0,19.7,35s,0.37%,0.37,35.0,2.4900000000002365,9.909999999999854,1.9699999999998
2025-11-24 03:30:00,2025-11-24 03:30:00,XAUUSD,Sell,0.1,4056.95,4044.55,4054.47,4053.32,115.0,11.5,16s,0.22%,0.22,16.0,2.480000000000018,9.919999999999618,1.1499999999996362
2025-11-24 04:53:00,2025-11-24 04:53:00,XAUUSD,Sell,0.1,4045.04,4032.64,4042.64,4042.04,60.0,6.0,17s,0.11%,0.11,17.0,2.400000000000091,10.0,0.599999999999909
2025-11-24 07:22:00,2025-11-24 07:22:00,XAUUSD,Sell,0.1,4043.1,4030.7,4040.52,4040.93,-41.0,-4.1,2s,-0.08%,-0.08,2.0,2.5799999999999272,9.820000000000164,-0.4099999999998545
2025-11-24 09:32:00,2025-11-24 09:32:00,XAUUSD,Buy,0.1,4055.65,4068.05,4058.14,4058.58,44.0,4.4,7s,0.08%,0.08,7.0,2.4899999999997817,9.91000000000031,0.44000000000005457
2025-11-24 10:00:00,2025-11-24 10:00:00,XAUUSD,Buy,0.1,4058.75,4071.15,4061.15,4062.58,143.0,14.3,26s,0.27%,0.27,26.0,2.400000000000091,10.0,1.4299999999998363
2025-11-24 11:07:00,2025-11-24 11:07:00,XAUUSD,Buy,0.1,4065.17,4077.57,4067.61,4069.19,158.0,15.8,15s,0.30%,0.3,15.0,2.4400000000000546,9.960000000000036,1.5799999999999272
2025-11-24 12:03:00,2025-11-24 12:03:00,XAUUSD,Buy,0.1,4071.8,4084.2,4074.37,4076.82,245.0,24.5,22s,0.46%,0.46,22.0,2.569999999999709,9.829999999999927,2.450000000000273
2025-11-24 14:42:00,2025-11-24 14:42:00,XAUUSD,Buy,0.1,4074.69,4087.09,4077.17,4077.81,64.0,6.4,13s,0.12%,0.12,13.0,2.480000000000018,9.920000000000073,0.6399999999998727
2025-11-24 16:56:00,2025-11-24 16:56:00,XAUUSD,Buy,0.1,4083.66,4096.06,4086.06,4085.8,-26.0,-2.6,1s,-0.05%,-0.05,1.0,2.400000000000091,10.000000000000455,-0.25999999999976353
2025-11-24 18:03:00,2025-11-24 18:03:00,XAUUSD,Buy,0.1,4091.49,4103.89,4093.93,4093.72,-21.0,-2.1,2s,-0.04%,-0.04,2.0,2.4400000000000546,9.960000000000491,-0.21000000000003638
2025-11-25 03:01:00,2025-11-25 03:01:00,XAUUSD,Sell,0.1,4127.54,4115.14,4124.97,4124.51,46.0,4.6,3s,0.09%,0.09,3.0,2.569999999999709,9.829999999999927,0.4600000000000364
2025-11-25 04:19:00,2025-11-25 04:20:00,XAUUSD,Buy,0.1,4141.96,4154.36,4144.46,4145.49,103.0,10.3,35s,0.19%,0.19,35.0,2.5,9.899999999999636,1.0299999999997453
2025-11-25 07:53:00,2025-11-25 07:54:00,XAUUSD,Buy,0.1,4145.98,4158.38,4148.4,4148.12,-28.0,-2.8,8s,-0.05%,-0.05,8.0,2.4200000000000728,9.980000000000473,-0.27999999999974534
2025-11-25 10:34:00,2025-11-25 10:35:00,XAUUSD,Sell,0.1,4132.61,4120.21,4130.08,4129.87,21.0,2.1,34s,0.04%,0.04,34.0,2.5299999999997453,9.86999999999989,0.21000000000003638
2025-11-25 14:20:00,2025-11-25 14:20:00,XAUUSD,Buy,0.1,4136.3,4148.7,4138.73,4138.49,-24.0,-2.4,5s,-0.04%,-0.04,5.0,2.4299999999993815,9.970000000000255,-0.23999999999978172
2025-11-25 15:10:00,2025-11-25 15:10:00,XAUUSD,Buy,0.1,4136.31,4148.71,4139.2,4139.57,37.0,3.7,9s,0.07%,0.07,9.0,2.889999999999418,9.510000000000218,0.36999999999989086
2025-11-25 16:46:00,2025-11-25 16:46:00,XAUUSD,Sell,0.1,4118.39,4105.99,4115.83,4112.95,288.0,28.8,15s,0.53%,0.53,15.0,2.5600000000004,9.840000000000146,2.880000000000109
2025-11-26 04:25:00,2025-11-26 04:25:00,XAUUSD,Buy,0.1,4156.88,4169.28,4159.47,4162.69,322.0,32.2,13s,0.59%,0.59,13.0,2.5900000000001455,9.80999999999949,3.219999999999345
2025-11-26 08:15:00,2025-11-26 08:15:00,XAUUSD,Sell,0.1,4159.0,4146.6,4156.55,4156.17,38.0,3.8,30s,0.07%,0.07,30.0,2.449999999999818,9.949999999999818,0.38000000000010914
2025-11-26 10:27:00,2025-11-26 10:27:00,XAUUSD,Buy,0.1,4166.13,4178.53,4168.61,4168.21,-40.0,-4.0,2s,-0.07%,-0.07,2.0,2.4799999999995634,9.920000000000073,-0.3999999999996362
2025-11-26 13:30:00,2025-11-26 13:32:00,XAUUSD,Buy,0.1,4162.74,4175.14,4165.15,4168.52,337.0,33.7,1m,0.62%,0.62,60.0,2.4099999999998545,9.990000000000691,3.3700000000008004
2025-11-26 16:06:00,2025-11-26 16:06:00,XAUUSD,Sell,0.1,4151.44,4139.04,4149.03,4149.29,-26.0,-2.6,4s,-0.05%,-0.05,4.0,2.4099999999998545,9.989999999999782,-0.2600000000002183
2025-11-26 17:00:00,2025-11-26 17:00:00,XAUUSD,Sell,0.1,4142.32,4129.92,4139.74,4137.07,267.0,26.7,15s,0.49%,0.49,15.0,2.5799999999999272,9.819999999999709,2.6700000000000728
2025-11-26 18:40:00,2025-11-26 18:40:00,XAUUSD,Buy,0.1,4163.27,4175.67,4165.71,4166.4,69.0,6.9,27s,0.13%,0.13,27.0,2.4399999999996,9.960000000000036,0.6899999999995998
2025-11-27 03:05:00,2025-11-27 03:05:00,XAUUSD,Sell,0.1,4163.72,4151.32,4161.31,4159.67,164.0,16.4,28s,0.30%,0.3,28.0,2.4099999999998545,9.990000000000691,1.6400000000003274
2025-11-27 04:49:00,2025-11-27 04:50:00,XAUUSD,Sell,0.1,4151.14,4138.74,4148.74,4148.45,29.0,2.9,8s,0.05%,0.05,8.0,2.4000000000005457,10.0,0.2899999999999636
2025-11-27 06:07:00,2025-11-27 06:07:00,XAUUSD,Sell,0.1,4146.57,4134.17,4144.07,4143.55,52.0,5.2,13s,0.09%,0.09,13.0,2.5,9.899999999999636,0.5199999999995271
2025-11-27 08:12:00,2025-11-27 08:12:00,XAUUSD,Buy,0.1,4152.25,4164.65,4154.69,4154.4,-29.0,-2.9,3s,-0.05%,-0.05,3.0,2.4399999999996,9.960000000000036,-0.2899999999999636
2025-11-27 10:01:00,2025-11-27 10:01:00,XAUUSD,Buy,0.1,4159.69,4172.09,4162.19,4162.25,6.0,0.6,5s,0.01%,0.01,5.0,2.5,9.900000000000546,0.06000000000040018
2025-11-27 15:00:00,2025-11-27 15:00:00,XAUUSD,Sell,0.1,4154.75,4142.35,4152.35,4151.58,77.0,7.7,16s,0.14%,0.14,16.0,2.399999999999636,10.0,0.7700000000004366
2025-11-27 17:23:00,2025-11-27 17:23:00,XAUUSD,Buy,0.1,4158.22,4170.62,4160.65,4160.42,-23.0,-2.3,26s,-0.04%,-0.04,26.0,2.4299999999993815,9.970000000000255,-0.22999999999956344
2025-11-28 07:09:00,2025-11-28 07:09:00,XAUUSD,Sell,0.1,4180.96,4168.56,4178.28,4173.75,453.0,45.3,14s,0.82%,0.82,14.0,2.680000000000291,9.719999999999345,4.529999999999745
2025-12-01 07:13:00,2025-12-01 07:13:00,XAUUSD,Sell,0.1,4235.07,4222.67,4232.61,4229.67,294.0,29.4,25s,0.53%,0.53,25.0,2.4600000000000364,9.9399999999996,2.9399999999996
2025-12-01 10:00:00,2025-12-01 10:00:00,XAUUSD,Buy,0.1,4244.47,4256.87,4246.95,4246.75,-20.0,-2.0,5s,-0.04%,-0.04,5.0,2.4799999999995634,9.920000000000073,-0.1999999999998181
2025-12-01 12:03:00,2025-12-01 12:04:00,XAUUSD,Buy,0.1,4251.25,4263.65,4253.66,4253.88,22.0,2.2,21s,0.04%,0.04,21.0,2.4099999999998545,9.989999999999782,0.22000000000025466
2025-12-01 14:11:00,2025-12-01 14:11:00,XAUUSD,Sell,0.1,4250.68,4238.28,4248.28,4247.9,38.0,3.8,11s,0.07%,0.07,11.0,2.4000000000005457,10.0,0.38000000000010914
2025-12-01 15:30:00,2025-12-01 15:30:00,XAUUSD,Buy,0.1,4256.08,4268.48,4258.52,4259.34,82.0,8.2,16s,0.15%,0.15,16.0,2.4400000000005093,9.959999999999127,0.819999999999709
2025-12-01 16:30:00,2025-12-01 16:30:00,XAUUSD,Sell,0.1,4246.61,4234.21,4244.11,4244.52,-41.0,-4.1,1s,-0.07%,-0.07,1.0,2.5,9.899999999999636,-0.410000000000764
2025-12-02 03:01:00,2025-12-02 03:01:00,XAUUSD,Sell,0.1,4223.85,4211.45,4221.42,4221.27,15.0,1.5,5s,0.03%,0.03,5.0,2.430000000000291,9.970000000000255,0.1499999999996362
2025-12-02 08:03:00,2025-12-02 08:04:00,XAUUSD,Buy,0.1,4223.73,4236.13,4226.17,4226.06,-11.0,-1.1,49s,-0.02%,-0.02,49.0,2.4400000000005093,9.960000000000036,-0.10999999999967258
2025-12-02 11:06:00,2025-12-02 11:06:00,XAUUSD,Sell,0.1,4209.64,4197.24,4207.21,4206.28,93.0,9.3,15s,0.17%,0.17,15.0,2.430000000000291,9.970000000000255,0.930000000000291
2025-12-02 16:02:00,2025-12-02 16:02:00,XAUUSD,Buy,0.1,4212.69,4225.09,4215.18,4217.53,235.0,23.5,18s,0.42%,0.42,18.0,2.490000000000691,9.909999999999854,2.3499999999994543
2025-12-02 17:36:00,2025-12-02 17:36:00,XAUUSD,Sell,0.1,4183.31,4170.91,4180.82,4179.75,107.0,10.7,5s,0.19%,0.19,5.0,2.490000000000691,9.909999999999854,1.069999999999709
2025-12-03 03:00:00,2025-12-03 03:01:00,XAUUSD,Buy,0.1,4213.85,4226.25,4216.27,4217.24,97.0,9.7,23s,0.17%,0.17,23.0,2.4200000000000728,9.979999999999563,0.9699999999993452
2025-12-03 04:04:00,2025-12-03 04:04:00,XAUUSD,Buy,0.1,4218.66,4231.06,4221.07,4221.06,-1.0,-0.1,22s,0.00%,0.0,22.0,2.4099999999998545,9.990000000000691,-0.009999999999308784
2025-12-03 07:31:00,2025-12-03 07:31:00,XAUUSD,Sell,0.1,4219.77,4207.37,4217.35,4215.9,145.0,14.5,17s,0.26%,0.26,17.0,2.4200000000000728,9.980000000000473,1.4500000000007276
2025-12-03 09:24:00,2025-12-03 09:24:00,XAUUSD,Sell,0.1,4205.69,4193.29,4203.25,4203.26,-1.0,-0.1,6s,0.00%,0.0,6.0,2.4399999999996,9.960000000000036,-0.010000000000218279
2025-12-03 11:08:00,2025-12-03 11:09:00,XAUUSD,Sell,0.1,4201.9,4189.5,4199.39,4197.89,150.0,15.0,38s,0.26%,0.26,38.0,2.509999999999309,9.890000000000327,1.5
2025-12-03 12:11:00,2025-12-03 12:12:00,XAUUSD,Sell,0.1,4199.41,4187.01,4197.0,4195.77,123.0,12.3,37s,0.22%,0.22,37.0,2.4099999999998545,9.989999999999782,1.2299999999995634
2025-12-03 12:38:00,2025-12-03 12:38:00,XAUUSD,Sell,0.1,4201.9,4189.5,4199.49,4199.48,1.0,0.1,6s,0.00%,0.0,6.0,2.4099999999998545,9.989999999999782,0.010000000000218279
2025-12-03 14:00:00,2025-12-03 14:00:00,XAUUSD,Buy,0.1,4207.86,4220.26,4210.27,4210.28,1.0,0.1,5s,0.00%,0.0,5.0,2.410000000000764,9.989999999999782,0.009999999999308784
2025-12-03 18:55:00,2025-12-03 18:56:00,XAUUSD,Sell,0.1,4207.65,4195.25,4205.22,4202.28,294.0,29.4,57s,0.51%,0.51,57.0,2.4299999999993815,9.970000000000255,2.9400000000005093
2025-12-04 03:00:00,2025-12-04 03:00:00,XAUUSD,Buy,0.1,4210.21,4222.61,4212.66,4213.81,115.0,11.5,27s,0.20%,0.2,27.0,2.449999999999818,9.949999999999818,1.1500000000005457
2025-12-04 03:45:00,2025-12-04 03:45:00,XAUUSD,Buy,0.1,4213.32,4225.72,4215.8,4216.33,53.0,5.3,13s,0.09%,0.09,13.0,2.480000000000473,9.920000000000073,0.5299999999997453
2025-12-04 04:03:00,2025-12-04 04:03:00,XAUUSD,Sell,0.1,4204.62,4192.22,4202.18,4202.24,-6.0,-0.6,2s,-0.01%,-0.01,2.0,2.4399999999996,9.960000000000036,-0.05999999999949068
2025-12-04 04:34:00,2025-12-04 04:34:00,XAUUSD,Sell,0.1,4204.62,4192.22,4202.15,4202.45,-30.0,-3.0,4s,-0.05%,-0.05,4.0,2.4700000000002547,9.929999999999382,-0.3000000000001819
2025-12-04 05:02:00,2025-12-04 05:02:00,XAUUSD,Sell,0.1,4201.41,4189.01,4198.91,4188.89,1002.0,100.2,33s,1.74%,1.74,33.0,2.5,9.899999999999636,10.019999999999527
2025-12-04 07:38:00,2025-12-04 07:38:00,XAUUSD,Sell,0.1,4189.6,4177.2,4187.2,4184.97,223.0,22.3,25s,0.38%,0.38,25.0,2.4000000000005457,10.0,2.2299999999995634
2025-12-04 10:06:00,2025-12-04 10:06:00,XAUUSD,Buy,0.1,4192.48,4204.88,4194.88,4195.15,27.0,2.7,12s,0.05%,0.05,12.0,2.4000000000005457,10.0,0.26999999999952706
2025-12-04 11:43:00,2025-12-04 11:44:00,XAUUSD,Buy,0.1,4194.06,4206.46,4196.46,4197.45,99.0,9.9,51s,0.17%,0.17,51.0,2.399999999999636,10.0,0.9899999999997817
2025-12-04 13:09:00,2025-12-04 13:09:00,XAUUSD,Buy,0.1,4200.24,4212.64,4202.7,4205.79,309.0,30.9,35s,0.52%,0.52,35.0,2.4600000000000364,9.94000000000051,3.0900000000001455
2025-12-04 16:13:00,2025-12-04 16:13:00,XAUUSD,Buy,0.1,4204.06,4216.46,4206.49,4206.09,-40.0,-4.0,2s,-0.07%,-0.07,2.0,2.4299999999993815,9.970000000000255,-0.3999999999996362
2025-12-04 18:09:00,2025-12-04 18:09:00,XAUUSD,Buy,0.1,4210.78,4223.18,4213.29,4213.89,60.0,6.0,29s,0.10%,0.1,29.0,2.5100000000002183,9.890000000000327,0.6000000000003638
2025-12-05 03:07:00,2025-12-05 03:08:00,XAUUSD,Sell,0.1,4202.05,4189.65,4199.59,4199.92,-33.0,-3.3,23s,-0.06%,-0.06,23.0,2.4600000000000364,9.94000000000051,-0.32999999999992724
2025-12-05 05:54:00,2025-12-05 05:54:00,XAUUSD,Buy,0.1,4208.21,4220.61,4210.65,4210.35,-30.0,-3.0,22s,-0.05%,-0.05,22.0,2.4399999999996,9.960000000000036,-0.2999999999992724
2025-12-05 09:10:00,2025-12-05 09:10:00,XAUUSD,Buy,0.1,4226.89,4239.29,4229.33,4230.12,79.0,7.9,26s,0.13%,0.13,26.0,2.4399999999996,9.960000000000036,0.7899999999999636
2025-12-08 04:54:00,2025-12-08 04:55:00,XAUUSD,Buy,0.1,4209.33,4221.73,4211.75,4211.21,-54.0,-5.4,23s,-0.09%,-0.09,23.0,2.4200000000000728,9.979999999999563,-0.5399999999999636
2025-12-08 07:33:00,2025-12-08 07:33:00,XAUUSD,Buy,0.1,4210.85,4223.25,4213.32,4214.67,135.0,13.5,25s,0.23%,0.23,25.0,2.469999999999345,9.930000000000291,1.3500000000003638
2025-12-08 10:00:00,2025-12-08 10:01:00,XAUUSD,Sell,0.1,4207.07,4194.67,4204.64,4203.58,106.0,10.6,18s,0.18%,0.18,18.0,2.4299999999993815,9.970000000000255,1.0600000000004002
2025-12-08 12:31:00,2025-12-08 12:31:00,XAUUSD,Sell,0.1,4205.57,4193.17,4203.09,4201.38,171.0,17.1,25s,0.29%,0.29,25.0,2.4799999999995634,9.920000000000073,1.7100000000000364
2025-12-08 14:03:00,2025-12-08 14:03:00,XAUUSD,Buy,0.1,4210.32,4222.72,4212.78,4212.39,-39.0,-3.9,4s,-0.07%,-0.07,4.0,2.4600000000000364,9.94000000000051,-0.3899999999994179
2025-12-08 14:51:00,2025-12-08 14:52:00,XAUUSD,Buy,0.1,4211.5,4223.9,4214.01,4215.27,126.0,12.6,35s,0.21%,0.21,35.0,2.5100000000002183,9.889999999999418,1.2600000000002183
2025-12-08 15:51:00,2025-12-08 15:51:00,XAUUSD,Sell,0.1,4201.97,4189.57,4199.56,4198.71,85.0,8.5,5s,0.14%,0.14,5.0,2.4099999999998545,9.990000000000691,0.8500000000003638
2025-12-09 03:03:00,2025-12-09 03:03:00,XAUUSD,Buy,0.1,4193.24,4205.64,4195.67,4196.14,47.0,4.7,26s,0.08%,0.08,26.0,2.430000000000291,9.970000000000255,0.47000000000025466
2025-12-09 03:30:00,2025-12-09 03:31:00,XAUUSD,Buy,0.1,4193.08,4205.48,4195.5,4195.54,4.0,0.4,21s,0.01%,0.01,21.0,2.4200000000000728,9.979999999999563,0.03999999999996362
2025-12-09 04:04:00,2025-12-09 04:04:00,XAUUSD,Buy,0.1,4194.82,4207.22,4197.22,4196.85,-37.0,-3.7,3s,-0.06%,-0.06,3.0,2.4000000000005457,10.0,-0.36999999999989086
2025-12-09 06:54:00,2025-12-09 06:55:00,XAUUSD,Sell,0.1,4188.4,4176.0,4186.0,4185.03,97.0,9.7,27s,0.16%,0.16,27.0,2.399999999999636,10.0,0.9700000000002547
2025-12-09 10:01:00,2025-12-09 10:02:00,XAUUSD,Buy,0.1,4183.42,4195.82,4185.83,4185.53,-30.0,-3.0,41s,-0.05%,-0.05,41.0,2.4099999999998545,9.989999999999782,-0.3000000000001819
2025-12-09 11:05:00,2025-12-09 11:05:00,XAUUSD,Buy,0.1,4196.37,4208.77,4198.82,4202.97,415.0,41.5,39s,0.69%,0.69,39.0,2.449999999999818,9.950000000000728,4.150000000000546
2025-12-09 14:49:00,2025-12-09 14:50:00,XAUUSD,Buy,0.1,4204.12,4216.52,4206.52,4206.15,-37.0,-3.7,28s,-0.06%,-0.06,28.0,2.4000000000005457,10.0,-0.37000000000080036
2025-12-09 15:27:00,2025-12-09 15:27:00,XAUUSD,Sell,0.1,4201.01,4188.61,4198.61,4198.91,-30.0,-3.0,2s,-0.05%,-0.05,2.0,2.4000000000005457,10.0,-0.3000000000001819
2025-12-09 16:51:00,2025-12-09 16:51:00,XAUUSD,Buy,0.1,4205.59,4217.99,4208.06,4207.85,-21.0,-2.1,3s,-0.03%,-0.03,3.0,2.4700000000002547,9.929999999999382,-0.21000000000003638
2025-12-09 17:29:00,2025-12-09 17:29:00,XAUUSD,Buy,0.1,4205.59,4217.99,4208.16,4208.16,0.0,0.0,16s,0.00%,0.0,16.0,2.569999999999709,9.829999999999927,0.0
2025-12-09 17:58:00,2025-12-09 17:58:00,XAUUSD,Buy,0.1,4207.67,4220.07,4210.11,4211.55,144.0,14.4,28s,0.24%,0.24,28.0,2.4399999999996,9.960000000000036,1.4400000000005093
2025-12-10 03:00:00,2025-12-10 03:00:00,XAUUSD,Sell,0.1,4209.49,4197.09,4207.07,4207.49,-42.0,-4.2,2s,-0.07%,-0.07,2.0,2.4200000000000728,9.979999999999563,-0.42000000000007276
2025-12-10 04:43:00,2025-12-10 04:43:00,XAUUSD,Buy,0.1,4215.66,4228.06,4218.09,4218.36,27.0,2.7,8s,0.04%,0.04,8.0,2.430000000000291,9.970000000000255,0.26999999999952706
2025-12-10 05:40:00,2025-12-10 05:40:00,XAUUSD,Sell,0.1,4209.35,4196.95,4206.88,4207.07,-19.0,-1.9,5s,-0.03%,-0.03,5.0,2.4700000000002547,9.930000000000291,-0.18999999999959982
2025-12-10 07:12:00,2025-12-10 07:12:00,XAUUSD,Sell,0.1,4206.19,4193.79,4203.79,4203.79,0.0,0.0,14s,0.00%,0.0,14.0,2.399999999999636,10.0,-0.0
2025-12-10 09:59:00,2025-12-10 10:00:00,XAUUSD,Sell,0.1,4205.62,4193.22,4203.2,4202.66,54.0,5.4,32s,0.09%,0.09,32.0,2.4200000000000728,9.979999999999563,0.5399999999999636
2025-12-10 10:10:00,2025-12-10 10:10:00,XAUUSD,Sell,0.1,4204.21,4191.81,4201.75,4200.5,125.0,12.5,27s,0.21%,0.21,27.0,2.4600000000000364,9.9399999999996,1.25
2025-12-10 15:44:00,2025-12-10 15:45:00,XAUUSD,Buy,0.1,4199.9,4212.3,4202.3,4202.46,16.0,1.6,22s,0.03%,0.03,22.0,2.4000000000005457,10.0,0.15999999999985448
2025-12-10 16:01:00,2025-12-10 16:01:00,XAUUSD,Buy,0.1,4199.9,4212.3,4202.44,4202.12,-32.0,-3.2,1s,-0.05%,-0.05,1.0,2.5399999999999636,9.860000000000582,-0.31999999999970896
2025-12-11 03:02:00,2025-12-11 03:02:00,XAUUSD,Buy,0.1,4242.8,4255.2,4245.2,4245.38,18.0,1.8,8s,0.03%,0.03,8.0,2.399999999999636,10.0,0.18000000000029104
2025-12-11 03:44:00,2025-12-11 03:44:00,XAUUSD,Buy,0.1,4236.28,4248.68,4238.68,4238.46,-22.0,-2.2,6s,-0.04%,-0.04,6.0,2.4000000000005457,10.0,-0.22000000000025466
2025-12-11 06:47:00,2025-12-11 06:47:00,XAUUSD,Sell,0.1,4211.83,4199.43,4209.43,4209.14,29.0,2.9,20s,0.05%,0.05,20.0,2.399999999999636,10.0,0.2899999999999636
2025-12-11 07:39:00,2025-12-11 07:39:00,XAUUSD,Sell,0.1,4210.99,4198.59,4208.59,4207.16,143.0,14.3,16s,0.24%,0.24,16.0,2.399999999999636,10.0,1.430000000000291
2025-12-11 09:36:00,2025-12-11 09:37:00,XAUUSD,Buy,0.1,4213.04,4225.44,4215.44,4216.4,96.0,9.6,1m,0.16%,0.16,60.0,2.399999999999636,10.0,0.9600000000000364
2025-12-11 10:40:00,2025-12-11 10:40:00,XAUUSD,Buy,0.1,4216.16,4228.56,4218.56,4218.48,-8.0,-0.8,9s,-0.01%,-0.01,9.0,2.4000000000005457,10.0,-0.08000000000083674
2025-12-11 11:47:00,2025-12-11 11:48:00,XAUUSD,Buy,0.1,4217.21,4229.61,4219.61,4221.14,153.0,15.3,47s,0.25%,0.25,47.0,2.399999999999636,10.0,1.5300000000006548
2025-12-11 13:37:00,2025-12-11 13:38:00,XAUUSD,Sell,0.1,4214.3,4201.9,4211.9,4211.72,18.0,1.8,42s,0.03%,0.03,42.0,2.4000000000005457,10.0,0.17999999999938154
2025-12-11 14:01:00,2025-12-11 14:03:00,XAUUSD,Sell,0.1,4212.91,4200.51,4210.35,4209.09,126.0,12.6,1m,0.21%,0.21,60.0,2.5599999999994907,9.840000000000146,1.2600000000002183
2025-12-11 15:16:00,2025-12-11 15:16:00,XAUUSD,Sell,0.1,4211.27,4198.87,4208.87,4205.58,329.0,32.9,26s,0.54%,0.54,26.0,2.4000000000005457,10.0,3.2899999999999636
2025-12-11 15:32:00,2025-12-11 15:33:00,XAUUSD,Sell,0.1,4212.91,4200.51,4210.51,4209.67,84.0,8.4,20s,0.14%,0.14,20.0,2.399999999999636,10.0,0.8400000000001455
2025-12-11 16:08:00,2025-12-11 16:08:00,XAUUSD,Buy,0.1,4223.52,4235.92,4225.92,4225.89,-3.0,-0.3,8s,0.00%,0.0,8.0,2.399999999999636,10.0,-0.02999999999974534
2025-12-11 17:33:00,2025-12-11 17:33:00,XAUUSD,Buy,0.1,4242.06,4254.46,4244.46,4245.17,71.0,7.1,19s,0.12%,0.12,19.0,2.399999999999636,10.0,0.7100000000000364
2025-12-12 06:13:00,2025-12-12 06:14:00,XAUUSD,Sell,0.1,4271.11,4258.71,4268.71,4268.41,30.0,3.0,35s,0.05%,0.05,35.0,2.399999999999636,10.0,0.3000000000001819
2025-12-12 07:30:00,2025-12-12 07:31:00,XAUUSD,Buy,0.1,4274.43,4286.83,4276.83,4277.02,19.0,1.9,22s,0.03%,0.03,22.0,2.399999999999636,10.0,0.19000000000050932
2025-12-15 06:10:00,2025-12-15 06:10:00,XAUUSD,Buy,0.1,4327.27,4339.67,4329.67,4329.54,-13.0,-1.3,15s,-0.02%,-0.02,15.0,2.399999999999636,10.0,-0.13000000000010914
2025-12-15 07:28:00,2025-12-15 07:28:00,XAUUSD,Buy,0.1,4327.68,4340.08,4330.08,4330.82,74.0,7.4,15s,0.12%,0.12,15.0,2.399999999999636,10.0,0.7399999999997817
2025-12-15 10:48:00,2025-12-15 10:49:00,XAUUSD,Buy,0.1,4344.98,4357.38,4347.38,4347.65,27.0,2.7,40s,0.04%,0.04,40.0,2.4000000000005457,10.0,0.26999999999952706
2025-12-15 15:11:00,2025-12-15 15:12:00,XAUUSD,Sell,0.1,4337.74,4325.34,4335.33,4333.95,138.0,13.8,48s,0.22%,0.22,48.0,2.4099999999998545,9.989999999999782,1.3800000000001091
2025-12-15 15:57:00,2025-12-15 15:57:00,XAUUSD,Sell,0.1,4337.74,4325.34,4335.33,4333.12,221.0,22.1,27s,0.36%,0.36,27.0,2.4099999999998545,9.989999999999782,2.2100000000000364
2025-12-15 18:04:00,2025-12-15 18:05:00,XAUUSD,Sell,0.1,4314.08,4301.68,4311.68,4307.75,393.0,39.3,59s,0.63%,0.63,59.0,2.399999999999636,10.0,3.930000000000291
2025-12-16 03:04:00,2025-12-16 03:04:00,XAUUSD,Sell,0.1,4305.49,4293.09,4303.09,4303.09,0.0,0.0,20s,0.00%,0.0,20.0,2.399999999999636,10.0,-0.0
2025-12-16 03:30:00,2025-12-16 03:31:00,XAUUSD,Buy,0.1,4310.81,4323.21,4313.21,4314.17,96.0,9.6,49s,0.15%,0.15,49.0,2.399999999999636,10.0,0.9600000000000364
2025-12-16 04:53:00,2025-12-16 04:53:00,XAUUSD,Sell,0.1,4301.52,4289.12,4299.09,4297.4,169.0,16.9,17s,0.27%,0.27,17.0,2.430000000000291,9.970000000000255,1.6900000000005093
2025-12-16 07:29:00,2025-12-16 07:29:00,XAUUSD,Sell,0.1,4283.07,4270.67,4280.64,4280.19,45.0,4.5,5s,0.07%,0.07,5.0,2.4299999999993815,9.970000000000255,0.4500000000007276
2025-12-16 10:18:00,2025-12-16 10:19:00,XAUUSD,Sell,0.1,4282.17,4269.77,4279.76,4279.98,-22.0,-2.2,20s,-0.04%,-0.04,20.0,2.4099999999998545,9.989999999999782,-0.21999999999934516
2025-12-16 12:30:00,2025-12-16 12:30:00,XAUUSD,Sell,0.1,4277.7,4265.3,4275.29,4275.42,-13.0,-1.3,2s,-0.02%,-0.02,2.0,2.4099999999998545,9.989999999999782,-0.13000000000010914
2025-12-16 14:19:00,2025-12-16 14:19:00,XAUUSD,Buy,0.1,4289.76,4302.16,4292.16,4292.61,45.0,4.5,17s,0.07%,0.07,17.0,2.399999999999636,10.0,0.4499999999998181
2025-12-17 03:00:00,2025-12-17 03:00:00,XAUUSD,Buy,0.1,4312.67,4325.07,4315.08,4315.62,54.0,5.4,10s,0.09%,0.09,10.0,2.4099999999998545,9.989999999999782,0.5399999999999636
2025-12-17 06:39:00,2025-12-17 06:39:00,XAUUSD,Buy,0.1,4325.4,4337.8,4327.8,4328.02,22.0,2.2,5s,0.04%,0.04,5.0,2.4000000000005457,10.0,0.22000000000025466
2025-12-17 10:09:00,2025-12-17 10:09:00,XAUUSD,Sell,0.1,4313.58,4301.18,4311.18,4308.83,235.0,23.5,14s,0.37%,0.37,14.0,2.399999999999636,10.0,2.350000000000364
2025-12-17 12:38:00,2025-12-17 12:38:00,XAUUSD,Sell,0.1,4310.95,4298.55,4308.55,4307.63,92.0,9.2,4s,0.15%,0.15,4.0,2.399999999999636,10.0,0.9200000000000728
2025-12-17 15:06:00,2025-12-17 15:06:00,XAUUSD,Buy,0.1,4320.8,4333.2,4323.2,4323.35,15.0,1.5,4s,0.02%,0.02,4.0,2.399999999999636,10.0,0.1500000000005457
2025-12-17 17:31:00,2025-12-17 17:31:00,XAUUSD,Buy,0.1,4343.59,4355.99,4346.21,4346.39,18.0,1.8,16s,0.03%,0.03,16.0,2.619999999999891,9.779999999999745,0.18000000000029104
2025-12-18 09:12:00,2025-12-18 09:12:00,XAUUSD,Sell,0.1,4333.1,4320.7,4330.68,4330.34,34.0,3.4,13s,0.05%,0.05,13.0,2.4200000000000728,9.980000000000473,0.3400000000001455
2025-12-18 09:32:00,2025-12-18 09:32:00,XAUUSD,Buy,0.1,4335.0,4347.4,4337.4,4337.41,1.0,0.1,7s,0.00%,0.0,7.0,2.399999999999636,10.0,0.010000000000218279
2025-12-18 10:02:00,2025-12-18 10:02:00,XAUUSD,Sell,0.1,4332.5,4320.1,4330.08,4329.41,67.0,6.7,10s,0.11%,0.11,10.0,2.4200000000000728,9.979999999999563,0.6700000000000728
2025-12-18 11:42:00,2025-12-18 11:42:00,XAUUSD,Sell,0.1,4324.42,4312.02,4322.02,4321.54,48.0,4.8,15s,0.08%,0.08,15.0,2.399999999999636,10.0,0.48000000000047294
2025-12-18 14:27:00,2025-12-18 14:27:00,XAUUSD,Sell,0.1,4323.21,4310.81,4320.79,4320.72,7.0,0.7,7s,0.01%,0.01,7.0,2.4200000000000728,9.979999999999563,0.06999999999970896
2025-12-18 15:06:00,2025-12-18 15:06:00,XAUUSD,Sell,0.1,4319.78,4307.38,4317.38,4315.27,211.0,21.1,25s,0.33%,0.33,25.0,2.399999999999636,10.0,2.1099999999996726
2025-12-18 15:30:00,2025-12-18 15:30:00,XAUUSD,Sell,0.1,4323.21,4310.81,4320.8,4320.75,5.0,0.5,16s,0.01%,0.01,16.0,2.4099999999998545,9.989999999999782,0.0500000000001819
2025-12-18 16:43:00,2025-12-18 16:43:00,XAUUSD,Sell,0.1,4317.04,4304.64,4314.64,4313.65,99.0,9.9,6s,0.16%,0.16,6.0,2.399999999999636,10.0,0.9900000000006912
2025-12-18 18:02:00,2025-12-18 18:02:00,XAUUSD,Buy,0.1,4340.7,4353.1,4343.1,4344.07,97.0,9.7,19s,0.15%,0.15,19.0,2.4000000000005457,10.0,0.9699999999993452
2025-12-19 09:33:00,2025-12-19 09:34:00,XAUUSD,Buy,0.1,4327.1,4339.5,4329.5,4329.51,1.0,0.1,38s,0.00%,0.0,38.0,2.399999999999636,10.0,0.010000000000218279
2025-12-19 10:41:00,2025-12-19 10:41:00,XAUUSD,Buy,0.1,4327.2,4339.6,4329.6,4329.9,30.0,3.0,7s,0.05%,0.05,7.0,2.4000000000005457,10.0,0.2999999999992724
2025-12-19 11:44:00,2025-12-19 11:44:00,XAUUSD,Buy,0.1,4328.62,4341.02,4331.02,4330.82,-20.0,-2.0,4s,-0.03%,-0.03,4.0,2.4000000000005457,10.0,-0.2000000000007276
2025-12-22 04:31:00,2025-12-22 04:31:00,XAUUSD,Buy,0.1,4382.43,4394.83,4384.83,4385.24,41.0,4.1,7s,0.06%,0.06,7.0,2.399999999999636,10.0,0.4099999999998545
2025-12-22 08:45:00,2025-12-22 08:46:00,XAUUSD,Buy,0.1,4407.16,4419.56,4409.56,4410.7,114.0,11.4,47s,0.18%,0.18,47.0,2.4000000000005457,10.0,1.139999999999418
2025-12-22 12:32:00,2025-12-22 12:32:00,XAUUSD,Sell,0.1,4408.61,4396.21,4406.19,4406.34,-15.0,-1.5,2s,-0.02%,-0.02,2.0,2.4200000000000728,9.979999999999563,-0.1500000000005457
2025-12-22 13:02:00,2025-12-22 13:02:00,XAUUSD,Sell,0.1,4408.61,4396.21,4406.16,4406.41,-25.0,-2.5,1s,-0.04%,-0.04,1.0,2.449999999999818,9.949999999999818,-0.25
2025-12-22 14:58:00,2025-12-22 14:59:00,XAUUSD,Buy,0.1,4413.53,4425.93,4415.93,4415.73,-20.0,-2.0,40s,-0.03%,-0.03,40.0,2.4000000000005457,10.0,-0.2000000000007276
2025-12-22 16:17:00,2025-12-22 16:17:00,XAUUSD,Buy,0.1,4424.98,4437.38,4427.38,4428.16,78.0,7.8,25s,0.12%,0.12,25.0,2.4000000000005457,10.0,0.7799999999997453
2025-12-22 17:45:00,2025-12-22 17:45:00,XAUUSD,Buy,0.1,4426.85,4439.25,4429.26,4431.14,188.0,18.8,19s,0.29%,0.29,19.0,2.4099999999998545,9.989999999999782,1.8800000000001091
2025-12-23 04:32:00,2025-12-23 04:32:00,XAUUSD,Buy,0.1,4488.49,4500.89,4490.89,4493.61,272.0,27.2,27s,0.42%,0.42,27.0,2.4000000000005457,10.0,2.719999999999345
2025-12-23 13:58:00,2025-12-23 13:59:00,XAUUSD,Buy,0.1,4490.86,4503.26,4493.26,4493.29,3.0,0.3,13s,0.00%,0.0,13.0,2.4000000000005457,10.0,0.02999999999974534
2025-12-23 15:14:00,2025-12-23 15:15:00,XAUUSD,Buy,0.1,4491.83,4504.23,4494.24,4494.89,65.0,6.5,38s,0.10%,0.1,38.0,2.4099999999998545,9.989999999999782,0.6500000000005457
2025-12-23 16:00:00,2025-12-23 16:00:00,XAUUSD,Sell,0.1,4480.63,4468.23,4478.22,4474.72,350.0,35.0,27s,0.54%,0.54,27.0,2.4099999999998545,9.990000000000691,3.5
2025-12-24 04:08:00,2025-12-24 04:08:00,XAUUSD,Sell,0.1,4509.24,4496.84,4506.83,4505.23,160.0,16.0,31s,0.25%,0.25,31.0,2.4099999999998545,9.989999999999782,1.6000000000003638
2025-12-24 04:59:00,2025-12-24 04:59:00,XAUUSD,Sell,0.1,4485.79,4473.39,4483.37,4475.13,824.0,82.4,15s,1.27%,1.27,15.0,2.4200000000000728,9.979999999999563,8.239999999999782
2025-12-24 09:47:00,2025-12-24 09:48:00,XAUUSD,Sell,0.1,4487.72,4475.32,4485.32,4484.41,91.0,9.1,48s,0.14%,0.14,48.0,2.4000000000005457,10.0,0.9099999999998545
2025-12-24 12:03:00,2025-12-24 12:03:00,XAUUSD,Buy,0.1,4495.59,4507.99,4498.0,4498.88,88.0,8.8,19s,0.13%,0.13,19.0,2.4099999999998545,9.989999999999782,0.8800000000001091
2025-12-24 15:12:00,2025-12-24 15:12:00,XAUUSD,Sell,0.1,4484.75,4472.35,4482.35,4481.47,88.0,8.8,13s,0.13%,0.13,13.0,2.399999999999636,10.0,0.8800000000001091
2025-12-24 16:37:00,2025-12-24 16:37:00,XAUUSD,Sell,0.1,4477.02,4464.62,4474.62,4474.45,17.0,1.7,9s,0.03%,0.03,9.0,2.4000000000005457,10.0,0.17000000000007276
2025-12-24 17:37:00,2025-12-24 17:38:00,XAUUSD,Sell,0.1,4462.99,4450.59,4460.57,4457.4,317.0,31.7,56s,0.48%,0.48,56.0,2.4200000000000728,9.979999999999563,3.1700000000000728
2025-12-26 04:31:00,2025-12-26 04:31:00,XAUUSD,Sell,0.1,4500.01,4487.61,4497.6,4494.47,313.0,31.3,16s,0.47%,0.47,16.0,2.4099999999998545,9.990000000000691,3.130000000000109
2025-12-26 07:30:00,2025-12-26 07:30:00,XAUUSD,Buy,0.1,4509.29,4521.69,4511.7,4512.96,126.0,12.6,9s,0.19%,0.19,9.0,2.4099999999998545,9.989999999999782,1.2600000000002183
2025-12-26 08:08:00,2025-12-26 08:08:00,XAUUSD,Buy,0.1,4511.13,4523.53,4513.53,4513.53,0.0,0.0,4s,0.00%,0.0,4.0,2.399999999999636,10.0,0.0
2025-12-26 10:59:00,2025-12-26 10:59:00,XAUUSD,Buy,0.1,4517.05,4529.45,4519.45,4519.23,-22.0,-2.2,2s,-0.03%,-0.03,2.0,2.399999999999636,10.0,-0.22000000000025466
2025-12-29 07:58:00,2025-12-29 07:58:00,XAUUSD,Sell,0.1,4510.25,4497.85,4507.85,4508.06,-21.0,-2.1,17s,-0.03%,-0.03,17.0,2.399999999999636,10.0,-0.21000000000003638
2025-12-29 13:39:00,2025-12-29 13:39:00,XAUUSD,Sell,0.1,4455.03,4442.63,4452.63,4447.75,488.0,48.8,43s,0.73%,0.73,43.0,2.399999999999636,10.0,4.880000000000109
2025-12-29 15:42:00,2025-12-29 15:42:00,XAUUSD,Sell,0.1,4436.66,4424.26,4434.25,4427.51,674.0,67.4,17s,1.00%,1.0,17.0,2.4099999999998545,9.989999999999782,6.739999999999782
2025-12-30 03:05:00,2025-12-30 03:05:00,XAUUSD,Sell,0.1,4328.33,4315.93,4325.92,4324.82,110.0,11.0,21s,0.16%,0.16,21.0,2.4099999999998545,9.989999999999782,1.1000000000003638
2025-12-30 06:40:00,2025-12-30 06:41:00,XAUUSD,Buy,0.1,4366.81,4379.21,4369.22,4369.54,32.0,3.2,22s,0.05%,0.05,22.0,2.4099999999998545,9.989999999999782,0.31999999999970896
2025-12-30 09:49:00,2025-12-30 09:50:00,XAUUSD,Buy,0.1,4377.75,4390.15,4380.15,4382.81,266.0,26.6,25s,0.39%,0.39,25.0,2.399999999999636,10.0,2.660000000000764
2025-12-30 10:27:00,2025-12-30 10:27:00,XAUUSD,Sell,0.1,4361.57,4349.17,4359.15,4357.3,185.0,18.5,20s,0.27%,0.27,20.0,2.4200000000000728,9.979999999999563,1.8499999999994543
2025-12-30 12:15:00,2025-12-30 12:15:00,XAUUSD,Buy,0.1,4374.11,4386.51,4376.51,4376.44,-7.0,-0.7,7s,-0.01%,-0.01,7.0,2.4000000000005457,10.0,-0.07000000000061846
2025-12-30 12:30:00,2025-12-30 12:30:00,XAUUSD,Buy,0.1,4381.0,4393.4,4383.42,4388.05,463.0,46.3,25s,0.68%,0.68,25.0,2.4200000000000728,9.979999999999563,4.630000000000109
2025-12-30 14:11:00,2025-12-30 14:11:00,XAUUSD,Buy,0.1,4389.33,4401.73,4391.75,4392.39,64.0,6.4,6s,0.09%,0.09,6.0,2.4200000000000728,9.979999999999563,0.6400000000003274
2025-12-30 16:36:00,2025-12-30 16:36:00,XAUUSD,Sell,0.1,4378.76,4366.36,4376.28,4376.52,-24.0,-2.4,0s,-0.03%,-0.03,0.0,2.480000000000473,9.920000000000073,-0.24000000000069122
2025-12-30 18:09:00,2025-12-30 18:09:00,XAUUSD,Sell,0.1,4358.31,4345.91,4355.9,4355.98,-8.0,-0.8,7s,-0.01%,-0.01,7.0,2.410000000000764,9.989999999999782,-0.07999999999992724
2025-12-31 06:54:00,2025-12-31 06:55:00,XAUUSD,Sell,0.1,4343.27,4330.87,4340.86,4339.76,110.0,11.0,42s,0.16%,0.16,42.0,2.410000000000764,9.989999999999782,1.0999999999994543
2025-12-31 11:43:00,2025-12-31 11:43:00,XAUUSD,Buy,0.1,4332.62,4345.02,4335.03,4336.18,115.0,11.5,18s,0.17%,0.17,18.0,2.4099999999998545,9.990000000000691,1.1500000000005457
2025-12-31 14:24:00,2025-12-31 14:24:00,XAUUSD,Sell,0.1,4306.18,4293.78,4303.78,4303.77,1.0,0.1,5s,0.00%,0.0,5.0,2.4000000000005457,10.0,0.009999999999308784
2025-12-31 15:46:00,2025-12-31 15:46:00,XAUUSD,Buy,0.1,4334.91,4347.31,4337.32,4340.21,289.0,28.9,16s,0.42%,0.42,16.0,2.4099999999998545,9.990000000000691,2.8900000000003274
2025-12-31 18:05:00,2025-12-31 18:05:00,XAUUSD,Sell,0.1,4329.67,4317.27,4327.24,4326.04,120.0,12.0,4s,0.17%,0.17,4.0,2.430000000000291,9.969999999999345,1.199999999999818
2026-01-02 04:50:00,2026-01-02 04:51:00,XAUUSD,Buy,0.1,4353.6,4366.0,4356.02,4359.67,365.0,36.5,1m,0.52%,0.52,60.0,2.4200000000000728,9.979999999999563,3.649999999999636
2026-01-02 07:10:00,2026-01-02 07:11:00,XAUUSD,Buy,0.1,4376.01,4388.41,4378.42,4378.95,53.0,5.3,24s,0.08%,0.08,24.0,2.4099999999998545,9.989999999999782,0.5299999999997453
2026-01-02 09:56:00,2026-01-02 09:56:00,XAUUSD,Buy,0.1,4379.34,4391.74,4381.74,4382.34,60.0,6.0,18s,0.09%,0.09,18.0,2.399999999999636,10.0,0.6000000000003638
2026-01-05 03:02:00,2026-01-05 03:02:00,XAUUSD,Buy,0.1,4399.91,4412.31,4402.33,4410.3,797.0,79.7,29s,1.14%,1.14,29.0,2.4200000000000728,9.980000000000473,7.970000000000255
2026-01-05 07:30:00,2026-01-05 07:30:00,XAUUSD,Buy,0.1,4411.61,4424.01,4414.02,4414.03,1.0,0.1,3s,0.00%,0.0,3.0,2.410000000000764,9.989999999999782,0.009999999999308784
2026-01-05 10:15:00,2026-01-05 10:18:00,XAUUSD,Buy,0.1,4424.01,4436.41,4426.43,4430.01,358.0,35.8,2m,0.50%,0.5,120.0,2.4200000000000728,9.979999999999563,3.5799999999999272
2026-01-05 12:38:00,2026-01-05 12:38:00,XAUUSD,Buy,0.1,4435.76,4448.16,4438.16,4438.74,58.0,5.8,16s,0.08%,0.08,16.0,2.399999999999636,10.0,0.5799999999999272
2026-01-05 14:42:00,2026-01-05 14:43:00,XAUUSD,Sell,0.1,4413.47,4401.07,4411.04,4407.85,319.0,31.9,34s,0.45%,0.45,34.0,2.430000000000291,9.970000000000255,3.1899999999996
2026-01-05 16:55:00,2026-01-05 16:55:00,XAUUSD,Buy,0.1,4437.48,4449.88,4439.88,4442.63,275.0,27.5,41s,0.38%,0.38,41.0,2.4000000000005457,10.0,2.75
2026-01-06 04:13:00,2026-01-06 04:13:00,XAUUSD,Buy,0.1,4457.72,4470.12,4460.12,4460.23,11.0,1.1,4s,0.02%,0.02,4.0,2.399999999999636,10.0,0.10999999999967258
2026-01-06 07:04:00,2026-01-06 07:04:00,XAUUSD,Buy,0.1,4466.07,4478.47,4468.48,4469.09,61.0,6.1,17s,0.08%,0.08,17.0,2.4099999999998545,9.990000000000691,0.6100000000005821
2026-01-06 07:47:00,2026-01-06 07:47:00,XAUUSD,Sell,0.1,4464.27,4451.87,4461.86,4458.07,379.0,37.9,28s,0.53%,0.53,28.0,2.410000000000764,9.989999999999782,3.7899999999999636
2026-01-06 08:25:00,2026-01-06 08:25:00,XAUUSD,Buy,0.1,4457.72,4470.12,4460.12,4460.2,8.0,0.8,6s,0.01%,0.01,6.0,2.399999999999636,10.0,0.07999999999992724
2026-01-06 10:25:00,2026-01-06 10:25:00,XAUUSD,Buy,0.1,4468.01,4480.41,4470.41,4471.76,135.0,13.5,28s,0.19%,0.19,28.0,2.399999999999636,10.0,1.3500000000003638
2026-01-06 11:11:00,2026-01-06 11:11:00,XAUUSD,Sell,0.1,4459.59,4447.19,4457.19,4454.08,311.0,31.1,27s,0.43%,0.43,27.0,2.4000000000005457,10.0,3.1099999999996726
2026-01-06 16:02:00,2026-01-06 16:02:00,XAUUSD,Buy,0.1,4468.05,4480.45,4470.45,4471.25,80.0,8.0,14s,0.11%,0.11,14.0,2.399999999999636,10.0,0.8000000000001819
2026-01-06 16:33:00,2026-01-06 16:33:00,XAUUSD,Buy,0.1,4473.31,4485.71,4475.72,4477.67,195.0,19.5,14s,0.27%,0.27,14.0,2.4099999999998545,9.989999999999782,1.949999999999818
2026-01-07 03:06:00,2026-01-07 03:07:00,XAUUSD,Sell,0.1,4479.84,4467.44,4477.44,4472.33,511.0,51.1,1m,0.70%,0.7,60.0,2.4000000000005457,10.0,5.109999999999673
2026-01-07 07:33:00,2026-01-07 07:33:00,XAUUSD,Sell,0.1,4462.09,4449.69,4459.69,4458.65,104.0,10.4,17s,0.14%,0.14,17.0,2.4000000000005457,10.0,1.0399999999999636
2026-01-07 08:46:00,2026-01-07 08:46:00,XAUUSD,Sell,0.1,4445.67,4433.27,4443.26,4442.47,79.0,7.9,5s,0.11%,0.11,5.0,2.4099999999998545,9.989999999999782,0.7899999999999636
2026-01-07 13:25:00,2026-01-07 13:26:00,XAUUSD,Sell,0.1,4461.19,4448.79,4458.79,4456.37,242.0,24.2,37s,0.33%,0.33,37.0,2.399999999999636,10.0,2.4200000000000728
2026-01-07 14:18:00,2026-01-07 14:18:00,XAUUSD,Sell,0.1,4443.97,4431.57,4441.56,4440.77,79.0,7.9,5s,0.11%,0.11,5.0,2.4099999999998545,9.990000000000691,0.7899999999999636
2026-01-07 15:06:00,2026-01-07 15:06:00,XAUUSD,Sell,0.1,4441.77,4429.37,4439.34,4438.53,81.0,8.1,4s,0.11%,0.11,4.0,2.430000000000291,9.970000000000255,0.8100000000004002
2026-01-07 15:33:00,2026-01-07 15:33:00,XAUUSD,Sell,0.1,4443.97,4431.57,4441.56,4441.72,-16.0,-1.6,2s,-0.02%,-0.02,2.0,2.4099999999998545,9.990000000000691,-0.15999999999985448
2026-01-07 17:14:00,2026-01-07 17:15:00,XAUUSD,Sell,0.1,4430.31,4417.91,4427.91,4426.78,113.0,11.3,21s,0.15%,0.15,21.0,2.4000000000005457,10.0,1.1300000000001091
2026-01-07 18:22:00,2026-01-07 18:22:00,XAUUSD,Buy,0.1,4451.94,4464.34,4454.35,4460.87,652.0,65.2,29s,0.88%,0.88,29.0,2.410000000000764,9.989999999999782,6.519999999999527
2026-01-08 03:00:00,2026-01-08 03:00:00,XAUUSD,Sell,0.1,4452.14,4439.74,4449.73,4444.85,488.0,48.8,40s,0.65%,0.65,40.0,2.410000000000764,9.989999999999782,4.8799999999992
2026-01-08 06:43:00,2026-01-08 06:44:00,XAUUSD,Sell,0.1,4435.86,4423.46,4433.46,4433.25,21.0,2.1,35s,0.03%,0.03,35.0,2.399999999999636,10.0,0.21000000000003638
2026-01-08 13:48:00,2026-01-08 13:48:00,XAUUSD,Sell,0.1,4425.46,4413.06,4423.02,4422.5,52.0,5.2,25s,0.07%,0.07,25.0,2.4399999999996,9.960000000000036,0.5200000000004366
2026-01-08 15:25:00,2026-01-08 15:25:00,XAUUSD,Buy,0.1,4433.0,4445.4,4435.4,4435.82,42.0,4.2,3s,0.06%,0.06,3.0,2.399999999999636,10.0,0.42000000000007276
2026-01-08 16:47:00,2026-01-08 16:47:00,XAUUSD,Buy,0.1,4433.63,4446.03,4436.03,4437.43,140.0,14.0,19s,0.19%,0.19,19.0,2.399999999999636,10.0,1.4000000000005457
2026-01-09 07:16:00,2026-01-09 07:16:00,XAUUSD,Sell,0.1,4462.89,4450.49,4460.48,4460.32,16.0,1.6,6s,0.02%,0.02,6.0,2.410000000000764,9.989999999999782,0.15999999999985448
2026-01-09 07:30:00,2026-01-09 07:30:00,XAUUSD,Buy,0.1,4464.4,4476.8,4466.81,4468.0,119.0,11.9,17s,0.16%,0.16,17.0,2.410000000000764,9.989999999999782,1.1899999999995998
2026-01-09 08:46:00,2026-01-09 08:46:00,XAUUSD,Buy,0.1,4474.05,4486.45,4476.45,4476.32,-13.0,-1.3,4s,-0.02%,-0.02,4.0,2.399999999999636,10.0,-0.13000000000010914
2026-01-09 11:20:00,2026-01-09 11:20:00,XAUUSD,Buy,0.1,4474.51,4486.91,4476.94,4477.03,9.0,0.9,4s,0.01%,0.01,4.0,2.4299999999993815,9.970000000000255,0.09000000000014552
2026-01-12 09:15:00,2026-01-12 09:15:00,XAUUSD,Buy,0.1,4582.55,4594.95,4584.95,4585.04,9.0,0.9,7s,0.01%,0.01,7.0,2.399999999999636,10.0,0.09000000000014552
2026-01-12 10:47:00,2026-01-12 10:47:00,XAUUSD,Buy,0.1,4587.24,4599.64,4589.64,4592.94,330.0,33.0,28s,0.43%,0.43,28.0,2.4000000000005457,10.0,3.2999999999992724
2026-01-12 13:25:00,2026-01-12 13:26:00,XAUUSD,Sell,0.1,4588.46,4576.06,4586.05,4584.25,180.0,18.0,55s,0.24%,0.24,55.0,2.4099999999998545,9.989999999999782,1.800000000000182
2026-01-12 15:07:00,2026-01-12 15:07:00,XAUUSD,Buy,0.1,4596.9,4609.3,4599.31,4600.97,166.0,16.6,18s,0.22%,0.22,18.0,2.410000000000764,9.989999999999782,1.6599999999998545
2026-01-12 17:26:00,2026-01-12 17:26:00,XAUUSD,Buy,0.1,4617.92,4630.32,4620.32,4622.06,174.0,17.4,23s,0.23%,0.23,23.0,2.399999999999636,10.0,1.7400000000006912
2026-01-13 03:31:00,2026-01-13 03:32:00,XAUUSD,Sell,0.1,4580.51,4568.11,4578.11,4576.44,167.0,16.7,42s,0.22%,0.22,42.0,2.4000000000005457,10.0,1.6700000000000728
2026-01-13 06:20:00,2026-01-13 06:20:00,XAUUSD,Buy,0.1,4597.2,4609.6,4599.6,4599.61,1.0,0.1,5s,0.00%,0.0,5.0,2.4000000000005457,10.0,0.009999999999308784
2026-01-13 08:40:00,2026-01-13 08:40:00,XAUUSD,Sell,0.1,4578.02,4565.62,4575.61,4575.61,0.0,0.0,2s,0.00%,0.0,2.0,2.410000000000764,9.989999999999782,-0.0
2026-01-13 14:23:00,2026-01-13 14:24:00,XAUUSD,Sell,0.1,4582.82,4570.42,4580.42,4579.92,50.0,5.0,31s,0.07%,0.07,31.0,2.399999999999636,10.0,0.5
2026-01-13 14:30:00,2026-01-13 14:30:00,XAUUSD,Sell,0.1,4582.82,4570.42,4580.42,4580.06,36.0,3.6,30s,0.05%,0.05,30.0,2.399999999999636,10.0,0.3599999999996726
2026-01-13 15:08:00,2026-01-13 15:08:00,XAUUSD,Buy,0.1,4594.61,4607.01,4597.01,4597.51,50.0,5.0,21s,0.06%,0.06,21.0,2.4000000000005457,10.0,0.5
2026-01-13 18:27:00,2026-01-13 18:27:00,XAUUSD,Sell,0.1,4603.3,4590.9,4600.88,4594.18,670.0,67.0,29s,0.87%,0.87,29.0,2.4200000000000728,9.980000000000473,6.699999999999818
2026-01-14 05:39:00,2026-01-14 05:39:00,XAUUSD,Buy,0.1,4621.27,4633.67,4623.7,4625.39,169.0,16.9,22s,0.22%,0.22,22.0,2.4299999999993815,9.970000000000255,1.6900000000005093
2026-01-14 07:01:00,2026-01-14 07:02:00,XAUUSD,Buy,0.1,4632.2,4644.6,4634.64,4638.0,336.0,33.6,18s,0.43%,0.43,18.0,2.4400000000005093,9.960000000000036,3.3599999999996726
2026-01-14 11:19:00,2026-01-14 11:19:00,XAUUSD,Buy,0.1,4637.19,4649.59,4639.6,4639.35,-25.0,-2.5,3s,-0.03%,-0.03,3.0,2.410000000000764,9.989999999999782,-0.25
2026-01-14 14:08:00,2026-01-14 14:08:00,XAUUSD,Buy,0.1,4635.81,4648.21,4638.22,4637.83,-39.0,-3.9,5s,-0.05%,-0.05,5.0,2.4099999999998545,9.989999999999782,-0.3900000000003274
2026-01-14 14:32:00,2026-01-14 14:32:00,XAUUSD,Buy,0.1,4635.81,4648.21,4638.23,4637.98,-25.0,-2.5,1s,-0.03%,-0.03,1.0,2.4199999999991633,9.980000000000473,-0.25
2026-01-14 15:30:00,2026-01-14 15:30:00,XAUUSD,Sell,0.1,4628.48,4616.08,4626.08,4624.39,169.0,16.9,4s,0.22%,0.22,4.0,2.399999999999636,10.0,1.6899999999995998
2026-01-14 16:38:00,2026-01-14 16:38:00,XAUUSD,Sell,0.1,4626.51,4614.11,4624.09,4622.1,199.0,19.9,12s,0.25%,0.25,12.0,2.4200000000000728,9.980000000000473,1.9899999999997817
2026-01-15 03:19:00,2026-01-15 03:19:00,XAUUSD,Sell,0.1,4605.22,4592.82,4602.81,4602.96,-15.0,-1.5,4s,-0.02%,-0.02,4.0,2.4099999999998545,9.990000000000691,-0.1499999999996362
2026-01-15 05:22:00,2026-01-15 05:22:00,XAUUSD,Sell,0.1,4586.0,4573.6,4583.6,4583.72,-12.0,-1.2,1s,-0.02%,-0.02,1.0,2.399999999999636,10.0,-0.11999999999989086
2026-01-15 05:30:00,2026-01-15 05:30:00,XAUUSD,Sell,0.1,4586.0,4573.6,4583.6,4581.38,222.0,22.2,19s,0.28%,0.28,19.0,2.399999999999636,10.0,2.2200000000002547
2026-01-15 12:12:00,2026-01-15 12:12:00,XAUUSD,Buy,0.1,4611.12,4623.52,4613.54,4613.88,34.0,3.4,6s,0.04%,0.04,6.0,2.4200000000000728,9.980000000000473,0.3400000000001455
2026-01-15 15:31:00,2026-01-15 15:31:00,XAUUSD,Sell,0.1,4600.21,4587.81,4597.8,4596.37,143.0,14.3,4s,0.18%,0.18,4.0,2.4099999999998545,9.989999999999782,1.430000000000291
2026-01-15 18:11:00,2026-01-15 18:12:00,XAUUSD,Buy,0.1,4615.68,4628.08,4618.08,4622.97,489.0,48.9,57s,0.62%,0.62,57.0,2.399999999999636,10.0,4.890000000000327
2026-01-16 04:35:00,2026-01-16 04:35:00,XAUUSD,Sell,0.1,4596.26,4583.86,4593.86,4593.44,42.0,4.2,7s,0.05%,0.05,7.0,2.4000000000005457,10.0,0.42000000000007276
2026-01-16 07:30:00,2026-01-16 07:30:00,XAUUSD,Buy,0.1,4599.6,4612.0,4602.0,4603.35,135.0,13.5,15s,0.17%,0.17,15.0,2.399999999999636,10.0,1.3500000000003638
2026-01-16 08:47:00,2026-01-16 08:47:00,XAUUSD,Sell,0.1,4597.7,4585.3,4595.3,4595.44,-14.0,-1.4,2s,-0.02%,-0.02,2.0,2.399999999999636,10.0,-0.13999999999941792
2026-01-19 07:06:00,2026-01-19 07:07:00,XAUUSD,Buy,0.1,4667.45,4679.85,4669.87,4670.99,112.0,11.2,41s,0.14%,0.14,41.0,2.4200000000000728,9.980000000000473,1.1199999999998909
2026-01-19 08:32:00,2026-01-19 08:33:00,XAUUSD,Buy,0.1,4671.84,4684.24,4674.24,4674.28,4.0,0.4,21s,0.01%,0.01,21.0,2.399999999999636,10.0,0.03999999999996362
2026-01-19 10:57:00,2026-01-19 10:57:00,XAUUSD,Sell,0.1,4664.35,4651.95,4661.95,4662.06,-11.0,-1.1,2s,-0.01%,-0.01,2.0,2.4000000000005457,10.0,-0.11000000000058208
2026-01-19 12:44:00,2026-01-19 12:44:00,XAUUSD,Sell,0.1,4664.21,4651.81,4661.78,4661.51,27.0,2.7,8s,0.03%,0.03,8.0,2.430000000000291,9.969999999999345,0.26999999999952706
2026-01-19 13:41:00,2026-01-19 13:41:00,XAUUSD,Sell,0.1,4663.67,4651.27,4661.25,4660.39,86.0,8.6,14s,0.11%,0.11,14.0,2.4200000000000728,9.979999999999563,0.8599999999996726
2026-01-19 15:33:00,2026-01-19 15:33:00,XAUUSD,Buy,0.1,4671.35,4683.75,4673.77,4673.59,-18.0,-1.8,2s,-0.02%,-0.02,2.0,2.4200000000000728,9.979999999999563,-0.18000000000029104
2026-01-19 17:54:00,2026-01-19 17:55:00,XAUUSD,Buy,0.1,4671.41,4683.81,4673.81,4674.73,92.0,9.2,37s,0.12%,0.12,37.0,2.4000000000005457,10.0,0.9199999999991633
2026-01-20 05:36:00,2026-01-20 05:37:00,XAUUSD,Buy,0.1,4673.55,4685.95,4675.95,4675.76,-19.0,-1.9,20s,-0.02%,-0.02,20.0,2.399999999999636,10.0,-0.18999999999959982
2026-01-20 09:13:00,2026-01-20 09:13:00,XAUUSD,Buy,0.1,4714.61,4727.01,4717.03,4717.19,16.0,1.6,8s,0.02%,0.02,8.0,2.4200000000000728,9.980000000000473,0.15999999999985448
2026-01-20 15:20:00,2026-01-20 15:20:00,XAUUSD,Sell,0.1,4724.05,4711.65,4721.64,4721.81,-17.0,-1.7,1s,-0.02%,-0.02,1.0,2.4099999999998545,9.990000000000691,-0.17000000000007276
2026-01-20 18:54:00,2026-01-20 18:55:00,XAUUSD,Buy,0.1,4748.74,4761.14,4751.14,4751.0,-14.0,-1.4,20s,-0.02%,-0.02,20.0,2.4000000000005457,10.0,-0.14000000000032742
2026-01-21 05:03:00,2026-01-21 05:03:00,XAUUSD,Buy,0.1,4841.73,4854.13,4844.15,4844.52,37.0,3.7,20s,0.05%,0.05,20.0,2.4200000000000728,9.980000000000473,0.37000000000080036
2026-01-21 06:19:00,2026-01-21 06:19:00,XAUUSD,Buy,0.1,4847.35,4859.75,4849.76,4850.68,92.0,9.2,16s,0.12%,0.12,16.0,2.4099999999998545,9.989999999999782,0.9200000000000728
2026-01-21 11:33:00,2026-01-21 11:33:00,XAUUSD,Buy,0.1,4867.16,4879.56,4869.9,4874.21,431.0,43.1,4s,0.54%,0.54,4.0,2.7399999999997817,9.660000000000764,4.3100000000004
2026-01-21 12:00:00,2026-01-21 12:00:00,XAUUSD,Buy,0.1,4867.16,4879.56,4869.57,4869.3,-27.0,-2.7,1s,-0.03%,-0.03,1.0,2.4099999999998545,9.990000000000691,-0.26999999999952706
2026-01-21 15:32:00,2026-01-21 15:32:00,XAUUSD,Buy,0.1,4869.17,4881.57,4871.57,4871.58,1.0,0.1,2s,0.00%,0.0,2.0,2.399999999999636,10.0,0.010000000000218279
2026-01-21 17:19:00,2026-01-21 17:19:00,XAUUSD,Sell,0.1,4841.76,4829.36,4839.35,4829.35,1000.0,100.0,24s,1.25%,1.25,24.0,2.4099999999998545,9.990000000000691,10.0
2026-01-22 03:03:00,2026-01-22 03:03:00,XAUUSD,Sell,0.1,4779.89,4767.49,4777.48,4774.0,348.0,34.8,16s,0.43%,0.43,16.0,2.410000000000764,9.989999999999782,3.4799999999995634
2026-01-22 07:04:00,2026-01-22 07:04:00,XAUUSD,Buy,0.1,4798.04,4810.44,4800.45,4800.62,17.0,1.7,6s,0.02%,0.02,6.0,2.4099999999998545,9.989999999999782,0.17000000000007276
2026-01-22 07:50:00,2026-01-22 07:52:00,XAUUSD,Buy,0.1,4807.29,4819.69,4809.71,4815.03,532.0,53.2,1m,0.65%,0.65,60.0,2.4200000000000728,9.979999999999563,5.319999999999709
2026-01-22 09:02:00,2026-01-22 09:02:00,XAUUSD,Buy,0.1,4826.84,4839.24,4829.26,4830.1,84.0,8.4,13s,0.10%,0.1,13.0,2.4200000000000728,9.979999999999563,0.8400000000001455
2026-01-22 11:32:00,2026-01-22 11:32:00,XAUUSD,Sell,0.1,4824.72,4812.32,4822.28,4816.81,547.0,54.7,12s,0.66%,0.66,12.0,2.4400000000005093,9.960000000000036,5.469999999999345
2026-01-22 15:42:00,2026-01-22 15:42:00,XAUUSD,Sell,0.1,4816.37,4803.97,4813.96,4811.26,270.0,27.0,13s,0.33%,0.33,13.0,2.4099999999998545,9.989999999999782,2.699999999999818
2026-01-22 16:32:00,2026-01-22 16:33:00,XAUUSD,Buy,0.1,4832.82,4845.22,4835.23,4841.1,587.0,58.7,46s,0.71%,0.71,46.0,2.4099999999998545,9.990000000000691,5.8700000000008
2026-01-23 09:45:00,2026-01-23 09:45:00,XAUUSD,Sell,0.1,4947.99,4935.59,4945.45,4945.69,-24.0,-2.4,2s,-0.03%,-0.03,2.0,2.5399999999999636,9.859999999999673,-0.23999999999978172
2026-01-23 11:29:00,2026-01-23 11:29:00,XAUUSD,Sell,0.1,4903.76,4891.36,4901.36,4900.74,62.0,6.2,4s,0.07%,0.07,4.0,2.4000000000005457,10.0,0.6199999999998909
2026-01-26 06:32:00,2026-01-26 06:32:00,XAUUSD,Sell,0.1,5072.43,5060.03,5070.03,5064.71,532.0,53.2,22s,0.64%,0.64,22.0,2.4000000000005457,10.0,5.319999999999709
2026-01-26 08:45:00,2026-01-26 08:45:00,XAUUSD,Buy,0.1,5090.65,5103.05,5093.05,5099.34,629.0,62.9,41s,0.75%,0.75,41.0,2.4000000000005457,10.0,6.289999999999964
2026-01-26 11:32:00,2026-01-26 11:32:00,XAUUSD,Buy,0.1,5095.87,5108.27,5098.27,5098.28,1.0,0.1,3s,0.00%,0.0,3.0,2.4000000000005457,10.0,0.009999999999308784
2026-01-26 14:56:00,2026-01-26 14:56:00,XAUUSD,Sell,0.1,5080.95,5068.55,5078.55,5077.36,119.0,11.9,4s,0.14%,0.14,4.0,2.399999999999636,10.0,1.1900000000005093
2026-01-26 15:00:00,2026-01-26 15:00:00,XAUUSD,Sell,0.1,5080.95,5068.55,5078.54,5075.35,319.0,31.9,22s,0.38%,0.38,22.0,2.4099999999998545,9.989999999999782,3.1899999999996
2026-01-26 16:58:00,2026-01-26 16:58:00,XAUUSD,Buy,0.1,5094.61,5107.01,5097.01,5096.81,-20.0,-2.0,2s,-0.02%,-0.02,2.0,2.4000000000005457,10.0,-0.1999999999998181
2026-01-26 18:03:00,2026-01-26 18:03:00,XAUUSD,Buy,0.1,5094.94,5107.34,5097.36,5099.75,239.0,23.9,19s,0.28%,0.28,19.0,2.4200000000000728,9.980000000000473,2.3900000000003274
2026-01-27 03:11:00,2026-01-27 03:12:00,XAUUSD,Buy,0.1,5059.14,5071.54,5061.54,5062.69,115.0,11.5,21s,0.13%,0.13,21.0,2.399999999999636,10.0,1.1499999999996362
2026-01-27 04:40:00,2026-01-27 04:41:00,XAUUSD,Buy,0.1,5073.59,5085.99,5075.99,5076.25,26.0,2.6,21s,0.03%,0.03,21.0,2.399999999999636,10.0,0.2600000000002183
2026-01-27 07:47:00,2026-01-27 07:47:00,XAUUSD,Buy,0.1,5077.39,5089.79,5079.81,5081.38,157.0,15.7,14s,0.18%,0.18,14.0,2.4200000000000728,9.979999999999563,1.569999999999709
2026-01-27 13:47:00,2026-01-27 13:47:00,XAUUSD,Sell,0.1,5084.3,5071.9,5081.88,5078.94,294.0,29.4,17s,0.34%,0.34,17.0,2.4200000000000728,9.980000000000473,2.9400000000005093
2026-01-27 16:05:00,2026-01-27 16:06:00,XAUUSD,Sell,0.1,5069.37,5056.97,5066.94,5059.24,770.0,77.0,55s,0.89%,0.89,55.0,2.430000000000291,9.969999999999345,7.699999999999818
2026-01-27 18:11:00,2026-01-27 18:11:00,XAUUSD,Buy,0.1,5090.52,5102.92,5092.93,5096.81,388.0,38.8,28s,0.45%,0.45,28.0,2.4099999999998545,9.989999999999782,3.880000000000109
2026-01-28 03:06:00,2026-01-28 03:06:00,XAUUSD,Buy,0.1,5188.06,5200.46,5190.47,5196.19,572.0,57.2,16s,0.66%,0.66,16.0,2.4099999999998545,9.989999999999782,5.719999999999345
2026-01-28 04:32:00,2026-01-28 04:33:00,XAUUSD,Buy,0.1,5222.86,5235.26,5225.27,5229.51,424.0,42.4,47s,0.48%,0.48,47.0,2.410000000000764,9.989999999999782,4.239999999999782
2026-01-28 06:58:00,2026-01-28 06:58:00,XAUUSD,Buy,0.1,5245.23,5257.63,5247.64,5248.69,105.0,10.5,15s,0.12%,0.12,15.0,2.410000000000764,9.989999999999782,1.0499999999992724
2026-01-28 08:51:00,2026-01-28 08:51:00,XAUUSD,Buy,0.1,5264.09,5276.49,5266.5,5267.71,121.0,12.1,6s,0.14%,0.14,6.0,2.4099999999998545,9.989999999999782,1.2100000000000364
2026-01-28 13:04:00,2026-01-28 13:04:00,XAUUSD,Sell,0.1,5265.35,5252.95,5262.82,5252.86,996.0,99.6,12s,1.13%,1.13,12.0,2.530000000000655,9.86999999999989,9.960000000000036
2026-01-28 17:00:00,2026-01-28 17:00:00,XAUUSD,Buy,0.1,5287.13,5299.53,5289.54,5294.89,535.0,53.5,19s,0.60%,0.6,19.0,2.4099999999998545,9.989999999999782,5.350000000000364
2026-01-28 18:57:00,2026-01-28 18:57:00,XAUUSD,Buy,0.1,5295.89,5308.29,5298.29,5299.36,107.0,10.7,5s,0.12%,0.12,5.0,2.399999999999636,10.0,1.069999999999709
2026-01-29 06:08:00,2026-01-29 06:08:00,XAUUSD,Buy,0.1,5549.41,5561.81,5551.83,5551.63,-20.0,-2.0,2s,-0.02%,-0.02,2.0,2.4200000000000728,9.980000000000473,-0.1999999999998181
2026-01-29 08:00:00,2026-01-29 08:00:00,XAUUSD,Buy,0.1,5562.15,5574.55,5564.59,5571.9,731.0,73.1,25s,0.81%,0.81,25.0,2.4400000000005093,9.960000000000036,7.309999999999491
2026-01-29 10:04:00,2026-01-29 10:05:00,XAUUSD,Sell,0.1,5539.32,5526.92,5536.91,5532.52,439.0,43.9,19s,0.48%,0.48,19.0,2.4099999999998545,9.989999999999782,4.389999999999418
2026-01-29 10:39:00,2026-01-29 10:40:00,XAUUSD,Sell,0.1,5518.67,5506.27,5516.23,5511.14,509.0,50.9,39s,0.56%,0.56,39.0,2.4400000000005093,9.959999999999127,5.089999999999236
2026-01-29 13:03:00,2026-01-29 13:03:00,XAUUSD,Sell,0.1,5476.88,5464.48,5474.44,5473.48,96.0,9.6,8s,0.10%,0.1,8.0,2.4400000000005093,9.960000000000036,0.9600000000000364
2026-01-29 16:27:00,2026-01-29 16:27:00,XAUUSD,Buy,0.1,5540.59,5552.99,5542.99,5548.96,597.0,59.7,16s,0.65%,0.65,16.0,2.399999999999636,10.0,5.970000000000255
2026-01-29 16:46:00,2026-01-29 16:46:00,XAUUSD,Sell,0.1,5502.59,5490.19,5500.16,5499.91,25.0,2.5,1s,0.03%,0.03,1.0,2.430000000000291,9.970000000000255,0.25
2026-01-29 17:01:00,2026-01-29 17:01:00,XAUUSD,Sell,0.1,5473.22,5460.82,5470.76,5460.79,997.0,99.7,10s,1.08%,1.08,10.0,2.4600000000000364,9.94000000000051,9.970000000000255
2026-01-30 04:00:00,2026-01-30 04:00:00,XAUUSD,Sell,0.1,5285.13,5272.73,5282.64,5279.6,304.0,30.4,3s,0.33%,0.33,3.0,2.4899999999997817,9.910000000000764,3.0399999999999636
2026-01-30 07:16:00,2026-01-30 07:16:00,XAUUSD,Buy,0.1,5228.38,5240.78,5230.79,5235.95,516.0,51.6,25s,0.55%,0.55,25.0,2.4099999999998545,9.989999999999782,5.1599999999998545
2026-01-30 10:33:00,2026-01-30 10:33:00,XAUUSD,Sell,0.1,5120.34,5107.94,5117.89,5107.73,1016.0,101.6,7s,1.08%,1.08,7.0,2.449999999999818,9.950000000000728,10.160000000000764
2026-01-30 11:04:00,2026-01-30 11:04:00,XAUUSD,Sell,0.1,5114.74,5102.34,5112.32,5110.34,198.0,19.8,2s,0.21%,0.21,2.0,2.4200000000000728,9.979999999999563,1.9799999999995634
2026-02-02 03:07:00,2026-02-02 03:07:00,XAUUSD,Sell,0.1,4701.22,4688.82,4698.73,4698.08,65.0,6.5,1s,0.07%,0.07,1.0,2.490000000000691,9.909999999999854,0.6499999999996362
2026-02-02 07:38:00,2026-02-02 07:38:00,XAUUSD,Sell,0.1,4606.24,4593.84,4603.82,4604.11,-29.0,-2.9,0s,-0.03%,-0.03,0.0,2.4200000000000728,9.979999999999563,-0.2899999999999636
2026-02-02 11:41:00,2026-02-02 11:41:00,XAUUSD,Buy,0.1,4711.06,4723.46,4713.49,4713.28,-21.0,-2.1,0s,-0.02%,-0.02,0.0,2.4299999999993815,9.970000000000255,-0.21000000000003638
2026-02-02 13:13:00,2026-02-02 13:14:00,XAUUSD,Buy,0.1,4731.69,4744.09,4734.15,4741.7,755.0,75.5,32s,0.79%,0.79,32.0,2.4600000000000364,9.94000000000051,7.550000000000182
2026-02-02 17:30:00,2026-02-02 17:30:00,XAUUSD,Sell,0.1,4671.85,4659.45,4669.43,4659.34,1009.0,100.9,10s,1.05%,1.05,10.0,2.4200000000000728,9.980000000000473,10.090000000000146
2026-02-03 08:14:00,2026-02-03 08:14:00,XAUUSD,Buy,0.1,4839.91,4852.31,4842.34,4849.09,675.0,67.5,25s,0.69%,0.69,25.0,2.430000000000291,9.970000000000255,6.75
2026-02-03 13:24:00,2026-02-03 13:24:00,XAUUSD,Sell,0.1,4887.03,4874.63,4884.61,4884.05,56.0,5.6,4s,0.06%,0.06,4.0,2.4200000000000728,9.979999999999563,0.5599999999994907
2026-02-03 14:02:00,2026-02-03 14:03:00,XAUUSD,Buy,0.1,4927.5,4939.9,4929.9,4931.52,162.0,16.2,15s,0.17%,0.17,15.0,2.399999999999636,10.0,1.6200000000008004
2026-02-03 15:29:00,2026-02-03 15:29:00,XAUUSD,Buy,0.1,4933.89,4946.29,4936.3,4938.01,171.0,17.1,5s,0.17%,0.17,5.0,2.4099999999998545,9.989999999999782,1.7100000000000364
2026-02-03 18:16:00,2026-02-03 18:16:00,XAUUSD,Buy,0.1,4946.16,4958.56,4948.6,4958.59,999.0,99.9,12s,1.02%,1.02,12.0,2.4400000000005093,9.960000000000036,9.989999999999782
2026-02-04 04:02:00,2026-02-04 04:03:00,XAUUSD,Buy,0.1,5051.26,5063.66,5053.7,5063.13,943.0,94.3,50s,0.95%,0.95,50.0,2.4399999999996,9.960000000000036,9.430000000000291
2026-02-04 05:35:00,2026-02-04 05:35:00,XAUUSD,Buy,0.1,5063.1,5075.5,5065.5,5068.42,292.0,29.2,14s,0.29%,0.29,14.0,2.399999999999636,10.0,2.9200000000000728
2026-02-04 09:54:00,2026-02-04 09:54:00,XAUUSD,Buy,0.1,5088.06,5100.46,5090.47,5090.77,30.0,3.0,16s,0.03%,0.03,16.0,2.4099999999998545,9.989999999999782,0.3000000000001819
2026-02-04 11:32:00,2026-02-04 11:32:00,XAUUSD,Sell,0.1,5053.5,5041.1,5051.07,5043.41,766.0,76.6,24s,0.76%,0.76,24.0,2.430000000000291,9.969999999999345,7.6599999999998545
2026-02-04 13:15:00,2026-02-04 13:16:00,XAUUSD,Sell,0.1,5044.17,5031.77,5041.74,5031.76,998.0,99.8,44s,0.98%,0.98,44.0,2.430000000000291,9.969999999999345,9.979999999999563
2026-02-04 15:54:00,2026-02-04 15:54:00,XAUUSD,Buy,0.1,5060.9,5073.3,5063.31,5063.31,0.0,0.0,1s,0.00%,0.0,1.0,2.410000000000764,9.989999999999782,0.0
2026-02-04 16:31:00,2026-02-04 16:31:00,XAUUSD,Sell,0.1,5025.73,5013.33,5023.32,5023.32,0.0,0.0,0s,0.00%,0.0,0.0,2.4099999999998545,9.989999999999782,-0.0
2026-02-04 18:46:00,2026-02-04 18:46:00,XAUUSD,Sell,0.1,4890.11,4877.71,4887.67,4879.48,819.0,81.9,13s,0.80%,0.8,13.0,2.4399999999996,9.960000000000036,8.19000000000051
2026-02-05 04:07:00,2026-02-05 04:07:00,XAUUSD,Sell,0.1,4938.5,4926.1,4936.07,4932.43,364.0,36.4,17s,0.35%,0.35,17.0,2.430000000000291,9.969999999999345,3.639999999999418
2026-02-05 04:33:00,2026-02-05 04:33:00,XAUUSD,Sell,0.1,4916.67,4904.27,4914.26,4912.95,131.0,13.1,3s,0.13%,0.13,3.0,2.4099999999998545,9.989999999999782,1.3100000000004002
2026-02-05 07:45:00,2026-02-05 07:45:00,XAUUSD,Buy,0.1,4888.74,4901.14,4891.18,4901.14,996.0,99.6,24s,0.96%,0.96,24.0,2.4400000000005093,9.960000000000036,9.960000000000036
2026-02-05 10:13:00,2026-02-05 10:13:00,XAUUSD,Buy,0.1,4938.43,4950.83,4940.83,4941.48,65.0,6.5,7s,0.06%,0.06,7.0,2.399999999999636,10.0,0.6499999999996362
2026-02-05 11:01:00,2026-02-05 11:01:00,XAUUSD,Sell,0.1,4898.39,4885.99,4895.94,4891.54,440.0,44.0,5s,0.42%,0.42,5.0,2.4500000000007276,9.949999999999818,4.399999999999636
2026-02-05 14:10:00,2026-02-05 14:10:00,XAUUSD,Sell,0.1,4850.18,4837.78,4847.77,4843.66,411.0,41.1,15s,0.39%,0.39,15.0,2.4099999999998545,9.990000000000691,4.110000000000582
2026-02-05 15:06:00,2026-02-05 15:06:00,XAUUSD,Sell,0.1,4813.18,4800.78,4810.78,4802.31,847.0,84.7,14s,0.80%,0.8,14.0,2.4000000000005457,10.0,8.469999999999345
2026-02-05 15:30:00,2026-02-05 15:30:00,XAUUSD,Sell,0.1,4850.18,4837.78,4847.78,4844.13,365.0,36.5,3s,0.34%,0.34,3.0,2.4000000000005457,10.0,3.649999999999636
2026-02-05 17:46:00,2026-02-05 17:46:00,XAUUSD,Sell,0.1,4808.44,4796.04,4806.03,4803.41,262.0,26.2,16s,0.25%,0.25,16.0,2.4099999999998545,9.989999999999782,2.619999999999891
2026-02-05 18:43:00,2026-02-05 18:44:00,XAUUSD,Buy,0.1,4867.59,4879.99,4870.02,4875.53,551.0,55.1,29s,0.51%,0.51,29.0,2.430000000000291,9.969999999999345,5.509999999999309
2026-02-06 03:54:00,2026-02-06 03:55:00,XAUUSD,Buy,0.1,4762.28,4774.68,4764.71,4770.24,553.0,55.3,39s,0.51%,0.51,39.0,2.430000000000291,9.970000000000255,5.529999999999745
2026-02-06 07:25:00,2026-02-06 07:25:00,XAUUSD,Buy,0.1,4844.21,4856.61,4846.68,4848.4,172.0,17.2,3s,0.16%,0.16,3.0,2.4700000000002547,9.929999999999382,1.7199999999993452
2026-02-09 07:29:00,2026-02-09 07:29:00,XAUUSD,Buy,0.1,5029.13,5041.53,5031.54,5031.4,-14.0,-1.4,2s,-0.01%,-0.01,2.0,2.4099999999998545,9.989999999999782,-0.14000000000032742
2026-02-09 07:30:00,2026-02-09 07:30:00,XAUUSD,Buy,0.1,5029.13,5041.53,5031.53,5032.26,73.0,7.3,5s,0.07%,0.07,5.0,2.399999999999636,10.0,0.7300000000004729
2026-02-09 09:22:00,2026-02-09 09:22:00,XAUUSD,Sell,0.1,5009.96,4997.56,5007.54,4997.97,957.0,95.7,23s,0.88%,0.88,23.0,2.4200000000000728,9.979999999999563,9.569999999999709
2026-02-09 12:02:00,2026-02-09 12:02:00,XAUUSD,Sell,0.1,5000.08,4987.68,4997.66,4996.88,78.0,7.8,4s,0.07%,0.07,4.0,2.4200000000000728,9.979999999999563,0.7799999999997453
2026-02-09 14:31:00,2026-02-09 14:31:00,XAUUSD,Buy,0.1,5015.64,5028.04,5018.09,5018.67,58.0,5.8,4s,0.05%,0.05,4.0,2.449999999999818,9.949999999999818,0.5799999999999272
2026-02-09 16:30:00,2026-02-09 16:30:00,XAUUSD,Buy,0.1,5022.44,5034.84,5024.87,5025.94,107.0,10.7,2s,0.10%,0.1,2.0,2.430000000000291,9.970000000000255,1.069999999999709
2026-02-10 07:27:00,2026-02-10 07:27:00,XAUUSD,Sell,0.1,5018.9,5006.5,5016.47,5011.75,472.0,47.2,22s,0.43%,0.43,22.0,2.4299999999993815,9.970000000000255,4.720000000000255
2026-02-10 10:41:00,2026-02-10 10:41:00,XAUUSD,Buy,0.1,5043.19,5055.59,5045.6,5047.37,177.0,17.7,16s,0.16%,0.16,16.0,2.410000000000764,9.989999999999782,1.769999999999527
2026-02-10 14:43:00,2026-02-10 14:43:00,XAUUSD,Sell,0.1,5039.43,5027.03,5037.01,5035.35,166.0,16.6,13s,0.15%,0.15,13.0,2.4200000000000728,9.980000000000473,1.6599999999998545
2026-02-10 15:33:00,2026-02-10 15:33:00,XAUUSD,Buy,0.1,5055.83,5068.23,5058.23,5058.33,10.0,1.0,4s,0.01%,0.01,4.0,2.399999999999636,10.0,0.1000000000003638
2026-02-10 17:37:00,2026-02-10 17:37:00,XAUUSD,Sell,0.1,5023.08,5010.68,5020.65,5010.65,1000.0,100.0,23s,0.91%,0.91,23.0,2.430000000000291,9.969999999999345,10.0
2026-02-11 03:53:00,2026-02-11 03:53:00,XAUUSD,Buy,0.1,5047.06,5059.46,5049.47,5049.82,35.0,3.5,3s,0.03%,0.03,3.0,2.4099999999998545,9.989999999999782,0.3499999999994543
2026-02-11 04:01:00,2026-02-11 04:01:00,XAUUSD,Buy,0.1,5052.28,5064.68,5054.71,5055.39,68.0,6.8,2s,0.06%,0.06,2.0,2.430000000000291,9.970000000000255,0.680000000000291
2026-02-11 07:35:00,2026-02-11 07:35:00,XAUUSD,Buy,0.1,5058.46,5070.86,5060.87,5061.55,68.0,6.8,4s,0.06%,0.06,4.0,2.4099999999998545,9.989999999999782,0.680000000000291
2026-02-11 08:18:00,2026-02-11 08:18:00,XAUUSD,Buy,0.1,5058.46,5070.86,5060.86,5061.29,43.0,4.3,5s,0.04%,0.04,5.0,2.399999999999636,10.0,0.43000000000029104
2026-02-11 08:59:00,2026-02-11 08:59:00,XAUUSD,Buy,0.1,5061.61,5074.01,5064.02,5064.33,31.0,3.1,8s,0.03%,0.03,8.0,2.410000000000764,9.989999999999782,0.3099999999994907
2026-02-11 10:31:00,2026-02-11 10:31:00,XAUUSD,Sell,0.1,5051.37,5038.97,5048.96,5046.17,279.0,27.9,29s,0.25%,0.25,29.0,2.4099999999998545,9.989999999999782,2.7899999999999636
2026-02-11 11:46:00,2026-02-11 11:46:00,XAUUSD,Buy,0.1,5066.99,5079.39,5069.41,5070.17,76.0,7.6,4s,0.07%,0.07,4.0,2.4200000000000728,9.980000000000473,0.7600000000002183
2026-02-11 15:30:00,2026-02-11 15:30:00,XAUUSD,Sell,0.1,5054.53,5042.13,5052.02,5042.1,992.0,99.2,3s,0.89%,0.89,3.0,2.509999999999309,9.890000000000327,9.920000000000073
2026-02-12 03:04:00,2026-02-12 03:04:00,XAUUSD,Sell,0.1,5052.38,5039.98,5049.97,5048.08,189.0,18.9,14s,0.17%,0.17,14.0,2.4099999999998545,9.990000000000691,1.8900000000003274
2026-02-12 05:08:00,2026-02-12 05:08:00,XAUUSD,Buy,0.1,5070.46,5082.86,5072.86,5073.57,71.0,7.1,6s,0.06%,0.06,6.0,2.399999999999636,10.0,0.7100000000000364
2026-02-12 06:01:00,2026-02-12 06:01:00,XAUUSD,Sell,0.1,5057.25,5044.85,5054.79,5052.79,200.0,20.0,13s,0.18%,0.18,13.0,2.4600000000000364,9.9399999999996,2.0
2026-02-12 07:06:00,2026-02-12 07:07:00,XAUUSD,Buy,0.1,5072.44,5084.84,5074.84,5076.33,149.0,14.9,22s,0.13%,0.13,22.0,2.4000000000005457,10.0,1.4899999999997817
2026-02-12 08:32:00,2026-02-12 08:32:00,XAUUSD,Sell,0.1,5053.49,5041.09,5051.07,5050.13,94.0,9.4,7s,0.08%,0.08,7.0,2.4200000000000728,9.979999999999563,0.9399999999995998
2026-02-12 11:05:00,2026-02-12 11:05:00,XAUUSD,Buy,0.1,5071.12,5083.52,5073.52,5074.75,123.0,12.3,7s,0.11%,0.11,7.0,2.4000000000005457,10.0,1.2299999999995634
2026-02-12 11:50:00,2026-02-12 11:50:00,XAUUSD,Buy,0.1,5075.89,5088.29,5078.31,5079.67,136.0,13.6,7s,0.12%,0.12,7.0,2.4200000000000728,9.979999999999563,1.3599999999996726
2026-02-12 14:36:00,2026-02-12 14:36:00,XAUUSD,Buy,0.1,5065.99,5078.39,5068.41,5068.21,-20.0,-2.0,3s,-0.02%,-0.02,3.0,2.4200000000000728,9.980000000000473,-0.1999999999998181
2026-02-12 15:47:00,2026-02-12 15:47:00,XAUUSD,Buy,0.1,5078.41,5090.81,5080.83,5081.05,22.0,2.2,3s,0.02%,0.02,3.0,2.4200000000000728,9.980000000000473,0.22000000000025466
2026-02-12 16:56:00,2026-02-12 16:56:00,XAUUSD,Sell,0.1,5051.1,5038.7,5048.7,5041.08,762.0,76.2,17s,0.67%,0.67,17.0,2.4000000000005457,10.0,7.619999999999891
2026-02-12 18:10:00,2026-02-12 18:10:00,XAUUSD,Sell,0.1,5041.82,5029.42,5039.42,5033.69,573.0,57.3,15s,0.50%,0.5,15.0,2.399999999999636,10.0,5.730000000000473
2026-02-13 03:01:00,2026-02-13 03:01:00,XAUUSD,Buy,0.1,4946.02,4958.42,4948.42,4955.12,670.0,67.0,16s,0.58%,0.58,16.0,2.399999999999636,10.0,6.699999999999818
2026-02-13 04:30:00,2026-02-13 04:30:00,XAUUSD,Buy,0.1,4986.35,4998.75,4988.75,4989.11,36.0,3.6,3s,0.03%,0.03,3.0,2.399999999999636,10.0,0.3599999999996726
2026-02-13 06:16:00,2026-02-13 06:16:00,XAUUSD,Buy,0.1,4989.03,5001.43,4991.47,4996.75,528.0,52.8,27s,0.45%,0.45,27.0,2.4400000000005093,9.960000000000036,5.279999999999745
2026-02-16 04:45:00,2026-02-16 04:45:00,XAUUSD,Sell,0.1,5002.61,4990.21,5000.19,4996.71,348.0,34.8,15s,0.30%,0.3,15.0,2.4200000000000728,9.979999999999563,3.4799999999995634
2026-02-16 07:03:00,2026-02-16 07:03:00,XAUUSD,Sell,0.1,4975.56,4963.16,4973.12,4965.87,725.0,72.5,24s,0.62%,0.62,24.0,2.4400000000005093,9.960000000000036,7.25
2026-02-16 09:41:00,2026-02-16 09:41:00,XAUUSD,Buy,0.1,5000.74,5013.14,5003.15,5003.47,32.0,3.2,6s,0.03%,0.03,6.0,2.4099999999998545,9.990000000000691,0.32000000000061846
2026-02-16 11:03:00,2026-02-16 11:03:00,XAUUSD,Buy,0.1,5010.96,5023.36,5013.37,5015.38,201.0,20.1,26s,0.17%,0.17,26.0,2.4099999999998545,9.989999999999782,2.0100000000002183
2026-02-16 14:12:00,2026-02-16 14:12:00,XAUUSD,Sell,0.1,5001.36,4988.96,4998.94,4998.31,63.0,6.3,8s,0.05%,0.05,8.0,2.4200000000000728,9.979999999999563,0.6299999999991996
2026-02-16 15:38:00,2026-02-16 15:38:00,XAUUSD,Sell,0.1,4995.35,4982.95,4992.95,4993.1,-15.0,-1.5,2s,-0.01%,-0.01,2.0,2.4000000000005457,10.0,-0.1500000000005457
2026-02-16 16:37:00,2026-02-16 16:37:00,XAUUSD,Sell,0.1,4992.03,4979.63,4989.63,4988.33,130.0,13.0,18s,0.11%,0.11,18.0,2.399999999999636,10.0,1.300000000000182
2026-02-17 07:06:00,2026-02-17 07:06:00,XAUUSD,Sell,0.1,4949.17,4936.77,4946.76,4940.87,589.0,58.9,24s,0.50%,0.5,24.0,2.4099999999998545,9.989999999999782,5.890000000000327
2026-02-17 11:53:00,2026-02-17 11:53:00,XAUUSD,Buy,0.1,4928.03,4940.43,4930.43,4932.42,199.0,19.9,5s,0.17%,0.17,5.0,2.4000000000005457,10.0,1.9899999999997817
2026-02-17 12:51:00,2026-02-17 12:51:00,XAUUSD,Sell,0.1,4915.81,4903.41,4913.41,4909.32,409.0,40.9,27s,0.34%,0.34,27.0,2.4000000000005457,10.0,4.0900000000001455
2026-02-17 14:15:00,2026-02-17 14:15:00,XAUUSD,Buy,0.1,4937.06,4949.46,4939.47,4944.27,480.0,48.0,17s,0.40%,0.4,17.0,2.4099999999998545,9.989999999999782,4.800000000000182
2026-02-17 15:56:00,2026-02-17 15:56:00,XAUUSD,Sell,0.1,4910.1,4897.7,4907.66,4897.68,998.0,99.8,20s,0.83%,0.83,20.0,2.4400000000005093,9.960000000000036,9.979999999999563
2026-02-18 03:02:00,2026-02-18 03:02:00,XAUUSD,Buy,0.1,4884.39,4896.79,4886.81,4886.54,-27.0,-2.7,0s,-0.02%,-0.02,0.0,2.4200000000000728,9.979999999999563,-0.27000000000043656
2026-02-18 09:14:00,2026-02-18 09:14:00,XAUUSD,Buy,0.1,4937.91,4950.31,4940.31,4941.25,94.0,9.4,4s,0.08%,0.08,4.0,2.4000000000005457,10.0,0.9399999999995998
2026-02-18 10:19:00,2026-02-18 10:19:00,XAUUSD,Sell,0.1,4927.49,4915.09,4925.06,4924.74,32.0,3.2,4s,0.03%,0.03,4.0,2.4299999999993815,9.970000000000255,0.32000000000061846
2026-02-18 12:38:00,2026-02-18 12:38:00,XAUUSD,Sell,0.1,4915.34,4902.94,4912.91,4910.51,240.0,24.0,6s,0.20%,0.2,6.0,2.430000000000291,9.970000000000255,2.399999999999636
2026-02-18 13:02:00,2026-02-18 13:02:00,XAUUSD,Sell,0.1,4915.34,4902.94,4912.9,4912.74,16.0,1.6,8s,0.01%,0.01,8.0,2.4400000000005093,9.960000000000036,0.15999999999985448
2026-02-18 13:45:00,2026-02-18 13:45:00,XAUUSD,Sell,0.1,4911.69,4899.29,4909.28,4908.43,85.0,8.5,28s,0.07%,0.07,28.0,2.4099999999998545,9.989999999999782,0.8499999999994543
2026-02-18 14:10:00,2026-02-18 14:11:00,XAUUSD,Buy,0.1,4922.16,4934.56,4924.57,4924.81,24.0,2.4,39s,0.02%,0.02,39.0,2.4099999999998545,9.990000000000691,0.24000000000069122
2026-02-18 14:39:00,2026-02-18 14:39:00,XAUUSD,Buy,0.1,4922.16,4934.56,4924.58,4925.18,60.0,6.0,16s,0.05%,0.05,16.0,2.4200000000000728,9.980000000000473,0.6000000000003638
2026-02-18 16:32:00,2026-02-18 16:32:00,XAUUSD,Buy,0.1,4966.6,4979.0,4969.03,4978.68,965.0,96.5,24s,0.80%,0.8,24.0,2.4299999999993815,9.970000000000255,9.650000000000546
2026-02-18 18:47:00,2026-02-18 18:47:00,XAUUSD,Buy,0.1,5006.62,5019.02,5009.02,5010.32,130.0,13.0,7s,0.11%,0.11,7.0,2.4000000000005457,10.0,1.2999999999992724
2026-02-19 05:34:00,2026-02-19 05:34:00,XAUUSD,Buy,0.1,4975.04,4987.44,4977.47,4978.45,98.0,9.8,7s,0.08%,0.08,7.0,2.430000000000291,9.969999999999345,0.9799999999995634
2026-02-19 10:45:00,2026-02-19 10:45:00,XAUUSD,Buy,0.1,5019.44,5031.84,5021.87,5021.91,4.0,0.4,4s,0.00%,0.0,4.0,2.430000000000291,9.970000000000255,0.03999999999996362
2026-02-19 11:28:00,2026-02-19 11:28:00,XAUUSD,Sell,0.1,5008.7,4996.3,5006.24,5003.09,315.0,31.5,23s,0.26%,0.26,23.0,2.4600000000000364,9.9399999999996,3.149999999999636
2026-02-19 15:02:00,2026-02-19 15:02:00,XAUUSD,Sell,0.1,4980.42,4968.02,4978.01,4975.1,291.0,29.1,12s,0.24%,0.24,12.0,2.4099999999998545,9.989999999999782,2.9099999999998545
2026-02-19 15:30:00,2026-02-19 15:30:00,XAUUSD,Sell,0.1,4980.42,4968.02,4978.0,4972.11,589.0,58.9,14s,0.48%,0.48,14.0,2.4200000000000728,9.979999999999563,5.890000000000327
2026-02-19 16:10:00,2026-02-19 16:10:00,XAUUSD,Sell,0.1,4980.42,4968.02,4977.99,4972.75,524.0,52.4,24s,0.42%,0.42,24.0,2.430000000000291,9.969999999999345,5.239999999999782
2026-02-19 16:30:00,2026-02-19 16:30:00,XAUUSD,Sell,0.1,4974.22,4961.82,4971.81,4971.99,-18.0,-1.8,2s,-0.01%,-0.01,2.0,2.4099999999998545,9.990000000000691,-0.17999999999938154
2026-02-20 03:00:00,2026-02-20 03:00:00,XAUUSD,Buy,0.1,5005.55,5017.95,5007.96,5010.68,272.0,27.2,16s,0.22%,0.22,16.0,2.4099999999998545,9.989999999999782,2.7200000000002547
2026-02-20 05:05:00,2026-02-20 05:05:00,XAUUSD,Sell,0.1,4995.24,4982.84,4992.82,4989.87,295.0,29.5,17s,0.24%,0.24,17.0,2.4200000000000728,9.979999999999563,2.949999999999818
2026-02-20 05:42:00,2026-02-20 05:42:00,XAUUSD,Sell,0.1,4987.95,4975.55,4985.53,4983.37,216.0,21.6,4s,0.17%,0.17,4.0,2.4200000000000728,9.979999999999563,2.1599999999998545
2026-02-20 08:01:00,2026-02-20 08:01:00,XAUUSD,Buy,0.1,5012.56,5024.96,5014.97,5016.41,144.0,14.4,18s,0.12%,0.12,18.0,2.4099999999998545,9.989999999999782,1.4399999999995998
2026-02-20 10:54:00,2026-02-20 10:55:00,XAUUSD,Buy,0.1,5027.69,5040.09,5030.09,5030.24,15.0,1.5,43s,0.01%,0.01,43.0,2.4000000000005457,10.0,0.1499999999996362
2026-02-20 11:01:00,2026-02-20 11:01:00,XAUUSD,Buy,0.1,5027.69,5040.09,5030.09,5029.83,-26.0,-2.6,1s,-0.02%,-0.02,1.0,2.4000000000005457,10.0,-0.2600000000002183
2026-02-23 04:37:00,2026-02-23 04:37:00,XAUUSD,Buy,0.1,5165.39,5177.79,5167.79,5169.45,166.0,16.6,17s,0.13%,0.13,17.0,2.399999999999636,10.0,1.6599999999998545
2026-02-23 08:30:00,2026-02-23 08:30:00,XAUUSD,Sell,0.1,5154.63,5142.23,5152.23,5152.4,-17.0,-1.7,6s,-0.01%,-0.01,6.0,2.4000000000005457,10.0,-0.17000000000007276
2026-02-23 14:44:00,2026-02-23 14:45:00,XAUUSD,Buy,0.1,5161.25,5173.65,5163.65,5164.52,87.0,8.7,47s,0.07%,0.07,47.0,2.399999999999636,10.0,0.8700000000008004
2026-02-23 15:26:00,2026-02-23 15:26:00,XAUUSD,Sell,0.1,5147.94,5135.54,5145.53,5144.63,90.0,9.0,5s,0.07%,0.07,5.0,2.4099999999998545,9.989999999999782,0.8999999999996362
2026-02-23 16:00:00,2026-02-23 16:00:00,XAUUSD,Sell,0.1,5146.18,5133.78,5143.76,5141.67,209.0,20.9,12s,0.17%,0.17,12.0,2.4200000000000728,9.980000000000473,2.0900000000001455
2026-02-23 16:30:00,2026-02-23 16:31:00,XAUUSD,Buy,0.1,5163.12,5175.52,5165.53,5170.67,514.0,51.4,52s,0.41%,0.41,52.0,2.4099999999998545,9.990000000000691,5.140000000000327
2026-02-24 03:00:00,2026-02-24 03:00:00,XAUUSD,Sell,0.1,5220.57,5208.17,5218.13,5208.16,997.0,99.7,18s,0.79%,0.79,18.0,2.4399999999996,9.960000000000036,9.970000000000255
2026-02-24 08:35:00,2026-02-24 08:35:00,XAUUSD,Sell,0.1,5163.25,5150.85,5160.84,5156.68,416.0,41.6,17s,0.33%,0.33,17.0,2.4099999999998545,9.989999999999782,4.1599999999998545
2026-02-24 12:33:00,2026-02-24 12:33:00,XAUUSD,Sell,0.1,5168.87,5156.47,5166.45,5166.44,1.0,0.1,2s,0.00%,0.0,2.0,2.4200000000000728,9.979999999999563,0.010000000000218279
2026-02-24 14:17:00,2026-02-24 14:17:00,XAUUSD,Sell,0.1,5165.65,5153.25,5163.25,5158.06,519.0,51.9,27s,0.41%,0.41,27.0,2.399999999999636,10.0,5.1899999999996
2026-02-24 15:39:00,2026-02-24 15:39:00,XAUUSD,Sell,0.1,5147.55,5135.15,5145.13,5135.15,998.0,99.8,26s,0.78%,0.78,26.0,2.4200000000000728,9.980000000000473,9.980000000000473
2026-02-25 03:14:00,2026-02-25 03:14:00,XAUUSD,Buy,0.1,5170.9,5183.3,5173.31,5176.35,304.0,30.4,16s,0.24%,0.24,16.0,2.410000000000764,9.989999999999782,3.0399999999999636
2026-02-25 07:18:00,2026-02-25 07:18:00,XAUUSD,Buy,0.1,5191.57,5203.97,5193.98,5194.8,82.0,8.2,13s,0.06%,0.06,13.0,2.4099999999998545,9.990000000000691,0.8200000000006185
2026-02-25 09:54:00,2026-02-25 09:54:00,XAUUSD,Sell,0.1,5184.71,5172.31,5182.29,5180.79,150.0,15.0,15s,0.12%,0.12,15.0,2.4200000000000728,9.979999999999563,1.5
2026-02-25 11:03:00,2026-02-25 11:03:00,XAUUSD,Sell,0.1,5182.92,5170.52,5180.5,5176.85,365.0,36.5,14s,0.28%,0.28,14.0,2.4200000000000728,9.979999999999563,3.649999999999636
2026-02-25 12:20:00,2026-02-25 12:20:00,XAUUSD,Sell,0.1,5179.01,5166.61,5176.57,5175.44,113.0,11.3,4s,0.09%,0.09,4.0,2.4400000000005093,9.960000000000036,1.1300000000001091
2026-02-25 15:05:00,2026-02-25 15:05:00,XAUUSD,Buy,0.1,5185.05,5197.45,5187.45,5188.36,91.0,9.1,22s,0.07%,0.07,22.0,2.399999999999636,10.0,0.9099999999998545
2026-02-25 16:56:00,2026-02-25 16:57:00,XAUUSD,Buy,0.1,5189.12,5201.52,5191.52,5193.07,155.0,15.5,48s,0.12%,0.12,48.0,2.4000000000005457,10.0,1.5499999999992724
2026-02-25 17:41:00,2026-02-25 17:42:00,XAUUSD,Buy,0.1,5189.12,5201.52,5191.53,5191.55,2.0,0.2,23s,0.00%,0.0,23.0,2.4099999999998545,9.990000000000691,0.020000000000436557
2026-02-25 18:22:00,2026-02-25 18:22:00,XAUUSD,Buy,0.1,5200.03,5212.43,5202.44,5204.67,223.0,22.3,14s,0.17%,0.17,14.0,2.4099999999998545,9.990000000000691,2.230000000000473
2026-02-26 06:12:00,2026-02-26 06:12:00,XAUUSD,Buy,0.1,5195.92,5208.32,5198.37,5198.45,8.0,0.8,3s,0.01%,0.01,3.0,2.449999999999818,9.949999999999818,0.07999999999992724
2026-02-26 07:13:00,2026-02-26 07:13:00,XAUUSD,Buy,0.1,5196.87,5209.27,5199.27,5199.32,5.0,0.5,5s,0.00%,0.0,5.0,2.4000000000005457,10.0,0.049999999999272404
2026-02-26 09:02:00,2026-02-26 09:03:00,XAUUSD,Sell,0.1,5192.34,5179.94,5189.93,5187.98,195.0,19.5,32s,0.15%,0.15,32.0,2.4099999999998545,9.990000000000691,1.9500000000007276
2026-02-26 12:57:00,2026-02-26 12:57:00,XAUUSD,Sell,0.1,5170.14,5157.74,5167.74,5167.75,-1.0,-0.1,17s,0.00%,0.0,17.0,2.4000000000005457,10.0,-0.010000000000218279
2026-02-26 13:52:00,2026-02-26 13:52:00,XAUUSD,Sell,0.1,5168.37,5155.97,5165.96,5165.95,1.0,0.1,1s,0.00%,0.0,1.0,2.4099999999998545,9.989999999999782,0.010000000000218279
2026-02-26 16:30:00,2026-02-26 16:30:00,XAUUSD,Sell,0.1,5160.18,5147.78,5157.74,5147.78,996.0,99.6,20s,0.76%,0.76,20.0,2.4400000000005093,9.960000000000036,9.960000000000036
2026-02-27 03:40:00,2026-02-27 03:40:00,XAUUSD,Buy,0.1,5188.63,5201.03,5191.09,5191.1,1.0,0.1,11s,0.00%,0.0,11.0,2.4600000000000364,9.9399999999996,0.010000000000218279
2026-02-27 07:25:00,2026-02-27 07:25:00,XAUUSD,Buy,0.1,5188.26,5200.66,5190.67,5190.67,0.0,0.0,5s,0.00%,0.0,5.0,2.4099999999998545,9.989999999999782,0.0
2026-02-27 09:16:00,2026-02-27 09:16:00,XAUUSD,Sell,0.1,5183.37,5170.97,5180.95,5179.49,146.0,14.6,17s,0.11%,0.11,17.0,2.4200000000000728,9.979999999999563,1.4600000000000364
2026-02-27 11:48:00,2026-02-27 11:48:00,XAUUSD,Sell,0.1,5176.74,5164.34,5174.32,5173.09,123.0,12.3,4s,0.09%,0.09,4.0,2.4200000000000728,9.979999999999563,1.2299999999995634
2026-03-02 08:05:00,2026-03-02 08:05:00,XAUUSD,Buy,0.1,5364.83,5377.23,5367.25,5370.09,284.0,28.4,17s,0.22%,0.22,17.0,2.4200000000000728,9.979999999999563,2.8400000000001455
2026-03-02 12:02:00,2026-03-02 12:02:00,XAUUSD,Sell,0.1,5388.5,5376.1,5386.07,5383.98,209.0,20.9,14s,0.16%,0.16,14.0,2.430000000000291,9.969999999999345,2.0900000000001455
2026-03-02 13:45:00,2026-03-02 13:45:00,XAUUSD,Sell,0.1,5381.6,5369.2,5379.12,5375.76,336.0,33.6,6s,0.25%,0.25,6.0,2.480000000000473,9.920000000000073,3.3599999999996726
2026-03-02 15:31:00,2026-03-02 15:31:00,XAUUSD,Buy,0.1,5414.34,5426.74,5416.76,5416.51,-25.0,-2.5,1s,-0.02%,-0.02,1.0,2.4200000000000728,9.979999999999563,-0.25
2026-03-02 18:00:00,2026-03-02 18:00:00,XAUUSD,Sell,0.1,5309.34,5296.94,5306.92,5296.91,1001.0,100.1,15s,0.75%,0.75,15.0,2.4200000000000728,9.980000000000473,10.010000000000218
2026-03-03 06:26:00,2026-03-03 06:26:00,XAUUSD,Buy,0.1,5371.17,5383.57,5373.57,5373.7,13.0,1.3,4s,0.01%,0.01,4.0,2.399999999999636,10.0,0.13000000000010914
2026-03-03 07:48:00,2026-03-03 07:48:00,XAUUSD,Sell,0.1,5335.46,5323.06,5333.03,5326.56,647.0,64.7,15s,0.48%,0.48,15.0,2.430000000000291,9.969999999999345,6.469999999999345
2026-03-03 11:25:00,2026-03-03 11:25:00,XAUUSD,Sell,0.1,5281.39,5268.99,5278.94,5268.9,1004.0,100.4,9s,0.75%,0.75,9.0,2.4500000000007276,9.949999999999818,10.039999999999964
2026-03-03 13:07:00,2026-03-03 13:07:00,XAUUSD,Sell,0.1,5228.69,5216.29,5226.22,5216.22,1000.0,100.0,12s,0.74%,0.74,12.0,2.469999999999345,9.930000000000291,10.0
2026-03-03 16:44:00,2026-03-03 16:44:00,XAUUSD,Sell,0.1,5077.68,5065.28,5075.27,5065.24,1003.0,100.3,20s,0.73%,0.73,20.0,2.4099999999998545,9.990000000000691,10.030000000000655
2026-03-04 03:01:00,2026-03-04 03:02:00,XAUUSD,Buy,0.1,5146.64,5159.04,5149.07,5158.09,902.0,90.2,39s,0.66%,0.66,39.0,2.4299999999993815,9.970000000000255,9.020000000000437
2026-03-04 08:01:00,2026-03-04 08:02:00,XAUUSD,Sell,0.1,5154.53,5142.13,5152.13,5144.29,784.0,78.4,33s,0.57%,0.57,33.0,2.399999999999636,10.0,7.8400000000001455
2026-03-04 10:44:00,2026-03-04 10:44:00,XAUUSD,Buy,0.1,5173.58,5185.98,5175.98,5175.87,-11.0,-1.1,7s,-0.01%,-0.01,7.0,2.399999999999636,10.0,-0.10999999999967258
2026-03-04 11:20:00,2026-03-04 11:20:00,XAUUSD,Buy,0.1,5173.58,5185.98,5175.98,5176.11,13.0,1.3,5s,0.01%,0.01,5.0,2.399999999999636,10.0,0.13000000000010914
2026-03-04 11:39:00,2026-03-04 11:39:00,XAUUSD,Buy,0.1,5179.82,5192.22,5182.25,5184.82,257.0,25.7,15s,0.18%,0.18,15.0,2.430000000000291,9.970000000000255,2.569999999999709
2026-03-04 14:03:00,2026-03-04 14:04:00,XAUUSD,Buy,0.1,5200.18,5212.58,5202.58,5205.41,283.0,28.3,39s,0.20%,0.2,39.0,2.399999999999636,10.0,2.8299999999999272
2026-03-04 16:48:00,2026-03-04 16:48:00,XAUUSD,Sell,0.1,5158.67,5146.27,5156.27,5146.25,1002.0,100.2,21s,0.72%,0.72,21.0,2.399999999999636,10.0,10.020000000000437
2026-03-05 03:06:00,2026-03-05 03:07:00,XAUUSD,Buy,0.1,5177.48,5189.88,5179.9,5180.26,36.0,3.6,36s,0.03%,0.03,36.0,2.4200000000000728,9.980000000000473,0.3600000000005821
2026-03-05 04:23:00,2026-03-05 04:23:00,XAUUSD,Buy,0.1,5184.14,5196.54,5186.56,5188.02,146.0,14.6,12s,0.10%,0.1,12.0,2.4200000000000728,9.979999999999563,1.4600000000000364
2026-03-05 07:33:00,2026-03-05 07:33:00,XAUUSD,Sell,0.1,5168.75,5156.35,5166.34,5166.05,29.0,2.9,4s,0.02%,0.02,4.0,2.4099999999998545,9.989999999999782,0.2899999999999636
2026-03-05 08:10:00,2026-03-05 08:10:00,XAUUSD,Sell,0.1,5131.92,5119.52,5129.51,5127.84,167.0,16.7,5s,0.12%,0.12,5.0,2.4099999999998545,9.989999999999782,1.6700000000000728
2026-03-05 11:06:00,2026-03-05 11:06:00,XAUUSD,Buy,0.1,5170.38,5182.78,5172.8,5174.23,143.0,14.3,6s,0.10%,0.1,6.0,2.4200000000000728,9.979999999999563,1.4299999999993815
2026-03-05 14:05:00,2026-03-05 14:05:00,XAUUSD,Buy,0.1,5165.62,5178.02,5168.05,5169.91,186.0,18.6,15s,0.13%,0.13,15.0,2.430000000000291,9.970000000000255,1.8599999999996726
2026-03-05 15:16:00,2026-03-05 15:16:00,XAUUSD,Sell,0.1,5148.75,5136.35,5146.26,5138.28,798.0,79.8,12s,0.56%,0.56,12.0,2.4899999999997817,9.909999999999854,7.980000000000473
2026-03-05 17:08:00,2026-03-05 17:08:00,XAUUSD,Sell,0.1,5085.7,5073.3,5083.23,5073.25,998.0,99.8,11s,0.70%,0.7,11.0,2.4700000000002547,9.929999999999382,9.979999999999563
2026-03-05 18:26:00,2026-03-05 18:26:00,XAUUSD,Sell,0.1,5062.85,5050.45,5060.44,5060.43,1.0,0.1,2s,0.00%,0.0,2.0,2.410000000000764,9.989999999999782,0.009999999999308784
2026-03-06 03:00:00,2026-03-06 03:00:00,XAUUSD,Sell,0.1,5076.6,5064.2,5074.19,5066.76,743.0,74.3,12s,0.52%,0.52,12.0,2.410000000000764,9.989999999999782,7.4299999999993815
2026-03-06 03:35:00,2026-03-06 03:35:00,XAUUSD,Buy,0.1,5099.61,5112.01,5102.01,5103.0,99.0,9.9,6s,0.07%,0.07,6.0,2.4000000000005457,10.0,0.9899999999997817
2026-03-06 09:07:00,2026-03-06 09:07:00,XAUUSD,Sell,0.1,5111.66,5099.26,5109.24,5109.23,1.0,0.1,3s,0.00%,0.0,3.0,2.4200000000000728,9.979999999999563,0.010000000000218279
2026-03-06 10:25:00,2026-03-06 10:25:00,XAUUSD,Sell,0.1,5108.26,5095.86,5105.82,5104.24,158.0,15.8,13s,0.11%,0.11,13.0,2.4400000000005093,9.960000000000036,1.5799999999999272
2026-03-09 03:00:00,2026-03-09 03:00:00,XAUUSD,Sell,0.1,5030.84,5018.44,5028.36,5018.38,998.0,99.8,13s,0.69%,0.69,13.0,2.480000000000473,9.920000000000073,9.979999999999563
2026-03-09 04:10:00,2026-03-09 04:10:00,XAUUSD,Buy,0.1,5085.21,5097.61,5087.71,5094.78,707.0,70.7,15s,0.49%,0.49,15.0,2.5,9.899999999999636,7.069999999999709
2026-03-09 07:23:00,2026-03-09 07:23:00,XAUUSD,Buy,0.1,5100.05,5112.45,5102.48,5103.13,65.0,6.5,3s,0.04%,0.04,3.0,2.4299999999993815,9.970000000000255,0.6500000000005457
2026-03-09 10:32:00,2026-03-09 10:32:00,XAUUSD,Sell,0.1,5091.03,5078.63,5088.62,5087.34,128.0,12.8,5s,0.09%,0.09,5.0,2.4099999999998545,9.989999999999782,1.2799999999997453
2026-03-09 11:09:00,2026-03-09 11:09:00,XAUUSD,Buy,0.1,5108.48,5120.88,5110.91,5111.47,56.0,5.6,3s,0.04%,0.04,3.0,2.430000000000291,9.970000000000255,0.5600000000004002
2026-03-09 12:51:00,2026-03-09 12:51:00,XAUUSD,Sell,0.1,5089.5,5077.1,5087.07,5084.51,256.0,25.6,14s,0.18%,0.18,14.0,2.430000000000291,9.969999999999345,2.5599999999994907
2026-03-09 15:42:00,2026-03-09 15:42:00,XAUUSD,Sell,0.1,5082.24,5069.84,5079.82,5075.54,428.0,42.8,17s,0.29%,0.29,17.0,2.4200000000000728,9.979999999999563,4.279999999999745
2026-03-10 03:20:00,2026-03-10 03:20:00,XAUUSD,Buy,0.1,5153.69,5166.09,5156.13,5158.22,209.0,20.9,10s,0.14%,0.14,10.0,2.4400000000005093,9.960000000000036,2.0900000000001455
2026-03-10 09:59:00,2026-03-10 09:59:00,XAUUSD,Buy,0.1,5178.54,5190.94,5180.96,5181.05,9.0,0.9,18s,0.01%,0.01,18.0,2.4200000000000728,9.979999999999563,0.09000000000014552
2026-03-10 12:37:00,2026-03-10 12:37:00,XAUUSD,Sell,0.1,5160.98,5148.58,5158.57,5158.24,33.0,3.3,3s,0.02%,0.02,3.0,2.4099999999998545,9.989999999999782,0.32999999999992724
2026-03-10 15:00:00,2026-03-10 15:00:00,XAUUSD,Buy,0.1,5189.54,5201.94,5191.95,5196.19,424.0,42.4,13s,0.29%,0.29,13.0,2.4099999999998545,9.989999999999782,4.239999999999782
2026-03-10 17:20:00,2026-03-10 17:20:00,XAUUSD,Buy,0.1,5226.28,5238.68,5228.7,5228.45,-25.0,-2.5,1s,-0.02%,-0.02,1.0,2.4200000000000728,9.980000000000473,-0.25
2026-03-11 07:30:00,2026-03-11 07:30:00,XAUUSD,Sell,0.1,5201.68,5189.28,5199.28,5190.87,841.0,84.1,25s,0.57%,0.57,25.0,2.4000000000005457,10.0,8.409999999999854
2026-03-11 09:33:00,2026-03-11 09:33:00,XAUUSD,Sell,0.1,5193.03,5180.63,5190.63,5190.4,23.0,2.3,8s,0.02%,0.02,8.0,2.399999999999636,10.0,0.23000000000047294
2026-03-11 13:58:00,2026-03-11 13:58:00,XAUUSD,Sell,0.1,5179.61,5167.21,5177.19,5175.94,125.0,12.5,5s,0.08%,0.08,5.0,2.4200000000000728,9.979999999999563,1.25
2026-03-11 14:36:00,2026-03-11 14:36:00,XAUUSD,Sell,0.1,5178.05,5165.65,5175.63,5173.95,168.0,16.8,6s,0.11%,0.11,6.0,2.4200000000000728,9.980000000000473,1.680000000000291
2026-03-11 15:30:00,2026-03-11 15:30:00,XAUUSD,Sell,0.1,5177.84,5165.44,5175.44,5174.68,76.0,7.6,6s,0.05%,0.05,6.0,2.4000000000005457,10.0,0.7599999999993088
2026-03-12 06:37:00,2026-03-12 06:37:00,XAUUSD,Sell,0.1,5148.16,5135.76,5145.74,5145.95,-21.0,-2.1,6s,-0.01%,-0.01,6.0,2.4200000000000728,9.979999999999563,-0.21000000000003638
2026-03-12 08:31:00,2026-03-12 08:32:00,XAUUSD,Buy,0.1,5155.45,5167.85,5157.86,5159.92,206.0,20.6,32s,0.14%,0.14,32.0,2.4099999999998545,9.990000000000691,2.0600000000004
2026-03-12 09:42:00,2026-03-12 09:42:00,XAUUSD,Buy,0.1,5172.77,5185.17,5175.21,5178.38,317.0,31.7,26s,0.21%,0.21,26.0,2.4399999999996,9.960000000000036,3.1700000000000728
2026-03-12 11:59:00,2026-03-12 11:59:00,XAUUSD,Buy,0.1,5187.35,5199.75,5189.77,5189.78,1.0,0.1,4s,0.00%,0.0,4.0,2.4200000000000728,9.979999999999563,0.009999999999308784
2026-03-12 12:00:00,2026-03-12 12:00:00,XAUUSD,Buy,0.1,5187.35,5199.75,5189.76,5190.54,78.0,7.8,12s,0.05%,0.05,12.0,2.4099999999998545,9.989999999999782,0.7799999999997453
2026-03-12 13:19:00,2026-03-12 13:20:00,XAUUSD,Sell,0.1,5176.8,5164.4,5174.4,5173.34,106.0,10.6,27s,0.07%,0.07,27.0,2.4000000000005457,10.0,1.0599999999994907
2026-03-12 14:05:00,2026-03-12 14:05:00,XAUUSD,Sell,0.1,5175.09,5162.69,5172.69,5171.72,97.0,9.7,16s,0.06%,0.06,16.0,2.4000000000005457,10.0,0.9699999999993452
2026-03-12 15:23:00,2026-03-12 15:23:00,XAUUSD,Sell,0.1,5166.25,5153.85,5163.82,5161.28,254.0,25.4,4s,0.17%,0.17,4.0,2.430000000000291,9.969999999999345,2.5399999999999636
2026-03-12 16:33:00,2026-03-12 16:33:00,XAUUSD,Sell,0.1,5148.49,5136.09,5146.06,5143.92,214.0,21.4,13s,0.14%,0.14,13.0,2.4299999999993815,9.970000000000255,2.1400000000003274
2026-03-13 10:03:00,2026-03-13 10:03:00,XAUUSD,Sell,0.1,5074.13,5061.73,5071.72,5069.16,256.0,25.6,12s,0.17%,0.17,12.0,2.4099999999998545,9.990000000000691,2.5600000000004
2026-03-16 08:14:00,2026-03-16 08:14:00,XAUUSD,Buy,0.1,5023.89,5036.29,5026.29,5027.63,134.0,13.4,14s,0.09%,0.09,14.0,2.399999999999636,10.0,1.3400000000001455
2026-03-16 09:15:00,2026-03-16 09:15:00,XAUUSD,Sell,0.1,5005.68,4993.28,5003.27,5001.24,203.0,20.3,13s,0.13%,0.13,13.0,2.4099999999998545,9.990000000000691,2.030000000000655
2026-03-16 14:28:00,2026-03-16 14:28:00,XAUUSD,Buy,0.1,5020.23,5032.63,5022.67,5024.51,184.0,18.4,10s,0.12%,0.12,10.0,2.4400000000005093,9.960000000000036,1.8400000000001455
2026-03-16 16:08:00,2026-03-16 16:08:00,XAUUSD,Buy,0.1,5033.77,5046.17,5036.19,5037.85,166.0,16.6,13s,0.11%,0.11,13.0,2.4199999999991633,9.980000000000473,1.660000000000764
2026-03-17 03:00:00,2026-03-17 03:00:00,XAUUSD,Sell,0.1,5001.06,4988.66,4998.65,4998.0,65.0,6.5,3s,0.04%,0.04,3.0,2.410000000000764,9.989999999999782,0.6499999999996362
2026-03-17 05:21:00,2026-03-17 05:21:00,XAUUSD,Buy,0.1,5027.28,5039.68,5029.68,5029.42,-26.0,-2.6,2s,-0.02%,-0.02,2.0,2.4000000000005457,10.0,-0.2600000000002183
2026-03-17 06:30:00,2026-03-17 06:31:00,XAUUSD,Buy,0.1,5031.27,5043.67,5033.68,5033.93,25.0,2.5,38s,0.02%,0.02,38.0,2.4099999999998545,9.989999999999782,0.25
2026-03-17 12:06:00,2026-03-17 12:06:00,XAUUSD,Sell,0.1,5007.74,4995.34,5005.34,5003.98,136.0,13.6,6s,0.09%,0.09,6.0,2.399999999999636,10.0,1.360000000000582
2026-03-17 15:32:00,2026-03-17 15:32:00,XAUUSD,Buy,0.1,5021.45,5033.85,5023.85,5026.19,234.0,23.4,10s,0.15%,0.15,10.0,2.4000000000005457,10.0,2.339999999999236
2026-03-17 16:31:00,2026-03-17 16:31:00,XAUUSD,Sell,0.1,5007.84,4995.44,5005.44,5003.11,233.0,23.3,15s,0.15%,0.15,15.0,2.4000000000005457,10.0,2.3299999999999272
2026-03-17 17:35:00,2026-03-17 17:36:00,XAUUSD,Sell,0.1,4994.4,4982.0,4992.0,4990.95,105.0,10.5,22s,0.07%,0.07,22.0,2.399999999999636,10.0,1.050000000000182
2026-03-18 03:08:00,2026-03-18 03:08:00,XAUUSD,Buy,0.1,5009.89,5022.29,5012.29,5012.14,-15.0,-1.5,14s,-0.01%,-0.01,14.0,2.399999999999636,10.0,-0.1499999999996362
2026-03-18 03:52:00,2026-03-18 03:52:00,XAUUSD,Sell,0.1,4995.72,4983.32,4993.32,4991.52,180.0,18.0,12s,0.12%,0.12,12.0,2.4000000000005457,10.0,1.7999999999992724
2026-03-18 04:57:00,2026-03-18 04:57:00,XAUUSD,Sell,0.1,4993.65,4981.25,4991.24,4991.14,10.0,1.0,4s,0.01%,0.01,4.0,2.4099999999998545,9.989999999999782,0.0999999999994543
2026-03-18 06:34:00,2026-03-18 06:34:00,XAUUSD,Sell,0.1,4988.44,4976.04,4986.0,4986.16,-16.0,-1.6,2s,-0.01%,-0.01,2.0,2.4399999999996,9.960000000000036,-0.15999999999985448
2026-03-18 08:36:00,2026-03-18 08:36:00,XAUUSD,Buy,0.1,5013.59,5025.99,5016.0,5016.1,10.0,1.0,3s,0.01%,0.01,3.0,2.4099999999998545,9.989999999999782,0.1000000000003638
2026-03-18 10:45:00,2026-03-18 10:45:00,XAUUSD,Sell,0.1,4984.19,4971.79,4981.76,4977.42,434.0,43.4,14s,0.29%,0.29,14.0,2.4299999999993815,9.970000000000255,4.3400000000001455
2026-03-18 12:35:00,2026-03-18 12:35:00,XAUUSD,Sell,0.1,4979.57,4967.17,4977.12,4967.13,999.0,99.9,18s,0.66%,0.66,18.0,2.449999999999818,9.949999999999818,9.989999999999782
2026-03-19 07:30:00,2026-03-19 07:30:00,XAUUSD,Sell,0.1,4848.13,4835.73,4845.71,4840.79,492.0,49.2,25s,0.32%,0.32,25.0,2.4200000000000728,9.980000000000473,4.920000000000073
2026-03-19 09:44:00,2026-03-19 09:44:00,XAUUSD,Sell,0.1,4750.1,4737.7,4747.65,4737.69,996.0,99.6,22s,0.65%,0.65,22.0,2.4500000000007276,9.949999999999818,9.960000000000036
2026-03-19 12:20:00,2026-03-19 12:20:00,XAUUSD,Sell,0.1,4689.25,4676.85,4686.79,4676.74,1005.0,100.5,18s,0.65%,0.65,18.0,2.4600000000000364,9.9399999999996,10.050000000000182
2026-03-19 13:42:00,2026-03-19 13:42:00,XAUUSD,Sell,0.1,4668.96,4656.56,4666.51,4658.35,816.0,81.6,16s,0.52%,0.52,16.0,2.449999999999818,9.949999999999818,8.159999999999854
2026-03-20 03:03:00,2026-03-20 03:03:00,XAUUSD,Buy,0.1,4662.56,4674.96,4664.98,4667.24,226.0,22.6,5s,0.14%,0.14,5.0,2.4199999999991633,9.980000000000473,2.2600000000002183
2026-03-20 03:35:00,2026-03-20 03:35:00,XAUUSD,Buy,0.1,4674.83,4687.23,4677.24,4677.13,-11.0,-1.1,7s,-0.01%,-0.01,7.0,2.4099999999998545,9.989999999999782,-0.10999999999967258
2026-03-20 04:49:00,2026-03-20 04:49:00,XAUUSD,Buy,0.1,4696.82,4709.22,4699.25,4700.19,94.0,9.4,5s,0.06%,0.06,5.0,2.430000000000291,9.970000000000255,0.9399999999995998
2026-03-20 11:58:00,2026-03-20 11:58:00,XAUUSD,Sell,0.1,4663.9,4651.5,4661.48,4660.14,134.0,13.4,13s,0.09%,0.09,13.0,2.4200000000000728,9.979999999999563,1.339999999999236
2026-03-23 07:30:00,2026-03-23 07:30:00,XAUUSD,Sell,0.1,4337.58,4325.18,4335.17,4330.61,456.0,45.6,6s,0.29%,0.29,6.0,2.4099999999998545,9.989999999999782,4.5600000000004
2026-03-23 13:05:00,2026-03-23 13:05:00,XAUUSD,Buy,0.1,4305.88,4318.28,4308.3,4318.37,1007.0,100.7,3s,0.64%,0.64,3.0,2.4200000000000728,9.979999999999563,10.069999999999709
2026-03-23 14:49:00,2026-03-23 14:49:00,XAUUSD,Buy,0.1,4460.35,4472.75,4462.8,4463.2,40.0,4.0,1s,0.03%,0.03,1.0,2.449999999999818,9.949999999999818,0.3999999999996362
2026-03-23 16:18:00,2026-03-23 16:19:00,XAUUSD,Buy,0.1,4490.03,4502.43,4492.46,4495.45,299.0,29.9,31s,0.19%,0.19,31.0,2.430000000000291,9.970000000000255,2.9899999999997817
2026-03-24 03:00:00,2026-03-24 03:00:00,XAUUSD,Sell,0.1,4363.67,4351.27,4361.24,4361.39,-15.0,-1.5,1s,-0.01%,-0.01,1.0,2.430000000000291,9.969999999999345,-0.1500000000005457
2026-03-24 07:05:00,2026-03-24 07:06:00,XAUUSD,Sell,0.1,4329.09,4316.69,4326.64,4320.61,603.0,60.3,52s,0.38%,0.38,52.0,2.449999999999818,9.950000000000728,6.030000000000655
2026-03-24 08:22:00,2026-03-24 08:22:00,XAUUSD,Buy,0.1,4376.88,4389.28,4379.28,4389.28,1000.0,100.0,43s,0.63%,0.63,43.0,2.399999999999636,10.0,10.0
2026-03-24 12:17:00,2026-03-24 12:17:00,XAUUSD,Buy,0.1,4430.28,4442.68,4432.69,4432.7,1.0,0.1,3s,0.00%,0.0,3.0,2.4099999999998545,9.990000000000691,0.010000000000218279
2026-03-24 14:34:00,2026-03-24 14:34:00,XAUUSD,Sell,0.1,4377.04,4364.64,4374.64,4374.51,13.0,1.3,1s,0.01%,0.01,1.0,2.399999999999636,10.0,0.13000000000010914
2026-03-25 04:46:00,2026-03-25 04:46:00,XAUUSD,Buy,0.1,4598.64,4611.04,4601.04,4602.22,118.0,11.8,14s,0.07%,0.07,14.0,2.399999999999636,10.0,1.180000000000291
2026-03-25 07:17:00,2026-03-25 07:17:00,XAUUSD,Sell,0.1,4568.16,4555.76,4565.72,4564.18,154.0,15.4,15s,0.10%,0.1,15.0,2.4399999999996,9.960000000000036,1.5399999999999636
2026-03-25 10:15:00,2026-03-25 10:16:00,XAUUSD,Buy,0.1,4560.89,4573.29,4563.31,4564.35,104.0,10.4,37s,0.06%,0.06,37.0,2.4200000000000728,9.979999999999563,1.0399999999999636
2026-03-25 11:48:00,2026-03-25 11:48:00,XAUUSD,Sell,0.1,4538.25,4525.85,4535.79,4530.79,500.0,50.0,4s,0.31%,0.31,4.0,2.4600000000000364,9.9399999999996,5.0
2026-03-25 13:05:00,2026-03-25 13:05:00,XAUUSD,Buy,0.1,4565.46,4577.86,4567.89,4568.65,76.0,7.6,12s,0.05%,0.05,12.0,2.430000000000291,9.969999999999345,0.7599999999993088
2026-03-25 14:31:00,2026-03-25 14:31:00,XAUUSD,Sell,0.1,4530.2,4517.8,4527.77,4522.24,553.0,55.3,11s,0.34%,0.34,11.0,2.4299999999993815,9.970000000000255,5.530000000000655
2026-03-25 16:50:00,2026-03-25 16:50:00,XAUUSD,Buy,0.1,4574.04,4586.44,4576.46,4579.06,260.0,26.0,10s,0.16%,0.16,10.0,2.4200000000000728,9.979999999999563,2.600000000000364
2026-03-25 17:17:00,2026-03-25 17:17:00,XAUUSD,Sell,0.1,4535.39,4522.99,4532.98,4529.56,342.0,34.2,12s,0.21%,0.21,12.0,2.410000000000764,9.989999999999782,3.4199999999991633
2026-03-26 04:34:00,2026-03-26 04:34:00,XAUUSD,Sell,0.1,4524.79,4512.39,4522.38,4520.53,185.0,18.5,13s,0.11%,0.11,13.0,2.4099999999998545,9.989999999999782,1.8500000000003638
2026-03-26 07:26:00,2026-03-26 07:26:00,XAUUSD,Sell,0.1,4502.36,4489.96,4499.94,4494.2,574.0,57.4,24s,0.35%,0.35,24.0,2.4200000000000728,9.979999999999563,5.739999999999782
2026-03-26 10:43:00,2026-03-26 10:43:00,XAUUSD,Sell,0.1,4418.29,4405.89,4415.89,4412.75,314.0,31.4,4s,0.19%,0.19,4.0,2.399999999999636,10.0,3.1400000000003274
2026-03-26 13:01:00,2026-03-26 13:01:00,XAUUSD,Buy,0.1,4445.85,4458.25,4448.25,4447.92,-33.0,-3.3,5s,-0.02%,-0.02,5.0,2.399999999999636,10.0,-0.32999999999992724
2026-03-26 15:45:00,2026-03-26 15:45:00,XAUUSD,Buy,0.1,4454.24,4466.64,4456.67,4460.25,358.0,35.8,13s,0.22%,0.22,13.0,2.430000000000291,9.970000000000255,3.5799999999999272
2026-03-26 18:21:00,2026-03-26 18:21:00,XAUUSD,Sell,0.1,4418.78,4406.38,4416.34,4406.38,996.0,99.6,19s,0.61%,0.61,19.0,2.4399999999996,9.960000000000036,9.960000000000036
2026-03-27 03:56:00,2026-03-27 03:56:00,XAUUSD,Buy,0.1,4417.89,4430.29,4420.31,4420.31,0.0,0.0,2s,0.00%,0.0,2.0,2.4200000000000728,9.979999999999563,0.0
2026-03-27 05:39:00,2026-03-27 05:40:00,XAUUSD,Buy,0.1,4438.08,4450.48,4440.5,4445.33,483.0,48.3,35s,0.29%,0.29,35.0,2.4200000000000728,9.979999999999563,4.829999999999927
2026-03-27 06:55:00,2026-03-27 06:56:00,XAUUSD,Buy,0.1,4443.61,4456.01,4446.02,4447.87,185.0,18.5,40s,0.11%,0.11,40.0,2.410000000000764,9.989999999999782,1.8499999999994543
2026-03-27 07:30:00,2026-03-27 07:30:00,XAUUSD,Buy,0.1,4447.06,4459.46,4449.51,4451.49,198.0,19.8,4s,0.12%,0.12,4.0,2.449999999999818,9.949999999999818,1.9799999999995634
2026-03-30 05:41:00,2026-03-30 05:42:00,XAUUSD,Buy,0.1,4473.22,4485.62,4475.68,4485.05,937.0,93.7,42s,0.56%,0.56,42.0,2.4600000000000364,9.9399999999996,9.36999999999989
2026-03-30 08:49:00,2026-03-30 08:49:00,XAUUSD,Buy,0.1,4514.86,4527.26,4517.33,4521.11,378.0,37.8,16s,0.23%,0.23,16.0,2.4700000000002547,9.930000000000291,3.7799999999997453
2026-03-30 14:15:00,2026-03-30 14:15:00,XAUUSD,Buy,0.1,4538.38,4550.78,4540.8,4540.88,8.0,0.8,3s,0.00%,0.0,3.0,2.4200000000000728,9.979999999999563,0.07999999999992724
2026-03-30 16:58:00,2026-03-30 16:58:00,XAUUSD,Sell,0.1,4527.84,4515.44,4525.41,4516.94,847.0,84.7,23s,0.51%,0.51,23.0,2.430000000000291,9.970000000000255,8.470000000000255
2026-03-31 03:02:00,2026-03-31 03:02:00,XAUUSD,Buy,0.1,4520.6,4533.0,4523.08,4527.88,480.0,48.0,15s,0.29%,0.29,15.0,2.4799999999995634,9.920000000000073,4.800000000000182
2026-03-31 03:36:00,2026-03-31 03:37:00,XAUUSD,Buy,0.1,4520.6,4533.0,4523.02,4525.76,274.0,27.4,25s,0.16%,0.16,25.0,2.4200000000000728,9.979999999999563,2.7399999999997817
2026-03-31 08:13:00,2026-03-31 08:13:00,XAUUSD,Sell,0.1,4552.66,4540.26,4550.22,4549.49,73.0,7.3,2s,0.04%,0.04,2.0,2.4399999999996,9.960000000000036,0.7300000000004729
2026-03-31 10:19:00,2026-03-31 10:19:00,XAUUSD,Sell,0.1,4550.24,4537.84,4547.84,4543.48,436.0,43.6,24s,0.26%,0.26,24.0,2.399999999999636,10.0,4.360000000000582
2026-03-31 13:36:00,2026-03-31 13:36:00,XAUUSD,Sell,0.1,4552.59,4540.19,4550.18,4549.03,115.0,11.5,10s,0.07%,0.07,10.0,2.4099999999998545,9.990000000000691,1.1500000000005457
2026-03-31 14:09:00,2026-03-31 14:09:00,XAUUSD,Sell,0.1,4545.64,4533.24,4543.23,4543.34,-11.0,-1.1,2s,-0.01%,-0.01,2.0,2.410000000000764,9.989999999999782,-0.11000000000058208
2026-03-31 16:51:00,2026-03-31 16:51:00,XAUUSD,Buy,0.1,4595.16,4607.56,4597.56,4598.82,126.0,12.6,3s,0.07%,0.07,3.0,2.4000000000005457,10.0,1.2599999999993088
2026-04-01 05:36:00,2026-04-01 05:37:00,XAUUSD,Sell,0.1,4683.87,4671.47,4681.47,4680.97,50.0,5.0,40s,0.03%,0.03,40.0,2.399999999999636,10.0,0.5
2026-04-01 07:02:00,2026-04-01 07:03:00,XAUUSD,Sell,0.1,4680.68,4668.28,4678.27,4678.3,-3.0,-0.3,25s,0.00%,0.0,25.0,2.4099999999998545,9.990000000000691,-0.02999999999974534
2026-04-01 09:48:00,2026-04-01 09:48:00,XAUUSD,Buy,0.1,4721.83,4734.23,4724.28,4727.7,342.0,34.2,17s,0.20%,0.2,17.0,2.449999999999818,9.949999999999818,3.4200000000000728
2026-04-01 10:33:00,2026-04-01 10:33:00,XAUUSD,Buy,0.1,4730.82,4743.22,4733.26,4735.77,251.0,25.1,13s,0.15%,0.15,13.0,2.4400000000005093,9.960000000000036,2.5100000000002183
2026-04-01 11:03:00,2026-04-01 11:03:00,XAUUSD,Buy,0.1,4721.83,4734.23,4724.23,4725.32,109.0,10.9,8s,0.06%,0.06,8.0,2.399999999999636,10.0,1.0900000000001455
2026-04-01 14:30:00,2026-04-01 14:30:00,XAUUSD,Buy,0.1,4745.27,4757.67,4747.68,4750.0,232.0,23.2,16s,0.14%,0.14,16.0,2.4099999999998545,9.989999999999782,2.319999999999709
2026-04-01 17:53:00,2026-04-01 17:53:00,XAUUSD,Buy,0.1,4760.65,4773.05,4763.06,4766.47,341.0,34.1,16s,0.20%,0.2,16.0,2.410000000000764,9.989999999999782,3.4099999999998545
2026-04-02 03:13:00,2026-04-02 03:14:00,XAUUSD,Buy,0.1,4790.68,4803.08,4793.1,4793.28,18.0,1.8,37s,0.01%,0.01,37.0,2.4200000000000728,9.979999999999563,0.17999999999938154
2026-04-02 04:03:00,2026-04-02 04:03:00,XAUUSD,Sell,0.1,4751.12,4738.72,4748.72,4747.66,106.0,10.6,1s,0.06%,0.06,1.0,2.399999999999636,10.0,1.0600000000004002
2026-04-02 08:33:00,2026-04-02 08:33:00,XAUUSD,Sell,0.1,4659.53,4647.13,4657.05,4647.1,995.0,99.5,14s,0.58%,0.58,14.0,2.4799999999995634,9.920000000000073,9.949999999999818
2026-04-02 13:18:00,2026-04-02 13:18:00,XAUUSD,Sell,0.1,4615.64,4603.24,4613.22,4613.18,4.0,0.4,2s,0.00%,0.0,2.0,2.4200000000000728,9.980000000000473,0.03999999999996362
2026-04-02 14:41:00,2026-04-02 14:41:00,XAUUSD,Sell,0.1,4606.52,4594.12,4604.1,4602.96,114.0,11.4,16s,0.07%,0.07,16.0,2.4200000000000728,9.980000000000473,1.1400000000003274
2026-04-02 16:00:00,2026-04-02 16:00:00,XAUUSD,Sell,0.1,4595.33,4582.93,4592.89,4582.86,1003.0,100.3,13s,0.58%,0.58,13.0,2.4399999999996,9.960000000000036,10.030000000000655
2026-04-06 05:16:00,2026-04-06 05:16:00,XAUUSD,Buy,0.1,4640.73,4653.13,4643.13,4646.34,321.0,32.1,17s,0.19%,0.19,17.0,2.4000000000005457,10.0,3.2100000000000364
2026-04-06 08:10:00,2026-04-06 08:11:00,XAUUSD,Buy,0.1,4669.55,4681.95,4671.97,4676.4,443.0,44.3,39s,0.26%,0.26,39.0,2.4200000000000728,9.979999999999563,4.4299999999993815
2026-04-06 10:51:00,2026-04-06 10:51:00,XAUUSD,Buy,0.1,4676.43,4688.83,4678.87,4681.41,254.0,25.4,14s,0.15%,0.15,14.0,2.4399999999996,9.960000000000036,2.5399999999999636
2026-04-06 14:45:00,2026-04-06 14:45:00,XAUUSD,Sell,0.1,4687.19,4674.79,4684.77,4683.04,173.0,17.3,23s,0.10%,0.1,23.0,2.4199999999991633,9.980000000000473,1.730000000000473
2026-04-06 18:15:00,2026-04-06 18:15:00,XAUUSD,Sell,0.1,4662.03,4649.63,4659.6,4655.56,404.0,40.4,14s,0.23%,0.23,14.0,2.4299999999993815,9.970000000000255,4.039999999999964
2026-04-06 18:37:00,2026-04-06 18:37:00,XAUUSD,Sell,0.1,4662.03,4649.63,4659.59,4656.56,303.0,30.3,13s,0.17%,0.17,13.0,2.4399999999996,9.960000000000036,3.0299999999997453
2026-04-07 04:00:00,2026-04-07 04:00:00,XAUUSD,Sell,0.1,4651.52,4639.12,4649.11,4639.08,1003.0,100.3,21s,0.57%,0.57,21.0,2.410000000000764,9.989999999999782,10.029999999999745
2026-04-07 04:37:00,2026-04-07 04:37:00,XAUUSD,Sell,0.1,4647.87,4635.47,4645.42,4640.4,502.0,50.2,13s,0.29%,0.29,13.0,2.449999999999818,9.949999999999818,5.020000000000437
2026-04-07 07:31:00,2026-04-07 07:31:00,XAUUSD,Buy,0.1,4651.74,4664.14,4654.15,4655.35,120.0,12.0,13s,0.07%,0.07,13.0,2.4099999999998545,9.990000000000691,1.2000000000007276
2026-04-07 11:02:00,2026-04-07 11:02:00,XAUUSD,Buy,0.1,4654.75,4667.15,4657.15,4659.63,248.0,24.8,6s,0.14%,0.14,6.0,2.399999999999636,10.0,2.480000000000473
2026-04-07 12:13:00,2026-04-07 12:13:00,XAUUSD,Buy,0.1,4688.41,4700.81,4690.81,4693.37,256.0,25.6,13s,0.14%,0.14,13.0,2.4000000000005457,10.0,2.5599999999994907
2026-04-07 14:14:00,2026-04-07 14:14:00,XAUUSD,Sell,0.1,4638.96,4626.56,4636.53,4629.23,730.0,73.0,25s,0.41%,0.41,25.0,2.430000000000291,9.969999999999345,7.300000000000182
2026-04-07 16:35:00,2026-04-07 16:35:00,XAUUSD,Sell,0.1,4649.22,4636.82,4646.82,4644.86,196.0,19.6,17s,0.11%,0.11,17.0,2.4000000000005457,10.0,1.9600000000000364
2026-04-07 17:03:00,2026-04-07 17:03:00,XAUUSD,Sell,0.1,4631.35,4618.95,4628.95,4627.57,138.0,13.8,15s,0.08%,0.08,15.0,2.4000000000005457,10.0,1.3800000000001091
2026-04-08 12:43:00,2026-04-08 12:43:00,XAUUSD,Sell,0.1,4792.93,4780.53,4790.52,4783.6,692.0,69.2,25s,0.39%,0.39,25.0,2.4099999999998545,9.990000000000691,6.920000000000073
2026-04-08 15:22:00,2026-04-08 15:22:00,XAUUSD,Sell,0.1,4773.67,4761.27,4771.24,4769.03,221.0,22.1,4s,0.12%,0.12,4.0,2.430000000000291,9.969999999999345,2.2100000000000364
2026-04-08 16:55:00,2026-04-08 16:55:00,XAUUSD,Sell,0.1,4771.19,4758.79,4768.79,4767.84,95.0,9.5,3s,0.05%,0.05,3.0,2.399999999999636,10.0,0.9499999999998181
2026-04-09 03:07:00,2026-04-09 03:07:00,XAUUSD,Sell,0.1,4702.07,4689.67,4699.65,4698.86,79.0,7.9,4s,0.04%,0.04,4.0,2.4200000000000728,9.979999999999563,0.7899999999999636
2026-04-09 05:39:00,2026-04-09 05:39:00,XAUUSD,Buy,0.1,4730.02,4742.42,4732.44,4732.2,-24.0,-2.4,5s,-0.01%,-0.01,5.0,2.4199999999991633,9.980000000000473,-0.23999999999978172
2026-04-09 09:53:00,2026-04-09 09:53:00,XAUUSD,Sell,0.1,4708.26,4695.86,4705.81,4704.49,132.0,13.2,8s,0.07%,0.07,8.0,2.449999999999818,9.950000000000728,1.3200000000006185
2026-04-09 10:08:00,2026-04-09 10:08:00,XAUUSD,Buy,0.1,4724.23,4736.63,4726.63,4728.29,166.0,16.6,18s,0.09%,0.09,18.0,2.4000000000005457,10.0,1.6599999999998545
2026-04-09 10:37:00,2026-04-09 10:37:00,XAUUSD,Buy,0.1,4724.23,4736.63,4726.63,4727.94,131.0,13.1,15s,0.07%,0.07,15.0,2.4000000000005457,10.0,1.3099999999994907
2026-04-09 11:44:00,2026-04-09 11:44:00,XAUUSD,Buy,0.1,4729.05,4741.45,4731.46,4732.14,68.0,6.8,3s,0.04%,0.04,3.0,2.4099999999998545,9.989999999999782,0.680000000000291
2026-04-09 12:02:00,2026-04-09 12:03:00,XAUUSD,Buy,0.1,4724.23,4736.63,4726.64,4727.5,86.0,8.6,32s,0.05%,0.05,32.0,2.410000000000764,9.989999999999782,0.8599999999996726
2026-04-09 13:21:00,2026-04-09 13:21:00,XAUUSD,Buy,0.1,4730.98,4743.38,4733.39,4733.4,1.0,0.1,2s,0.00%,0.0,2.0,2.410000000000764,9.989999999999782,0.009999999999308784
2026-04-09 16:35:00,2026-04-09 16:35:00,XAUUSD,Buy,0.1,4757.28,4769.68,4759.72,4764.45,473.0,47.3,17s,0.26%,0.26,17.0,2.4400000000005093,9.960000000000036,4.729999999999563
2026-04-09 18:17:00,2026-04-09 18:17:00,XAUUSD,Buy,0.1,4774.82,4787.22,4777.23,4778.8,157.0,15.7,6s,0.09%,0.09,6.0,2.4099999999998545,9.990000000000691,1.5700000000006185
2026-04-10 03:00:00,2026-04-10 03:00:00,XAUUSD,Sell,0.1,4759.16,4746.76,4756.74,4756.07,67.0,6.7,3s,0.04%,0.04,3.0,2.4200000000000728,9.979999999999563,0.6700000000000728
2026-04-10 05:13:00,2026-04-10 05:13:00,XAUUSD,Sell,0.1,4753.14,4740.74,4750.74,4749.99,75.0,7.5,7s,0.04%,0.04,7.0,2.4000000000005457,10.0,0.75
2026-04-10 09:14:00,2026-04-10 09:14:00,XAUUSD,Sell,0.1,4759.84,4747.44,4757.43,4755.84,159.0,15.9,17s,0.09%,0.09,17.0,2.4099999999998545,9.990000000000691,1.5900000000001455
2026-04-10 11:44:00,2026-04-10 11:44:00,XAUUSD,Sell,0.1,4743.7,4731.3,4741.27,4741.26,1.0,0.1,2s,0.00%,0.0,2.0,2.4299999999993815,9.970000000000255,0.010000000000218279
2026-04-13 08:57:00,2026-04-13 08:57:00,XAUUSD,Buy,0.1,4725.69,4738.09,4728.1,4730.0,190.0,19.0,17s,0.11%,0.11,17.0,2.410000000000764,9.989999999999782,1.8999999999996362
2026-04-13 13:25:00,2026-04-13 13:25:00,XAUUSD,Sell,0.1,4711.14,4698.74,4708.73,4708.72,1.0,0.1,5s,0.00%,0.0,5.0,2.410000000000764,9.989999999999782,0.009999999999308784
2026-04-13 14:41:00,2026-04-13 14:41:00,XAUUSD,Sell,0.1,4710.72,4698.32,4708.32,4707.41,91.0,9.1,4s,0.05%,0.05,4.0,2.4000000000005457,10.0,0.9099999999998545
2026-04-13 16:01:00,2026-04-13 16:01:00,XAUUSD,Buy,0.1,4726.72,4739.12,4729.13,4729.41,28.0,2.8,3s,0.02%,0.02,3.0,2.4099999999998545,9.989999999999782,0.27999999999974534
2026-04-13 18:05:00,2026-04-13 18:05:00,XAUUSD,Sell,0.1,4706.03,4693.63,4703.63,4700.49,314.0,31.4,12s,0.17%,0.17,12.0,2.399999999999636,10.0,3.1400000000003274
2026-04-14 03:26:00,2026-04-14 03:26:00,XAUUSD,Buy,0.1,4763.53,4775.93,4765.93,4766.62,69.0,6.9,4s,0.04%,0.04,4.0,2.4000000000005457,10.0,0.6899999999995998
2026-04-14 05:51:00,2026-04-14 05:51:00,XAUUSD,Buy,0.1,4774.56,4786.96,4776.96,4776.97,1.0,0.1,5s,0.00%,0.0,5.0,2.399999999999636,10.0,0.010000000000218279
2026-04-14 09:52:00,2026-04-14 09:53:00,XAUUSD,Buy,0.1,4774.63,4787.03,4777.05,4777.33,28.0,2.8,22s,0.02%,0.02,22.0,2.4200000000000728,9.979999999999563,0.27999999999974534
2026-04-14 13:38:00,2026-04-14 13:38:00,XAUUSD,Sell,0.1,4774.04,4761.64,4771.63,4765.54,609.0,60.9,23s,0.34%,0.34,23.0,2.4099999999998545,9.989999999999782,6.0900000000001455
2026-04-14 16:21:00,2026-04-14 16:21:00,XAUUSD,Buy,0.1,4787.58,4799.98,4789.98,4790.23,25.0,2.5,5s,0.01%,0.01,5.0,2.399999999999636,10.0,0.25
2026-04-14 16:34:00,2026-04-14 16:34:00,XAUUSD,Buy,0.1,4787.58,4799.98,4790.0,4794.02,402.0,40.2,29s,0.22%,0.22,29.0,2.4200000000000728,9.979999999999563,4.020000000000437
