open_date,close_date,symbol,action,lots,sl,tp,open_price,close_price,pips,profit,duration,change,change_pct,dur_s,sl_dist,tp_dist,move,sgn,bar_lo,bar_hi,win_lo,win_hi,bar_range,win_range,avail,mom_1bar,entry_vs_prev
2025-10-15 04:02:00,2025-10-15 04:02:00,XAUUSD,Buy,0.1,4167.25,4179.65,4169.73,4169.42,-31.0,-3.1,2s,-0.10%,-0.1,2.0,2.4799999999995634,9.920000000000073,-0.3099999999994907,1.0,4182.245,4187.325,4172.848,4187.325,5.079999999999927,14.476999999999862,17.595000000000255,2.280000000000655,-17.085000000000946
2025-10-15 06:46:00,2025-10-15 06:46:00,XAUUSD,Buy,0.1,4184.38,4196.78,4186.86,4186.9,4.0,0.4,8s,0.01%,0.01,8.0,2.4799999999995634,9.920000000000073,0.03999999999996362,1.0,4193.205,4200.155,4193.205,4200.445,6.949999999999818,7.239999999999782,13.585000000000036,3.800000000000182,-6.895000000000437
2025-10-15 08:14:00,2025-10-15 08:14:00,XAUUSD,Buy,0.1,4188.09,4200.49,4190.57,4190.62,5.0,0.5,3s,0.02%,0.02,3.0,2.4799999999995634,9.920000000000073,0.0500000000001819,1.0,4206.925,4216.095,4206.925,4217.995,9.170000000000073,11.069999999999709,27.425000000000182,2.8900000000003274,-16.975000000000364
2025-10-15 09:43:00,2025-10-15 09:43:00,XAUUSD,Buy,0.1,4191.31,4203.71,4193.78,4193.42,-36.0,-3.6,2s,-0.12%,-0.12,2.0,2.469999999999345,9.930000000000293,-0.3599999999996726,1.0,4188.325,4196.475,4188.325,4196.475,8.150000000000546,8.150000000000546,2.6950000000006185,-12.569999999999709,3.964999999999236
2025-10-15 12:21:00,2025-10-15 12:21:00,XAUUSD,Sell,0.1,4175.77,4163.37,4172.76,4165.52,724.0,72.4,10s,2.42%,2.42,10.0,3.0100000000002183,9.390000000000327,7.239999999999782,-1.0,4180.0,4193.515,4175.779,4193.515,13.515000000000327,17.735999999999876,-3.019000000000233,5.819999999999709,19.88500000000022
2025-10-15 17:04:00,2025-10-15 17:04:00,XAUUSD,Buy,0.1,4201.79,4214.19,4204.3,4204.4,10.0,1.0,4s,0.03%,0.03,4.0,2.5100000000002183,9.889999999999418,0.0999999999994543,1.0,4182.975,4199.448,4182.345,4199.448,16.472999999999956,17.103000000000065,-4.851999999999862,2.3799999999991996,5.565000000000509
2025-10-16 03:15:00,2025-10-16 03:15:00,XAUUSD,Buy,0.1,4213.45,4225.85,4215.89,4216.96,107.0,10.7,28s,0.35%,0.35,28.0,2.4400000000005093,9.960000000000036,1.069999999999709,1.0,4233.8150000000005,4241.075,4228.798,4241.075,7.259999999999309,12.277000000000044,25.18499999999949,-1.0399999999999636,-22.36499999999978
2025-10-16 04:00:00,2025-10-16 04:00:00,XAUUSD,Buy,0.1,4210.74,4223.14,4213.18,4214.52,134.0,13.4,13s,0.44%,0.44,13.0,2.4400000000005093,9.960000000000036,1.3400000000001455,1.0,4229.985,4235.598,4229.985,4238.915,5.613000000000284,8.930000000000291,25.734999999999673,0.5100000000002183,-20.36499999999978
2025-10-16 08:33:00,2025-10-16 08:33:00,XAUUSD,Sell,0.1,4207.69,4195.29,4205.18,4205.15,3.0,0.3,2s,0.01%,0.01,2.0,2.509999999999309,9.890000000000327,0.030000000000654836,-1.0,4228.305,4232.765,4228.305,4234.125,4.460000000000036,5.819999999999709,-23.125,0.6069999999999709,25.967999999999847
2025-10-16 11:01:00,2025-10-16 11:01:00,XAUUSD,Buy,0.1,4231.58,4243.98,4234.03,4234.56,53.0,5.3,6s,0.17%,0.17,6.0,2.449999999999818,9.949999999999818,0.5300000000006548,1.0,4239.215,4244.795,4239.215,4246.448,5.579999999999927,7.233000000000175,12.418000000000575,3.5700000000006185,-8.525000000000546
2025-10-16 12:55:00,2025-10-16 12:55:00,XAUUSD,Buy,0.1,4233.35,4245.75,4235.76,4236.85,109.0,10.9,13s,0.35%,0.35,13.0,2.4099999999998545,9.989999999999782,1.0900000000001455,1.0,4232.765,4240.175,4232.765,4247.015,7.4099999999998545,14.25,11.25500000000011,-1.2730000000001382,-1.2150000000001455
2025-10-16 15:34:00,2025-10-16 15:34:00,XAUUSD,Buy,0.1,4245.05,4257.45,4247.45,4247.68,23.0,2.3,5s,0.07%,0.07,5.0,2.399999999999636,10.0,0.23000000000047294,1.0,4267.005,4273.035,4267.005,4275.7480000000005,6.029999999999745,8.743000000000393,28.298000000000684,2.2929999999996653,-24.097999999999956
2025-10-17 10:19:00,2025-10-17 10:19:00,XAUUSD,Sell,0.1,4344.53,4332.13,4342.1,4341.88,22.0,2.2,18s,0.07%,0.07,18.0,2.429999999999381,9.970000000000256,0.22000000000025466,-1.0,4335.925,4341.335,4319.415,4341.415,5.4099999999998545,22.0,22.6850000000004,2.0869999999995343,-4.2020000000002256
2025-10-20 05:30:00,2025-10-20 05:31:00,XAUUSD,Buy,0.1,4266.52,4278.92,4268.92,4269.63,71.0,7.1,11s,0.23%,0.23,11.0,2.399999999999636,10.0,0.7100000000000364,1.0,4249.7390000000005,4260.225,4239.3550000000005,4260.225,10.485999999999876,20.86999999999989,-8.694999999999709,-4.530000000000655,12.135000000000218
2025-10-20 08:23:00,2025-10-20 08:23:00,XAUUSD,Sell,0.1,4251.41,4239.01,4248.83,4248.25,58.0,5.8,4s,0.19%,0.19,4.0,2.5799999999999272,9.819999999999707,0.5799999999999272,-1.0,4256.795,4261.505,4256.738,4265.915,4.710000000000036,9.17699999999968,-7.9080000000003565,-5.649999999999636,11.715000000000146
2025-10-20 08:49:00,2025-10-20 08:49:00,XAUUSD,Sell,0.1,4251.41,4239.01,4248.91,4247.07,184.0,18.4,12s,0.59%,0.59,12.0,2.5,9.899999999999636,1.8400000000001455,-1.0,4252.115,4259.435,4252.035,4260.048,7.3200000000006185,8.01299999999992,-3.125,1.5799999999999272,9.835000000000036
2025-10-20 13:06:00,2025-10-20 13:06:00,XAUUSD,Sell,0.1,4252.8,4240.4,4250.26,4250.17,9.0,0.9,3s,0.03%,0.03,3.0,2.539999999999964,9.860000000000582,0.09000000000014552,-1.0,4313.209,4324.655,4313.209,4324.655,11.445999999999913,11.445999999999913,-62.948999999999614,-3.3499999999994543,72.98499999999967
2025-10-20 14:48:00,2025-10-20 14:48:00,XAUUSD,Buy,0.1,4263.71,4276.11,4266.14,4265.74,-40.0,-4.0,1s,-0.13%,-0.13,1.0,2.430000000000291,9.969999999999343,-0.4000000000005457,1.0,4323.875,4334.598,4323.875,4347.455,10.722999999999956,23.579999999999927,81.3149999999996,-1.0399999999999636,-58.89499999999953
2025-10-20 17:20:00,2025-10-20 17:20:00,XAUUSD,Buy,0.1,4324.64,4337.04,4327.17,4333.87,670.0,67.0,16s,2.13%,2.13,16.0,2.5299999999997453,9.86999999999989,6.699999999999818,1.0,4340.215,4350.555,4336.945,4350.555,10.340000000000146,13.610000000000582,23.38500000000022,-1.4229999999997744,-19.00500000000011
2025-10-21 04:17:00,2025-10-21 04:17:00,XAUUSD,Sell,0.1,4358.32,4345.92,4355.78,4354.86,92.0,9.2,13s,0.29%,0.29,13.0,2.539999999999964,9.859999999999673,0.9200000000000728,-1.0,4341.805,4345.485,4339.015,4345.485,3.6799999999993815,6.469999999999345,16.764999999999418,2.850000000000364,-12.234999999999673
2025-10-21 04:30:00,2025-10-21 04:30:00,XAUUSD,Sell,0.1,4349.19,4336.79,4346.61,4341.94,467.0,46.7,24s,1.45%,1.45,24.0,2.5799999999999272,9.819999999999707,4.670000000000073,-1.0,4339.015,4343.3550000000005,4336.8150000000005,4344.035,4.3400000000001455,7.219999999999345,9.794999999999163,0.7200000000002547,-3.7849999999998545
2025-10-21 05:00:00,2025-10-21 05:00:00,XAUUSD,Sell,0.1,4349.19,4336.79,4346.72,4346.48,24.0,2.4,4s,0.07%,0.07,4.0,2.469999999999345,9.930000000000293,0.24000000000069122,-1.0,4331.405,4344.085,4329.348,4344.085,12.680000000000291,14.73700000000008,17.3720000000003,-2.280000000000655,-4.994999999999891
2025-10-21 08:12:00,2025-10-21 08:12:00,XAUUSD,Sell,0.1,4335.47,4323.07,4332.99,4332.94,5.0,0.5,3s,0.02%,0.02,3.0,2.480000000000473,9.920000000000073,0.0500000000001819,-1.0,4244.085,4301.425,4244.085,4301.425,57.340000000000146,57.340000000000146,88.90499999999975,2.4700000000002547,-34.98499999999967
2025-10-21 10:33:00,2025-10-21 10:33:00,XAUUSD,Sell,0.1,4319.41,4307.01,4316.8,4306.88,992.0,99.2,36s,3.04%,3.04,36.0,2.6099999999996726,9.789999999999964,9.920000000000073,-1.0,4255.515,4264.425,4253.4980000000005,4264.425,8.909999999999854,10.92699999999968,63.30199999999968,-4.407000000000153,-52.63500000000022
2025-10-21 14:56:00,2025-10-21 14:57:00,XAUUSD,Sell,0.1,4251.62,4239.22,4249.13,4246.07,306.0,30.6,39s,0.91%,0.91,39.0,2.4899999999997817,9.909999999999854,3.0600000000004,-1.0,4078.259,4140.965,4078.259,4150.175,62.70600000000013,71.91600000000017,170.8710000000001,35.09599999999955,-147.68099999999959
2025-10-21 15:08:00,2025-10-21 15:08:00,XAUUSD,Sell,0.1,4251.62,4239.22,4249.09,4249.28,-19.0,-1.9,4s,-0.06%,-0.06,4.0,2.5299999999997453,9.86999999999989,-0.18999999999959982,-1.0,4122.749,4150.175,4119.685,4150.175,27.426000000000386,30.48999999999978,129.40499999999975,-37.01999999999953,-110.6210000000001
2025-10-22 06:25:00,2025-10-22 06:25:00,XAUUSD,Buy,0.1,4118.23,4130.63,4120.65,4120.86,21.0,2.1,4s,0.06%,0.06,4.0,2.4200000000000728,9.980000000000471,0.21000000000003638,1.0,4135.475,4143.448,4135.475,4159.225,7.972999999999956,23.75,38.57500000000073,2.605999999999767,-16.6850000000004
2025-10-22 08:17:00,2025-10-22 08:18:00,XAUUSD,Buy,0.1,4140.56,4152.96,4142.97,4144.77,180.0,18.0,40s,0.53%,0.53,40.0,2.4099999999998545,9.989999999999782,1.800000000000182,1.0,4061.909,4113.879,4061.909,4113.879,51.9699999999998,51.9699999999998,-29.09100000000035,-45.496000000000095,55.751000000000204
2025-10-22 09:31:00,2025-10-22 09:31:00,XAUUSD,Buy,0.1,4144.54,4156.94,4146.96,4148.52,156.0,15.6,12s,0.46%,0.46,12.0,2.4200000000000728,9.979999999999563,1.5600000000004002,1.0,4062.199,4082.455,4061.375,4082.455,20.255999999999858,21.079999999999927,-64.50500000000011,0.11400000000003274,71.64100000000008
2025-10-22 13:41:00,2025-10-22 13:41:00,XAUUSD,Sell,0.1,4063.94,4051.54,4061.3,4051.48,982.0,98.2,18s,2.86%,2.86,18.0,2.6399999999998727,9.760000000000218,9.820000000000164,-1.0,4046.945,4084.915,4046.945,4084.915,37.9699999999998,37.9699999999998,14.355000000000018,11.91000000000031,-9.03500000000031
2025-10-22 17:54:00,2025-10-22 17:54:00,XAUUSD,Sell,0.1,4017.51,4005.11,4014.89,4011.74,315.0,31.5,14s,0.89%,0.89,14.0,2.6200000000003456,9.779999999999744,3.150000000000091,-1.0,4054.475,4070.815,4054.475,4075.705,16.340000000000146,21.230000000000018,-39.585000000000036,-5.390000000000327,39.86500000000024
2025-10-23 03:20:00,2025-10-23 03:21:00,XAUUSD,Sell,0.1,4083.17,4070.77,4080.71,4079.61,110.0,11.0,25s,0.31%,0.31,25.0,2.4600000000000364,9.940000000000056,1.099999999999909,-1.0,4088.338,4100.635,4088.338,4100.635,12.297000000000025,12.297000000000025,-7.628000000000156,-6.25,7.617999999999938
2025-10-23 08:52:00,2025-10-23 08:52:00,XAUUSD,Buy,0.1,4098.26,4110.66,4100.68,4100.51,-17.0,-1.7,3s,-0.05%,-0.05,3.0,2.4200000000000728,9.979999999999563,-0.17000000000007276,1.0,4108.925,4118.375,4108.925,4120.765,9.449999999999818,11.840000000000146,20.085000000000036,-2.5100000000002183,-10.554999999999382
2025-10-23 15:23:00,2025-10-23 15:23:00,XAUUSD,Sell,0.1,4104.15,4091.75,4101.72,4100.54,118.0,11.8,21s,0.33%,0.33,21.0,2.429999999999381,9.970000000000256,1.180000000000291,-1.0,4136.925,4147.7480000000005,4136.925,4147.7480000000005,10.82300000000032,10.82300000000032,-35.20499999999993,3.719999999999345,42.50500000000011
2025-10-24 03:29:00,2025-10-24 03:29:00,XAUUSD,Buy,0.1,4130.51,4142.91,4133.02,4133.03,1.0,0.1,5s,0.00%,0.0,5.0,2.5100000000002183,9.889999999999418,0.009999999999308784,1.0,4111.275,4119.485,4111.275,4119.485,8.210000000000036,8.210000000000036,-13.535000000000764,8.266999999999825,15.405000000000655
2025-10-24 07:21:00,2025-10-24 07:22:00,XAUUSD,Sell,0.1,4110.3,4097.9,4107.9,4108.21,-31.0,-3.1,19s,-0.09%,-0.09,19.0,2.4000000000005457,10.0,-0.3100000000004002,-1.0,4086.295,4095.065,4081.915,4095.065,8.769999999999982,13.150000000000091,25.984999999999673,-2.8669999999997344,-13.324999999999818
2025-10-24 07:30:00,2025-10-24 07:30:00,XAUUSD,Sell,0.1,4108.32,4095.92,4105.83,4103.83,200.0,20.0,18s,0.56%,0.56,18.0,2.4899999999997817,9.909999999999854,2.0,-1.0,4081.915,4090.995,4069.305,4090.995,9.079999999999927,21.690000000000055,36.52500000000009,6.366999999999734,-17.621999999999844
2025-10-24 09:00:00,2025-10-24 09:00:00,XAUUSD,Sell,0.1,4105.29,4092.89,4102.87,4102.87,0.0,0.0,8s,0.00%,0.0,8.0,2.4200000000000728,9.980000000000018,-0.0,-1.0,4062.105,4072.245,4062.105,4073.155,10.139999999999873,11.050000000000182,40.76499999999987,-8.859999999999673,-37.75500000000011
2025-10-24 10:51:00,2025-10-24 10:52:00,XAUUSD,Sell,0.1,4084.03,4071.63,4081.58,4076.37,521.0,52.1,48s,1.45%,1.45,48.0,2.450000000000273,9.949999999999818,5.210000000000036,-1.0,4053.355,4060.235,4043.618,4061.595,6.880000000000109,17.97699999999986,37.96199999999999,0.7699999999999818,-23.3449999999998
2025-10-27 06:01:00,2025-10-27 06:02:00,XAUUSD,Sell,0.1,4067.6,4055.2,4065.2,4063.51,169.0,16.9,15s,0.46%,0.46,15.0,2.400000000000091,10.0,1.6899999999995998,-1.0,4077.118,4084.735,4077.118,4084.735,7.617000000000189,7.617000000000189,-11.91800000000012,0.13000000000010914,14.25500000000011
2025-10-27 06:41:00,2025-10-27 06:41:00,XAUUSD,Sell,0.1,4060.97,4048.57,4058.48,4058.67,-19.0,-1.9,3s,-0.05%,-0.05,3.0,2.4899999999997817,9.909999999999854,-0.19000000000005457,-1.0,4078.545,4083.225,4073.615,4083.225,4.679999999999836,9.610000000000127,-15.134999999999764,-2.230000000000018,23.26800000000003
2025-10-27 07:27:00,2025-10-27 07:27:00,XAUUSD,Buy,0.1,4079.39,4091.79,4081.85,4084.17,232.0,23.2,26s,0.63%,0.63,26.0,2.4600000000000364,9.940000000000056,2.3200000000001637,1.0,4065.698,4074.285,4065.698,4074.285,8.586999999999989,8.586999999999989,-7.565000000000055,-6.639999999999873,10.514999999999873
2025-10-27 08:08:00,2025-10-27 08:08:00,XAUUSD,Buy,0.1,4081.99,4094.39,4084.42,4084.04,-38.0,-3.8,4s,-0.10%,-0.1,4.0,2.430000000000291,9.9699999999998,-0.38000000000010914,1.0,4063.485,4068.475,4055.915,4070.235,4.989999999999782,14.320000000000164,-14.184999999999945,-1.7800000000002,15.9050000000002
2025-10-27 10:53:00,2025-10-27 10:53:00,XAUUSD,Sell,0.1,4056.3,4043.9,4053.6,4043.39,1021.0,102.1,18s,2.77%,2.77,18.0,2.700000000000273,9.699999999999818,10.210000000000036,-1.0,4035.145,4042.258,4020.369,4042.258,7.112999999999829,21.88899999999967,33.23099999999977,-5.360000000000127,-12.414999999999964
2025-10-27 13:11:00,2025-10-27 13:11:00,XAUUSD,Sell,0.1,4026.52,4014.12,4024.09,4022.75,134.0,13.4,5s,0.35%,0.35,5.0,2.4299999999998363,9.970000000000256,1.3400000000001455,-1.0,4038.575,4050.095,4031.195,4050.095,11.519999999999982,18.899999999999636,-7.105000000000018,-10.9699999999998,21.534999999999854
2025-10-27 15:47:00,2025-10-27 15:48:00,XAUUSD,Sell,0.1,4017.95,4005.55,4015.42,4014.59,83.0,8.3,26s,0.22%,0.22,26.0,2.5299999999997453,9.86999999999989,0.8299999999999272,-1.0,3980.865,3990.138,3980.865,3994.478,9.273000000000138,13.613000000000284,34.55500000000029,5.460000000000036,-34.20499999999993
2025-10-27 16:01:00,2025-10-27 16:01:00,XAUUSD,Sell,0.1,4017.95,4005.55,4015.43,4015.13,30.0,3.0,2s,0.08%,0.08,2.0,2.519999999999982,9.879999999999654,0.29999999999972715,-1.0,3986.035,3994.478,3986.035,3997.768,8.443000000000211,11.733000000000175,29.394999999999982,-8.532999999999902,-25.68199999999979
2025-10-28 03:00:00,2025-10-28 03:01:00,XAUUSD,Buy,0.1,4007.76,4020.16,4010.39,4012.13,174.0,17.4,33s,0.46%,0.46,33.0,2.6299999999996544,9.769999999999982,1.7400000000002365,1.0,3982.985,3989.365,3982.985,3994.215,6.379999999999654,11.230000000000018,-16.174999999999727,-10.519999999999982,26.734999999999673
2025-10-28 06:22:00,2025-10-28 06:22:00,XAUUSD,Sell,0.1,3983.26,3970.86,3980.85,3977.24,361.0,36.1,27s,0.94%,0.94,27.0,2.410000000000309,9.989999999999782,3.6100000000001273,-1.0,3952.0,3959.245,3943.285,3959.245,7.244999999999891,15.960000000000036,37.565000000000055,10.870000000000346,-25.585000000000036
2025-10-28 07:31:00,2025-10-28 07:31:00,XAUUSD,Sell,0.1,3966.27,3953.87,3963.85,3964.15,-30.0,-3.0,2s,-0.08%,-0.08,2.0,2.4200000000000728,9.980000000000018,-0.3000000000001819,-1.0,3921.248,3933.825,3921.248,3936.095,12.57699999999977,14.846999999999753,42.60199999999986,15.387000000000171,-33.041999999999916
2025-10-28 15:18:00,2025-10-28 15:18:00,XAUUSD,Buy,0.1,3927.78,3940.18,3930.22,3932.04,182.0,18.2,18s,0.47%,0.47,18.0,2.4399999999996,9.960000000000036,1.8200000000001637,1.0,3956.385,3960.325,3956.385,3964.535,3.9399999999996,8.149999999999636,34.315000000000055,9.360000000000127,-28.705000000000382
2025-10-29 08:25:00,2025-10-29 08:25:00,XAUUSD,Buy,0.1,3969.76,3982.16,3972.23,3973.62,139.0,13.9,26s,0.36%,0.36,26.0,2.4699999999998,9.929999999999836,1.3899999999998727,1.0,4003.315,4011.005,4003.315,4013.645,7.690000000000055,10.329999999999927,41.414999999999964,5.619999999999891,-34.77500000000009
2025-10-29 14:15:00,2025-10-29 14:15:00,XAUUSD,Buy,0.1,4027.32,4039.72,4029.79,4029.91,12.0,1.2,5s,0.03%,0.03,5.0,2.4699999999998,9.929999999999836,0.11999999999989086,1.0,4014.055,4019.755,4008.805,4020.675,5.700000000000273,11.870000000000346,-9.114999999999782,4.730000000000018,13.074999999999818
2025-10-29 15:13:00,2025-10-29 15:13:00,XAUUSD,Sell,0.1,4015.9,4003.5,4013.42,4010.09,333.0,33.3,22s,0.85%,0.85,22.0,2.480000000000018,9.920000000000073,3.3299999999999272,-1.0,4004.235,4011.648,4001.165,4011.648,7.413000000000011,10.483000000000175,12.25500000000011,2.019999999999982,-5.414999999999964
2025-10-29 17:27:00,2025-10-29 17:27:00,XAUUSD,Sell,0.1,4004.98,3992.58,4002.55,4002.21,34.0,3.4,4s,0.09%,0.09,4.0,2.4299999999998363,9.970000000000256,0.3400000000001455,-1.0,3985.495,3997.545,3985.495,3997.545,12.050000000000182,12.050000000000182,17.05500000000029,-4.980000000000018,-5.025000000000091
2025-10-30 03:06:00,2025-10-30 03:06:00,XAUUSD,Buy,0.1,3961.79,3974.19,3964.42,3966.2,178.0,17.8,6s,0.45%,0.45,6.0,2.630000000000109,9.769999999999982,1.7799999999997453,1.0,3915.065,3929.225,3915.065,3934.545,14.159999999999854,19.480000000000018,-29.875,-14.980000000000018,42.72499999999991
2025-10-30 04:04:00,2025-10-30 04:05:00,XAUUSD,Sell,0.1,3940.53,3928.13,3938.09,3935.99,210.0,21.0,30s,0.53%,0.53,30.0,2.4400000000000546,9.960000000000036,2.100000000000364,-1.0,3934.505,3943.535,3934.505,3959.165,9.029999999999745,24.659999999999854,3.5850000000000364,-5.460000000000036,-0.28500000000030923
2025-10-30 06:34:00,2025-10-30 06:34:00,XAUUSD,Buy,0.1,3964.04,3976.44,3966.59,3970.38,379.0,37.9,14s,0.95%,0.95,14.0,2.550000000000182,9.849999999999907,3.7899999999999636,1.0,3956.415,3967.955,3956.415,3976.925,11.539999999999964,20.51000000000022,10.335000000000036,2.4900000000002365,2.0850000000000364
2025-10-30 11:00:00,2025-10-30 11:01:00,XAUUSD,Buy,0.1,3974.71,3987.11,3977.12,3984.45,733.0,73.3,1m,1.83%,1.83,60.0,2.4099999999998545,9.990000000000236,7.329999999999927,1.0,3976.375,3984.795,3963.625,3984.795,8.420000000000073,21.170000000000073,7.675000000000182,1.8400000000001455,-6.795000000000073
2025-10-30 14:58:00,2025-10-30 14:58:00,XAUUSD,Sell,0.1,3966.18,3953.78,3963.53,3961.34,219.0,21.9,11s,0.54%,0.54,11.0,2.649999999999636,9.75,2.1900000000000546,-1.0,3989.015,4002.055,3987.848,4003.415,13.039999999999964,15.567000000000007,-24.317999999999756,4.829999999999927,29.574999999999818
2025-10-30 15:52:00,2025-10-30 15:52:00,XAUUSD,Buy,0.1,3982.64,3995.04,3985.16,3984.96,-20.0,-2.0,3s,-0.05%,-0.05,3.0,2.519999999999982,9.88000000000011,-0.1999999999998181,1.0,4000.555,4008.505,3994.015,4008.505,7.950000000000273,14.490000000000236,23.345000000000255,5.889999999999873,-19.434999999999945
2025-10-31 04:14:00,2025-10-31 04:14:00,XAUUSD,Sell,0.1,4012.21,3999.81,4009.73,4009.73,0.0,0.0,5s,0.00%,0.0,5.0,2.480000000000018,9.920000000000073,-0.0,-1.0,3988.765,3996.948,3988.765,4000.835,8.182999999999993,12.070000000000164,20.965000000000146,1.650000000000091,-13.775000000000091
2025-10-31 06:07:00,2025-10-31 06:07:00,XAUUSD,Sell,0.1,3993.36,3980.96,3990.84,3990.56,28.0,2.8,5s,0.07%,0.07,5.0,2.519999999999982,9.88000000000011,0.2800000000002001,-1.0,4001.785,4013.105,4001.785,4014.525,11.320000000000164,12.740000000000236,-10.944999999999709,1.5399999999999636,13.934999999999945
2025-10-31 07:46:00,2025-10-31 07:46:00,XAUUSD,Buy,0.1,4008.13,4020.53,4010.62,4010.86,24.0,2.4,5s,0.06%,0.06,5.0,2.4899999999997817,9.91000000000031,0.24000000000023647,1.0,4012.045,4023.695,4012.045,4026.808,11.650000000000091,14.76299999999992,16.188000000000102,-10.75,-1.6050000000000182
2025-10-31 09:04:00,2025-10-31 09:04:00,XAUUSD,Buy,0.1,4012.54,4024.94,4015.1,4016.32,122.0,12.2,12s,0.30%,0.3,12.0,2.559999999999945,9.840000000000146,1.2200000000002547,1.0,4006.245,4014.048,3998.515,4014.048,7.802999999999884,15.532999999999902,-1.0520000000001346,-9.430000000000291,4.894999999999982
2025-11-03 04:21:00,2025-11-03 04:21:00,XAUUSD,Buy,0.1,4004.21,4016.61,4006.71,4006.32,-39.0,-3.9,2s,-0.09%,-0.09,2.0,2.5,9.900000000000093,-0.38999999999987267,1.0,4001.615,4009.575,4001.615,4009.575,7.960000000000036,7.960000000000036,2.8649999999997817,-1.6300000000001091,-2.724999999999909
2025-11-03 05:01:00,2025-11-03 05:01:00,XAUUSD,Buy,0.1,4004.14,4016.54,4006.57,4008.69,212.0,21.2,15s,0.52%,0.52,15.0,2.430000000000291,9.9699999999998,2.119999999999891,1.0,3997.479,4009.825,3997.479,4012.565,12.346000000000004,15.08600000000024,5.994999999999891,-3.23700000000008,3.2020000000002256
2025-11-03 05:30:00,2025-11-03 05:31:00,XAUUSD,Buy,0.1,4004.21,4016.61,4006.67,4007.54,87.0,8.7,35s,0.21%,0.21,35.0,2.4600000000000364,9.940000000000056,0.8699999999998909,1.0,4011.625,4018.075,4010.998,4018.075,6.449999999999818,7.076999999999771,11.404999999999745,5.070000000000164,-5.065000000000055
2025-11-03 07:03:00,2025-11-03 07:03:00,XAUUSD,Sell,0.1,4004.07,3991.67,4001.61,4001.38,23.0,2.3,5s,0.06%,0.06,5.0,2.4600000000000364,9.940000000000056,0.2300000000000182,-1.0,4014.795,4023.255,4013.275,4023.255,8.460000000000036,9.980000000000018,-11.664999999999964,-1.949999999999818,15.5949999999998
2025-11-03 07:31:00,2025-11-03 07:31:00,XAUUSD,Buy,0.1,4013.2,4025.6,4015.67,4017.41,174.0,17.4,21s,0.42%,0.42,21.0,2.4700000000002547,9.929999999999836,1.7399999999997817,1.0,4015.685,4023.005,4015.685,4025.625,7.320000000000164,9.940000000000055,9.954999999999927,3.900000000000091,-3.125
2025-11-03 08:00:00,2025-11-03 08:00:00,XAUUSD,Buy,0.1,4013.2,4025.6,4015.61,4015.76,15.0,1.5,13s,0.04%,0.04,13.0,2.410000000000309,9.989999999999782,0.15000000000009095,1.0,4020.355,4027.865,4010.905,4027.865,7.5099999999997635,16.95999999999958,12.254999999999654,3.143000000000029,-9.467999999999847
2025-11-03 09:01:00,2025-11-03 09:01:00,XAUUSD,Buy,0.1,4016.42,4028.82,4018.86,4020.52,166.0,16.6,34s,0.40%,0.4,34.0,2.4400000000000546,9.960000000000036,1.6599999999998545,1.0,4016.365,4025.755,4004.898,4025.755,9.390000000000327,20.85699999999997,6.894999999999982,3.0,-0.5349999999998545
2025-11-03 11:26:00,2025-11-03 11:27:00,XAUUSD,Sell,0.1,4013.64,4001.24,4011.21,4005.74,547.0,54.7,1m,1.31%,1.31,60.0,2.4299999999998363,9.970000000000256,5.470000000000255,-1.0,3998.615,4006.735,3998.615,4006.805,8.120000000000346,8.190000000000055,12.595000000000255,-1.8699999999998909,-10.965000000000146
2025-11-03 11:44:00,2025-11-03 11:44:00,XAUUSD,Sell,0.1,4000.03,3987.63,3997.58,3996.49,109.0,10.9,16s,0.26%,0.26,16.0,2.450000000000273,9.949999999999818,1.0900000000001455,-1.0,4002.735,4006.805,4002.735,4008.405,4.069999999999709,5.670000000000073,-5.1550000000002,-6.099999999999909,8.764999999999873
2025-11-03 17:00:00,2025-11-03 17:00:00,XAUUSD,Buy,0.1,4025.27,4037.67,4027.84,4030.44,260.0,26.0,15s,0.61%,0.61,15.0,2.570000000000164,9.829999999999927,2.599999999999909,1.0,4003.215,4009.615,4003.215,4011.915,6.399999999999636,8.699999999999818,-15.925000000000182,4.665999999999713,19.745000000000346
2025-11-03 18:13:00,2025-11-03 18:13:00,XAUUSD,Sell,0.1,4004.24,3991.84,4001.81,4002.29,-48.0,-4.8,1s,-0.11%,-0.11,1.0,2.4299999999998363,9.9699999999998,-0.4800000000000182,-1.0,4001.449,4006.609,3999.215,4006.609,5.1599999999998545,7.393999999999778,2.5949999999998,-0.27400000000034197,4.039000000000215
2025-11-04 03:27:00,2025-11-04 03:27:00,XAUUSD,Sell,0.1,3983.38,3970.98,3980.97,3981.25,-28.0,-2.8,2s,-0.07%,-0.07,2.0,2.410000000000309,9.989999999999782,-0.2800000000002001,-1.0,3984.635,3993.665,3984.635,3999.155,9.029999999999745,14.519999999999982,-3.6650000000004184,-1.6100000000001273,7.1150000000002365
2025-11-04 04:03:00,2025-11-04 04:03:00,XAUUSD,Sell,0.1,3980.23,3967.83,3977.82,3975.94,188.0,18.8,23s,0.44%,0.44,23.0,2.4099999999998545,9.990000000000236,1.8800000000001091,-1.0,3987.825,3994.965,3987.735,3994.965,7.140000000000327,7.230000000000018,-9.914999999999964,-2.230000000000018,16.524999999999636
2025-11-04 07:45:00,2025-11-04 07:45:00,XAUUSD,Sell,0.1,3977.91,3965.51,3975.48,3973.8,168.0,16.8,26s,0.39%,0.39,26.0,2.4299999999998363,9.9699999999998,1.6799999999998363,-1.0,3977.375,3987.905,3977.375,3999.225,10.5300000000002,21.84999999999991,-1.8949999999999818,-4.070000000000164,3.925000000000182
2025-11-04 10:01:00,2025-11-04 10:01:00,XAUUSD,Buy,0.1,3993.94,4006.34,3996.4,3997.75,135.0,13.5,26s,0.31%,0.31,26.0,2.4600000000000364,9.940000000000056,1.349999999999909,1.0,3985.765,3994.585,3985.765,3996.705,8.820000000000164,10.940000000000055,0.3049999999998363,-6.0099999999997635,5.375
2025-11-04 14:32:00,2025-11-04 14:33:00,XAUUSD,Sell,0.1,3988.27,3975.87,3985.84,3985.86,-2.0,-0.2,20s,0.00%,0.0,20.0,2.4299999999998363,9.970000000000256,-0.01999999999998181,-1.0,3928.475,3956.485,3928.475,3959.528,28.01000000000022,31.052999999999884,57.36500000000024,24.449999999999818,-34.70499999999993
2025-11-05 03:04:00,2025-11-05 03:05:00,XAUUSD,Buy,0.1,3940.78,3953.18,3943.27,3944.2,93.0,9.3,35s,0.22%,0.22,35.0,2.4899999999997817,9.909999999999854,0.9299999999998363,1.0,3947.335,3955.555,3947.335,3956.085,8.2199999999998,8.75,12.815000000000055,3.5299999999997453,-5.074999999999818
2025-11-05 04:48:00,2025-11-05 04:48:00,XAUUSD,Buy,0.1,3946.99,3959.39,3949.5,3949.12,-38.0,-3.8,5s,-0.09%,-0.09,5.0,2.5100000000002183,9.889999999999873,-0.38000000000010914,1.0,3967.278,3973.475,3966.785,3973.475,6.197000000000116,6.690000000000055,23.97499999999991,7.769999999999982,-21.554999999999836
2025-11-05 06:31:00,2025-11-05 06:32:00,XAUUSD,Buy,0.1,3962.87,3975.27,3965.37,3966.16,79.0,7.9,34s,0.18%,0.18,34.0,2.5,9.900000000000093,0.7899999999999636,1.0,3965.165,3973.415,3964.835,3973.415,8.25,8.579999999999927,8.045000000000073,2.75,-1.7950000000000728
2025-11-05 07:24:00,2025-11-05 07:24:00,XAUUSD,Buy,0.1,3973.62,3986.02,3976.03,3975.87,-16.0,-1.6,6s,-0.04%,-0.04,6.0,2.410000000000309,9.989999999999782,-0.16000000000030923,1.0,3963.485,3969.275,3963.485,3971.085,5.789999999999964,7.599999999999909,-4.945000000000164,0.07999999999992724,9.9050000000002
2025-11-05 10:05:00,2025-11-05 10:06:00,XAUUSD,Buy,0.1,3975.99,3988.39,3978.54,3982.64,410.0,41.0,41s,0.95%,0.95,41.0,2.550000000000182,9.849999999999907,4.099999999999909,1.0,3955.825,3971.645,3955.825,3971.645,15.820000000000164,15.820000000000164,-6.894999999999982,1.9800000000000182,6.894999999999982
2025-11-05 12:03:00,2025-11-05 12:03:00,XAUUSD,Sell,0.1,3964.33,3951.93,3961.91,3961.75,16.0,1.6,3s,0.04%,0.04,3.0,2.4200000000000728,9.980000000000018,0.15999999999985448,-1.0,3961.945,3966.855,3961.945,3969.695,4.9099999999998545,7.75,-0.03500000000030923,-3.6599999999998545,4.775000000000091
2025-11-05 15:00:00,2025-11-05 15:00:00,XAUUSD,Buy,0.1,3967.49,3979.89,3969.99,3971.13,114.0,11.4,18s,0.26%,0.26,18.0,2.5,9.900000000000093,1.1400000000003274,1.0,3963.695,3977.575,3963.695,3979.985,13.879999999999654,16.289999999999964,9.995000000000346,-2.8899999999998727,-3.0150000000003274
2025-11-05 18:46:00,2025-11-05 18:47:00,XAUUSD,Buy,0.1,3983.12,3995.52,3985.53,3989.53,400.0,40.0,1m,0.91%,0.91,60.0,2.410000000000309,9.989999999999782,4.0,1.0,3979.505,3983.045,3979.315,3985.698,3.5399999999999636,6.382999999999811,0.1679999999996653,-4.0900000000001455,6.1550000000002
2025-11-06 03:08:00,2025-11-06 03:08:00,XAUUSD,Sell,0.1,3968.64,3956.24,3966.22,3965.52,70.0,7.0,12s,0.16%,0.16,12.0,2.4200000000000728,9.980000000000018,0.6999999999998181,-1.0,3979.295,3985.045,3979.295,3986.645,5.75,7.349999999999909,-13.075000000000273,-3.1900000000000546,16.925000000000182
2025-11-06 04:02:00,2025-11-06 04:03:00,XAUUSD,Buy,0.1,3974.81,3987.21,3977.26,3978.67,141.0,14.1,13s,0.32%,0.32,13.0,2.450000000000273,9.949999999999818,1.4099999999998545,1.0,3984.448,3987.805,3984.448,3987.805,3.356999999999971,3.356999999999971,10.544999999999618,0.01999999999998181,-10.054999999999836
2025-11-06 05:38:00,2025-11-06 05:38:00,XAUUSD,Buy,0.1,3987.78,4000.18,3990.19,3990.39,20.0,2.0,25s,0.05%,0.05,25.0,2.4099999999998545,9.989999999999782,0.1999999999998181,1.0,3985.598,3990.125,3985.598,3990.215,4.527000000000044,4.617000000000189,0.02500000000009095,1.9800000000000182,0.3350000000000364
2025-11-06 07:28:00,2025-11-06 07:28:00,XAUUSD,Buy,0.1,3988.24,4000.64,3990.68,3990.88,20.0,2.0,15s,0.04%,0.04,15.0,2.4400000000000546,9.960000000000036,0.20000000000027285,1.0,3997.405,4008.985,3997.405,4009.045,11.579999999999927,11.639999999999873,18.365000000000236,6.940000000000055,-7.525000000000091
2025-11-06 08:55:00,2025-11-06 08:55:00,XAUUSD,Buy,0.1,3988.68,4001.08,3991.12,3992.56,144.0,14.4,14s,0.32%,0.32,14.0,2.4400000000000546,9.960000000000036,1.4400000000000546,1.0,4009.838,4015.448,4009.838,4015.448,5.609999999999673,5.609999999999673,24.327999999999975,-5.73700000000008,-18.708000000000084
2025-11-06 13:42:00,2025-11-06 13:42:00,XAUUSD,Buy,0.1,4014.13,4026.53,4016.56,4016.74,18.0,1.8,19s,0.04%,0.04,19.0,2.4299999999998363,9.970000000000256,0.1799999999998363,1.0,4010.525,4015.905,4010.525,4015.905,5.380000000000109,5.380000000000109,-0.6549999999997453,1.3800000000001091,3.5149999999998727
2025-11-06 14:53:00,2025-11-06 14:53:00,XAUUSD,Sell,0.1,4006.69,3994.29,4004.26,4003.44,82.0,8.2,12s,0.18%,0.18,12.0,2.4299999999998363,9.970000000000256,0.8200000000001637,-1.0,3992.465,4000.865,3978.028,4000.865,8.399999999999636,22.83699999999999,26.232000000000426,-6.420000000000073,-6.195000000000164
2025-11-06 16:18:00,2025-11-06 16:18:00,XAUUSD,Sell,0.1,4005.59,3993.19,4003.06,4001.65,141.0,14.1,13s,0.32%,0.32,13.0,2.5300000000002,9.86999999999989,1.4099999999998545,-1.0,3976.375,3983.798,3976.235,3983.835,7.4229999999997744,7.599999999999909,26.824999999999818,-1.7100000000000364,-21.404999999999745
2025-11-06 17:01:00,2025-11-06 17:01:00,XAUUSD,Sell,0.1,3991.02,3978.62,3988.52,3988.07,45.0,4.5,5s,0.10%,0.1,5.0,2.5,9.900000000000093,0.4499999999998181,-1.0,3977.905,3985.375,3965.425,3985.375,7.4699999999998,19.949999999999818,23.0949999999998,-1.6900000000000546,-7.824999999999818
2025-11-07 03:05:00,2025-11-07 03:06:00,XAUUSD,Buy,0.1,3992.83,4005.23,3995.27,3995.1,-17.0,-1.7,22s,-0.04%,-0.04,22.0,2.4400000000000546,9.960000000000036,-0.17000000000007276,1.0,3987.925,3996.375,3987.925,3996.375,8.449999999999818,8.449999999999818,1.1050000000000182,2.5,0.10500000000001819
2025-11-07 06:02:00,2025-11-07 06:03:00,XAUUSD,Sell,0.1,3990.7,3978.3,3988.23,3987.39,84.0,8.4,43s,0.19%,0.19,43.0,2.4699999999998,9.929999999999836,0.8400000000001455,-1.0,3992.065,3996.705,3992.065,3999.625,4.639999999999873,7.559999999999945,-3.8350000000000364,1.6169999999997344,6.518000000000029
2025-11-07 08:23:00,2025-11-07 08:23:00,XAUUSD,Buy,0.1,3996.42,4008.82,3998.85,3999.77,92.0,9.2,17s,0.20%,0.2,17.0,2.4299999999998363,9.970000000000256,0.9200000000000728,1.0,4003.745,4009.625,4003.445,4009.625,5.880000000000109,6.179999999999836,10.775000000000091,1.8800000000001091,-10.644999999999982
2025-11-07 08:48:00,2025-11-07 08:48:00,XAUUSD,Buy,0.1,4001.2,4013.6,4003.65,4003.41,-24.0,-2.4,25s,-0.05%,-0.05,25.0,2.450000000000273,9.949999999999818,-0.24000000000023647,1.0,4004.845,4010.145,4004.845,4011.298,5.300000000000182,6.4529999999999745,7.6479999999996835,0.26299999999991996,-2.0479999999997744
2025-11-07 10:11:00,2025-11-07 10:11:00,XAUUSD,Buy,0.1,4007.68,4020.08,4010.32,4009.91,-41.0,-4.1,3s,-0.09%,-0.09,3.0,2.6400000000003274,9.759999999999764,-0.41000000000030923,1.0,4005.645,4008.665,4002.995,4009.385,3.019999999999982,6.390000000000327,-0.9349999999999454,0.42000000000007276,3.825000000000273
2025-11-10 03:11:00,2025-11-10 03:11:00,XAUUSD,Buy,0.1,4025.39,4037.79,4027.84,4028.92,108.0,10.8,11s,0.24%,0.24,11.0,2.450000000000273,9.949999999999818,1.0799999999999272,1.0,4044.925,4048.015,4044.685,4051.665,3.0899999999996908,6.980000000000018,23.824999999999818,3.6700000000000728,-20.085000000000036
2025-11-10 06:03:00,2025-11-10 06:03:00,XAUUSD,Buy,0.1,4050.91,4063.31,4053.31,4054.6,129.0,12.9,22s,0.29%,0.29,22.0,2.400000000000091,10.0,1.2899999999999636,1.0,4066.635,4071.035,4066.635,4073.565,4.399999999999636,6.929999999999836,20.25500000000011,6.369999999999891,-15.914999999999964
2025-11-10 07:30:00,2025-11-10 07:30:00,XAUUSD,Buy,0.1,4054.4,4066.8,4056.97,4059.89,292.0,29.2,22s,0.65%,0.65,22.0,2.569999999999709,9.830000000000382,2.9200000000000728,1.0,4073.865,4078.805,4073.805,4078.805,4.940000000000055,5.0,21.835000000000036,-2.8899999999998727,-18.495000000000346
2025-11-10 10:06:00,2025-11-10 10:07:00,XAUUSD,Buy,0.1,4076.81,4089.21,4079.24,4083.05,381.0,38.1,1m,0.84%,0.84,60.0,2.4299999999998363,9.970000000000256,3.8100000000004,1.0,4076.415,4081.295,4076.415,4082.565,4.880000000000109,6.150000000000091,3.325000000000273,-4.449999999999818,2.8449999999998
2025-11-10 11:37:00,2025-11-10 11:37:00,XAUUSD,Buy,0.1,4082.88,4095.28,4085.4,4085.75,35.0,3.5,5s,0.08%,0.08,5.0,2.519999999999982,9.88000000000011,0.34999999999990905,1.0,4078.625,4083.585,4078.625,4085.295,4.960000000000036,6.670000000000073,-0.10500000000001819,1.25,6.355000000000018
2025-11-10 14:00:00,2025-11-10 14:00:00,XAUUSD,Buy,0.1,4083.61,4096.01,4086.02,4086.1,8.0,0.8,6s,0.02%,0.02,6.0,2.4099999999998545,9.990000000000236,0.07999999999992724,1.0,4083.845,4093.925,4081.775,4093.925,10.080000000000382,12.150000000000091,7.9050000000002,-6.2800000000002,-5.414999999999964
2025-11-10 16:34:00,2025-11-10 16:34:00,XAUUSD,Sell,0.1,4078.16,4065.76,4075.69,4075.97,-28.0,-2.8,1s,-0.06%,-0.06,1.0,2.4699999999998,9.929999999999836,-0.27999999999974534,-1.0,4089.975,4095.498,4088.515,4095.498,5.523000000000138,6.983000000000175,-12.824999999999818,-1.8399999999996908,17.154999999999745
2025-11-10 18:30:00,2025-11-10 18:30:00,XAUUSD,Buy,0.1,4091.83,4104.23,4094.27,4094.82,55.0,5.5,13s,0.12%,0.12,13.0,2.4400000000000546,9.959999999999582,0.5500000000001819,1.0,4107.025,4115.6050000000005,4105.555,4115.6050000000005,8.580000000000837,10.050000000000182,21.33500000000049,9.419999999999163,-19.71499999999969
2025-11-11 05:09:00,2025-11-11 05:10:00,XAUUSD,Buy,0.1,4138.59,4150.99,4141.09,4140.87,-22.0,-2.2,24s,-0.05%,-0.05,24.0,2.5,9.899999999999636,-0.22000000000025466,1.0,4134.645,4144.175,4134.645,4144.175,9.529999999999745,9.529999999999745,3.0850000000000364,1.0799999999999272,-1.8549999999995634
2025-11-11 07:35:00,2025-11-11 07:35:00,XAUUSD,Sell,0.1,4132.12,4119.72,4129.67,4129.15,52.0,5.2,15s,0.11%,0.11,15.0,2.449999999999818,9.949999999999818,0.5200000000004366,-1.0,4126.825,4131.445,4124.795,4132.615,4.619999999999891,7.819999999999709,4.875,-1.7399999999997817,1.4149999999999636
2025-11-11 11:02:00,2025-11-11 11:03:00,XAUUSD,Buy,0.1,4135.36,4147.76,4137.79,4138.99,120.0,12.0,36s,0.26%,0.26,36.0,2.430000000000291,9.970000000000256,1.199999999999818,1.0,4139.545,4143.445,4138.905,4143.445,3.899999999999636,4.539999999999964,5.654999999999745,2.4200000000000728,-3.8850000000002183
2025-11-11 14:20:00,2025-11-11 14:20:00,XAUUSD,Sell,0.1,4139.31,4126.91,4136.86,4137.13,-27.0,-2.7,12s,-0.06%,-0.06,12.0,2.450000000000728,9.949999999999818,-0.27000000000043656,-1.0,4128.275,4140.055,4123.325,4140.055,11.780000000000655,16.730000000000473,13.534999999999854,3.069999999999709,2.4950000000008004
2025-11-11 14:52:00,2025-11-11 14:52:00,XAUUSD,Sell,0.1,4139.31,4126.91,4136.9,4136.8,10.0,1.0,27s,0.02%,0.02,27.0,2.410000000000764,9.989999999999782,0.0999999999994543,-1.0,4119.655,4134.585,4117.925,4134.585,14.930000000000291,16.659999999999854,18.974999999999454,-2.5499999999992724,-4.204999999999927
2025-11-11 15:34:00,2025-11-11 15:35:00,XAUUSD,Buy,0.1,4142.06,4154.46,4144.54,4144.86,32.0,3.2,42s,0.07%,0.07,42.0,2.4799999999995634,9.920000000000073,0.31999999999970896,1.0,4096.845,4107.785,4096.845,4112.265,10.9399999999996,15.420000000000073,-32.274999999999636,-19.51000000000022,43.23499999999967
2025-11-12 04:41:00,2025-11-12 04:41:00,XAUUSD,Sell,0.1,4128.71,4116.31,4126.15,4121.36,479.0,47.9,23s,1.04%,1.04,23.0,2.5600000000004,9.839999999999236,4.789999999999964,-1.0,4105.545,4112.175,4105.545,4112.175,6.630000000000109,6.630000000000109,20.604999999999563,-1.9200000000000728,-14.804999999999382
2025-11-12 06:05:00,2025-11-12 06:06:00,XAUUSD,Sell,0.1,4109.15,4096.75,4106.71,4105.56,115.0,11.5,43s,0.25%,0.25,43.0,2.4399999999996,9.960000000000036,1.1499999999996362,-1.0,4102.975,4109.505,4102.975,4115.765,6.529999999999745,12.789999999999964,3.7349999999996726,0.4099999999998545,-2.244999999999891
2025-11-12 07:30:00,2025-11-12 07:30:00,XAUUSD,Sell,0.1,4106.07,4093.67,4103.66,4103.16,50.0,5.0,6s,0.11%,0.11,6.0,2.4099999999998545,9.989999999999782,0.5,-1.0,4113.445,4123.905,4113.165,4123.905,10.460000000000036,10.739999999999782,-9.50500000000011,0.9700000000002547,20.095000000000255
2025-11-12 10:22:00,2025-11-12 10:23:00,XAUUSD,Buy,0.1,4123.05,4135.45,4125.5,4126.49,99.0,9.9,33s,0.21%,0.21,33.0,2.449999999999818,9.949999999999818,0.9899999999997817,1.0,4120.015,4128.1050000000005,4117.715,4128.1050000000005,8.090000000000146,10.390000000000327,2.605000000000473,0.8899999999994179,0.13500000000021828
2025-11-12 14:15:00,2025-11-12 14:15:00,XAUUSD,Buy,0.1,4128.66,4141.06,4131.12,4131.49,37.0,3.7,18s,0.08%,0.08,18.0,2.4600000000000364,9.94000000000051,0.36999999999989086,1.0,4131.555,4136.405,4124.795,4138.755,4.849999999999454,13.960000000000036,7.635000000000218,7.979999999999563,-3.8350000000000364
2025-11-12 16:51:00,2025-11-12 16:51:00,XAUUSD,Buy,0.1,4137.37,4149.77,4139.85,4139.43,-42.0,-4.2,2s,-0.09%,-0.09,2.0,2.480000000000473,9.920000000000073,-0.42000000000007276,1.0,4187.225,4197.548,4187.225,4202.205,10.32299999999941,14.979999999999563,62.35499999999956,6.420000000000073,-53.344999999999345
2025-11-13 03:00:00,2025-11-13 03:00:00,XAUUSD,Buy,0.1,4205.75,4218.15,4208.24,4208.21,-3.0,-0.3,2s,-0.01%,-0.01,2.0,2.4899999999997817,9.909999999999854,-0.02999999999974534,1.0,4189.795,4203.685,4189.795,4205.5650000000005,13.890000000000327,15.770000000000437,-2.6749999999992724,-1.8699999999998909,18.354999999999563
2025-11-13 05:47:00,2025-11-13 05:48:00,XAUUSD,Buy,0.1,4206.78,4219.18,4209.18,4209.52,34.0,3.4,47s,0.07%,0.07,47.0,2.4000000000005457,10.0,0.3400000000001455,1.0,4207.825,4216.465,4204.885,4216.465,8.640000000000327,11.579999999999927,7.2849999999998545,2.9570000000003347,-5.925000000000182
2025-11-13 09:59:00,2025-11-13 09:59:00,XAUUSD,Buy,0.1,4217.16,4229.56,4219.59,4219.92,33.0,3.3,36s,0.07%,0.07,36.0,2.430000000000291,9.970000000000256,0.32999999999992724,1.0,4227.205,4233.545,4227.205,4238.975,6.3400000000001455,11.770000000000437,19.38500000000022,0.8100000000004002,-7.925000000000182
2025-11-13 12:21:00,2025-11-13 12:21:00,XAUUSD,Buy,0.1,4237.16,4249.56,4239.66,4240.05,39.0,3.9,7s,0.08%,0.08,7.0,2.5,9.900000000000546,0.3900000000003274,1.0,4230.305,4236.975,4230.305,4237.095,6.670000000000073,6.789999999999964,-2.5649999999996,3.9099999999998545,5.434999999999491
2025-11-13 12:58:00,2025-11-13 12:58:00,XAUUSD,Sell,0.1,4227.5,4215.1,4224.98,4222.54,244.0,24.4,33s,0.52%,0.52,33.0,2.520000000000437,9.8799999999992,2.4399999999996,-1.0,4235.285,4244.925,4225.675,4244.925,9.640000000000327,19.25,-0.6950000000006185,-2.0600000000004,10.275000000000546
2025-11-13 14:56:00,2025-11-13 14:56:00,XAUUSD,Buy,0.1,4238.19,4250.59,4240.59,4242.34,175.0,17.5,18s,0.37%,0.37,18.0,2.4000000000005457,10.0,1.75,1.0,4184.985,4200.755,4184.985,4204.865,15.770000000000437,19.88000000000011,-35.725000000000364,-23.4399999999996,52.98499999999967
2025-11-13 16:08:00,2025-11-13 16:08:00,XAUUSD,Sell,0.1,4221.87,4209.47,4219.45,4214.91,454.0,45.4,17s,0.96%,0.96,17.0,2.4200000000000728,9.979999999999563,4.539999999999964,-1.0,4201.975,4210.675,4201.975,4210.698,8.699999999999818,8.722999999999956,17.474999999999454,-4.8799999999992,-17.175000000000182
2025-11-14 03:54:00,2025-11-14 03:54:00,XAUUSD,Buy,0.1,4187.73,4200.13,4190.15,4192.32,217.0,21.7,24s,0.45%,0.45,24.0,2.4200000000000728,9.980000000000471,2.1700000000000728,1.0,4201.145,4207.005,4197.965,4207.005,5.859999999999673,9.039999999999964,16.855000000000473,-3.6030000000000655,-16.7450000000008
2025-11-14 07:09:00,2025-11-14 07:09:00,XAUUSD,Sell,0.1,4199.56,4187.16,4197.15,4193.58,357.0,35.7,38s,0.74%,0.74,38.0,2.410000000000764,9.989999999999782,3.569999999999709,-1.0,4169.215,4177.165,4158.685,4177.165,7.949999999999818,18.479999999999563,38.464999999999236,5.140000000000327,-22.104999999999563
2025-11-14 08:16:00,2025-11-14 08:16:00,XAUUSD,Sell,0.1,4186.54,4174.14,4184.14,4184.02,12.0,1.2,4s,0.02%,0.02,4.0,2.399999999999636,10.0,0.11999999999989086,-1.0,4173.375,4184.035,4173.375,4186.835,10.659999999999854,13.460000000000036,10.765000000000327,6.720000000000255,-9.905000000000655
2025-11-14 08:48:00,2025-11-14 08:48:00,XAUUSD,Sell,0.1,4176.22,4163.82,4173.76,4174.16,-40.0,-4.0,2s,-0.08%,-0.08,2.0,2.4600000000000364,9.94000000000051,-0.3999999999996362,-1.0,4169.875,4183.5650000000005,4167.8550000000005,4183.5650000000005,13.69000000000051,15.710000000000036,5.904999999999745,-5.800000000000182,8.74499999999989
2025-11-17 05:01:00,2025-11-17 05:01:00,XAUUSD,Sell,0.1,4074.47,4062.07,4071.98,4071.14,84.0,8.4,6s,0.17%,0.17,6.0,2.4899999999997817,9.909999999999854,0.8400000000001455,-1.0,4071.925,4078.515,4058.465,4078.515,6.589999999999691,20.049999999999727,13.514999999999873,4.869999999999891,6.394999999999982
2025-11-17 07:17:00,2025-11-17 07:18:00,XAUUSD,Sell,0.1,4072.62,4060.22,4070.21,4070.25,-4.0,-0.4,23s,-0.01%,-0.01,23.0,2.4099999999998545,9.990000000000236,-0.03999999999996362,-1.0,4072.065,4079.405,4072.065,4083.005,7.3400000000001455,10.940000000000055,-1.8550000000000182,-6.760000000000218,2.355000000000018
2025-11-17 09:55:00,2025-11-17 09:56:00,XAUUSD,Buy,0.1,4085.54,4097.94,4087.95,4087.69,-26.0,-2.6,11s,-0.05%,-0.05,11.0,2.4099999999998545,9.989999999999782,-0.25999999999976353,1.0,4078.838,4086.455,4078.838,4089.245,7.616999999999734,10.406999999999698,1.2950000000000728,2.700000000000273,1.9249999999997272
2025-11-17 12:53:00,2025-11-17 12:54:00,XAUUSD,Sell,0.1,4074.61,4062.21,4072.21,4068.53,368.0,36.8,1m,0.76%,0.76,60.0,2.400000000000091,10.0,3.6799999999998363,-1.0,4074.795,4083.145,4074.795,4092.065,8.349999999999909,17.269999999999982,-2.5850000000000364,-4.320000000000164,10.224999999999909
2025-11-17 15:05:00,2025-11-17 15:05:00,XAUUSD,Buy,0.1,4087.05,4099.45,4089.52,4090.56,104.0,10.4,31s,0.21%,0.21,31.0,2.4699999999998,9.929999999999836,1.0399999999999636,1.0,4061.465,4077.325,4060.545,4077.325,15.859999999999673,16.779999999999745,-12.195000000000164,2.2199999999998,13.525000000000091
2025-11-17 16:00:00,2025-11-17 16:00:00,XAUUSD,Sell,0.1,4063.47,4051.07,4061.06,4061.26,-20.0,-2.0,5s,-0.04%,-0.04,5.0,2.4099999999998545,9.989999999999782,-0.20000000000027285,-1.0,4051.985,4065.115,4051.985,4068.725,13.129999999999654,16.73999999999978,9.074999999999818,9.41000000000031,3.0149999999998727
2025-11-17 18:03:00,2025-11-17 18:04:00,XAUUSD,Sell,0.1,4063.18,4050.78,4060.71,4060.31,40.0,4.0,9s,0.08%,0.08,9.0,2.4699999999998,9.929999999999836,0.40000000000009095,-1.0,4070.865,4075.945,4067.455,4075.945,5.080000000000382,8.490000000000236,-6.744999999999891,2.2170000000000982,12.38799999999992
2025-11-18 03:51:00,2025-11-18 03:51:00,XAUUSD,Sell,0.1,4029.72,4017.32,4027.3,4026.58,72.0,7.2,4s,0.15%,0.15,4.0,2.419999999999618,9.980000000000018,0.7200000000002547,-1.0,4011.065,4022.035,4009.445,4022.035,10.9699999999998,12.58999999999969,17.855000000000018,-9.36999999999989,-5.295000000000073
2025-11-18 06:17:00,2025-11-18 06:17:00,XAUUSD,Sell,0.1,4010.88,3998.48,4008.46,4007.16,130.0,13.0,22s,0.27%,0.27,22.0,2.4200000000000728,9.980000000000018,1.300000000000182,-1.0,4008.125,4015.565,4007.415,4015.565,7.440000000000055,8.150000000000091,1.0450000000000728,6.239999999999782,4.005000000000109
2025-11-18 09:01:00,2025-11-18 09:01:00,XAUUSD,Sell,0.1,4007.49,3995.09,4005.03,4005.05,-2.0,-0.2,3s,0.00%,0.0,3.0,2.4599999999995816,9.940000000000056,-0.01999999999998181,-1.0,4030.265,4038.915,4030.265,4039.748,8.650000000000091,9.483000000000175,-25.234999999999673,0.5399999999999636,31.46499999999969
2025-11-18 10:31:00,2025-11-18 10:31:00,XAUUSD,Buy,0.1,4022.7,4035.1,4025.26,4026.45,119.0,11.9,29s,0.24%,0.24,29.0,2.5600000000004,9.83999999999969,1.1899999999995998,1.0,4037.185,4043.405,4037.185,4050.155,6.220000000000255,12.970000000000255,24.894999999999982,-2.3600000000001273,-13.014999999999873
2025-11-18 11:54:00,2025-11-18 11:54:00,XAUUSD,Buy,0.1,4040.25,4052.65,4042.67,4042.47,-20.0,-2.0,6s,-0.04%,-0.04,6.0,2.4200000000000728,9.980000000000018,-0.20000000000027285,1.0,4036.685,4045.075,4036.685,4045.075,8.389999999999873,8.389999999999873,2.4049999999997453,-3.6399999999998727,-1.9650000000001455
2025-11-18 12:46:00,2025-11-18 12:46:00,XAUUSD,Buy,0.1,4044.73,4057.13,4047.31,4050.23,292.0,29.2,23s,0.59%,0.59,23.0,2.5799999999999272,9.820000000000164,2.9200000000000728,1.0,4028.905,4035.165,4028.905,4045.948,6.2599999999997635,17.042999999999665,-1.36200000000008,0.4600000000000364,13.894999999999982
2025-11-18 13:33:00,2025-11-18 13:33:00,XAUUSD,Buy,0.1,4048.03,4060.43,4050.5,4050.13,-37.0,-3.7,3s,-0.07%,-0.07,3.0,2.4699999999998,9.929999999999836,-0.36999999999989086,1.0,4047.645,4067.975,4047.645,4070.165,20.329999999999927,22.519999999999982,19.664999999999964,5.927000000000135,1.974999999999909
2025-11-18 15:30:00,2025-11-18 15:30:00,XAUUSD,Buy,0.1,4048.03,4060.43,4050.45,4050.94,49.0,4.9,13s,0.10%,0.1,13.0,2.419999999999618,9.980000000000018,0.49000000000023647,1.0,4057.885,4072.175,4048.955,4072.175,14.289999999999964,23.220000000000255,21.725000000000364,5.269999999999982,-14.105000000000018
2025-11-19 03:06:00,2025-11-19 03:07:00,XAUUSD,Sell,0.1,4067.29,4054.89,4064.79,4063.57,122.0,12.2,30s,0.25%,0.25,30.0,2.5,9.900000000000093,1.2199999999998,-1.0,4072.065,4078.465,4069.365,4078.465,6.400000000000091,9.100000000000364,-4.574999999999818,2.699999999999818,10.6550000000002
2025-11-19 05:05:00,2025-11-19 05:05:00,XAUUSD,Buy,0.1,4075.86,4088.26,4078.33,4078.36,3.0,0.3,4s,0.01%,0.01,4.0,2.4699999999998,9.930000000000293,0.03000000000020009,1.0,4074.045,4079.285,4074.045,4091.895,5.239999999999782,17.84999999999991,13.565000000000055,0.36000000000012733,3.3449999999998
2025-11-19 07:16:00,2025-11-19 07:16:00,XAUUSD,Buy,0.1,4078.1,4090.5,4080.53,4085.43,490.0,49.0,25s,0.99%,0.99,25.0,2.430000000000291,9.9699999999998,4.899999999999636,1.0,4085.085,4090.795,4085.085,4095.925,5.710000000000036,10.840000000000146,15.394999999999982,-3.700000000000273,-6.5649999999996
2025-11-19 10:00:00,2025-11-19 10:00:00,XAUUSD,Sell,0.1,4087.38,4074.98,4084.98,4084.72,26.0,2.6,16s,0.05%,0.05,16.0,2.400000000000091,10.0,0.2600000000002183,-1.0,4108.945,4118.905,4108.945,4118.905,9.960000000000036,9.960000000000036,-23.96499999999969,-14.9399999999996,28.144999999999982
2025-11-19 11:44:00,2025-11-19 11:44:00,XAUUSD,Buy,0.1,4094.67,4107.07,4097.11,4098.92,181.0,18.1,22s,0.36%,0.36,22.0,2.4399999999996,9.960000000000036,1.8100000000004002,1.0,4109.615,4114.845,4109.615,4116.755,5.230000000000473,7.140000000000327,19.645000000000437,4.220000000000255,-17.095000000000255
2025-11-19 14:10:00,2025-11-19 14:11:00,XAUUSD,Buy,0.1,4116.69,4129.09,4119.14,4119.66,52.0,5.2,29s,0.10%,0.1,29.0,2.450000000000728,9.949999999999818,0.5199999999995271,1.0,4110.495,4118.5650000000005,4105.655,4118.615,8.070000000000618,12.960000000000036,-0.5250000000005457,-3.880000000000109,8.645000000000437
2025-11-19 15:34:00,2025-11-19 15:34:00,XAUUSD,Sell,0.1,4109.02,4096.62,4106.6,4106.98,-38.0,-3.8,4s,-0.08%,-0.08,4.0,2.4200000000000728,9.980000000000471,-0.37999999999919964,-1.0,4108.845,4121.055,4089.855,4121.055,12.210000000000036,31.200000000000273,16.745000000000346,13.679999999999382,9.454999999999927
2025-11-19 16:55:00,2025-11-19 16:55:00,XAUUSD,Buy,0.1,4117.69,4130.09,4120.19,4122.04,185.0,18.5,16s,0.37%,0.37,16.0,2.5,9.900000000000546,1.8500000000003638,1.0,4069.845,4078.025,4055.385,4078.025,8.180000000000291,22.639999999999873,-42.16499999999951,-1.0399999999999636,46.83499999999958
2025-11-19 17:35:00,2025-11-19 17:36:00,XAUUSD,Buy,0.1,4117.69,4130.09,4120.09,4120.89,80.0,8.0,27s,0.16%,0.16,27.0,2.4000000000005457,10.0,0.8000000000001819,1.0,4062.965,4078.075,4062.965,4080.975,15.109999999999673,18.009999999999764,-39.11500000000024,6.730000000000018,48.04500000000007
2025-11-20 04:06:00,2025-11-20 04:07:00,XAUUSD,Sell,0.1,4067.98,4055.58,4065.58,4065.65,-7.0,-0.7,5s,-0.01%,-0.01,5.0,2.400000000000091,10.0,-0.07000000000016371,-1.0,4068.115,4078.555,4068.115,4079.725,10.440000000000055,11.610000000000127,-2.5349999999998545,-6.339999999999691,6.494999999999891
2025-11-20 09:44:00,2025-11-20 09:44:00,XAUUSD,Sell,0.1,4061.0,4048.6,4058.54,4058.93,-39.0,-3.9,1s,-0.08%,-0.08,1.0,2.4600000000000364,9.940000000000056,-0.38999999999987267,-1.0,4055.405,4067.255,4055.405,4068.755,11.849999999999909,13.349999999999909,3.1349999999997635,9.539999999999964,0.47499999999990905
2025-11-20 14:11:00,2025-11-20 14:11:00,XAUUSD,Buy,0.1,4070.24,4082.64,4072.69,4073.85,116.0,11.6,16s,0.23%,0.23,16.0,2.450000000000273,9.949999999999818,1.1599999999998545,1.0,4071.905,4083.105,4071.905,4088.335,11.199999999999818,16.429999999999836,15.644999999999982,-0.01999999999998181,-7.404999999999745
2025-11-20 16:49:00,2025-11-20 16:49:00,XAUUSD,Buy,0.1,4093.99,4106.39,4096.45,4103.95,750.0,75.0,24s,1.48%,1.48,24.0,2.4600000000000364,9.94000000000051,7.5,1.0,4044.485,4066.945,4043.348,4066.945,22.460000000000036,23.597000000000207,-29.504999999999654,-6.059999999999945,37.534999999999854
2025-11-20 18:22:00,2025-11-20 18:22:00,XAUUSD,Sell,0.1,4069.19,4056.79,4066.68,4066.64,4.0,0.4,2s,0.01%,0.01,2.0,2.5100000000002183,9.889999999999873,0.03999999999996362,-1.0,4055.935,4067.035,4055.935,4067.035,11.099999999999909,11.099999999999909,10.74499999999989,-0.2699999999999818,-0.46499999999969077
2025-11-21 03:00:00,2025-11-21 03:00:00,XAUUSD,Sell,0.1,4075.76,4063.36,4073.24,4068.18,506.0,50.6,39s,0.98%,0.98,39.0,2.520000000000437,9.879999999999654,5.059999999999945,-1.0,4052.125,4059.075,4049.065,4059.075,6.949999999999818,10.009999999999764,24.174999999999727,15.859999999999673,-16.294999999999618
2025-11-21 04:56:00,2025-11-21 04:56:00,XAUUSD,Sell,0.1,4062.95,4050.55,4060.54,4058.2,234.0,23.4,25s,0.45%,0.45,25.0,2.4099999999998545,9.989999999999782,2.3400000000001455,-1.0,4047.358,4052.605,4047.358,4057.155,5.246999999999844,9.797000000000025,13.181999999999789,9.449999999999818,-10.324999999999818
2025-11-21 06:41:00,2025-11-21 06:41:00,XAUUSD,Sell,0.1,4051.79,4039.39,4049.34,4048.75,59.0,5.9,17s,0.11%,0.11,17.0,2.449999999999818,9.950000000000273,0.5900000000001455,-1.0,4028.965,4040.325,4028.965,4040.325,11.359999999999673,11.359999999999673,20.375,19.909999999999854,-17.77500000000009
2025-11-21 07:48:00,2025-11-21 07:48:00,XAUUSD,Sell,0.1,4050.12,4037.72,4047.71,4045.98,173.0,17.3,25s,0.33%,0.33,25.0,2.4099999999998545,9.990000000000236,1.7300000000000182,-1.0,4028.695,4035.325,4022.075,4039.065,6.629999999999654,16.990000000000236,25.63500000000022,4.25,-14.6550000000002
2025-11-21 08:00:00,2025-11-21 08:00:00,XAUUSD,Buy,0.1,4059.92,4072.32,4062.51,4064.07,156.0,15.6,12s,0.30%,0.3,12.0,2.590000000000145,9.809999999999944,1.5599999999999454,1.0,4022.075,4039.065,4022.075,4047.785,16.990000000000236,25.710000000000036,-14.725000000000364,-1.7300000000000182,31.1850000000004
2025-11-21 10:03:00,2025-11-21 10:03:00,XAUUSD,Sell,0.1,4027.24,4014.84,4024.7,4022.9,180.0,18.0,14s,0.34%,0.34,14.0,2.539999999999964,9.859999999999673,1.7999999999997272,-1.0,4035.165,4052.425,4032.318,4052.425,17.26000000000022,20.10699999999997,-7.618000000000393,-1.069999999999709,25.545000000000073
2025-11-21 11:05:00,2025-11-21 11:05:00,XAUUSD,Buy,0.1,4045.71,4058.11,4048.14,4048.02,-12.0,-1.2,5s,-0.02%,-0.02,5.0,2.4299999999998363,9.970000000000256,-0.11999999999989086,1.0,4035.385,4046.615,4035.385,4046.615,11.229999999999563,11.229999999999563,-1.525000000000091,3.230000000000018,11.3449999999998
2025-11-24 03:07:00,2025-11-24 03:07:00,XAUUSD,Sell,0.1,4060.46,4048.06,4057.97,4056.0,197.0,19.7,35s,0.37%,0.37,35.0,2.4900000000002365,9.909999999999854,1.9699999999998,-1.0,4043.325,4050.635,4043.325,4050.635,7.3100000000004,7.3100000000004,14.644999999999982,3.930000000000291,-14.625
2025-11-24 03:30:00,2025-11-24 03:30:00,XAUUSD,Sell,0.1,4056.95,4044.55,4054.47,4053.32,115.0,11.5,16s,0.22%,0.22,16.0,2.480000000000018,9.919999999999618,1.1499999999996362,-1.0,4048.635,4057.965,4048.005,4057.965,9.329999999999927,9.960000000000036,6.464999999999691,-2.25,-5.8149999999996
2025-11-24 04:53:00,2025-11-24 04:53:00,XAUUSD,Sell,0.1,4045.04,4032.64,4042.64,4042.04,60.0,6.0,17s,0.11%,0.11,17.0,2.400000000000091,10.0,0.599999999999909,-1.0,4041.935,4046.485,4041.935,4046.485,4.550000000000182,4.550000000000182,0.7049999999999272,4.429999999999836,3.7350000000001273
2025-11-24 07:22:00,2025-11-24 07:22:00,XAUUSD,Sell,0.1,4043.1,4030.7,4040.52,4040.93,-41.0,-4.1,2s,-0.08%,-0.08,2.0,2.5799999999999272,9.820000000000164,-0.4099999999998545,-1.0,4051.685,4056.345,4051.685,4066.705,4.6599999999998545,15.019999999999982,-11.164999999999964,-0.36999999999989086,12.894999999999982
2025-11-24 09:32:00,2025-11-24 09:32:00,XAUUSD,Buy,0.1,4055.65,4068.05,4058.14,4058.58,44.0,4.4,7s,0.08%,0.08,7.0,2.4899999999997817,9.91000000000031,0.44000000000005457,1.0,4067.545,4072.695,4065.555,4072.695,5.150000000000091,7.140000000000327,14.555000000000291,-3.3200000000001637,-10.394999999999982
2025-11-24 10:00:00,2025-11-24 10:00:00,XAUUSD,Buy,0.1,4058.75,4071.15,4061.15,4062.58,143.0,14.3,26s,0.27%,0.27,26.0,2.400000000000091,10.0,1.4299999999998363,1.0,4070.825,4077.015,4068.095,4077.015,6.190000000000055,8.920000000000073,15.864999999999782,1.6600000000003092,-10.545000000000073
2025-11-24 11:07:00,2025-11-24 11:07:00,XAUUSD,Buy,0.1,4065.17,4077.57,4067.61,4069.19,158.0,15.8,15s,0.30%,0.3,15.0,2.4400000000000546,9.960000000000036,1.5799999999999272,1.0,4062.885,4068.255,4062.885,4070.285,5.369999999999891,7.399999999999636,2.674999999999727,-6.360000000000127,4.015000000000327
2025-11-24 12:03:00,2025-11-24 12:03:00,XAUUSD,Buy,0.1,4071.8,4084.2,4074.37,4076.82,245.0,24.5,22s,0.46%,0.46,22.0,2.569999999999709,9.829999999999927,2.450000000000273,1.0,4065.325,4073.998,4065.325,4073.998,8.67300000000023,8.67300000000023,-0.37199999999984357,-0.40000000000009095,4.6349999999997635
2025-11-24 14:42:00,2025-11-24 14:42:00,XAUUSD,Buy,0.1,4074.69,4087.09,4077.17,4077.81,64.0,6.4,13s,0.12%,0.12,13.0,2.480000000000018,9.920000000000073,0.6399999999998727,1.0,4068.075,4078.718,4068.075,4085.968,10.643000000000029,17.89300000000003,8.797999999999774,-4.25,1.7950000000000728
2025-11-24 16:56:00,2025-11-24 16:56:00,XAUUSD,Buy,0.1,4083.66,4096.06,4086.06,4085.8,-26.0,-2.6,1s,-0.05%,-0.05,1.0,2.400000000000091,10.000000000000457,-0.25999999999976353,1.0,4094.555,4098.348,4091.365,4099.425,3.79300000000012,8.0600000000004,13.365000000000236,5.360000000000127,-11.53500000000031
2025-11-24 18:03:00,2025-11-24 18:03:00,XAUUSD,Buy,0.1,4091.49,4103.89,4093.93,4093.72,-21.0,-2.1,2s,-0.04%,-0.04,2.0,2.4400000000000546,9.960000000000491,-0.21000000000003638,1.0,4087.685,4093.275,4087.685,4095.515,5.5900000000001455,7.829999999999927,1.5850000000000364,-2.2800000000002,1.224999999999909
2025-11-25 03:01:00,2025-11-25 03:01:00,XAUUSD,Sell,0.1,4127.54,4115.14,4124.97,4124.51,46.0,4.6,3s,0.09%,0.09,3.0,2.569999999999709,9.829999999999927,0.4600000000000364,-1.0,4144.898,4150.4580000000005,4139.215,4150.4580000000005,5.5600000000004,11.243000000000393,-14.24499999999989,1.4570000000003347,25.38799999999992
2025-11-25 04:19:00,2025-11-25 04:20:00,XAUUSD,Buy,0.1,4141.96,4154.36,4144.46,4145.49,103.0,10.3,35s,0.19%,0.19,35.0,2.5,9.899999999999636,1.0299999999997453,1.0,4143.905,4147.555,4142.685,4148.045,3.6500000000005457,5.359999999999673,3.5850000000000364,1.7100000000000364,-0.14500000000043656
2025-11-25 07:53:00,2025-11-25 07:54:00,XAUUSD,Buy,0.1,4145.98,4158.38,4148.4,4148.12,-28.0,-2.8,8s,-0.05%,-0.05,8.0,2.4200000000000728,9.980000000000471,-0.27999999999974534,1.0,4129.785,4138.965,4129.785,4138.965,9.180000000000291,9.180000000000291,-9.43499999999949,0.22000000000025466,11.3149999999996
2025-11-25 10:34:00,2025-11-25 10:35:00,XAUUSD,Sell,0.1,4132.61,4120.21,4130.08,4129.87,21.0,2.1,34s,0.04%,0.04,34.0,2.5299999999997453,9.86999999999989,0.21000000000003638,-1.0,4127.905,4133.295,4127.195,4134.398,5.390000000000327,7.203000000000429,2.8850000000002183,6.430000000000291,0.6350000000002183
2025-11-25 14:20:00,2025-11-25 14:20:00,XAUUSD,Buy,0.1,4136.3,4148.7,4138.73,4138.49,-24.0,-2.4,5s,-0.04%,-0.04,5.0,2.429999999999381,9.970000000000256,-0.23999999999978172,1.0,4133.215,4142.835,4117.228,4142.835,9.61999999999989,25.60699999999997,4.105000000000473,-4.993999999999687,-3.6450000000004366
2025-11-25 15:10:00,2025-11-25 15:10:00,XAUUSD,Buy,0.1,4136.31,4148.71,4139.2,4139.57,37.0,3.7,9s,0.07%,0.07,9.0,2.889999999999418,9.510000000000218,0.36999999999989086,1.0,4117.645,4131.535,4117.645,4133.645,13.889999999999418,16.0,-5.5549999999993815,5.680000000000291,14.144999999999527
2025-11-25 16:46:00,2025-11-25 16:46:00,XAUUSD,Sell,0.1,4118.39,4105.99,4115.83,4112.95,288.0,28.8,15s,0.53%,0.53,15.0,2.5600000000004,9.840000000000146,2.880000000000109,-1.0,4134.415,4140.075,4134.415,4153.095,5.6599999999998545,18.68000000000029,-18.585000000000036,0.47000000000025466,23.954999999999927
2025-11-26 04:25:00,2025-11-26 04:25:00,XAUUSD,Buy,0.1,4156.88,4169.28,4159.47,4162.69,322.0,32.2,13s,0.59%,0.59,13.0,2.590000000000145,9.80999999999949,3.219999999999345,1.0,4156.625,4162.0650000000005,4156.255,4162.0650000000005,5.440000000000509,5.8100000000004,2.5950000000002547,-4.25,-2.0450000000000728
2025-11-26 08:15:00,2025-11-26 08:15:00,XAUUSD,Sell,0.1,4159.0,4146.6,4156.55,4156.17,38.0,3.8,30s,0.07%,0.07,30.0,2.449999999999818,9.949999999999818,0.38000000000010914,-1.0,4164.515,4168.215,4155.385,4168.215,3.699999999999818,12.829999999999927,1.1649999999999636,-8.150000000000546,8.805000000000291
2025-11-26 10:27:00,2025-11-26 10:27:00,XAUUSD,Buy,0.1,4166.13,4178.53,4168.61,4168.21,-40.0,-4.0,2s,-0.07%,-0.07,2.0,2.4799999999995634,9.920000000000073,-0.3999999999996362,1.0,4160.125,4164.845,4156.275,4164.845,4.720000000000255,8.570000000000618,-3.764999999999418,1.0200000000004366,5.104999999999563
2025-11-26 13:30:00,2025-11-26 13:32:00,XAUUSD,Buy,0.1,4162.74,4175.14,4165.15,4168.52,337.0,33.7,1m,0.62%,0.62,60.0,2.4099999999998545,9.990000000000691,3.3700000000008004,1.0,4152.978,4165.015,4148.795,4165.015,12.037000000000262,16.220000000000255,-0.13499999999930878,5.8400000000001455,0.11499999999978172
2025-11-26 16:06:00,2025-11-26 16:06:00,XAUUSD,Sell,0.1,4151.44,4139.04,4149.03,4149.29,-26.0,-2.6,4s,-0.05%,-0.05,4.0,2.4099999999998545,9.989999999999782,-0.2600000000002183,-1.0,4160.455,4165.615,4160.455,4165.615,5.1599999999998545,5.1599999999998545,-11.425000000000182,-3.269999999999527,16.085000000000036
2025-11-26 17:00:00,2025-11-26 17:00:00,XAUUSD,Sell,0.1,4142.32,4129.92,4139.74,4137.07,267.0,26.7,15s,0.49%,0.49,15.0,2.5799999999999272,9.819999999999707,2.6700000000000728,-1.0,4164.865,4168.025,4164.865,4169.675,3.1599999999998545,4.8100000000004,-25.125,0.16300000000046566,27.175000000000182
2025-11-26 18:40:00,2025-11-26 18:40:00,XAUUSD,Buy,0.1,4163.27,4175.67,4165.71,4166.4,69.0,6.9,27s,0.13%,0.13,27.0,2.4399999999996,9.960000000000036,0.6899999999995998,1.0,4158.155,4168.465,4157.8550000000005,4168.465,10.3100000000004,10.609999999999673,2.755000000000109,-3.2600000000002183,-1.9149999999999636
2025-11-27 03:05:00,2025-11-27 03:05:00,XAUUSD,Sell,0.1,4163.72,4151.32,4161.31,4159.67,164.0,16.4,28s,0.30%,0.3,28.0,2.4099999999998545,9.990000000000691,1.6400000000003274,-1.0,4143.945,4149.045,4143.945,4150.425,5.100000000000364,6.480000000000473,17.36500000000069,7.509999999999309,-16.045000000000073
2025-11-27 04:49:00,2025-11-27 04:50:00,XAUUSD,Sell,0.1,4151.14,4138.74,4148.74,4148.45,29.0,2.9,8s,0.05%,0.05,8.0,2.4000000000005457,10.0,0.2899999999999636,-1.0,4149.055,4154.335,4149.055,4154.535,5.279999999999745,5.479999999999563,-0.3150000000005093,-2.519999999999527,3.2950000000000728
2025-11-27 06:07:00,2025-11-27 06:07:00,XAUUSD,Sell,0.1,4146.57,4134.17,4144.07,4143.55,52.0,5.2,13s,0.09%,0.09,13.0,2.5,9.899999999999636,0.5199999999995271,-1.0,4146.725,4154.555,4146.725,4156.675,7.829999999999927,9.949999999999818,-2.655000000000655,1.0570000000006985,2.7280000000000655
2025-11-27 08:12:00,2025-11-27 08:12:00,XAUUSD,Buy,0.1,4152.25,4164.65,4154.69,4154.4,-29.0,-2.9,3s,-0.05%,-0.05,3.0,2.4399999999996,9.960000000000036,-0.2899999999999636,1.0,4159.305,4164.215,4159.305,4165.435,4.9099999999998545,6.130000000000109,10.7450000000008,1.2330000000001746,-5.1380000000008295
2025-11-27 10:01:00,2025-11-27 10:01:00,XAUUSD,Buy,0.1,4159.69,4172.09,4162.19,4162.25,6.0,0.6,5s,0.01%,0.01,5.0,2.5,9.900000000000546,0.06000000000040018,1.0,4155.475,4160.335,4152.555,4160.335,4.859999999999673,7.779999999999745,-1.8549999999995634,1.0700000000006185,3.884999999999309
2025-11-27 15:00:00,2025-11-27 15:00:00,XAUUSD,Sell,0.1,4154.75,4142.35,4152.35,4151.58,77.0,7.7,16s,0.14%,0.14,16.0,2.399999999999636,10.0,0.7700000000004366,-1.0,4152.745,4158.445,4152.745,4161.575,5.699999999999818,8.829999999999927,-0.39499999999952706,4.139999999999418,0.7150000000001455
2025-11-27 17:23:00,2025-11-27 17:23:00,XAUUSD,Buy,0.1,4158.22,4170.62,4160.65,4160.42,-23.0,-2.3,26s,-0.04%,-0.04,26.0,2.429999999999381,9.970000000000256,-0.22999999999956344,1.0,4154.465,4156.805,4154.465,4157.885,2.3400000000001455,3.4200000000000728,-2.764999999999418,-1.0,5.5549999999993815
2025-11-28 07:09:00,2025-11-28 07:09:00,XAUUSD,Sell,0.1,4180.96,4168.56,4178.28,4173.75,453.0,45.3,14s,0.82%,0.82,14.0,2.680000000000291,9.719999999999343,4.529999999999745,-1.0,4183.789,4187.3550000000005,4177.705,4187.3550000000005,3.566000000000713,9.650000000000546,0.5749999999998181,1.089999999999236,8.615000000000691
2025-12-01 07:13:00,2025-12-01 07:13:00,XAUUSD,Sell,0.1,4235.07,4222.67,4232.61,4229.67,294.0,29.4,25s,0.53%,0.53,25.0,2.4600000000000364,9.9399999999996,2.9399999999996,-1.0,4233.598,4238.905,4231.628,4242.478,5.306999999999789,10.850000000000364,0.9819999999999709,-1.730000000000473,4.115000000000691
2025-12-01 10:00:00,2025-12-01 10:00:00,XAUUSD,Buy,0.1,4244.47,4256.87,4246.95,4246.75,-20.0,-2.0,5s,-0.04%,-0.04,5.0,2.4799999999995634,9.920000000000073,-0.1999999999998181,1.0,4248.888,4262.025,4248.888,4262.025,13.136999999999716,13.136999999999716,15.074999999999818,2.556999999999789,-2.805000000000291
2025-12-01 12:03:00,2025-12-01 12:04:00,XAUUSD,Buy,0.1,4251.25,4263.65,4253.66,4253.88,22.0,2.2,21s,0.04%,0.04,21.0,2.4099999999998545,9.989999999999782,0.22000000000025466,1.0,4247.235,4256.445,4247.235,4256.445,9.210000000000036,9.210000000000036,2.7849999999998545,-3.6599999999998545,-0.6950000000006185
2025-12-01 14:11:00,2025-12-01 14:11:00,XAUUSD,Sell,0.1,4250.68,4238.28,4248.28,4247.9,38.0,3.8,11s,0.07%,0.07,11.0,2.4000000000005457,10.0,0.38000000000010914,-1.0,4238.425,4248.995,4238.425,4249.095,10.569999999999709,10.670000000000073,9.854999999999563,14.550000000000182,-1.1049999999995634
2025-12-01 15:30:00,2025-12-01 15:30:00,XAUUSD,Buy,0.1,4256.08,4268.48,4258.52,4259.34,82.0,8.2,16s,0.15%,0.15,16.0,2.4400000000005093,9.959999999999129,0.819999999999709,1.0,4221.595,4236.348,4221.505,4236.348,14.752999999999702,14.842999999999847,-22.17200000000048,-3.2899999999999636,30.61500000000069
2025-12-01 16:30:00,2025-12-01 16:30:00,XAUUSD,Sell,0.1,4246.61,4234.21,4244.11,4244.52,-41.0,-4.1,1s,-0.07%,-0.07,1.0,2.5,9.899999999999636,-0.410000000000764,-1.0,4230.295,4240.235,4225.005,4242.345,9.9399999999996,17.340000000000146,19.104999999999563,-2.660000000000764,-4.544999999999163
2025-12-02 03:01:00,2025-12-02 03:01:00,XAUUSD,Sell,0.1,4223.85,4211.45,4221.42,4221.27,15.0,1.5,5s,0.03%,0.03,5.0,2.430000000000291,9.970000000000256,0.1499999999996362,-1.0,4220.475,4225.135,4220.475,4226.168,4.6599999999998545,5.6929999999993015,0.944999999999709,-0.2999999999992724,-0.015000000000327418
2025-12-02 08:03:00,2025-12-02 08:04:00,XAUUSD,Buy,0.1,4223.73,4236.13,4226.17,4226.06,-11.0,-1.1,49s,-0.02%,-0.02,49.0,2.4400000000005093,9.960000000000036,-0.10999999999967258,1.0,4206.875,4215.1050000000005,4206.875,4216.955,8.230000000000473,10.079999999999927,-9.215000000000146,1.769999999999527,13.00500000000011
2025-12-02 11:06:00,2025-12-02 11:06:00,XAUUSD,Sell,0.1,4209.64,4197.24,4207.21,4206.28,93.0,9.3,15s,0.17%,0.17,15.0,2.430000000000291,9.970000000000256,0.930000000000291,-1.0,4184.735,4189.545,4184.735,4196.765,4.8100000000004,12.030000000000655,22.475000000000364,1.7600000000002183,-21.6850000000004
2025-12-02 16:02:00,2025-12-02 16:02:00,XAUUSD,Buy,0.1,4212.69,4225.09,4215.18,4217.53,235.0,23.5,18s,0.42%,0.42,18.0,2.490000000000691,9.909999999999854,2.3499999999994543,1.0,4166.545,4178.165,4166.545,4179.585,11.61999999999989,13.039999999999964,-35.595000000000255,-19.710000000000036,45.92500000000018
2025-12-02 17:36:00,2025-12-02 17:36:00,XAUUSD,Sell,0.1,4183.31,4170.91,4180.82,4179.75,107.0,10.7,5s,0.19%,0.19,5.0,2.490000000000691,9.909999999999854,1.069999999999709,-1.0,4190.0650000000005,4196.255,4190.0650000000005,4196.665,6.1899999999996,6.599999999999454,-9.2450000000008,-4.730000000000473,11.145000000000437
2025-12-03 03:00:00,2025-12-03 03:01:00,XAUUSD,Buy,0.1,4213.85,4226.25,4216.27,4217.24,97.0,9.7,23s,0.17%,0.17,23.0,2.4200000000000728,9.979999999999563,0.9699999999993452,1.0,4220.235,4227.3150000000005,4220.235,4227.3150000000005,7.080000000000837,7.080000000000837,11.045000000000073,1.5399999999999636,-10.164999999999964
2025-12-03 04:04:00,2025-12-03 04:04:00,XAUUSD,Buy,0.1,4218.66,4231.06,4221.07,4221.06,-1.0,-0.1,22s,0.00%,0.0,22.0,2.4099999999998545,9.990000000000691,-0.009999999999308784,1.0,4217.075,4221.155,4217.075,4224.0650000000005,4.079999999999927,6.990000000000691,2.9950000000008004,-1.5,0.13499999999930878
2025-12-03 07:31:00,2025-12-03 07:31:00,XAUUSD,Sell,0.1,4219.77,4207.37,4217.35,4215.9,145.0,14.5,17s,0.26%,0.26,17.0,2.4200000000000728,9.980000000000471,1.4500000000007276,-1.0,4200.0650000000005,4207.245,4200.0650000000005,4207.665,7.1799999999993815,7.599999999999454,17.284999999999854,3.480000000000473,-14.975000000000364
2025-12-03 09:24:00,2025-12-03 09:24:00,XAUUSD,Sell,0.1,4205.69,4193.29,4203.25,4203.26,-1.0,-0.1,6s,0.00%,0.0,6.0,2.4399999999996,9.960000000000036,-0.010000000000218279,-1.0,4198.6050000000005,4202.445,4198.6050000000005,4202.445,3.839999999999236,3.839999999999236,4.644999999999527,6.789999999999964,-3.7950000000000728
2025-12-03 11:08:00,2025-12-03 11:09:00,XAUUSD,Sell,0.1,4201.9,4189.5,4199.39,4197.89,150.0,15.0,38s,0.26%,0.26,38.0,2.509999999999309,9.890000000000327,1.5,-1.0,4196.865,4200.515,4196.865,4205.435,3.6500000000005457,8.570000000000618,2.5250000000005457,0.680000000000291,1.0249999999996362
2025-12-03 12:11:00,2025-12-03 12:12:00,XAUUSD,Sell,0.1,4199.41,4187.01,4197.0,4195.77,123.0,12.3,37s,0.22%,0.22,37.0,2.4099999999998545,9.989999999999782,1.2299999999995634,-1.0,4205.5650000000005,4210.335,4204.875,4210.335,4.769999999999527,5.460000000000036,-7.875,-4.619999999999891,11.465000000000146
2025-12-03 12:38:00,2025-12-03 12:38:00,XAUUSD,Sell,0.1,4201.9,4189.5,4199.49,4199.48,1.0,0.1,6s,0.00%,0.0,6.0,2.4099999999998545,9.989999999999782,0.010000000000218279,-1.0,4207.6050000000005,4214.135,4207.6050000000005,4214.135,6.529999999999745,6.529999999999745,-8.115000000000691,-0.75,8.454999999999927
2025-12-03 14:00:00,2025-12-03 14:00:00,XAUUSD,Buy,0.1,4207.86,4220.26,4210.27,4210.28,1.0,0.1,5s,0.00%,0.0,5.0,2.410000000000764,9.989999999999782,0.009999999999308784,1.0,4218.375,4240.545,4218.375,4240.545,22.170000000000073,22.170000000000073,30.274999999999636,13.69000000000051,-26.784999999999854
2025-12-03 18:55:00,2025-12-03 18:56:00,XAUUSD,Sell,0.1,4207.65,4195.25,4205.22,4202.28,294.0,29.4,57s,0.51%,0.51,57.0,2.429999999999381,9.970000000000256,2.9400000000005093,-1.0,4194.945,4205.495,4194.945,4205.495,10.550000000000182,10.550000000000182,10.275000000000546,-3.3400000000001455,-0.4250000000001819
2025-12-04 03:00:00,2025-12-04 03:00:00,XAUUSD,Buy,0.1,4210.21,4222.61,4212.66,4213.81,115.0,11.5,27s,0.20%,0.2,27.0,2.449999999999818,9.949999999999818,1.1500000000005457,1.0,4187.125,4201.295,4187.125,4201.295,14.170000000000073,14.170000000000073,-11.364999999999782,-0.8430000000007567,12.295000000000073
2025-12-04 03:45:00,2025-12-04 03:45:00,XAUUSD,Buy,0.1,4213.32,4225.72,4215.8,4216.33,53.0,5.3,13s,0.09%,0.09,13.0,2.480000000000473,9.920000000000073,0.5299999999997453,1.0,4193.495,4197.675,4192.545,4197.675,4.180000000000291,5.130000000000109,-18.125,3.8900000000003274,18.914999999999964
2025-12-04 04:03:00,2025-12-04 04:03:00,XAUUSD,Sell,0.1,4204.62,4192.22,4202.18,4202.24,-6.0,-0.6,2s,-0.01%,-0.01,2.0,2.4399999999996,9.960000000000036,-0.05999999999949068,-1.0,4192.545,4197.225,4192.545,4198.885,4.680000000000291,6.3400000000001455,9.635000000000218,1.319999999999709,-6.614999999999782
2025-12-04 04:34:00,2025-12-04 04:34:00,XAUUSD,Sell,0.1,4204.62,4192.22,4202.15,4202.45,-30.0,-3.0,4s,-0.05%,-0.05,4.0,2.4700000000002547,9.929999999999382,-0.3000000000001819,-1.0,4196.555,4198.385,4194.395,4198.385,1.8299999999999272,3.9899999999997817,7.7549999999992,-1.3299999999999272,-3.9149999999999636
2025-12-04 05:02:00,2025-12-04 05:02:00,XAUUSD,Sell,0.1,4201.41,4189.01,4198.91,4188.89,1002.0,100.2,33s,1.74%,1.74,33.0,2.5,9.899999999999636,10.019999999999527,-1.0,4194.045,4197.665,4189.3550000000005,4197.665,3.619999999999891,8.30999999999949,9.554999999999382,0.2899999999999636,-2.1649999999999636
2025-12-04 07:38:00,2025-12-04 07:38:00,XAUUSD,Sell,0.1,4189.6,4177.2,4187.2,4184.97,223.0,22.3,25s,0.38%,0.38,25.0,2.4000000000005457,10.0,2.2299999999995634,-1.0,4188.455,4191.665,4186.335,4193.755,3.2100000000000364,7.420000000000073,0.8649999999997817,3.389999999999418,1.735000000000582
2025-12-04 10:06:00,2025-12-04 10:06:00,XAUUSD,Buy,0.1,4192.48,4204.88,4194.88,4195.15,27.0,2.7,12s,0.05%,0.05,12.0,2.4000000000005457,10.0,0.26999999999952706,1.0,4198.885,4202.535,4198.145,4202.535,3.649999999999636,4.389999999999418,7.654999999999745,3.0799999999999272,-4.835000000000036
2025-12-04 11:43:00,2025-12-04 11:44:00,XAUUSD,Buy,0.1,4194.06,4206.46,4196.46,4197.45,99.0,9.9,51s,0.17%,0.17,51.0,2.399999999999636,10.0,0.9899999999997817,1.0,4197.715,4201.925,4197.015,4201.925,4.210000000000036,4.9099999999998545,5.4650000000001455,-3.1599999999998545,-2.505000000000109
2025-12-04 13:09:00,2025-12-04 13:09:00,XAUUSD,Buy,0.1,4200.24,4212.64,4202.7,4205.79,309.0,30.9,35s,0.52%,0.52,35.0,2.4600000000000364,9.94000000000051,3.0900000000001455,1.0,4185.155,4192.265,4185.155,4196.765,7.110000000000582,11.610000000000582,-5.934999999999491,-2.2799999999997453,12.454999999999927
2025-12-04 16:13:00,2025-12-04 16:13:00,XAUUSD,Buy,0.1,4204.06,4216.46,4206.49,4206.09,-40.0,-4.0,2s,-0.07%,-0.07,2.0,2.429999999999381,9.970000000000256,-0.3999999999996362,1.0,4206.3150000000005,4215.095,4206.3150000000005,4219.255,8.779999999999745,12.9399999999996,12.765000000000327,0.873000000000502,-0.6580000000003565
2025-12-04 18:09:00,2025-12-04 18:09:00,XAUUSD,Buy,0.1,4210.78,4223.18,4213.29,4213.89,60.0,6.0,29s,0.10%,0.1,29.0,2.5100000000002183,9.890000000000327,0.6000000000003638,1.0,4209.8550000000005,4217.395,4209.8550000000005,4217.395,7.539999999999964,7.539999999999964,4.105000000000473,3.0499999999992724,-3.1149999999997817
2025-12-05 03:07:00,2025-12-05 03:08:00,XAUUSD,Sell,0.1,4202.05,4189.65,4199.59,4199.92,-33.0,-3.3,23s,-0.06%,-0.06,23.0,2.4600000000000364,9.94000000000051,-0.32999999999992724,-1.0,4201.445,4208.645,4201.445,4208.645,7.200000000000728,7.200000000000728,-1.8549999999995634,-2.623000000000502,7.4080000000003565
2025-12-05 05:54:00,2025-12-05 05:54:00,XAUUSD,Buy,0.1,4208.21,4220.61,4210.65,4210.35,-30.0,-3.0,22s,-0.05%,-0.05,22.0,2.4399999999996,9.960000000000036,-0.2999999999992724,1.0,4218.755,4220.835,4218.385,4228.235,2.0799999999999272,9.849999999999454,17.585000000000036,0.7000000000007276,-9.325000000000728
2025-12-05 09:10:00,2025-12-05 09:10:00,XAUUSD,Buy,0.1,4226.89,4239.29,4229.33,4230.12,79.0,7.9,26s,0.13%,0.13,26.0,2.4399999999996,9.960000000000036,0.7899999999999636,1.0,4217.185,4222.195,4215.735,4222.195,5.009999999999309,6.460000000000036,-7.135000000000218,-2.8499999999994543,8.944999999999709
2025-12-08 04:54:00,2025-12-08 04:55:00,XAUUSD,Buy,0.1,4209.33,4221.73,4211.75,4211.21,-54.0,-5.4,23s,-0.09%,-0.09,23.0,2.4200000000000728,9.979999999999563,-0.5399999999999636,1.0,4206.785,4210.785,4206.785,4210.785,4.0,4.0,-0.9650000000001455,1.0100000000002183,1.4049999999997453
2025-12-08 07:33:00,2025-12-08 07:33:00,XAUUSD,Buy,0.1,4210.85,4223.25,4213.32,4214.67,135.0,13.5,25s,0.23%,0.23,25.0,2.469999999999345,9.930000000000293,1.3500000000003638,1.0,4209.665,4216.1050000000005,4206.075,4216.1050000000005,6.440000000000509,10.030000000000655,2.785000000000764,-0.7399999999997817,-0.3850000000002183
2025-12-08 10:00:00,2025-12-08 10:01:00,XAUUSD,Sell,0.1,4207.07,4194.67,4204.64,4203.58,106.0,10.6,18s,0.18%,0.18,18.0,2.429999999999381,9.970000000000256,1.0600000000004002,-1.0,4207.448,4210.255,4205.049,4210.255,2.806999999999789,5.206000000000131,-0.40899999999965075,0.3469999999997526,3.007999999999811
2025-12-08 12:31:00,2025-12-08 12:31:00,XAUUSD,Sell,0.1,4205.57,4193.17,4203.09,4201.38,171.0,17.1,25s,0.29%,0.29,25.0,2.4799999999995634,9.920000000000073,1.7100000000000364,-1.0,4210.808,4213.398,4210.725,4215.275,2.5900000000001455,4.549999999999272,-7.635000000000218,0.5100000000002183,8.49499999999989
2025-12-08 14:03:00,2025-12-08 14:03:00,XAUUSD,Buy,0.1,4210.32,4222.72,4212.78,4212.39,-39.0,-3.9,4s,-0.07%,-0.07,4.0,2.4600000000000364,9.94000000000051,-0.3899999999994179,1.0,4197.215,4209.975,4197.215,4211.6050000000005,12.760000000000218,14.390000000000327,-1.1749999999992724,-0.9899999999997817,11.284999999999854
2025-12-08 14:51:00,2025-12-08 14:52:00,XAUUSD,Buy,0.1,4211.5,4223.9,4214.01,4215.27,126.0,12.6,35s,0.21%,0.21,35.0,2.5100000000002183,9.889999999999418,1.2600000000002183,1.0,4195.398,4210.675,4176.898,4210.675,15.277000000000044,33.777000000000044,-3.3350000000000364,-10.550000000000182,16.025000000000546
2025-12-08 15:51:00,2025-12-08 15:51:00,XAUUSD,Sell,0.1,4201.97,4189.57,4199.56,4198.71,85.0,8.5,5s,0.14%,0.14,5.0,2.4099999999998545,9.990000000000691,0.8500000000003638,-1.0,4181.835,4190.085,4176.665,4190.085,8.25,13.420000000000073,22.895000000000437,5.130000000000109,-12.9350000000004
2025-12-09 03:03:00,2025-12-09 03:03:00,XAUUSD,Buy,0.1,4193.24,4205.64,4195.67,4196.14,47.0,4.7,26s,0.08%,0.08,26.0,2.430000000000291,9.970000000000256,0.47000000000025466,1.0,4189.705,4193.895,4189.705,4198.025,4.190000000000509,8.319999999999709,2.3549999999995634,0.7200000000002547,6.005000000000109
2025-12-09 03:30:00,2025-12-09 03:31:00,XAUUSD,Buy,0.1,4193.08,4205.48,4195.5,4195.54,4.0,0.4,21s,0.01%,0.01,21.0,2.4200000000000728,9.979999999999563,0.03999999999996362,1.0,4193.398,4198.568,4193.398,4198.568,5.170000000000073,5.170000000000073,3.068000000000211,4.0700000000006185,-2.3150000000005093
2025-12-09 04:04:00,2025-12-09 04:04:00,XAUUSD,Buy,0.1,4194.82,4207.22,4197.22,4196.85,-37.0,-3.7,3s,-0.06%,-0.06,3.0,2.4000000000005457,10.0,-0.36999999999989086,1.0,4191.705,4195.235,4191.705,4195.365,3.5299999999997453,3.6599999999998545,-1.855000000000473,0.4899999999997817,2.8150000000005093
2025-12-09 06:54:00,2025-12-09 06:55:00,XAUUSD,Sell,0.1,4188.4,4176.0,4186.0,4185.03,97.0,9.7,27s,0.16%,0.16,27.0,2.399999999999636,10.0,0.9700000000002547,-1.0,4180.125,4182.965,4180.095,4185.665,2.8400000000001455,5.569999999999709,5.904999999999745,-2.3900000000003274,-5.234999999999673
2025-12-09 10:01:00,2025-12-09 10:02:00,XAUUSD,Buy,0.1,4183.42,4195.82,4185.83,4185.53,-30.0,-3.0,41s,-0.05%,-0.05,41.0,2.4099999999998545,9.989999999999782,-0.3000000000001819,1.0,4201.5650000000005,4206.445,4201.5650000000005,4208.165,4.8799999999992,6.599999999999454,22.335000000000036,-0.8899999999994179,-16.80500000000029
2025-12-09 11:05:00,2025-12-09 11:05:00,XAUUSD,Buy,0.1,4196.37,4208.77,4198.82,4202.97,415.0,41.5,39s,0.69%,0.69,39.0,2.449999999999818,9.950000000000728,4.150000000000546,1.0,4201.658,4204.675,4200.965,4205.325,3.0169999999998254,4.359999999999673,6.505000000000109,0.32999999999992724,-5.005000000000109
2025-12-09 14:49:00,2025-12-09 14:50:00,XAUUSD,Buy,0.1,4204.12,4216.52,4206.52,4206.15,-37.0,-3.7,28s,-0.06%,-0.06,28.0,2.4000000000005457,10.0,-0.37000000000080036,1.0,4201.975,4210.195,4189.805,4210.195,8.219999999999345,20.389999999999418,3.6749999999992724,12.460000000000036,0.7950000000000728
2025-12-09 15:27:00,2025-12-09 15:27:00,XAUUSD,Sell,0.1,4201.01,4188.61,4198.61,4198.91,-30.0,-3.0,2s,-0.05%,-0.05,2.0,2.4000000000005457,10.0,-0.3000000000001819,-1.0,4194.735,4208.485,4194.735,4208.485,13.75,13.75,3.875,9.36999999999989,-3.494999999999891
2025-12-09 16:51:00,2025-12-09 16:51:00,XAUUSD,Buy,0.1,4205.59,4217.99,4208.06,4207.85,-21.0,-2.1,3s,-0.03%,-0.03,3.0,2.4700000000002547,9.929999999999382,-0.21000000000003638,1.0,4211.405,4221.345,4209.635,4221.345,9.94000000000051,11.710000000000036,13.284999999999854,5.747000000000298,-10.914999999999964
2025-12-09 17:29:00,2025-12-09 17:29:00,XAUUSD,Buy,0.1,4205.59,4217.99,4208.16,4208.16,0.0,0.0,16s,0.00%,0.0,16.0,2.569999999999709,9.829999999999927,0.0,1.0,4204.658,4211.385,4204.045,4211.385,6.726999999999862,7.3400000000001455,3.225000000000364,-0.75,-3.1950000000006185
2025-12-09 17:58:00,2025-12-09 17:58:00,XAUUSD,Buy,0.1,4207.67,4220.07,4210.11,4211.55,144.0,14.4,28s,0.24%,0.24,28.0,2.4399999999996,9.960000000000036,1.4400000000005093,1.0,4201.475,4208.585,4201.085,4208.585,7.109999999999673,7.5,-1.5249999999996362,-0.4400000000005093,3.074999999999818
2025-12-10 03:00:00,2025-12-10 03:00:00,XAUUSD,Sell,0.1,4209.49,4197.09,4207.07,4207.49,-42.0,-4.2,2s,-0.07%,-0.07,2.0,2.4200000000000728,9.979999999999563,-0.42000000000007276,-1.0,4209.765,4216.985,4207.595,4216.985,7.219999999999345,9.389999999999418,-0.5250000000005457,0.6199999999998909,9.765000000000327
2025-12-10 04:43:00,2025-12-10 04:43:00,XAUUSD,Buy,0.1,4215.66,4228.06,4218.09,4218.36,27.0,2.7,8s,0.04%,0.04,8.0,2.430000000000291,9.970000000000256,0.26999999999952706,1.0,4205.345,4209.505,4205.218,4209.505,4.1599999999998545,4.287000000000262,-8.585000000000036,-1.569999999999709,11.545000000000073
2025-12-10 05:40:00,2025-12-10 05:40:00,XAUUSD,Sell,0.1,4209.35,4196.95,4206.88,4207.07,-19.0,-1.9,5s,-0.03%,-0.03,5.0,2.4700000000002547,9.930000000000293,-0.18999999999959982,-1.0,4204.755,4211.955,4204.755,4214.225,7.199999999999818,9.470000000000255,2.125,-2.0,-1.444999999999709
2025-12-10 07:12:00,2025-12-10 07:12:00,XAUUSD,Sell,0.1,4206.19,4193.79,4203.79,4203.79,0.0,0.0,14s,0.00%,0.0,14.0,2.399999999999636,10.0,-0.0,-1.0,4204.258,4208.995,4204.258,4208.995,4.73700000000008,4.73700000000008,-0.4679999999998472,-1.1700000000000728,3.2950000000000728
2025-12-10 09:59:00,2025-12-10 10:00:00,XAUUSD,Sell,0.1,4205.62,4193.22,4203.2,4202.66,54.0,5.4,32s,0.09%,0.09,32.0,2.4200000000000728,9.979999999999563,0.5399999999999636,-1.0,4192.445,4195.455,4191.205,4196.305,3.0100000000002183,5.100000000000364,11.99499999999989,2.9099999999998545,-8.404999999999745
2025-12-10 10:10:00,2025-12-10 10:10:00,XAUUSD,Sell,0.1,4204.21,4191.81,4201.75,4200.5,125.0,12.5,27s,0.21%,0.21,27.0,2.4600000000000364,9.9399999999996,1.25,-1.0,4191.205,4196.305,4191.205,4196.305,5.100000000000364,5.100000000000364,10.545000000000073,0.6499999999996362,-7.604999999999563
2025-12-10 15:44:00,2025-12-10 15:45:00,XAUUSD,Buy,0.1,4199.9,4212.3,4202.3,4202.46,16.0,1.6,22s,0.03%,0.03,22.0,2.4000000000005457,10.0,0.15999999999985448,1.0,4192.818,4199.155,4189.985,4199.155,6.336999999999534,9.170000000000073,-3.1450000000004366,1.9899999999997817,5.875
2025-12-10 16:01:00,2025-12-10 16:01:00,XAUUSD,Buy,0.1,4199.9,4212.3,4202.44,4202.12,-32.0,-3.2,1s,-0.05%,-0.05,1.0,2.539999999999964,9.860000000000582,-0.31999999999970896,1.0,4192.685,4195.348,4192.685,4200.845,2.662999999999556,8.159999999999854,-1.5949999999993452,-0.14399999999932334,8.964999999999236
2025-12-11 03:02:00,2025-12-11 03:02:00,XAUUSD,Buy,0.1,4242.8,4255.2,4245.2,4245.38,18.0,1.8,8s,0.03%,0.03,8.0,2.399999999999636,10.0,0.18000000000029104,1.0,4209.095,4224.705,4209.095,4224.705,15.609999999999673,15.609999999999673,-20.49499999999989,-4.859999999999673,23.18499999999949
2025-12-11 03:44:00,2025-12-11 03:44:00,XAUUSD,Buy,0.1,4236.28,4248.68,4238.68,4238.46,-22.0,-2.2,6s,-0.04%,-0.04,6.0,2.4000000000005457,10.0,-0.22000000000025466,1.0,4211.848,4216.555,4211.848,4218.395,4.707000000000335,6.54700000000048,-20.284999999999854,0.693000000000211,25.93199999999979
2025-12-11 06:47:00,2025-12-11 06:47:00,XAUUSD,Sell,0.1,4211.83,4199.43,4209.43,4209.14,29.0,2.9,20s,0.05%,0.05,20.0,2.399999999999636,10.0,0.2899999999999636,-1.0,4210.765,4215.125,4210.3550000000005,4215.125,4.359999999999673,4.769999999999527,-0.9250000000001819,-0.3000000000001819,4.414999999999964
2025-12-11 07:39:00,2025-12-11 07:39:00,XAUUSD,Sell,0.1,4210.99,4198.59,4208.59,4207.16,143.0,14.3,16s,0.24%,0.24,16.0,2.399999999999636,10.0,1.430000000000291,-1.0,4211.205,4217.835,4211.205,4218.495,6.630000000000109,7.289999999999964,-2.6149999999997817,-0.6700000000000728,4.324999999999818
2025-12-11 09:36:00,2025-12-11 09:37:00,XAUUSD,Buy,0.1,4213.04,4225.44,4215.44,4216.4,96.0,9.6,1m,0.16%,0.16,60.0,2.399999999999636,10.0,0.9600000000000364,1.0,4213.575,4217.785,4213.575,4221.285,4.210000000000036,7.710000000000036,5.845000000000255,2.149999999999636,1.4349999999994907
2025-12-11 10:40:00,2025-12-11 10:40:00,XAUUSD,Buy,0.1,4216.16,4228.56,4218.56,4218.48,-8.0,-0.8,9s,-0.01%,-0.01,9.0,2.4000000000005457,10.0,-0.08000000000083674,1.0,4211.545,4217.655,4211.545,4218.925,6.109999999999673,7.380000000000109,0.3649999999997817,-3.180000000000291,1.3450000000002547
2025-12-11 11:47:00,2025-12-11 11:48:00,XAUUSD,Buy,0.1,4217.21,4229.61,4219.61,4221.14,153.0,15.3,47s,0.25%,0.25,47.0,2.399999999999636,10.0,1.5300000000006548,1.0,4209.445,4215.175,4208.525,4215.175,5.730000000000473,6.650000000000546,-4.434999999999491,0.009999999999308784,5.0349999999998545
2025-12-11 13:37:00,2025-12-11 13:38:00,XAUUSD,Sell,0.1,4214.3,4201.9,4211.9,4211.72,18.0,1.8,42s,0.03%,0.03,42.0,2.4000000000005457,10.0,0.17999999999938154,-1.0,4209.175,4220.785,4209.175,4223.235,11.609999999999673,14.05999999999949,2.7249999999994543,-0.8800000000001091,0.7450000000008004
2025-12-11 14:01:00,2025-12-11 14:03:00,XAUUSD,Sell,0.1,4212.91,4200.51,4210.35,4209.09,126.0,12.6,1m,0.21%,0.21,60.0,2.5599999999994907,9.840000000000146,1.2600000000002183,-1.0,4217.685,4229.405,4217.685,4231.785,11.719999999999345,14.099999999999454,-7.335000000000036,-1.25,10.424999999999272
2025-12-11 15:16:00,2025-12-11 15:16:00,XAUUSD,Sell,0.1,4211.27,4198.87,4208.87,4205.58,329.0,32.9,26s,0.54%,0.54,26.0,2.4000000000005457,10.0,3.2899999999999636,-1.0,4236.935,4244.275,4236.935,4256.175,7.339999999999236,19.23999999999978,-28.06500000000051,-7.579999999999927,28.704999999999927
2025-12-11 15:32:00,2025-12-11 15:33:00,XAUUSD,Sell,0.1,4212.91,4200.51,4210.51,4209.67,84.0,8.4,20s,0.14%,0.14,20.0,2.399999999999636,10.0,0.8400000000001455,-1.0,4238.245,4256.175,4238.245,4261.215,17.93000000000029,22.970000000000255,-27.734999999999673,-1.0700000000006185,28.13500000000022
2025-12-11 16:08:00,2025-12-11 16:08:00,XAUUSD,Buy,0.1,4223.52,4235.92,4225.92,4225.89,-3.0,-0.3,8s,0.00%,0.0,8.0,2.399999999999636,10.0,-0.02999999999974534,1.0,4249.8550000000005,4257.385,4249.8550000000005,4261.325,7.529999999999745,11.469999999999345,35.404999999999745,1.2600000000002183,-29.86499999999978
2025-12-11 17:33:00,2025-12-11 17:33:00,XAUUSD,Buy,0.1,4242.06,4254.46,4244.46,4245.17,71.0,7.1,19s,0.12%,0.12,19.0,2.399999999999636,10.0,0.7100000000000364,1.0,4272.005,4277.598,4272.005,4279.435,5.592999999999847,7.430000000000291,34.975000000000364,-1.3500000000003638,-31.404999999999745
2025-12-12 06:13:00,2025-12-12 06:14:00,XAUUSD,Sell,0.1,4271.11,4258.71,4268.71,4268.41,30.0,3.0,35s,0.05%,0.05,35.0,2.399999999999636,10.0,0.3000000000001819,-1.0,4276.198,4280.435,4276.198,4281.3150000000005,4.23700000000008,5.117000000000189,-7.488000000000284,-1.0330000000003565,9.898000000000138
2025-12-12 07:30:00,2025-12-12 07:31:00,XAUUSD,Buy,0.1,4274.43,4286.83,4276.83,4277.02,19.0,1.9,22s,0.03%,0.03,22.0,2.399999999999636,10.0,0.19000000000050932,1.0,4284.045,4290.245,4284.045,4290.245,6.199999999999818,6.199999999999818,13.414999999999964,-0.09000000000014552,-8.795000000000073
2025-12-15 06:10:00,2025-12-15 06:10:00,XAUUSD,Buy,0.1,4327.27,4339.67,4329.67,4329.54,-13.0,-1.3,15s,-0.02%,-0.02,15.0,2.399999999999636,10.0,-0.13000000000010914,1.0,4339.128,4345.415,4339.128,4345.415,6.287000000000262,6.287000000000262,15.74499999999989,4.836999999999534,-13.664999999999964
2025-12-15 07:28:00,2025-12-15 07:28:00,XAUUSD,Buy,0.1,4327.68,4340.08,4330.08,4330.82,74.0,7.4,15s,0.12%,0.12,15.0,2.399999999999636,10.0,0.7399999999997817,1.0,4341.235,4344.445,4333.258,4344.445,3.2100000000000364,11.186999999999898,14.364999999999782,-1.0700000000006185,-12.164999999999964
2025-12-15 10:48:00,2025-12-15 10:49:00,XAUUSD,Buy,0.1,4344.98,4357.38,4347.38,4347.65,27.0,2.7,40s,0.04%,0.04,40.0,2.4000000000005457,10.0,0.26999999999952706,1.0,4337.875,4342.035,4335.008,4342.035,4.1599999999998545,7.027000000000044,-5.345000000000255,-4.0,8.914999999999964
2025-12-15 15:11:00,2025-12-15 15:12:00,XAUUSD,Sell,0.1,4337.74,4325.34,4335.33,4333.95,138.0,13.8,48s,0.22%,0.22,48.0,2.4099999999998545,9.989999999999782,1.3800000000001091,-1.0,4312.195,4327.055,4311.3150000000005,4327.415,14.860000000000582,16.099999999999454,24.014999999999418,4.600000000000364,-11.925000000000182
2025-12-15 15:57:00,2025-12-15 15:57:00,XAUUSD,Sell,0.1,4337.74,4325.34,4335.33,4333.12,221.0,22.1,27s,0.36%,0.36,27.0,2.4099999999998545,9.989999999999782,2.2100000000000364,-1.0,4316.745,4327.625,4300.685,4327.625,10.88000000000011,26.9399999999996,34.64499999999953,-9.079999999999927,-12.284999999999854
2025-12-15 18:04:00,2025-12-15 18:05:00,XAUUSD,Sell,0.1,4314.08,4301.68,4311.68,4307.75,393.0,39.3,59s,0.63%,0.63,59.0,2.399999999999636,10.0,3.930000000000291,-1.0,4301.045,4305.085,4299.675,4306.435,4.039999999999964,6.760000000000218,12.00500000000011,-0.339999999999236,-7.485000000000582
2025-12-16 03:04:00,2025-12-16 03:04:00,XAUUSD,Sell,0.1,4305.49,4293.09,4303.09,4303.09,0.0,0.0,20s,0.00%,0.0,20.0,2.399999999999636,10.0,-0.0,-1.0,4280.575,4294.295,4280.385,4294.295,13.720000000000255,13.909999999999854,22.704999999999927,19.6899999999996,-13.614999999999782
2025-12-16 03:30:00,2025-12-16 03:31:00,XAUUSD,Buy,0.1,4310.81,4323.21,4313.21,4314.17,96.0,9.6,49s,0.15%,0.15,49.0,2.399999999999636,10.0,0.9600000000000364,1.0,4282.865,4288.835,4282.715,4291.435,5.970000000000255,8.720000000000255,-21.774999999999636,5.3400000000001455,25.734999999999673
2025-12-16 04:53:00,2025-12-16 04:53:00,XAUUSD,Sell,0.1,4301.52,4289.12,4299.09,4297.4,169.0,16.9,17s,0.27%,0.27,17.0,2.430000000000291,9.970000000000256,1.6900000000005093,-1.0,4287.425,4290.405,4285.445,4292.055,2.9799999999995634,6.610000000000582,13.645000000000437,-1.3100000000004002,-9.734999999999673
2025-12-16 07:29:00,2025-12-16 07:29:00,XAUUSD,Sell,0.1,4283.07,4270.67,4280.64,4280.19,45.0,4.5,5s,0.07%,0.07,5.0,2.429999999999381,9.970000000000256,0.4500000000007276,-1.0,4279.245,4286.405,4279.245,4288.255,7.1599999999998545,9.010000000000218,1.3950000000004366,3.199999999999818,5.244999999999891
2025-12-16 10:18:00,2025-12-16 10:19:00,XAUUSD,Sell,0.1,4282.17,4269.77,4279.76,4279.98,-22.0,-2.2,20s,-0.04%,-0.04,20.0,2.4099999999998545,9.989999999999782,-0.21999999999934516,-1.0,4276.525,4281.745,4274.428,4281.745,5.220000000000255,7.317000000000007,5.332000000000335,2.5,-2.0450000000000728
2025-12-16 12:30:00,2025-12-16 12:30:00,XAUUSD,Sell,0.1,4277.7,4265.3,4275.29,4275.42,-13.0,-1.3,2s,-0.02%,-0.02,2.0,2.4099999999998545,9.989999999999782,-0.13000000000010914,-1.0,4287.575,4293.475,4287.575,4294.675,5.900000000000546,7.100000000000364,-12.284999999999854,-3.7700000000004366,16.095000000000255
2025-12-16 14:19:00,2025-12-16 14:19:00,XAUUSD,Buy,0.1,4289.76,4302.16,4292.16,4292.61,45.0,4.5,17s,0.07%,0.07,17.0,2.399999999999636,10.0,0.4499999999998181,1.0,4317.878,4330.325,4317.878,4331.745,12.447000000000116,13.86700000000019,39.585000000000036,6.292999999999665,-26.927999999999884
2025-12-17 03:00:00,2025-12-17 03:00:00,XAUUSD,Buy,0.1,4312.67,4325.07,4315.08,4315.62,54.0,5.4,10s,0.09%,0.09,10.0,2.4099999999998545,9.989999999999782,0.5399999999999636,1.0,4312.348,4319.975,4312.348,4319.975,7.6270000000004075,7.6270000000004075,4.895000000000437,-2.29700000000048,1.0320000000001528
2025-12-17 06:39:00,2025-12-17 06:39:00,XAUUSD,Buy,0.1,4325.4,4337.8,4327.8,4328.02,22.0,2.2,5s,0.04%,0.04,5.0,2.4000000000005457,10.0,0.22000000000025466,1.0,4326.8550000000005,4333.005,4324.448,4333.005,6.149999999999636,8.556999999999789,5.204999999999927,-4.140000000000327,-4.494999999999891
2025-12-17 10:09:00,2025-12-17 10:09:00,XAUUSD,Sell,0.1,4313.58,4301.18,4311.18,4308.83,235.0,23.5,14s,0.37%,0.37,14.0,2.399999999999636,10.0,2.350000000000364,-1.0,4315.945,4319.335,4315.945,4322.045,3.3900000000003274,6.100000000000364,-4.764999999999418,2.1099999999996726,5.5349999999998545
2025-12-17 12:38:00,2025-12-17 12:38:00,XAUUSD,Sell,0.1,4310.95,4298.55,4308.55,4307.63,92.0,9.2,4s,0.15%,0.15,4.0,2.399999999999636,10.0,0.9200000000000728,-1.0,4316.055,4322.025,4315.545,4322.025,5.969999999999345,6.479999999999563,-6.994999999999891,-4.739999999999782,12.50500000000011
2025-12-17 15:06:00,2025-12-17 15:06:00,XAUUSD,Buy,0.1,4320.8,4333.2,4323.2,4323.35,15.0,1.5,4s,0.02%,0.02,4.0,2.399999999999636,10.0,0.1500000000005457,1.0,4334.785,4345.155,4332.735,4345.155,10.36999999999989,12.420000000000073,21.954999999999927,-0.18000000000029104,-14.6850000000004
2025-12-17 17:31:00,2025-12-17 17:31:00,XAUUSD,Buy,0.1,4343.59,4355.99,4346.21,4346.39,18.0,1.8,16s,0.03%,0.03,16.0,2.619999999999891,9.779999999999744,0.18000000000029104,1.0,4336.005,4341.335,4335.585,4342.345,5.329999999999927,6.760000000000218,-3.8649999999997817,4.4099999999998545,9.295000000000073
2025-12-18 09:12:00,2025-12-18 09:12:00,XAUUSD,Sell,0.1,4333.1,4320.7,4330.68,4330.34,34.0,3.4,13s,0.05%,0.05,13.0,2.4200000000000728,9.980000000000471,0.3400000000001455,-1.0,4324.3550000000005,4328.445,4323.3150000000005,4328.445,4.089999999999236,5.1299999999992,7.364999999999782,1.8999999999996362,-4.364999999999782
2025-12-18 09:32:00,2025-12-18 09:32:00,XAUUSD,Buy,0.1,4335.0,4347.4,4337.4,4337.41,1.0,0.1,7s,0.00%,0.0,7.0,2.399999999999636,10.0,0.010000000000218279,1.0,4320.828,4326.755,4320.485,4326.755,5.92699999999968,6.270000000000437,-10.644999999999527,-1.5700000000006185,12.824999999999818
2025-12-18 10:02:00,2025-12-18 10:02:00,XAUUSD,Sell,0.1,4332.5,4320.1,4330.08,4329.41,67.0,6.7,10s,0.11%,0.11,10.0,2.4200000000000728,9.979999999999563,0.6700000000000728,-1.0,4322.765,4325.685,4322.765,4325.685,2.9200000000000728,2.9200000000000728,7.3149999999996,0.9000000000005457,-6.805000000000291
2025-12-18 11:42:00,2025-12-18 11:42:00,XAUUSD,Sell,0.1,4324.42,4312.02,4322.02,4321.54,48.0,4.8,15s,0.08%,0.08,15.0,2.399999999999636,10.0,0.48000000000047294,-1.0,4324.995,4327.015,4324.455,4327.015,2.0200000000004366,2.5600000000004,-2.4349999999994907,1.4600000000000364,3.6049999999995634
2025-12-18 14:27:00,2025-12-18 14:27:00,XAUUSD,Sell,0.1,4323.21,4310.81,4320.79,4320.72,7.0,0.7,7s,0.01%,0.01,7.0,2.4200000000000728,9.979999999999563,0.06999999999970896,-1.0,4332.205,4338.665,4311.205,4340.965,6.460000000000036,29.76000000000022,9.585000000000036,0.24000000000069122,15.284999999999854
2025-12-18 15:06:00,2025-12-18 15:06:00,XAUUSD,Sell,0.1,4319.78,4307.38,4317.38,4315.27,211.0,21.1,25s,0.33%,0.33,25.0,2.399999999999636,10.0,2.1099999999996726,-1.0,4326.268,4336.715,4324.745,4336.715,10.447000000000116,11.970000000000255,-7.364999999999782,-14.270000000000437,10.914999999999964
2025-12-18 15:30:00,2025-12-18 15:30:00,XAUUSD,Sell,0.1,4323.21,4310.81,4320.8,4320.75,5.0,0.5,16s,0.01%,0.01,16.0,2.4099999999998545,9.989999999999782,0.0500000000001819,-1.0,4330.945,4341.385,4330.945,4341.385,10.44000000000051,10.44000000000051,-10.144999999999527,-2.269999999999527,11.944999999999709
2025-12-18 16:43:00,2025-12-18 16:43:00,XAUUSD,Sell,0.1,4317.04,4304.64,4314.64,4313.65,99.0,9.9,6s,0.16%,0.16,6.0,2.399999999999636,10.0,0.9900000000006912,-1.0,4363.155,4371.545,4356.025,4371.545,8.390000000000327,15.520000000000437,-41.38499999999931,-5.055999999999585,52.35499999999956
2025-12-18 18:02:00,2025-12-18 18:02:00,XAUUSD,Buy,0.1,4340.7,4353.1,4343.1,4344.07,97.0,9.7,19s,0.15%,0.15,19.0,2.4000000000005457,10.0,0.9699999999993452,1.0,4331.3150000000005,4340.655,4331.3150000000005,4341.0650000000005,9.339999999999236,9.75,-2.0349999999998545,-4.020000000000437,10.025000000000546
2025-12-19 09:33:00,2025-12-19 09:34:00,XAUUSD,Buy,0.1,4327.1,4339.5,4329.5,4329.51,1.0,0.1,38s,0.00%,0.0,38.0,2.399999999999636,10.0,0.010000000000218279,1.0,4325.615,4330.845,4325.615,4333.475,5.230000000000473,7.860000000000582,3.975000000000364,0.11999999999989086,2.7650000000003274
2025-12-19 10:41:00,2025-12-19 10:41:00,XAUUSD,Buy,0.1,4327.2,4339.6,4329.6,4329.9,30.0,3.0,7s,0.05%,0.05,7.0,2.4000000000005457,10.0,0.2999999999992724,1.0,4322.235,4327.6050000000005,4322.235,4329.415,5.3700000000008,7.180000000000291,-0.18500000000040018,-2.9729999999999563,2.4650000000001455
2025-12-19 11:44:00,2025-12-19 11:44:00,XAUUSD,Buy,0.1,4328.62,4341.02,4331.02,4330.82,-20.0,-2.0,4s,-0.03%,-0.03,4.0,2.4000000000005457,10.0,-0.2000000000007276,1.0,4324.915,4327.698,4324.915,4329.325,2.7830000000003565,4.4099999999998545,-1.6950000000006185,0.6329999999998108,4.17200000000048
2025-12-22 04:31:00,2025-12-22 04:31:00,XAUUSD,Buy,0.1,4382.43,4394.83,4384.83,4385.24,41.0,4.1,7s,0.06%,0.06,7.0,2.399999999999636,10.0,0.4099999999998545,1.0,4393.725,4395.805,4393.725,4400.795,2.0799999999999272,7.069999999999709,15.965000000000146,-2.0299999999997453,-9.525000000000546
2025-12-22 08:45:00,2025-12-22 08:46:00,XAUUSD,Buy,0.1,4407.16,4419.56,4409.56,4410.7,114.0,11.4,47s,0.18%,0.18,47.0,2.4000000000005457,10.0,1.139999999999418,1.0,4405.895,4410.888,4405.895,4412.8150000000005,4.992999999999483,6.920000000000073,3.255000000000109,-3.2570000000005166,-0.28799999999955617
2025-12-22 12:32:00,2025-12-22 12:32:00,XAUUSD,Sell,0.1,4408.61,4396.21,4406.19,4406.34,-15.0,-1.5,2s,-0.02%,-0.02,2.0,2.4200000000000728,9.979999999999563,-0.1500000000005457,-1.0,4407.395,4410.555,4407.395,4415.755,3.1599999999998545,8.359999999999673,-1.2050000000008367,-2.0399999999999636,2.675000000000182
2025-12-22 13:02:00,2025-12-22 13:02:00,XAUUSD,Sell,0.1,4408.61,4396.21,4406.16,4406.41,-25.0,-2.5,1s,-0.04%,-0.04,1.0,2.449999999999818,9.949999999999818,-0.25,-1.0,4414.898,4426.818,4413.025000000001,4427.035,11.920000000000073,14.009999999999309,-6.865000000000691,-6.319999999999709,9.375
2025-12-22 14:58:00,2025-12-22 14:59:00,XAUUSD,Buy,0.1,4413.53,4425.93,4415.93,4415.73,-20.0,-2.0,40s,-0.03%,-0.03,40.0,2.4000000000005457,10.0,-0.2000000000007276,1.0,4417.285,4429.325,4413.425,4429.325,12.039999999999964,15.899999999999636,13.394999999999527,-3.4600000000000364,-6.795000000000073
2025-12-22 16:17:00,2025-12-22 16:17:00,XAUUSD,Buy,0.1,4424.98,4437.38,4427.38,4428.16,78.0,7.8,25s,0.12%,0.12,25.0,2.4000000000005457,10.0,0.7799999999997453,1.0,4435.215,4440.165,4432.885,4441.948,4.949999999999818,9.063000000000102,14.568000000000211,6.337000000000444,-10.50500000000011
2025-12-22 17:45:00,2025-12-22 17:45:00,XAUUSD,Buy,0.1,4426.85,4439.25,4429.26,4431.14,188.0,18.8,19s,0.29%,0.29,19.0,2.4099999999998545,9.989999999999782,1.8800000000001091,1.0,4435.235,4438.575,4434.245,4438.725,3.3400000000001455,4.480000000000473,9.465000000000146,1.6900000000005093,-6.335000000000036
2025-12-23 04:32:00,2025-12-23 04:32:00,XAUUSD,Buy,0.1,4488.49,4500.89,4490.89,4493.61,272.0,27.2,27s,0.42%,0.42,27.0,2.4000000000005457,10.0,2.719999999999345,1.0,4483.905,4486.8550000000005,4478.645,4486.8550000000005,2.9500000000007276,8.210000000000036,-4.0349999999998545,-0.6199999999998909,4.664999999999964
2025-12-23 13:58:00,2025-12-23 13:59:00,XAUUSD,Buy,0.1,4490.86,4503.26,4493.26,4493.29,3.0,0.3,13s,0.00%,0.0,13.0,2.4000000000005457,10.0,0.02999999999974534,1.0,4473.015,4490.685,4454.398,4490.685,17.670000000000073,36.28700000000026,-2.574999999999818,0.9499999999998181,3.675000000000182
2025-12-23 15:14:00,2025-12-23 15:15:00,XAUUSD,Buy,0.1,4491.83,4504.23,4494.24,4494.89,65.0,6.5,38s,0.10%,0.1,38.0,2.4099999999998545,9.989999999999782,0.6500000000005457,1.0,4429.975,4450.365,4429.975,4451.865,20.389999999999418,21.889999999999418,-42.375,-7.050000000000182,48.75500000000011
2025-12-23 16:00:00,2025-12-23 16:00:00,XAUUSD,Sell,0.1,4480.63,4468.23,4478.22,4474.72,350.0,35.0,27s,0.54%,0.54,27.0,2.4099999999998545,9.990000000000691,3.5,-1.0,4455.995,4463.115,4455.995,4465.205,7.119999999999891,9.210000000000036,22.225000000000364,-5.082999999999629,-20.072000000000116
2025-12-24 04:08:00,2025-12-24 04:08:00,XAUUSD,Sell,0.1,4509.24,4496.84,4506.83,4505.23,160.0,16.0,31s,0.25%,0.25,31.0,2.4099999999998545,9.989999999999782,1.6000000000003638,-1.0,4491.765,4495.415,4491.005,4497.275000000001,3.649999999999636,6.270000000000437,15.824999999999818,2.050000000000182,-14.00500000000011
2025-12-24 04:59:00,2025-12-24 04:59:00,XAUUSD,Sell,0.1,4485.79,4473.39,4483.37,4475.13,824.0,82.4,15s,1.27%,1.27,15.0,2.4200000000000728,9.979999999999563,8.239999999999782,-1.0,4496.255,4500.975,4484.775000000001,4500.975,4.720000000000255,16.199999999999818,-1.4050000000006548,-3.2100000000000364,16.574999999999818
2025-12-24 09:47:00,2025-12-24 09:48:00,XAUUSD,Sell,0.1,4487.72,4475.32,4485.32,4484.41,91.0,9.1,48s,0.14%,0.14,48.0,2.4000000000005457,10.0,0.9099999999998545,-1.0,4491.055,4495.885,4489.495,4499.525000000001,4.829999999999927,10.030000000000655,-4.175000000000182,-2.110000000000582,5.905000000000655
2025-12-24 12:03:00,2025-12-24 12:03:00,XAUUSD,Buy,0.1,4495.59,4507.99,4498.0,4498.88,88.0,8.8,19s,0.13%,0.13,19.0,2.4099999999998545,9.989999999999782,0.8800000000001091,1.0,4490.685,4495.525000000001,4490.465,4495.705,4.8400000000001455,5.239999999999782,-2.2950000000000728,3.2899999999999636,6.765000000000327
2025-12-24 15:12:00,2025-12-24 15:12:00,XAUUSD,Sell,0.1,4484.75,4472.35,4482.35,4481.47,88.0,8.8,13s,0.13%,0.13,13.0,2.399999999999636,10.0,0.8800000000001091,-1.0,4461.245,4474.725,4460.975,4476.275000000001,13.480000000000473,15.300000000000182,21.375,16.480000000000473,-17.905000000000655
2025-12-24 16:37:00,2025-12-24 16:37:00,XAUUSD,Sell,0.1,4477.02,4464.62,4474.62,4474.45,17.0,1.7,9s,0.03%,0.03,9.0,2.4000000000005457,10.0,0.17000000000007276,-1.0,4466.879,4476.365,4466.879,4477.775000000001,9.485999999999876,10.89600000000064,7.7409999999999854,-2.2169999999996435,-6.505000000000109
2025-12-24 17:37:00,2025-12-24 17:38:00,XAUUSD,Sell,0.1,4462.99,4450.59,4460.57,4457.4,317.0,31.7,56s,0.48%,0.48,56.0,2.4200000000000728,9.979999999999563,3.1700000000000728,-1.0,4476.755,4482.769,4476.755,4483.329,6.014000000000124,6.573999999999614,-16.1850000000004,5.967000000000553,16.778000000000247
2025-12-26 04:31:00,2025-12-26 04:31:00,XAUUSD,Sell,0.1,4500.01,4487.61,4497.6,4494.47,313.0,31.3,16s,0.47%,0.47,16.0,2.4099999999998545,9.990000000000691,3.130000000000109,-1.0,4505.205,4511.365,4505.205,4511.365,6.1599999999998545,6.1599999999998545,-7.604999999999563,-1.819999999999709,11.534999999999854
2025-12-26 07:30:00,2025-12-26 07:30:00,XAUUSD,Buy,0.1,4509.29,4521.69,4511.7,4512.96,126.0,12.6,9s,0.19%,0.19,9.0,2.4099999999998545,9.989999999999782,1.2600000000002183,1.0,4507.648,4512.438,4507.488,4512.438,4.789999999999964,4.949999999999818,0.7380000000002838,-5.010000000000218,2.755000000000109
2025-12-26 08:08:00,2025-12-26 08:08:00,XAUUSD,Buy,0.1,4511.13,4523.53,4513.53,4513.53,0.0,0.0,4s,0.00%,0.0,4.0,2.399999999999636,10.0,0.0,1.0,4509.175,4514.545,4509.175,4516.915,5.369999999999891,7.739999999999782,3.3850000000002183,2.7100000000000364,2.9749999999994543
2025-12-26 10:59:00,2025-12-26 10:59:00,XAUUSD,Buy,0.1,4517.05,4529.45,4519.45,4519.23,-22.0,-2.2,2s,-0.03%,-0.03,2.0,2.399999999999636,10.0,-0.22000000000025466,1.0,4510.808,4515.175,4503.4980000000005,4515.228,4.367000000000189,11.729999999999563,-4.221999999999753,-5.559999999999491,4.644999999999527
2025-12-29 07:58:00,2025-12-29 07:58:00,XAUUSD,Sell,0.1,4510.25,4497.85,4507.85,4508.06,-21.0,-2.1,17s,-0.03%,-0.03,17.0,2.399999999999636,10.0,-0.21000000000003638,-1.0,4472.518,4478.448,4465.7480000000005,4485.735,5.930000000000291,19.98699999999917,42.10199999999986,-2.1099999999996726,-34.77100000000064
2025-12-29 13:39:00,2025-12-29 13:39:00,XAUUSD,Sell,0.1,4455.03,4442.63,4452.63,4447.75,488.0,48.8,43s,0.73%,0.73,43.0,2.399999999999636,10.0,4.880000000000109,-1.0,4424.985,4454.505,4406.775000000001,4454.505,29.520000000000437,47.72999999999956,45.85499999999956,6.01299999999992,-1.2950000000000728
2025-12-29 15:42:00,2025-12-29 15:42:00,XAUUSD,Sell,0.1,4436.66,4424.26,4434.25,4427.51,674.0,67.4,17s,1.00%,1.0,17.0,2.4099999999998545,9.989999999999782,6.739999999999782,-1.0,4316.3550000000005,4336.585,4316.3550000000005,4339.515,20.229999999999563,23.159999999999854,117.89499999999953,23.460000000000036,-115.00500000000011
2025-12-30 03:05:00,2025-12-30 03:05:00,XAUUSD,Sell,0.1,4328.33,4315.93,4325.92,4324.82,110.0,11.0,21s,0.16%,0.16,21.0,2.4099999999998545,9.989999999999782,1.1000000000003638,-1.0,4356.865,4365.035,4356.865,4368.925,8.170000000000073,12.0600000000004,-30.94499999999971,-8.220000000000255,36.33899999999994
2025-12-30 06:40:00,2025-12-30 06:41:00,XAUUSD,Buy,0.1,4366.81,4379.21,4369.22,4369.54,32.0,3.2,22s,0.05%,0.05,22.0,2.4099999999998545,9.989999999999782,0.31999999999970896,1.0,4359.835,4369.585,4359.6050000000005,4369.585,9.75,9.979999999999563,0.3649999999997817,-6.626999999999498,2.9719999999997526
2025-12-30 09:49:00,2025-12-30 09:50:00,XAUUSD,Buy,0.1,4377.75,4390.15,4380.15,4382.81,266.0,26.6,25s,0.39%,0.39,25.0,2.399999999999636,10.0,2.660000000000764,1.0,4367.285,4373.735,4367.285,4376.015,6.449999999999818,8.730000000000473,-4.134999999999309,-0.15999999999985448,12.044999999999163
2025-12-30 10:27:00,2025-12-30 10:27:00,XAUUSD,Sell,0.1,4361.57,4349.17,4359.15,4357.3,185.0,18.5,20s,0.27%,0.27,20.0,2.4200000000000728,9.979999999999563,1.8499999999994543,-1.0,4374.495,4382.545,4374.495,4391.515,8.050000000000182,17.020000000000437,-15.345000000000255,-3.7100000000000364,16.475000000000364
2025-12-30 12:15:00,2025-12-30 12:15:00,XAUUSD,Buy,0.1,4374.11,4386.51,4376.51,4376.44,-7.0,-0.7,7s,-0.01%,-0.01,7.0,2.4000000000005457,10.0,-0.07000000000061846,1.0,4391.295,4399.055,4391.295,4402.435,7.760000000000218,11.140000000000327,25.925000000000182,11.970000000000255,-19.425000000000182
2025-12-30 12:30:00,2025-12-30 12:30:00,XAUUSD,Buy,0.1,4381.0,4393.4,4383.42,4388.05,463.0,46.3,25s,0.68%,0.68,25.0,2.4200000000000728,9.979999999999563,4.630000000000109,1.0,4392.645,4402.435,4392.645,4402.435,9.789999999999964,9.789999999999964,19.015000000000327,-2.4600000000000364,-10.055000000000291
2025-12-30 14:11:00,2025-12-30 14:11:00,XAUUSD,Buy,0.1,4389.33,4401.73,4391.75,4392.39,64.0,6.4,6s,0.09%,0.09,6.0,2.4200000000000728,9.979999999999563,0.6400000000003274,1.0,4382.325,4390.325,4380.625,4390.945,8.0,10.319999999999709,-0.805000000000291,8.936999999999898,3.7150000000001455
2025-12-30 16:36:00,2025-12-30 16:36:00,XAUUSD,Sell,0.1,4378.76,4366.36,4376.28,4376.52,-24.0,-2.4,0s,-0.03%,-0.03,0.0,2.480000000000473,9.920000000000073,-0.24000000000069122,-1.0,4362.0650000000005,4368.625,4362.0650000000005,4379.575,6.559999999999491,17.50999999999931,14.214999999999236,-10.350000000000364,-7.774999999999636
2025-12-30 18:09:00,2025-12-30 18:09:00,XAUUSD,Sell,0.1,4358.31,4345.91,4355.9,4355.98,-8.0,-0.8,7s,-0.01%,-0.01,7.0,2.410000000000764,9.989999999999782,-0.07999999999992724,-1.0,4368.545,4378.425,4365.795,4378.425,9.88000000000011,12.63000000000011,-9.895000000000437,-1.5299999999997453,13.985000000000582
2025-12-31 06:54:00,2025-12-31 06:55:00,XAUUSD,Sell,0.1,4343.27,4330.87,4340.86,4339.76,110.0,11.0,42s,0.16%,0.16,42.0,2.410000000000764,9.989999999999782,1.0999999999994543,-1.0,4311.585,4328.4980000000005,4311.585,4332.098,16.913000000000466,20.51299999999992,29.274999999999636,-7.039999999999964,-26.80499999999938
2025-12-31 11:43:00,2025-12-31 11:43:00,XAUUSD,Buy,0.1,4332.62,4345.02,4335.03,4336.18,115.0,11.5,18s,0.17%,0.17,18.0,2.4099999999998545,9.990000000000691,1.1500000000005457,1.0,4307.7480000000005,4313.415,4307.7480000000005,4316.165,5.666999999999462,8.416999999999462,-18.86499999999978,-2.4929999999994834,23.974999999999454
2025-12-31 14:24:00,2025-12-31 14:24:00,XAUUSD,Sell,0.1,4306.18,4293.78,4303.78,4303.77,1.0,0.1,5s,0.00%,0.0,5.0,2.4000000000005457,10.0,0.009999999999308784,-1.0,4332.448,4344.648,4332.3150000000005,4348.2480000000005,12.199999999999818,15.932999999999993,-28.535000000000764,5.610000000000582,36.00500000000011
2025-12-31 15:46:00,2025-12-31 15:46:00,XAUUSD,Buy,0.1,4334.91,4347.31,4337.32,4340.21,289.0,28.9,16s,0.42%,0.42,16.0,2.4099999999998545,9.990000000000691,2.8900000000003274,1.0,4326.7880000000005,4337.645,4321.378,4339.505,10.856999999999971,18.127000000000407,2.1850000000004,-6.219999999999345,6.74199999999928
2025-12-31 18:05:00,2025-12-31 18:05:00,XAUUSD,Sell,0.1,4329.67,4317.27,4327.24,4326.04,120.0,12.0,4s,0.17%,0.17,4.0,2.430000000000291,9.969999999999343,1.199999999999818,-1.0,4321.259,4327.545,4321.259,4331.275,6.286000000000058,10.015999999999622,5.980999999999767,3.643000000000029,-5.844999999999345
2026-01-02 04:50:00,2026-01-02 04:51:00,XAUUSD,Buy,0.1,4353.6,4366.0,4356.02,4359.67,365.0,36.5,1m,0.52%,0.52,60.0,2.4200000000000728,9.979999999999563,3.649999999999636,1.0,4371.0380000000005,4375.645,4370.598,4379.9980000000005,4.606999999999971,9.400000000000546,23.978000000000065,1.75,-19.074999999999818
2026-01-02 07:10:00,2026-01-02 07:11:00,XAUUSD,Buy,0.1,4376.01,4388.41,4378.42,4378.95,53.0,5.3,24s,0.08%,0.08,24.0,2.4099999999998545,9.989999999999782,0.5299999999997453,1.0,4372.035,4377.775000000001,4371.635,4377.775000000001,5.740000000000691,6.140000000000327,-0.6449999999995271,0.4470000000001164,4.104999999999563
2026-01-02 09:56:00,2026-01-02 09:56:00,XAUUSD,Buy,0.1,4379.34,4391.74,4381.74,4382.34,60.0,6.0,18s,0.09%,0.09,18.0,2.399999999999636,10.0,0.6000000000003638,1.0,4384.638,4389.115,4384.198,4389.115,4.476999999999862,4.916999999999462,7.375,-0.049999999999272404,-6.615000000000691
2026-01-05 03:02:00,2026-01-05 03:02:00,XAUUSD,Buy,0.1,4399.91,4412.31,4402.33,4410.3,797.0,79.7,29s,1.14%,1.14,29.0,2.4200000000000728,9.980000000000471,7.970000000000255,1.0,4404.8550000000005,4413.875,4404.8550000000005,4413.875,9.019999999999527,9.019999999999527,11.545000000000073,5.479999999999563,-2.6549999999997453
2026-01-05 07:30:00,2026-01-05 07:30:00,XAUUSD,Buy,0.1,4411.61,4424.01,4414.02,4414.03,1.0,0.1,3s,0.00%,0.0,3.0,2.410000000000764,9.989999999999782,0.009999999999308784,1.0,4418.2480000000005,4424.695,4418.2480000000005,4424.695,6.446999999999207,6.446999999999207,10.674999999999272,0.3329999999996289,-6.107999999999265
2026-01-05 10:15:00,2026-01-05 10:18:00,XAUUSD,Buy,0.1,4424.01,4436.41,4426.43,4430.01,358.0,35.8,2m,0.50%,0.5,120.0,2.4200000000000728,9.979999999999563,3.5799999999999272,1.0,4430.959,4436.325,4430.959,4438.785,5.3659999999999854,7.826000000000022,12.354999999999563,-1.6970000000001164,-6.398000000000138
2026-01-05 12:38:00,2026-01-05 12:38:00,XAUUSD,Buy,0.1,4435.76,4448.16,4438.16,4438.74,58.0,5.8,16s,0.08%,0.08,16.0,2.399999999999636,10.0,0.5799999999999272,1.0,4406.095,4416.835,4405.265,4416.835,10.739999999999782,11.569999999999709,-21.324999999999818,-2.2960000000002765,22.78099999999995
2026-01-05 14:42:00,2026-01-05 14:43:00,XAUUSD,Sell,0.1,4413.47,4401.07,4411.04,4407.85,319.0,31.9,34s,0.45%,0.45,34.0,2.430000000000291,9.970000000000256,3.1899999999996,-1.0,4417.598,4429.725,4417.598,4442.575,12.127000000000407,24.97699999999986,-6.557999999999993,5.190000000000509,9.795000000000073
2026-01-05 16:55:00,2026-01-05 16:55:00,XAUUSD,Buy,0.1,4437.48,4449.88,4439.88,4442.63,275.0,27.5,41s,0.38%,0.38,41.0,2.4000000000005457,10.0,2.75,1.0,4440.5650000000005,4454.125,4432.095,4454.125,13.55999999999949,22.029999999999745,14.24499999999989,4.380000000000109,-5.018000000000029
2026-01-06 04:13:00,2026-01-06 04:13:00,XAUUSD,Buy,0.1,4457.72,4470.12,4460.12,4460.23,11.0,1.1,4s,0.02%,0.02,4.0,2.399999999999636,10.0,0.10999999999967258,1.0,4464.3550000000005,4468.235,4462.905,4468.235,3.8799999999991996,5.329999999999927,8.114999999999782,1.360000000000582,-7.1850000000004
2026-01-06 07:04:00,2026-01-06 07:04:00,XAUUSD,Buy,0.1,4466.07,4478.47,4468.48,4469.09,61.0,6.1,17s,0.08%,0.08,17.0,2.4099999999998545,9.990000000000691,0.6100000000005821,1.0,4463.975,4470.035,4461.185,4470.035,6.059999999999491,8.849999999999454,1.555000000000291,2.2700000000004366,2.884999999999309
2026-01-06 07:47:00,2026-01-06 07:47:00,XAUUSD,Sell,0.1,4464.27,4451.87,4461.86,4458.07,379.0,37.9,28s,0.53%,0.53,28.0,2.410000000000764,9.989999999999782,3.7899999999999636,-1.0,4456.695,4466.135,4456.695,4466.135,9.44000000000051,9.44000000000051,5.164999999999964,-0.037000000000261934,2.3950000000004366
2026-01-06 08:25:00,2026-01-06 08:25:00,XAUUSD,Buy,0.1,4457.72,4470.12,4460.12,4460.2,8.0,0.8,6s,0.01%,0.01,6.0,2.399999999999636,10.0,0.07999999999992724,1.0,4461.525000000001,4475.485,4461.525000000001,4475.485,13.959999999999127,13.959999999999127,15.364999999999782,2.630000000000109,-1.6350000000002183
2026-01-06 10:25:00,2026-01-06 10:25:00,XAUUSD,Buy,0.1,4468.01,4480.41,4470.41,4471.76,135.0,13.5,28s,0.19%,0.19,28.0,2.399999999999636,10.0,1.3500000000003638,1.0,4448.275000000001,4452.268,4448.098,4455.549,3.9929999999994834,7.451000000000022,-14.860999999999876,3.8499999999994543,20.50500000000011
2026-01-06 11:11:00,2026-01-06 11:11:00,XAUUSD,Sell,0.1,4459.59,4447.19,4457.19,4454.08,311.0,31.1,27s,0.43%,0.43,27.0,2.4000000000005457,10.0,3.1099999999996726,-1.0,4449.515,4452.915,4448.285,4455.405,3.399999999999636,7.119999999999891,8.904999999999745,-0.7759999999998399,-5.734999999999673
2026-01-06 16:02:00,2026-01-06 16:02:00,XAUUSD,Buy,0.1,4468.05,4480.45,4470.45,4471.25,80.0,8.0,14s,0.11%,0.11,14.0,2.399999999999636,10.0,0.8000000000001819,1.0,4471.178,4482.848,4471.178,4485.1050000000005,11.670000000000073,13.92700000000059,14.655000000000655,2.767000000000735,-7.575000000000728
2026-01-06 16:33:00,2026-01-06 16:33:00,XAUUSD,Buy,0.1,4473.31,4485.71,4475.72,4477.67,195.0,19.5,14s,0.27%,0.27,14.0,2.4099999999998545,9.989999999999782,1.949999999999818,1.0,4482.205,4488.575,4482.205,4488.575,6.369999999999891,6.369999999999891,12.854999999999563,4.680000000000291,-7.444999999999709
2026-01-07 03:06:00,2026-01-07 03:07:00,XAUUSD,Sell,0.1,4479.84,4467.44,4477.44,4472.33,511.0,51.1,1m,0.70%,0.7,60.0,2.4000000000005457,10.0,5.109999999999673,-1.0,4471.365,4476.835,4471.365,4479.965,5.470000000000255,8.600000000000364,6.074999999999818,1.2929999999996653,-3.1849999999994907
2026-01-07 07:33:00,2026-01-07 07:33:00,XAUUSD,Sell,0.1,4462.09,4449.69,4459.69,4458.65,104.0,10.4,17s,0.14%,0.14,17.0,2.4000000000005457,10.0,1.0399999999999636,-1.0,4453.3550000000005,4459.845,4453.3550000000005,4464.625,6.489999999999782,11.269999999999527,6.334999999999127,-4.599999999999454,-5.0349999999998545
2026-01-07 08:46:00,2026-01-07 08:46:00,XAUUSD,Sell,0.1,4445.67,4433.27,4443.26,4442.47,79.0,7.9,5s,0.11%,0.11,5.0,2.4099999999998545,9.989999999999782,0.7899999999999636,-1.0,4465.258,4470.465,4459.215,4470.465,5.207000000000335,11.25,-15.954999999999927,-1.480000000000473,23.215000000000146
2026-01-07 13:25:00,2026-01-07 13:26:00,XAUUSD,Sell,0.1,4461.19,4448.79,4458.79,4456.37,242.0,24.2,37s,0.33%,0.33,37.0,2.399999999999636,10.0,2.4200000000000728,-1.0,4429.735,4447.0650000000005,4429.735,4450.545,17.330000000000837,20.8100000000004,29.05500000000029,11.837000000000444,-25.942000000000007
2026-01-07 14:18:00,2026-01-07 14:18:00,XAUUSD,Sell,0.1,4443.97,4431.57,4441.56,4440.77,79.0,7.9,5s,0.11%,0.11,5.0,2.4099999999998545,9.990000000000691,0.7899999999999636,-1.0,4442.465,4453.295,4435.485,4453.295,10.829999999999927,17.8100000000004,6.075000000000728,5.752999999999702,5.335000000000036
2026-01-07 15:06:00,2026-01-07 15:06:00,XAUUSD,Sell,0.1,4441.77,4429.37,4439.34,4438.53,81.0,8.1,4s,0.11%,0.11,4.0,2.430000000000291,9.970000000000256,0.8100000000004002,-1.0,4426.305,4444.548,4423.135,4444.548,18.242999999999483,21.412999999999556,16.204999999999927,-0.6129999999993743,5.207999999999629
2026-01-07 15:33:00,2026-01-07 15:33:00,XAUUSD,Sell,0.1,4443.97,4431.57,4441.56,4441.72,-16.0,-1.6,2s,-0.02%,-0.02,2.0,2.4099999999998545,9.990000000000691,-0.15999999999985448,-1.0,4441.655,4452.055,4440.145,4452.055,10.400000000000546,11.909999999999854,1.4149999999999636,-15.529999999999745,0.44499999999970896
2026-01-07 17:14:00,2026-01-07 17:15:00,XAUUSD,Sell,0.1,4430.31,4417.91,4427.91,4426.78,113.0,11.3,21s,0.15%,0.15,21.0,2.4000000000005457,10.0,1.1300000000001091,-1.0,4457.5650000000005,4465.095,4456.898,4465.095,7.529999999999745,8.197000000000116,-28.988000000000284,3.630000000000109,35.95499999999993
2026-01-07 18:22:00,2026-01-07 18:22:00,XAUUSD,Buy,0.1,4451.94,4464.34,4454.35,4460.87,652.0,65.2,29s,0.88%,0.88,29.0,2.410000000000764,9.989999999999782,6.519999999999527,1.0,4446.8150000000005,4455.5650000000005,4446.8150000000005,4458.655,8.75,11.839999999999236,4.3049999999993815,-2.0900000000001455,4.7150000000001455
2026-01-08 03:00:00,2026-01-08 03:00:00,XAUUSD,Sell,0.1,4452.14,4439.74,4449.73,4444.85,488.0,48.8,40s,0.65%,0.65,40.0,2.410000000000764,9.989999999999782,4.8799999999992,-1.0,4438.618,4445.435,4437.005,4445.475,6.817000000000007,8.470000000000255,12.724999999999454,0.6199999999998909,-8.7549999999992
2026-01-08 06:43:00,2026-01-08 06:44:00,XAUUSD,Sell,0.1,4435.86,4423.46,4433.46,4433.25,21.0,2.1,35s,0.03%,0.03,35.0,2.399999999999636,10.0,0.21000000000003638,-1.0,4425.785,4437.348,4425.785,4437.348,11.563000000000102,11.563000000000102,7.675000000000182,-5.199999999999818,-7.675000000000182
2026-01-08 13:48:00,2026-01-08 13:48:00,XAUUSD,Sell,0.1,4425.46,4413.06,4423.02,4422.5,52.0,5.2,25s,0.07%,0.07,25.0,2.4399999999996,9.960000000000036,0.5200000000004366,-1.0,4421.455,4433.735,4418.915,4433.735,12.279999999999745,14.819999999999709,4.105000000000473,0.9099999999998545,10.114999999999782
2026-01-08 15:25:00,2026-01-08 15:25:00,XAUUSD,Buy,0.1,4433.0,4445.4,4435.4,4435.82,42.0,4.2,3s,0.06%,0.06,3.0,2.399999999999636,10.0,0.42000000000007276,1.0,4442.965,4453.698,4442.965,4455.165,10.733000000000175,12.199999999999818,19.765000000000327,15.090000000000146,-12.445000000000618
2026-01-08 16:47:00,2026-01-08 16:47:00,XAUUSD,Buy,0.1,4433.63,4446.03,4436.03,4437.43,140.0,14.0,19s,0.19%,0.19,19.0,2.399999999999636,10.0,1.4000000000005457,1.0,4457.425,4464.085,4457.425,4465.165,6.6599999999998545,7.739999999999782,29.13500000000022,7.130000000000109,-24.425000000000182
2026-01-09 07:16:00,2026-01-09 07:16:00,XAUUSD,Sell,0.1,4462.89,4450.49,4460.48,4460.32,16.0,1.6,6s,0.02%,0.02,6.0,2.410000000000764,9.989999999999782,0.15999999999985448,-1.0,4468.299,4472.935,4468.299,4472.935,4.636000000000422,4.636000000000422,-7.819000000000415,2.6700000000000728,10.655000000000655
2026-01-09 07:30:00,2026-01-09 07:30:00,XAUUSD,Buy,0.1,4464.4,4476.8,4466.81,4468.0,119.0,11.9,17s,0.16%,0.16,17.0,2.410000000000764,9.989999999999782,1.1899999999995998,1.0,4468.3550000000005,4472.5380000000005,4468.3550000000005,4473.345,4.182999999999993,4.989999999999782,6.5349999999998545,-0.9899999999997817,-3.3350000000000364
2026-01-09 08:46:00,2026-01-09 08:46:00,XAUUSD,Buy,0.1,4474.05,4486.45,4476.45,4476.32,-13.0,-1.3,4s,-0.02%,-0.02,4.0,2.399999999999636,10.0,-0.13000000000010914,1.0,4463.905,4468.475,4463.905,4474.795,4.5700000000006185,10.890000000000327,-1.6549999999997453,-6.38300000000072,9.965000000000146
2026-01-09 11:20:00,2026-01-09 11:20:00,XAUUSD,Buy,0.1,4474.51,4486.91,4476.94,4477.03,9.0,0.9,4s,0.01%,0.01,4.0,2.429999999999381,9.970000000000256,0.09000000000014552,1.0,4470.205,4472.675,4468.925,4472.675,2.4700000000002547,3.75,-4.264999999999418,-0.5230000000001382,5.214999999999236
2026-01-12 09:15:00,2026-01-12 09:15:00,XAUUSD,Buy,0.1,4582.55,4594.95,4584.95,4585.04,9.0,0.9,7s,0.01%,0.01,7.0,2.399999999999636,10.0,0.09000000000014552,1.0,4593.995,4599.245,4593.2480000000005,4599.245,5.25,5.996999999999389,14.295000000000073,0.07000000000061846,-11.81500000000051
2026-01-12 10:47:00,2026-01-12 10:47:00,XAUUSD,Buy,0.1,4587.24,4599.64,4589.64,4592.94,330.0,33.0,28s,0.43%,0.43,28.0,2.4000000000005457,10.0,3.2999999999992724,1.0,4589.505,4595.145,4589.505,4595.145,5.640000000000327,5.640000000000327,5.505000000000109,-2.7600000000002183,0.05500000000029104
2026-01-12 13:25:00,2026-01-12 13:26:00,XAUUSD,Sell,0.1,4588.46,4576.06,4586.05,4584.25,180.0,18.0,55s,0.24%,0.24,55.0,2.4099999999998545,9.989999999999782,1.800000000000182,-1.0,4604.108,4610.935,4604.108,4613.095,6.8270000000002256,8.98700000000008,-18.057999999999993,-16.05999999999949,20.324999999999818
2026-01-12 15:07:00,2026-01-12 15:07:00,XAUUSD,Buy,0.1,4596.9,4609.3,4599.31,4600.97,166.0,16.6,18s,0.22%,0.22,18.0,2.410000000000764,9.989999999999782,1.6599999999998545,1.0,4601.548,4619.125,4601.548,4621.985,17.577000000000226,20.436999999999898,22.674999999999272,-2.2669999999998254,-2.467999999999847
2026-01-12 17:26:00,2026-01-12 17:26:00,XAUUSD,Buy,0.1,4617.92,4630.32,4620.32,4622.06,174.0,17.4,23s,0.23%,0.23,23.0,2.399999999999636,10.0,1.7400000000006912,1.0,4611.805,4618.325,4610.5650000000005,4618.325,6.519999999999527,7.759999999999309,-1.9949999999998909,-1.4960000000000946,5.1909999999998035
2026-01-13 03:31:00,2026-01-13 03:32:00,XAUUSD,Sell,0.1,4580.51,4568.11,4578.11,4576.44,167.0,16.7,42s,0.22%,0.22,42.0,2.4000000000005457,10.0,1.6700000000000728,-1.0,4593.058,4597.915,4592.325,4597.915,4.856999999999971,5.5900000000001455,-14.215000000000146,2.0900000000001455,17.425000000000182
2026-01-13 06:20:00,2026-01-13 06:20:00,XAUUSD,Buy,0.1,4597.2,4609.6,4599.6,4599.61,1.0,0.1,5s,0.00%,0.0,5.0,2.4000000000005457,10.0,0.009999999999308784,1.0,4581.985,4590.715,4573.325,4590.715,8.730000000000473,17.390000000000327,-8.885000000000218,-1.730000000000473,9.405000000000655
2026-01-13 08:40:00,2026-01-13 08:40:00,XAUUSD,Sell,0.1,4578.02,4565.62,4575.61,4575.61,0.0,0.0,2s,0.00%,0.0,2.0,2.410000000000764,9.989999999999782,-0.0,-1.0,4589.115,4596.8550000000005,4589.115,4596.8550000000005,7.740000000000691,7.740000000000691,-13.50500000000011,-2.389999999999418,14.295000000000073
2026-01-13 14:23:00,2026-01-13 14:24:00,XAUUSD,Sell,0.1,4582.82,4570.42,4580.42,4579.92,50.0,5.0,31s,0.07%,0.07,31.0,2.399999999999636,10.0,0.5,-1.0,4614.418,4623.448,4611.495,4625.7880000000005,9.030000000000655,14.293000000000575,-31.074999999999818,-7.269999999999527,37.99499999999989
2026-01-13 14:30:00,2026-01-13 14:30:00,XAUUSD,Sell,0.1,4582.82,4570.42,4580.42,4580.06,36.0,3.6,30s,0.05%,0.05,30.0,2.399999999999636,10.0,0.3599999999996726,-1.0,4611.495,4625.7880000000005,4611.495,4634.285,14.293000000000575,22.789999999999964,-31.074999999999818,0.2969999999995707,37.69800000000032
2026-01-13 15:08:00,2026-01-13 15:08:00,XAUUSD,Buy,0.1,4594.61,4607.01,4597.01,4597.51,50.0,5.0,21s,0.06%,0.06,21.0,2.4000000000005457,10.0,0.5,1.0,4613.9980000000005,4629.555,4600.415,4629.555,15.556999999999789,29.140000000000327,32.54500000000007,3.4200000000000728,-32.05500000000029
2026-01-13 18:27:00,2026-01-13 18:27:00,XAUUSD,Sell,0.1,4603.3,4590.9,4600.88,4594.18,670.0,67.0,29s,0.87%,0.87,29.0,2.4200000000000728,9.980000000000471,6.699999999999818,-1.0,4580.835,4594.725,4580.835,4600.4980000000005,13.890000000000327,19.663000000000466,20.045000000000073,-3.7030000000004293,-6.921999999999571
2026-01-14 05:39:00,2026-01-14 05:39:00,XAUUSD,Buy,0.1,4621.27,4633.67,4623.7,4625.39,169.0,16.9,22s,0.22%,0.22,22.0,2.429999999999381,9.970000000000256,1.6900000000005093,1.0,4631.4980000000005,4639.535,4617.685,4639.535,8.036999999999352,21.849999999999454,15.835000000000036,0.22299999999995634,-10.19800000000032
2026-01-14 07:01:00,2026-01-14 07:02:00,XAUUSD,Buy,0.1,4632.2,4644.6,4634.64,4638.0,336.0,33.6,18s,0.43%,0.43,18.0,2.4400000000005093,9.960000000000036,3.3599999999996726,1.0,4631.3550000000005,4638.215,4631.3550000000005,4639.495,6.859999999999673,8.139999999999418,4.854999999999563,6.6599999999998545,-2.4049999999997453
2026-01-14 11:19:00,2026-01-14 11:19:00,XAUUSD,Buy,0.1,4637.19,4649.59,4639.6,4639.35,-25.0,-2.5,3s,-0.03%,-0.03,3.0,2.410000000000764,9.989999999999782,-0.25,1.0,4628.938,4637.3150000000005,4627.115,4637.3150000000005,8.377000000000407,10.200000000000728,-2.2849999999998545,2.399999999999636,4.315000000000509
2026-01-14 14:08:00,2026-01-14 14:08:00,XAUUSD,Buy,0.1,4635.81,4648.21,4638.22,4637.83,-39.0,-3.9,5s,-0.05%,-0.05,5.0,2.4099999999998545,9.989999999999782,-0.3900000000003274,1.0,4629.495,4638.765,4629.495,4638.765,9.270000000000437,9.270000000000437,0.5450000000000728,-1.1700000000000728,2.725000000000364
2026-01-14 14:32:00,2026-01-14 14:32:00,XAUUSD,Buy,0.1,4635.81,4648.21,4638.23,4637.98,-25.0,-2.5,1s,-0.03%,-0.03,1.0,2.4199999999991637,9.980000000000471,-0.25,1.0,4613.945,4634.888,4606.655,4634.888,20.94300000000021,28.233000000000175,-3.3419999999996435,1.110000000000582,3.0449999999991633
2026-01-14 15:30:00,2026-01-14 15:30:00,XAUUSD,Sell,0.1,4628.48,4616.08,4626.08,4624.39,169.0,16.9,4s,0.22%,0.22,4.0,2.399999999999636,10.0,1.6899999999995998,-1.0,4609.595,4621.735,4609.595,4621.735,12.139999999999418,12.139999999999418,16.484999999999673,0.19000000000050932,-10.75500000000011
2026-01-14 16:38:00,2026-01-14 16:38:00,XAUUSD,Sell,0.1,4626.51,4614.11,4624.09,4622.1,199.0,19.9,12s,0.25%,0.25,12.0,2.4200000000000728,9.980000000000471,1.9899999999997817,-1.0,4613.695,4623.035,4608.445,4623.035,9.340000000000146,14.590000000000146,15.645000000000437,-3.880000000000109,-2.5349999999998545
2026-01-15 03:19:00,2026-01-15 03:19:00,XAUUSD,Sell,0.1,4605.22,4592.82,4602.81,4602.96,-15.0,-1.5,4s,-0.02%,-0.02,4.0,2.4099999999998545,9.990000000000691,-0.1499999999996362,-1.0,4580.955,4594.4980000000005,4580.925,4597.3150000000005,13.543000000000575,16.390000000000327,21.88500000000022,11.709999999999127,-11.784999999999854
2026-01-15 05:22:00,2026-01-15 05:22:00,XAUUSD,Sell,0.1,4586.0,4573.6,4583.6,4583.72,-12.0,-1.2,1s,-0.02%,-0.02,1.0,2.399999999999636,10.0,-0.11999999999989086,-1.0,4580.8150000000005,4592.835,4580.8150000000005,4593.775000000001,12.019999999999527,12.960000000000036,2.7849999999998545,4.609999999999673,3.755000000000109
2026-01-15 05:30:00,2026-01-15 05:30:00,XAUUSD,Sell,0.1,4586.0,4573.6,4583.6,4581.38,222.0,22.2,19s,0.28%,0.28,19.0,2.399999999999636,10.0,2.2200000000002547,-1.0,4581.145,4593.775000000001,4581.145,4598.685,12.63000000000011,17.539999999999964,2.4549999999999272,-5.479999999999563,9.234999999999673
2026-01-15 12:12:00,2026-01-15 12:12:00,XAUUSD,Buy,0.1,4611.12,4623.52,4613.54,4613.88,34.0,3.4,6s,0.04%,0.04,6.0,2.4200000000000728,9.980000000000471,0.3400000000001455,1.0,4614.435,4620.555,4613.678,4620.555,6.119999999999891,6.8770000000004075,7.015000000000327,1.2399999999997817,-5.4650000000001455
2026-01-15 15:31:00,2026-01-15 15:31:00,XAUUSD,Sell,0.1,4600.21,4587.81,4597.8,4596.37,143.0,14.3,4s,0.18%,0.18,4.0,2.4099999999998545,9.989999999999782,1.430000000000291,-1.0,4608.965,4617.2480000000005,4608.965,4617.2480000000005,8.283000000000357,8.283000000000357,-11.164999999999964,-3.1729999999997744,18.39800000000014
2026-01-15 18:11:00,2026-01-15 18:12:00,XAUUSD,Buy,0.1,4615.68,4628.08,4618.08,4622.97,489.0,48.9,57s,0.62%,0.62,57.0,2.399999999999636,10.0,4.890000000000327,1.0,4616.048,4620.115,4616.048,4620.848,4.067000000000007,4.800000000000182,2.768000000000029,2.0900000000001455,1.881999999999607
2026-01-16 04:35:00,2026-01-16 04:35:00,XAUUSD,Sell,0.1,4596.26,4583.86,4593.86,4593.44,42.0,4.2,7s,0.05%,0.05,7.0,2.4000000000005457,10.0,0.42000000000007276,-1.0,4596.9980000000005,4600.635,4596.9980000000005,4601.915,3.6369999999997162,4.916999999999462,-3.1380000000008295,0.18699999999989814,4.338000000000648
2026-01-16 07:30:00,2026-01-16 07:30:00,XAUUSD,Buy,0.1,4599.6,4612.0,4602.0,4603.35,135.0,13.5,15s,0.17%,0.17,15.0,2.399999999999636,10.0,1.3500000000003638,1.0,4600.735,4611.635,4600.735,4611.635,10.900000000000546,10.900000000000546,9.635000000000218,-4.1599999999998545,-3.6450000000004366
2026-01-16 08:47:00,2026-01-16 08:47:00,XAUUSD,Sell,0.1,4597.7,4585.3,4595.3,4595.44,-14.0,-1.4,2s,-0.02%,-0.02,2.0,2.399999999999636,10.0,-0.13999999999941792,-1.0,4600.945,4607.095,4600.945,4608.335,6.150000000000546,7.390000000000327,-5.644999999999527,5.390000000000327,6.484999999999673
2026-01-19 07:06:00,2026-01-19 07:07:00,XAUUSD,Buy,0.1,4667.45,4679.85,4669.87,4670.99,112.0,11.2,41s,0.14%,0.14,41.0,2.4200000000000728,9.980000000000471,1.1199999999998909,1.0,4667.885,4678.415,4663.335,4678.415,10.529999999999745,15.079999999999927,8.545000000000073,5.530000000000655,-7.895000000000437
2026-01-19 08:32:00,2026-01-19 08:33:00,XAUUSD,Buy,0.1,4671.84,4684.24,4674.24,4674.28,4.0,0.4,21s,0.01%,0.01,21.0,2.399999999999636,10.0,0.03999999999996362,1.0,4666.395,4670.725,4661.345,4670.725,4.329999999999927,9.38000000000011,-3.514999999999418,0.06700000000000728,5.094999999999345
2026-01-19 10:57:00,2026-01-19 10:57:00,XAUUSD,Sell,0.1,4664.35,4651.95,4661.95,4662.06,-11.0,-1.1,2s,-0.01%,-0.01,2.0,2.4000000000005457,10.0,-0.11000000000058208,-1.0,4661.215,4666.775000000001,4661.215,4666.775000000001,5.5600000000004,5.5600000000004,0.7349999999996726,4.269999999999527,-0.6349999999993088
2026-01-19 12:44:00,2026-01-19 12:44:00,XAUUSD,Sell,0.1,4664.21,4651.81,4661.78,4661.51,27.0,2.7,8s,0.03%,0.03,8.0,2.430000000000291,9.969999999999343,0.26999999999952706,-1.0,4669.785,4673.585,4667.8150000000005,4673.585,3.800000000000182,5.769999999999527,-6.035000000000764,-5.080000000000837,8.9950000000008
2026-01-19 13:41:00,2026-01-19 13:41:00,XAUUSD,Sell,0.1,4663.67,4651.27,4661.25,4660.39,86.0,8.6,14s,0.11%,0.11,14.0,2.4200000000000728,9.979999999999563,0.8599999999996726,-1.0,4666.165,4673.5650000000005,4664.185,4673.5650000000005,7.400000000000546,9.38000000000011,-2.9350000000004,-1.5299999999997453,10.375
2026-01-19 15:33:00,2026-01-19 15:33:00,XAUUSD,Buy,0.1,4671.35,4683.75,4673.77,4673.59,-18.0,-1.8,2s,-0.02%,-0.02,2.0,2.4200000000000728,9.979999999999563,-0.18000000000029104,1.0,4665.715,4670.975,4665.715,4675.955,5.260000000000218,10.239999999999782,2.1849999999994907,-1.4700000000002547,7.355000000000473
2026-01-19 17:54:00,2026-01-19 17:55:00,XAUUSD,Buy,0.1,4671.41,4683.81,4673.81,4674.73,92.0,9.2,37s,0.12%,0.12,37.0,2.4000000000005457,10.0,0.9199999999991633,1.0,4673.888,4678.665,4673.475,4678.665,4.777000000000044,5.1899999999996,4.854999999999563,5.360000000000582,-2.244999999999891
2026-01-20 05:36:00,2026-01-20 05:37:00,XAUUSD,Buy,0.1,4673.55,4685.95,4675.95,4675.76,-19.0,-1.9,20s,-0.02%,-0.02,20.0,2.399999999999636,10.0,-0.18999999999959982,1.0,4694.115,4706.035,4694.115,4716.395,11.920000000000073,22.280000000000655,40.44500000000062,-3.6900000000005093,-19.784999999999854
2026-01-20 09:13:00,2026-01-20 09:13:00,XAUUSD,Buy,0.1,4714.61,4727.01,4717.03,4717.19,16.0,1.6,8s,0.02%,0.02,8.0,2.4200000000000728,9.980000000000471,0.15999999999985448,1.0,4723.875,4731.445,4720.9980000000005,4733.725,7.569999999999709,12.726999999999862,16.69500000000062,6.479999999999563,-12.175000000000182
2026-01-20 15:20:00,2026-01-20 15:20:00,XAUUSD,Sell,0.1,4724.05,4711.65,4721.64,4721.81,-17.0,-1.7,1s,-0.02%,-0.02,1.0,2.4099999999998545,9.990000000000691,-0.17000000000007276,-1.0,4722.028,4744.375,4722.028,4744.375,22.346999999999753,22.346999999999753,-0.38799999999991996,-3.5299999999997453,22.69499999999971
2026-01-20 18:54:00,2026-01-20 18:55:00,XAUUSD,Buy,0.1,4748.74,4761.14,4751.14,4751.0,-14.0,-1.4,20s,-0.02%,-0.02,20.0,2.4000000000005457,10.0,-0.14000000000032742,1.0,4752.485,4760.098,4752.485,4760.2480000000005,7.613000000000284,7.7630000000008295,9.108000000000175,-3.910000000000764,-6.264999999999418
2026-01-21 05:03:00,2026-01-21 05:03:00,XAUUSD,Buy,0.1,4841.73,4854.13,4844.15,4844.52,37.0,3.7,20s,0.05%,0.05,20.0,2.4200000000000728,9.980000000000471,0.37000000000080036,1.0,4858.6050000000005,4866.865,4858.6050000000005,4873.945,8.259999999999309,15.339999999999236,29.795000000000073,0.569999999999709,-21.645000000000437
2026-01-21 06:19:00,2026-01-21 06:19:00,XAUUSD,Buy,0.1,4847.35,4859.75,4849.76,4850.68,92.0,9.2,16s,0.12%,0.12,16.0,2.4099999999998545,9.989999999999782,0.9200000000000728,1.0,4869.848,4888.075,4858.7480000000005,4888.075,18.22699999999986,29.326999999999316,38.3149999999996,1.5700000000006185,-21.55500000000029
2026-01-21 11:33:00,2026-01-21 11:33:00,XAUUSD,Buy,0.1,4867.16,4879.56,4869.9,4874.21,431.0,43.1,4s,0.54%,0.54,4.0,2.7399999999997817,9.660000000000764,4.3100000000004,1.0,4860.3150000000005,4867.155,4854.975,4867.155,6.839999999999236,12.179999999999382,-2.744999999999891,1.9699999999993452,2.931999999999789
2026-01-21 12:00:00,2026-01-21 12:00:00,XAUUSD,Buy,0.1,4867.16,4879.56,4869.57,4869.3,-27.0,-2.7,1s,-0.03%,-0.03,1.0,2.4099999999998545,9.990000000000691,-0.26999999999952706,1.0,4861.055,4867.325,4855.415,4867.325,6.269999999999527,11.909999999999854,-2.244999999999891,4.710000000000036,2.8649999999997817
2026-01-21 15:32:00,2026-01-21 15:32:00,XAUUSD,Buy,0.1,4869.17,4881.57,4871.57,4871.58,1.0,0.1,2s,0.00%,0.0,2.0,2.399999999999636,10.0,0.010000000000218279,1.0,4828.765,4845.275000000001,4828.765,4854.365,16.51000000000022,25.599999999999454,-17.204999999999927,-29.287000000000262,40.771999999999935
2026-01-21 17:19:00,2026-01-21 17:19:00,XAUUSD,Sell,0.1,4841.76,4829.36,4839.35,4829.35,1000.0,100.0,24s,1.25%,1.25,24.0,2.4099999999998545,9.990000000000691,10.0,-1.0,4814.278,4826.215,4802.325,4826.215,11.936999999999898,23.890000000000327,37.025000000000546,15.039999999999964,-21.125
2026-01-22 03:03:00,2026-01-22 03:03:00,XAUUSD,Sell,0.1,4779.89,4767.49,4777.48,4774.0,348.0,34.8,16s,0.43%,0.43,16.0,2.410000000000764,9.989999999999782,3.4799999999995634,-1.0,4784.055,4791.048,4784.055,4795.675,6.992999999999483,11.61999999999989,-6.575000000000728,-7.260000000000218,11.365000000000691
2026-01-22 07:04:00,2026-01-22 07:04:00,XAUUSD,Buy,0.1,4798.04,4810.44,4800.45,4800.62,17.0,1.7,6s,0.02%,0.02,6.0,2.4099999999998545,9.989999999999782,0.17000000000007276,1.0,4825.575,4834.8150000000005,4825.575,4837.965,9.240000000000691,12.390000000000327,37.51500000000033,2.7399999999997817,-25.954999999999927
2026-01-22 07:50:00,2026-01-22 07:52:00,XAUUSD,Buy,0.1,4807.29,4819.69,4809.71,4815.03,532.0,53.2,1m,0.65%,0.65,60.0,2.4200000000000728,9.979999999999563,5.319999999999709,1.0,4830.545,4835.745,4824.155,4835.745,5.199999999999818,11.590000000000146,26.034999999999854,-3.630000000000109,-23.574999999999818
2026-01-22 09:02:00,2026-01-22 09:02:00,XAUUSD,Buy,0.1,4826.84,4839.24,4829.26,4830.1,84.0,8.4,13s,0.10%,0.1,13.0,2.4200000000000728,9.979999999999563,0.8400000000001455,1.0,4829.415,4837.925,4827.985,4837.925,8.510000000000218,9.94000000000051,8.664999999999964,4.100000000000364,-1.175000000000182
2026-01-22 11:32:00,2026-01-22 11:32:00,XAUUSD,Sell,0.1,4824.72,4812.32,4822.28,4816.81,547.0,54.7,12s,0.66%,0.66,12.0,2.4400000000005093,9.960000000000036,5.469999999999345,-1.0,4824.885,4831.365,4824.885,4836.145,6.479999999999563,11.260000000000218,-2.605000000000473,-1.417000000000371,5.315000000000509
2026-01-22 15:42:00,2026-01-22 15:42:00,XAUUSD,Sell,0.1,4816.37,4803.97,4813.96,4811.26,270.0,27.0,13s,0.33%,0.33,13.0,2.4099999999998545,9.989999999999782,2.699999999999818,-1.0,4853.325,4865.635,4853.325,4873.535,12.3100000000004,20.210000000000036,-39.36499999999978,-14.840000000000146,39.845000000000255
2026-01-22 16:32:00,2026-01-22 16:33:00,XAUUSD,Buy,0.1,4832.82,4845.22,4835.23,4841.1,587.0,58.7,46s,0.71%,0.71,46.0,2.4099999999998545,9.990000000000691,5.8700000000008,1.0,4873.0650000000005,4884.715,4873.0650000000005,4885.235,11.649999999999636,12.169999999999163,50.00500000000011,2.2830000000003565,-40.51800000000094
2026-01-23 09:45:00,2026-01-23 09:45:00,XAUUSD,Sell,0.1,4947.99,4935.59,4945.45,4945.69,-24.0,-2.4,2s,-0.03%,-0.03,2.0,2.539999999999964,9.859999999999673,-0.23999999999978172,-1.0,4914.3150000000005,4921.225,4914.3150000000005,4922.585,6.9099999999998545,8.269999999999527,31.13499999999931,-11.399999999999636,-28.704999999999927
2026-01-23 11:29:00,2026-01-23 11:29:00,XAUUSD,Sell,0.1,4903.76,4891.36,4901.36,4900.74,62.0,6.2,4s,0.07%,0.07,4.0,2.4000000000005457,10.0,0.6199999999998909,-1.0,4911.625,4921.705,4911.625,4924.955,10.079999999999927,13.329999999999927,-10.265000000000327,11.430000000000291,16.845000000000255
2026-01-26 06:32:00,2026-01-26 06:32:00,XAUUSD,Sell,0.1,5072.43,5060.03,5070.03,5064.71,532.0,53.2,22s,0.64%,0.64,22.0,2.4000000000005457,10.0,5.319999999999709,-1.0,5074.5650000000005,5092.505,5074.5650000000005,5110.885,17.9399999999996,36.31999999999971,-4.535000000000764,-5.899999999999636,5.015000000000327
2026-01-26 08:45:00,2026-01-26 08:45:00,XAUUSD,Buy,0.1,5090.65,5103.05,5093.05,5099.34,629.0,62.9,41s,0.75%,0.75,41.0,2.4000000000005457,10.0,6.289999999999964,1.0,5080.0,5093.835,5080.0,5093.835,13.835000000000036,13.835000000000036,0.7849999999998545,-3.25,-0.2650000000003274
2026-01-26 11:32:00,2026-01-26 11:32:00,XAUUSD,Buy,0.1,5095.87,5108.27,5098.27,5098.28,1.0,0.1,3s,0.00%,0.0,3.0,2.4000000000005457,10.0,0.009999999999308784,1.0,5083.495,5092.365,5083.495,5092.455,8.86999999999989,8.960000000000036,-5.815000000000509,-0.5399999999999636,11.095000000000255
2026-01-26 14:56:00,2026-01-26 14:56:00,XAUUSD,Sell,0.1,5080.95,5068.55,5078.55,5077.36,119.0,11.9,4s,0.14%,0.14,4.0,2.399999999999636,10.0,1.1900000000005093,-1.0,5080.3150000000005,5096.805,5080.3150000000005,5097.215,16.48999999999978,16.899999999999636,-1.7650000000003274,-3.449999999999818,3.125
2026-01-26 15:00:00,2026-01-26 15:00:00,XAUUSD,Sell,0.1,5080.95,5068.55,5078.54,5075.35,319.0,31.9,22s,0.38%,0.38,22.0,2.4099999999998545,9.989999999999782,3.1899999999996,-1.0,5085.375,5097.215,5084.0650000000005,5097.215,11.840000000000146,13.149999999999636,-5.525000000000546,-14.222999999999956,17.358000000000175
2026-01-26 16:58:00,2026-01-26 16:58:00,XAUUSD,Buy,0.1,5094.61,5107.01,5097.01,5096.81,-20.0,-2.0,2s,-0.02%,-0.02,2.0,2.4000000000005457,10.0,-0.1999999999998181,1.0,5076.435,5094.075,5076.435,5097.3150000000005,17.639999999999418,20.88000000000011,0.30500000000029104,1.5799999999999272,20.06500000000051
2026-01-26 18:03:00,2026-01-26 18:03:00,XAUUSD,Buy,0.1,5094.94,5107.34,5097.36,5099.75,239.0,23.9,19s,0.28%,0.28,19.0,2.4200000000000728,9.980000000000471,2.3900000000003274,1.0,5076.225,5103.1050000000005,5076.225,5103.1050000000005,26.88000000000011,26.88000000000011,5.7450000000008,-1.2799999999997453,-3.4450000000006185
2026-01-27 03:11:00,2026-01-27 03:12:00,XAUUSD,Buy,0.1,5059.14,5071.54,5061.54,5062.69,115.0,11.5,21s,0.13%,0.13,21.0,2.399999999999636,10.0,1.1499999999996362,1.0,5063.435,5073.675,5060.005,5073.675,10.239999999999782,13.670000000000073,12.135000000000218,-6.529999999999745,-10.775000000000546
2026-01-27 04:40:00,2026-01-27 04:41:00,XAUUSD,Buy,0.1,5073.59,5085.99,5075.99,5076.25,26.0,2.6,21s,0.03%,0.03,21.0,2.399999999999636,10.0,0.2600000000002183,1.0,5061.325,5075.1050000000005,5061.325,5075.1050000000005,13.780000000000655,13.780000000000655,-0.8849999999993088,5.360000000000582,1.3449999999993452
2026-01-27 07:47:00,2026-01-27 07:47:00,XAUUSD,Buy,0.1,5077.39,5089.79,5079.81,5081.38,157.0,15.7,14s,0.18%,0.18,14.0,2.4200000000000728,9.979999999999563,1.569999999999709,1.0,5085.725,5096.285,5079.025000000001,5096.285,10.55999999999949,17.25999999999931,16.474999999999454,5.160000000000764,-13.045000000000073
2026-01-27 13:47:00,2026-01-27 13:47:00,XAUUSD,Sell,0.1,5084.3,5071.9,5081.88,5078.94,294.0,29.4,17s,0.34%,0.34,17.0,2.4200000000000728,9.980000000000471,2.9400000000005093,-1.0,5071.295,5081.945,5055.135,5081.945,10.649999999999636,26.80999999999949,26.74499999999989,7.449999999999818,-8.604999999999563
2026-01-27 16:05:00,2026-01-27 16:06:00,XAUUSD,Sell,0.1,5069.37,5056.97,5066.94,5059.24,770.0,77.0,55s,0.89%,0.89,55.0,2.430000000000291,9.969999999999343,7.699999999999818,-1.0,5083.6050000000005,5098.448,5083.6050000000005,5103.075,14.842999999999847,19.469999999999345,-16.665000000000873,-10.390000000000327,23.835000000000946
2026-01-27 18:11:00,2026-01-27 18:11:00,XAUUSD,Buy,0.1,5090.52,5102.92,5092.93,5096.81,388.0,38.8,28s,0.45%,0.45,28.0,2.4099999999998545,9.989999999999782,3.880000000000109,1.0,5076.135,5087.0650000000005,5076.135,5088.705,10.930000000000291,12.569999999999709,-4.225000000000364,-0.569999999999709,11.925000000000182
2026-01-28 03:06:00,2026-01-28 03:06:00,XAUUSD,Buy,0.1,5188.06,5200.46,5190.47,5196.19,572.0,57.2,16s,0.66%,0.66,16.0,2.4099999999998545,9.989999999999782,5.719999999999345,1.0,5230.115,5247.475,5230.115,5247.475,17.360000000000582,17.360000000000582,57.00500000000011,10.640000000000327,-41.345000000000255
2026-01-28 04:32:00,2026-01-28 04:33:00,XAUUSD,Buy,0.1,5222.86,5235.26,5225.27,5229.51,424.0,42.4,47s,0.48%,0.48,47.0,2.410000000000764,9.989999999999782,4.239999999999782,1.0,5234.155,5241.335,5233.235,5248.755,7.180000000000291,15.520000000000437,23.484999999999673,2.582999999999629,-12.417999999999665
2026-01-28 06:58:00,2026-01-28 06:58:00,XAUUSD,Buy,0.1,5245.23,5257.63,5247.64,5248.69,105.0,10.5,15s,0.12%,0.12,15.0,2.410000000000764,9.989999999999782,1.0499999999992724,1.0,5256.825,5271.195,5256.825,5275.155,14.36999999999989,18.329999999999927,27.514999999999418,6.089999999999236,-13.844999999999345
2026-01-28 08:51:00,2026-01-28 08:51:00,XAUUSD,Buy,0.1,5264.09,5276.49,5266.5,5267.71,121.0,12.1,6s,0.14%,0.14,6.0,2.4099999999998545,9.989999999999782,1.2100000000000364,1.0,5280.385,5295.5650000000005,5279.935,5297.205,15.180000000000291,17.269999999999527,30.704999999999927,-9.470000000000255,-23.295000000000073
2026-01-28 13:04:00,2026-01-28 13:04:00,XAUUSD,Sell,0.1,5265.35,5252.95,5262.82,5252.86,996.0,99.6,12s,1.13%,1.13,12.0,2.530000000000655,9.86999999999989,9.960000000000036,-1.0,5268.665,5289.235,5268.665,5289.235,20.56999999999971,20.56999999999971,-5.845000000000255,-9.610000000000582,16.205000000000837
2026-01-28 17:00:00,2026-01-28 17:00:00,XAUUSD,Buy,0.1,5287.13,5299.53,5289.54,5294.89,535.0,53.5,19s,0.60%,0.6,19.0,2.4099999999998545,9.989999999999782,5.350000000000364,1.0,5292.298,5306.795,5288.685,5306.795,14.497000000000298,18.109999999999673,17.25500000000011,16.5600000000004,-10.105000000000473
2026-01-28 18:57:00,2026-01-28 18:57:00,XAUUSD,Buy,0.1,5295.89,5308.29,5298.29,5299.36,107.0,10.7,5s,0.12%,0.12,5.0,2.399999999999636,10.0,1.069999999999709,1.0,5271.195,5283.405,5269.165,5297.225,12.210000000000036,28.0600000000004,-1.0649999999995998,-31.6299999999992,24.974999999999454
2026-01-29 06:08:00,2026-01-29 06:08:00,XAUUSD,Buy,0.1,5549.41,5561.81,5551.83,5551.63,-20.0,-2.0,2s,-0.02%,-0.02,2.0,2.4200000000000728,9.980000000000471,-0.1999999999998181,1.0,5562.145,5588.215,5562.145,5595.275000000001,26.06999999999971,33.13000000000011,43.44500000000062,12.859999999999673,-10.465000000000146
2026-01-29 08:00:00,2026-01-29 08:00:00,XAUUSD,Buy,0.1,5562.15,5574.55,5564.59,5571.9,731.0,73.1,25s,0.81%,0.81,25.0,2.4400000000005093,9.960000000000036,7.309999999999491,1.0,5522.878,5554.585,5522.878,5554.585,31.707000000000335,31.707000000000335,-10.00500000000011,-0.1999999999998181,15.835000000000036
2026-01-29 10:04:00,2026-01-29 10:05:00,XAUUSD,Sell,0.1,5539.32,5526.92,5536.91,5532.52,439.0,43.9,19s,0.48%,0.48,19.0,2.4099999999998545,9.989999999999782,4.389999999999418,-1.0,5501.625,5523.955,5501.625,5525.295,22.329999999999927,23.670000000000073,35.284999999999854,10.75,-23.19499999999971
2026-01-29 10:39:00,2026-01-29 10:40:00,XAUUSD,Sell,0.1,5518.67,5506.27,5516.23,5511.14,509.0,50.9,39s,0.56%,0.56,39.0,2.4400000000005093,9.959999999999129,5.089999999999236,-1.0,5497.095,5510.055,5482.225,5510.055,12.960000000000036,27.829999999999927,34.0049999999992,13.300000000000182,-5.884999999999309
2026-01-29 13:03:00,2026-01-29 13:03:00,XAUUSD,Sell,0.1,5476.88,5464.48,5474.44,5473.48,96.0,9.6,8s,0.10%,0.1,8.0,2.4400000000005093,9.960000000000036,0.9600000000000364,-1.0,5513.435,5540.925,5507.965,5540.925,27.48999999999978,32.960000000000036,-33.525000000000546,-4.289999999999964,59.475000000000364
2026-01-29 16:27:00,2026-01-29 16:27:00,XAUUSD,Buy,0.1,5540.59,5552.99,5542.99,5548.96,597.0,59.7,16s,0.65%,0.65,16.0,2.399999999999636,10.0,5.970000000000255,1.0,5234.778,5296.415,5234.778,5310.8150000000005,61.636999999999716,76.03700000000026,-232.17499999999927,90.98700000000008,270.15499999999975
2026-01-29 16:46:00,2026-01-29 16:46:00,XAUUSD,Sell,0.1,5502.59,5490.19,5500.16,5499.91,25.0,2.5,1s,0.03%,0.03,1.0,2.430000000000291,9.970000000000256,0.25,-1.0,5227.305,5277.195,5227.305,5298.675,49.88999999999942,71.36999999999989,272.85499999999956,17.38000000000011,-228.21500000000015
2026-01-29 17:01:00,2026-01-29 17:01:00,XAUUSD,Sell,0.1,5473.22,5460.82,5470.76,5460.79,997.0,99.7,10s,1.08%,1.08,10.0,2.4600000000000364,9.94000000000051,9.970000000000255,-1.0,5263.715,5298.675,5263.715,5367.53,34.960000000000036,103.8149999999996,207.04500000000007,8.179999999999382,-206.9949999999999
2026-01-30 04:00:00,2026-01-30 04:00:00,XAUUSD,Sell,0.1,5285.13,5272.73,5282.64,5279.6,304.0,30.4,3s,0.33%,0.33,3.0,2.4899999999997817,9.910000000000764,3.0399999999999636,-1.0,5192.755,5225.0650000000005,5192.755,5229.995,32.3100000000004,37.23999999999978,89.88500000000022,-41.10999999999967,-87.22500000000036
2026-01-30 07:16:00,2026-01-30 07:16:00,XAUUSD,Buy,0.1,5228.38,5240.78,5230.79,5235.95,516.0,51.6,25s,0.55%,0.55,25.0,2.4099999999998545,9.989999999999782,5.1599999999998545,1.0,5164.235,5185.125,5117.205,5185.125,20.890000000000327,67.92000000000007,-45.664999999999964,17.649999999999636,57.75500000000011
2026-01-30 10:33:00,2026-01-30 10:33:00,XAUUSD,Sell,0.1,5120.34,5107.94,5117.89,5107.73,1016.0,101.6,7s,1.08%,1.08,7.0,2.449999999999818,9.950000000000728,10.160000000000764,-1.0,5054.165,5092.533,5054.165,5121.348,38.36800000000039,67.18299999999999,63.725000000000364,-21.48700000000008,-58.60500000000047
2026-01-30 11:04:00,2026-01-30 11:04:00,XAUUSD,Sell,0.1,5114.74,5102.34,5112.32,5110.34,198.0,19.8,2s,0.21%,0.21,2.0,2.4200000000000728,9.979999999999563,1.9799999999995634,-1.0,5089.078,5126.385,5089.078,5129.715,37.30699999999979,40.636999999999716,23.24199999999928,-41.73999999999978,6.4450000000006185
2026-02-02 03:07:00,2026-02-02 03:07:00,XAUUSD,Sell,0.1,4701.22,4688.82,4698.73,4698.08,65.0,6.5,1s,0.07%,0.07,1.0,2.490000000000691,9.909999999999854,0.6499999999996362,-1.0,4687.125,4727.4580000000005,4657.475,4728.258,40.33300000000054,70.78299999999945,41.2549999999992,53.78699999999935,10.968000000000757
2026-02-02 07:38:00,2026-02-02 07:38:00,XAUUSD,Sell,0.1,4606.24,4593.84,4603.82,4604.11,-29.0,-2.9,0s,-0.03%,-0.03,0.0,2.4200000000000728,9.979999999999563,-0.2899999999999636,-1.0,4523.568,4592.055,4523.568,4618.295,68.48700000000008,94.72699999999986,80.2519999999995,-23.256999999999607,-44.914999999999964
2026-02-02 11:41:00,2026-02-02 11:41:00,XAUUSD,Buy,0.1,4711.06,4723.46,4713.49,4713.28,-21.0,-2.1,0s,-0.02%,-0.02,0.0,2.429999999999381,9.970000000000256,-0.21000000000003638,1.0,4746.785,4778.185,4746.785,4779.025000000001,31.400000000000546,32.24000000000069,65.53500000000076,4.050000000000182,-39.05500000000029
2026-02-02 13:13:00,2026-02-02 13:14:00,XAUUSD,Buy,0.1,4731.69,4744.09,4734.15,4741.7,755.0,75.5,32s,0.79%,0.79,32.0,2.4600000000000364,9.94000000000051,7.550000000000182,1.0,4719.395,4803.268,4719.395,4803.268,83.87299999999959,83.87299999999959,69.1180000000004,-3.430000000000291,-59.335000000000036
2026-02-02 17:30:00,2026-02-02 17:30:00,XAUUSD,Sell,0.1,4671.85,4659.45,4669.43,4659.34,1009.0,100.9,10s,1.05%,1.05,10.0,2.4200000000000728,9.980000000000471,10.090000000000146,-1.0,4655.985,4687.765,4655.985,4688.025000000001,31.780000000000655,32.04000000000087,13.445000000000618,40.13000000000011,-2.2620000000006257
2026-02-03 08:14:00,2026-02-03 08:14:00,XAUUSD,Buy,0.1,4839.91,4852.31,4842.34,4849.09,675.0,67.5,25s,0.69%,0.69,25.0,2.430000000000291,9.970000000000256,6.75,1.0,4897.995,4931.995,4897.995,4941.785,34.0,43.789999999999964,99.44499999999971,-3.962999999999738,-74.59500000000025
2026-02-03 13:24:00,2026-02-03 13:24:00,XAUUSD,Sell,0.1,4887.03,4874.63,4884.61,4884.05,56.0,5.6,4s,0.06%,0.06,4.0,2.4200000000000728,9.979999999999563,0.5599999999994907,-1.0,4916.695,4938.945,4916.695,4941.675,22.25,24.980000000000473,-32.085000000000036,-15.010000000000218,43.80500000000029
2026-02-03 14:02:00,2026-02-03 14:03:00,XAUUSD,Buy,0.1,4927.5,4939.9,4929.9,4931.52,162.0,16.2,15s,0.17%,0.17,15.0,2.399999999999636,10.0,1.6200000000008004,1.0,4917.205,4936.195,4895.975,4936.195,18.98999999999978,40.219999999999345,6.295000000000073,-8.640000000000327,-2.8450000000002547
2026-02-03 15:29:00,2026-02-03 15:29:00,XAUUSD,Buy,0.1,4933.89,4946.29,4936.3,4938.01,171.0,17.1,5s,0.17%,0.17,5.0,2.4099999999998545,9.989999999999782,1.7100000000000364,1.0,4907.595,4942.7480000000005,4907.465,4942.7480000000005,35.15300000000025,35.28300000000036,6.44800000000032,19.8100000000004,0.24499999999989086
2026-02-03 18:16:00,2026-02-03 18:16:00,XAUUSD,Buy,0.1,4946.16,4958.56,4948.6,4958.59,999.0,99.9,12s,1.02%,1.02,12.0,2.4400000000005093,9.960000000000036,9.989999999999782,1.0,4904.515,4948.225,4882.365,4948.225,43.710000000000036,65.86000000000058,-0.375,14.313000000000102,5.882000000000517
2026-02-04 04:02:00,2026-02-04 04:03:00,XAUUSD,Buy,0.1,5051.26,5063.66,5053.7,5063.13,943.0,94.3,50s,0.95%,0.95,50.0,2.4399999999996,9.960000000000036,9.430000000000291,1.0,5062.345,5073.478,5055.895,5073.578,11.13299999999981,17.682999999999993,19.87800000000061,7.695999999999913,-16.105000000000473
2026-02-04 05:35:00,2026-02-04 05:35:00,XAUUSD,Buy,0.1,5063.1,5075.5,5065.5,5068.42,292.0,29.2,14s,0.29%,0.29,14.0,2.399999999999636,10.0,2.9200000000000728,1.0,5068.8550000000005,5086.3550000000005,5068.8550000000005,5090.145,17.5,21.289999999999964,24.645000000000437,-2.8599999999996726,-14.375
2026-02-04 09:54:00,2026-02-04 09:54:00,XAUUSD,Buy,0.1,5088.06,5100.46,5090.47,5090.77,30.0,3.0,16s,0.03%,0.03,16.0,2.4099999999998545,9.989999999999782,0.3000000000001819,1.0,5046.975,5063.979,5046.975,5064.068,17.003999999999905,17.092999999999847,-26.402000000000044,0.5500000000001819,33.44499999999971
2026-02-04 11:32:00,2026-02-04 11:32:00,XAUUSD,Sell,0.1,5053.5,5041.1,5051.07,5043.41,766.0,76.6,24s,0.76%,0.76,24.0,2.430000000000291,9.969999999999343,7.6599999999998545,-1.0,5021.805,5039.725,5021.805,5050.155,17.920000000000073,28.349999999999454,29.264999999999418,18.889999999999418,-27.594999999999345
2026-02-04 13:15:00,2026-02-04 13:16:00,XAUUSD,Sell,0.1,5044.17,5031.77,5041.74,5031.76,998.0,99.8,44s,0.98%,0.98,44.0,2.430000000000291,9.969999999999343,9.979999999999563,-1.0,5027.715,5053.845,5027.715,5058.725,26.13000000000011,31.01000000000022,14.024999999999636,12.020000000000437,-13.114999999999782
2026-02-04 15:54:00,2026-02-04 15:54:00,XAUUSD,Buy,0.1,5060.9,5073.3,5063.31,5063.31,0.0,0.0,1s,0.00%,0.0,1.0,2.410000000000764,9.989999999999782,0.0,1.0,4909.188,4949.868,4894.988,4949.868,40.68000000000029,54.88000000000011,-113.44200000000001,-13.740000000000691,119.52500000000055
2026-02-04 16:31:00,2026-02-04 16:31:00,XAUUSD,Sell,0.1,5025.73,5013.33,5023.32,5023.32,0.0,0.0,0s,0.00%,0.0,0.0,2.4099999999998545,9.989999999999782,-0.0,-1.0,4894.845,4934.238,4844.165,4934.238,39.39300000000003,90.07300000000032,179.15499999999975,7.543000000000575,-99.40499999999975
2026-02-04 18:46:00,2026-02-04 18:46:00,XAUUSD,Sell,0.1,4890.11,4877.71,4887.67,4879.48,819.0,81.9,13s,0.80%,0.8,13.0,2.4399999999996,9.960000000000036,8.19000000000051,-1.0,4910.495,4931.925,4910.495,4946.638,21.43000000000029,36.14300000000003,-22.824999999999818,6.270000000000437,32.07499999999982
2026-02-05 04:07:00,2026-02-05 04:07:00,XAUUSD,Sell,0.1,4938.5,4926.1,4936.07,4932.43,364.0,36.4,17s,0.35%,0.35,17.0,2.430000000000291,9.969999999999343,3.639999999999418,-1.0,4862.765,4884.575,4862.765,4890.705,21.80999999999949,27.9399999999996,73.30499999999938,-13.729999999999563,-56.164999999999964
2026-02-05 04:33:00,2026-02-05 04:33:00,XAUUSD,Sell,0.1,4916.67,4904.27,4914.26,4912.95,131.0,13.1,3s,0.13%,0.13,3.0,2.4099999999998545,9.989999999999782,1.3100000000004002,-1.0,4869.555,4887.775000000001,4863.195,4887.8150000000005,18.220000000000255,24.6200000000008,51.06500000000051,-11.789999999999964,-27.975000000000364
2026-02-05 07:45:00,2026-02-05 07:45:00,XAUUSD,Buy,0.1,4888.74,4901.14,4891.18,4901.14,996.0,99.6,24s,0.96%,0.96,24.0,2.4400000000005093,9.960000000000036,9.960000000000036,1.0,4906.655,4919.785,4906.655,4941.985,13.13000000000011,35.32999999999993,50.80499999999938,-22.13000000000011,-18.784999999999854
2026-02-05 10:13:00,2026-02-05 10:13:00,XAUUSD,Buy,0.1,4938.43,4950.83,4940.83,4941.48,65.0,6.5,7s,0.06%,0.06,7.0,2.399999999999636,10.0,0.6499999999996362,1.0,4851.365,4874.325,4847.205,4877.645,22.960000000000036,30.44000000000051,-63.18499999999949,-35.599999999999454,86.89499999999953
2026-02-05 11:01:00,2026-02-05 11:01:00,XAUUSD,Sell,0.1,4898.39,4885.99,4895.94,4891.54,440.0,44.0,5s,0.42%,0.42,5.0,2.450000000000728,9.949999999999818,4.399999999999636,-1.0,4876.225,4888.535,4876.225,4894.195,12.30999999999949,17.969999999999345,19.714999999999236,-0.5500000000001819,-19.37499999999909
2026-02-05 14:10:00,2026-02-05 14:10:00,XAUUSD,Sell,0.1,4850.18,4837.78,4847.77,4843.66,411.0,41.1,15s,0.39%,0.39,15.0,2.4099999999998545,9.990000000000691,4.110000000000582,-1.0,4811.295,4849.785,4809.795,4849.785,38.48999999999978,39.98999999999978,37.975000000000364,-10.75,-12.715000000000146
2026-02-05 15:06:00,2026-02-05 15:06:00,XAUUSD,Sell,0.1,4813.18,4800.78,4810.78,4802.31,847.0,84.7,14s,0.80%,0.8,14.0,2.4000000000005457,10.0,8.469999999999345,-1.0,4821.475,4865.575,4812.965,4865.575,44.099999999999454,52.60999999999967,-2.1850000000004,13.479999999999563,34.4350000000004
2026-02-05 15:30:00,2026-02-05 15:30:00,XAUUSD,Sell,0.1,4850.18,4837.78,4847.78,4844.13,365.0,36.5,3s,0.34%,0.34,3.0,2.4000000000005457,10.0,3.649999999999636,-1.0,4809.495,4837.915,4800.055,4837.915,28.420000000000073,37.85999999999967,47.724999999999454,8.696999999999207,-28.571999999999207
2026-02-05 17:46:00,2026-02-05 17:46:00,XAUUSD,Sell,0.1,4808.44,4796.04,4806.03,4803.41,262.0,26.2,16s,0.25%,0.25,16.0,2.4099999999998545,9.989999999999782,2.619999999999891,-1.0,4863.435,4884.675,4854.695,4884.675,21.23999999999978,29.980000000000473,-48.664999999999964,-3.3100000000004,64.31500000000051
2026-02-05 18:43:00,2026-02-05 18:44:00,XAUUSD,Buy,0.1,4867.59,4879.99,4870.02,4875.53,551.0,55.1,29s,0.51%,0.51,29.0,2.430000000000291,9.969999999999343,5.509999999999309,1.0,4853.955,4872.725,4850.905,4872.955,18.770000000000437,22.050000000000182,2.9349999999994907,7.75,1.305000000000291
2026-02-06 03:54:00,2026-02-06 03:55:00,XAUUSD,Buy,0.1,4762.28,4774.68,4764.71,4770.24,553.0,55.3,39s,0.51%,0.51,39.0,2.430000000000291,9.970000000000256,5.529999999999745,1.0,4804.3150000000005,4826.295,4804.3150000000005,4827.305,21.979999999999563,22.98999999999978,62.595000000000255,-6.0600000000004,-40.07499999999982
2026-02-06 07:25:00,2026-02-06 07:25:00,XAUUSD,Buy,0.1,4844.21,4856.61,4846.68,4848.4,172.0,17.2,3s,0.16%,0.16,3.0,2.4700000000002547,9.929999999999382,1.7199999999993452,1.0,4842.115,4861.485,4842.115,4861.485,19.36999999999989,19.36999999999989,14.804999999999382,2.532999999999447,-1.7479999999995925
2026-02-09 07:29:00,2026-02-09 07:29:00,XAUUSD,Buy,0.1,5029.13,5041.53,5031.54,5031.4,-14.0,-1.4,2s,-0.01%,-0.01,2.0,2.4099999999998545,9.989999999999782,-0.14000000000032742,1.0,4994.955,5014.875,4994.955,5014.935,19.920000000000073,19.980000000000473,-16.604999999999563,-18.15400000000045,18.80500000000029
2026-02-09 07:30:00,2026-02-09 07:30:00,XAUUSD,Buy,0.1,5029.13,5041.53,5031.53,5032.26,73.0,7.3,5s,0.07%,0.07,5.0,2.399999999999636,10.0,0.7300000000004729,1.0,5006.945,5014.935,5000.585,5014.935,7.990000000000691,14.350000000000364,-16.594999999999345,-4.599999999999454,23.394999999999527
2026-02-09 09:22:00,2026-02-09 09:22:00,XAUUSD,Sell,0.1,5009.96,4997.56,5007.54,4997.97,957.0,95.7,23s,0.88%,0.88,23.0,2.4200000000000728,9.979999999999563,9.569999999999709,-1.0,5016.075,5027.225,5011.555,5027.225,11.150000000000546,15.670000000000073,-4.015000000000327,1.449999999999818,18.13500000000022
2026-02-09 12:02:00,2026-02-09 12:02:00,XAUUSD,Sell,0.1,5000.08,4987.68,4997.66,4996.88,78.0,7.8,4s,0.07%,0.07,4.0,2.4200000000000728,9.979999999999563,0.7799999999997453,-1.0,5007.085,5017.135,5007.085,5017.555,10.050000000000182,10.470000000000255,-9.425000000000182,-2.149999999999636,12.925000000000182
2026-02-09 14:31:00,2026-02-09 14:31:00,XAUUSD,Buy,0.1,5015.64,5028.04,5018.09,5018.67,58.0,5.8,4s,0.05%,0.05,4.0,2.449999999999818,9.949999999999818,0.5799999999999272,1.0,5013.5650000000005,5036.8550000000005,5013.5650000000005,5040.695,23.289999999999964,27.1299999999992,22.604999999999563,5.619999999999891,-2.6549999999997453
2026-02-09 16:30:00,2026-02-09 16:30:00,XAUUSD,Buy,0.1,5022.44,5034.84,5024.87,5025.94,107.0,10.7,2s,0.10%,0.1,2.0,2.430000000000291,9.970000000000256,1.069999999999709,1.0,5066.595,5078.075,5066.595,5080.495,11.479999999999563,13.899999999999636,55.625,8.947000000000116,-47.375
2026-02-10 07:27:00,2026-02-10 07:27:00,XAUUSD,Sell,0.1,5018.9,5006.5,5016.47,5011.75,472.0,47.2,22s,0.43%,0.43,22.0,2.429999999999381,9.970000000000256,4.720000000000255,-1.0,5019.235,5031.585,5019.235,5034.645,12.350000000000364,15.410000000000764,-2.764999999999418,-5.079999999999927,12.034999999999854
2026-02-10 10:41:00,2026-02-10 10:41:00,XAUUSD,Buy,0.1,5043.19,5055.59,5045.6,5047.37,177.0,17.7,16s,0.16%,0.16,16.0,2.410000000000764,9.989999999999782,1.769999999999527,1.0,5045.375,5057.925,5043.628,5057.925,12.550000000000182,14.29700000000048,12.324999999999818,6.240000000000691,-1.625
2026-02-10 14:43:00,2026-02-10 14:43:00,XAUUSD,Sell,0.1,5039.43,5027.03,5037.01,5035.35,166.0,16.6,13s,0.15%,0.15,13.0,2.4200000000000728,9.980000000000471,1.6599999999998545,-1.0,5053.145,5078.485,5020.225,5078.485,25.339999999999236,58.25999999999931,16.784999999999854,-14.35700000000088,33.01500000000033
2026-02-10 15:33:00,2026-02-10 15:33:00,XAUUSD,Buy,0.1,5055.83,5068.23,5058.23,5058.33,10.0,1.0,4s,0.01%,0.01,4.0,2.399999999999636,10.0,0.1000000000003638,1.0,4998.685,5037.1050000000005,4998.685,5037.1050000000005,38.42000000000007,38.42000000000007,-21.12499999999909,-10.079999999999927,26.18499999999949
2026-02-10 17:37:00,2026-02-10 17:37:00,XAUUSD,Sell,0.1,5023.08,5010.68,5020.65,5010.65,1000.0,100.0,23s,0.91%,0.91,23.0,2.430000000000291,9.969999999999343,10.0,-1.0,5031.755,5039.045,5024.755,5039.875,7.289999999999964,15.11999999999989,-4.105000000000473,-12.069999999999709,15.6850000000004
2026-02-11 03:53:00,2026-02-11 03:53:00,XAUUSD,Buy,0.1,5047.06,5059.46,5049.47,5049.82,35.0,3.5,3s,0.03%,0.03,3.0,2.4099999999998545,9.989999999999782,0.3499999999994543,1.0,5052.785,5060.425,5052.785,5060.425,7.640000000000327,7.640000000000327,10.954999999999927,1.4099999999998545,-8.654999999999745
2026-02-11 04:01:00,2026-02-11 04:01:00,XAUUSD,Buy,0.1,5052.28,5064.68,5054.71,5055.39,68.0,6.8,2s,0.06%,0.06,2.0,2.430000000000291,9.970000000000256,0.680000000000291,1.0,5052.845,5058.175,5052.845,5059.415,5.329999999999927,6.569999999999709,4.704999999999927,-4.069999999999709,0.6549999999997453
2026-02-11 07:35:00,2026-02-11 07:35:00,XAUUSD,Buy,0.1,5058.46,5070.86,5060.87,5061.55,68.0,6.8,4s,0.06%,0.06,4.0,2.4099999999998545,9.989999999999782,0.680000000000291,1.0,5052.635,5061.695,5048.475,5061.695,9.05999999999949,13.219999999999345,0.8249999999998181,0.5900000000001455,1.2249999999994543
2026-02-11 08:18:00,2026-02-11 08:18:00,XAUUSD,Buy,0.1,5058.46,5070.86,5060.86,5061.29,43.0,4.3,5s,0.04%,0.04,5.0,2.399999999999636,10.0,0.43000000000029104,1.0,5050.125,5055.405,5045.365,5055.405,5.279999999999745,10.039999999999964,-5.454999999999927,-3.837000000000444,9.442000000000007
2026-02-11 08:59:00,2026-02-11 08:59:00,XAUUSD,Buy,0.1,5061.61,5074.01,5064.02,5064.33,31.0,3.1,8s,0.03%,0.03,8.0,2.410000000000764,9.989999999999782,0.3099999999994907,1.0,5050.3550000000005,5054.668,5046.755,5055.5650000000005,4.312999999999192,8.8100000000004,-8.454999999999927,0.8029999999998836,11.92200000000048
2026-02-11 10:31:00,2026-02-11 10:31:00,XAUUSD,Sell,0.1,5051.37,5038.97,5048.96,5046.17,279.0,27.9,29s,0.25%,0.25,29.0,2.4099999999998545,9.989999999999782,2.7899999999999636,-1.0,5067.925,5099.991,5067.925,5100.915,32.0659999999998,32.98999999999978,-18.965000000000146,-2.1030000000000655,21.778000000000247
2026-02-11 11:46:00,2026-02-11 11:46:00,XAUUSD,Buy,0.1,5066.99,5079.39,5069.41,5070.17,76.0,7.6,4s,0.07%,0.07,4.0,2.4200000000000728,9.980000000000471,0.7600000000002183,1.0,5108.018,5116.185,5098.365,5118.8150000000005,8.167000000000371,20.450000000000728,49.405000000000655,1.2100000000000364,-38.875
2026-02-11 15:30:00,2026-02-11 15:30:00,XAUUSD,Sell,0.1,5054.53,5042.13,5052.02,5042.1,992.0,99.2,3s,0.89%,0.89,3.0,2.509999999999309,9.890000000000327,9.920000000000073,-1.0,5038.885,5057.195,5038.885,5062.825,18.30999999999949,23.9399999999996,13.135000000000218,18.05999999999949,-3.3450000000002547
2026-02-12 03:04:00,2026-02-12 03:04:00,XAUUSD,Sell,0.1,5052.38,5039.98,5049.97,5048.08,189.0,18.9,14s,0.17%,0.17,14.0,2.4099999999998545,9.990000000000691,1.8900000000003274,-1.0,5062.485,5074.425,5054.419,5074.425,11.94000000000051,20.006000000000313,-4.448999999999614,-8.0,15.734999999999673
2026-02-12 05:08:00,2026-02-12 05:08:00,XAUUSD,Buy,0.1,5070.46,5082.86,5072.86,5073.57,71.0,7.1,6s,0.06%,0.06,6.0,2.399999999999636,10.0,0.7100000000000364,1.0,5065.385,5077.995,5065.385,5077.995,12.609999999999673,12.609999999999673,5.135000000000218,11.479999999999563,3.694999999999709
2026-02-12 06:01:00,2026-02-12 06:01:00,XAUUSD,Sell,0.1,5057.25,5044.85,5054.79,5052.79,200.0,20.0,13s,0.18%,0.18,13.0,2.4600000000000364,9.9399999999996,2.0,-1.0,5061.935,5076.095,5054.9980000000005,5076.095,14.159999999999854,21.096999999999753,-0.20800000000053842,-3.5200000000004366,20.525000000000546
2026-02-12 07:06:00,2026-02-12 07:07:00,XAUUSD,Buy,0.1,5072.44,5084.84,5074.84,5076.33,149.0,14.9,22s,0.13%,0.13,22.0,2.4000000000005457,10.0,1.4899999999997817,1.0,5051.535,5065.938,5051.535,5065.938,14.403000000000247,14.403000000000247,-8.902000000000044,1.9799999999995634,15.395000000000437
2026-02-12 08:32:00,2026-02-12 08:32:00,XAUUSD,Sell,0.1,5053.49,5041.09,5051.07,5050.13,94.0,9.4,7s,0.08%,0.08,7.0,2.4200000000000728,9.979999999999563,0.9399999999995998,-1.0,5051.895,5063.175,5051.895,5072.095,11.279999999999745,20.199999999999818,-0.8250000000007276,7.367000000000189,9.288000000000466
2026-02-12 11:05:00,2026-02-12 11:05:00,XAUUSD,Buy,0.1,5071.12,5083.52,5073.52,5074.75,123.0,12.3,7s,0.11%,0.11,7.0,2.4000000000005457,10.0,1.2299999999995634,1.0,5059.175,5065.188,5059.175,5065.425,6.01299999999992,6.25,-8.095000000000255,-0.09000000000014552,11.715000000000146
2026-02-12 11:50:00,2026-02-12 11:50:00,XAUUSD,Buy,0.1,5075.89,5088.29,5078.31,5079.67,136.0,13.6,7s,0.12%,0.12,7.0,2.4200000000000728,9.979999999999563,1.3599999999996726,1.0,5061.245,5068.055,5056.295,5068.055,6.8100000000004,11.760000000000218,-10.25500000000011,1.1199999999998909,14.805000000000291
2026-02-12 14:36:00,2026-02-12 14:36:00,XAUUSD,Buy,0.1,5065.99,5078.39,5068.41,5068.21,-20.0,-2.0,3s,-0.02%,-0.02,3.0,2.4200000000000728,9.980000000000471,-0.1999999999998181,1.0,5053.495,5071.3550000000005,5039.265,5071.3550000000005,17.860000000000582,32.090000000000146,2.9450000000006185,-5.260000000000218,8.74499999999989
2026-02-12 15:47:00,2026-02-12 15:47:00,XAUUSD,Buy,0.1,5078.41,5090.81,5080.83,5081.05,22.0,2.2,3s,0.02%,0.02,3.0,2.4200000000000728,9.980000000000471,0.22000000000025466,1.0,5059.805,5074.655,4947.638,5074.655,14.849999999999454,127.01699999999983,-6.175000000000182,4.630000000000109,10.394999999999527
2026-02-12 16:56:00,2026-02-12 16:56:00,XAUUSD,Sell,0.1,5051.1,5038.7,5048.7,5041.08,762.0,76.2,17s,0.67%,0.67,17.0,2.4000000000005457,10.0,7.619999999999891,-1.0,4930.635,4961.845,4930.635,4966.758,31.210000000000036,36.12299999999959,118.0649999999996,-56.36999999999989,-95.90200000000004
2026-02-12 18:10:00,2026-02-12 18:10:00,XAUUSD,Sell,0.1,5041.82,5029.42,5039.42,5033.69,573.0,57.3,15s,0.50%,0.5,15.0,2.399999999999636,10.0,5.730000000000473,-1.0,4921.055,4949.715,4906.185,4949.715,28.659999999999854,43.529999999999745,133.23499999999967,28.36999999999989,-98.55500000000029
2026-02-13 03:01:00,2026-02-13 03:01:00,XAUUSD,Buy,0.1,4946.02,4958.42,4948.42,4955.12,670.0,67.0,16s,0.58%,0.58,16.0,2.399999999999636,10.0,6.699999999999818,1.0,4980.325,4988.905,4973.575,4988.905,8.579999999999927,15.329999999999927,40.48499999999967,4.3100000000004,-39.79500000000007
2026-02-13 04:30:00,2026-02-13 04:30:00,XAUUSD,Buy,0.1,4986.35,4998.75,4988.75,4989.11,36.0,3.6,3s,0.03%,0.03,3.0,2.399999999999636,10.0,0.3599999999996726,1.0,4974.8550000000005,4985.985,4972.655,4985.985,11.1299999999992,13.329999999999927,-2.7650000000003274,-0.6400000000003274,3.7950000000000728
2026-02-13 06:16:00,2026-02-13 06:16:00,XAUUSD,Buy,0.1,4989.03,5001.43,4991.47,4996.75,528.0,52.8,27s,0.45%,0.45,27.0,2.4400000000005093,9.960000000000036,5.279999999999745,1.0,4949.615,4960.935,4949.615,4961.725,11.320000000000618,12.110000000000582,-29.74499999999989,12.109999999999673,33.50500000000011
2026-02-16 04:45:00,2026-02-16 04:45:00,XAUUSD,Sell,0.1,5002.61,4990.21,5000.19,4996.71,348.0,34.8,15s,0.30%,0.3,15.0,2.4200000000000728,9.979999999999563,3.4799999999995634,-1.0,4973.835,4979.8550000000005,4964.868,4985.625,6.020000000000437,20.756999999999607,35.32199999999921,0.2899999999999636,-24.37499999999909
2026-02-16 07:03:00,2026-02-16 07:03:00,XAUUSD,Sell,0.1,4975.56,4963.16,4973.12,4965.87,725.0,72.5,24s,0.62%,0.62,24.0,2.4400000000005093,9.960000000000036,7.25,-1.0,4988.745,4997.615,4988.745,4999.125,8.86999999999989,10.38000000000011,-15.625,7.600000000000364,21.324999999999818
2026-02-16 09:41:00,2026-02-16 09:41:00,XAUUSD,Buy,0.1,5000.74,5013.14,5003.15,5003.47,32.0,3.2,6s,0.03%,0.03,6.0,2.4099999999998545,9.990000000000691,0.32000000000061846,1.0,5009.845,5014.515,5008.185,5017.055,4.670000000000073,8.86999999999989,13.905000000000655,2.130000000000109,-10.06500000000051
2026-02-16 11:03:00,2026-02-16 11:03:00,XAUUSD,Buy,0.1,5010.96,5023.36,5013.37,5015.38,201.0,20.1,26s,0.17%,0.17,26.0,2.4099999999998545,9.989999999999782,2.0100000000002183,1.0,4998.625,5006.755,4998.625,5006.755,8.13000000000011,8.13000000000011,-6.614999999999782,-2.160000000000764,7.635000000000218
2026-02-16 14:12:00,2026-02-16 14:12:00,XAUUSD,Sell,0.1,5001.36,4988.96,4998.94,4998.31,63.0,6.3,8s,0.05%,0.05,8.0,2.4200000000000728,9.979999999999563,0.6299999999991996,-1.0,4993.945,4998.1050000000005,4989.535,4999.395,4.160000000000764,9.860000000000582,9.404999999999745,-2.050000000000182,-1.944999999999709
2026-02-16 15:38:00,2026-02-16 15:38:00,XAUUSD,Sell,0.1,4995.35,4982.95,4992.95,4993.1,-15.0,-1.5,2s,-0.01%,-0.01,2.0,2.4000000000005457,10.0,-0.1500000000005457,-1.0,4974.715,4980.525000000001,4974.715,4982.849,5.8100000000004,8.134000000000015,18.234999999999673,-3.8900000000003274,-12.8149999999996
2026-02-16 16:37:00,2026-02-16 16:37:00,XAUUSD,Sell,0.1,4992.03,4979.63,4989.63,4988.33,130.0,13.0,18s,0.11%,0.11,18.0,2.399999999999636,10.0,1.300000000000182,-1.0,4985.655,4990.135,4984.785,4990.135,4.480000000000473,5.350000000000364,4.845000000000255,-6.769999999999527,-3.675000000000182
2026-02-17 07:06:00,2026-02-17 07:06:00,XAUUSD,Sell,0.1,4949.17,4936.77,4946.76,4940.87,589.0,58.9,24s,0.50%,0.5,24.0,2.4099999999998545,9.989999999999782,5.890000000000327,-1.0,4903.595,4913.535,4903.595,4916.445,9.9399999999996,12.849999999999454,43.164999999999964,-1.5600000000004002,-36.654999999999745
2026-02-17 11:53:00,2026-02-17 11:53:00,XAUUSD,Buy,0.1,4928.03,4940.43,4930.43,4932.42,199.0,19.9,5s,0.17%,0.17,5.0,2.4000000000005457,10.0,1.9899999999997817,1.0,4921.195,4930.648,4921.195,4938.495,9.45300000000043,17.300000000000182,8.0649999999996,0.02999999999974534,2.855000000000473
2026-02-17 12:51:00,2026-02-17 12:51:00,XAUUSD,Sell,0.1,4915.81,4903.41,4913.41,4909.32,409.0,40.9,27s,0.34%,0.34,27.0,2.4000000000005457,10.0,4.0900000000001455,-1.0,4928.645,4937.425,4918.075,4937.425,8.779999999999745,19.350000000000364,-4.664999999999964,5.630000000000109,23.625
2026-02-17 14:15:00,2026-02-17 14:15:00,XAUUSD,Buy,0.1,4937.06,4949.46,4939.47,4944.27,480.0,48.0,17s,0.40%,0.4,17.0,2.4099999999998545,9.989999999999782,4.800000000000182,1.0,4889.428,4904.035,4866.945,4906.675,14.606999999999971,39.73000000000047,-32.79500000000007,25.363000000000284,43.6220000000003
2026-02-17 15:56:00,2026-02-17 15:56:00,XAUUSD,Sell,0.1,4910.1,4897.7,4907.66,4897.68,998.0,99.8,20s,0.83%,0.83,20.0,2.4400000000005093,9.960000000000036,9.979999999999563,-1.0,4861.008,4882.098,4861.008,4893.085,21.090000000000146,32.077000000000226,46.652000000000044,-6.899999999999636,-39.61499999999978
2026-02-18 03:02:00,2026-02-18 03:02:00,XAUUSD,Buy,0.1,4884.39,4896.79,4886.81,4886.54,-27.0,-2.7,0s,-0.02%,-0.02,0.0,2.4200000000000728,9.979999999999563,-0.27000000000043656,1.0,4903.825,4915.945,4903.825,4919.775000000001,12.11999999999989,15.950000000000728,32.965000000000146,0.3969999999999345,-18.13499999999931
2026-02-18 09:14:00,2026-02-18 09:14:00,XAUUSD,Buy,0.1,4937.91,4950.31,4940.31,4941.25,94.0,9.4,4s,0.08%,0.08,4.0,2.4000000000005457,10.0,0.9399999999995998,1.0,4912.775000000001,4920.265,4912.735,4922.805,7.489999999999782,10.070000000000618,-17.50500000000011,-4.079999999999927,23.485000000000582
2026-02-18 10:19:00,2026-02-18 10:19:00,XAUUSD,Sell,0.1,4927.49,4915.09,4925.06,4924.74,32.0,3.2,4s,0.03%,0.03,4.0,2.429999999999381,9.970000000000256,0.32000000000061846,-1.0,4917.695,4924.335,4909.225,4924.335,6.640000000000327,15.109999999999673,15.835000000000036,-2.7799999999997453,-5.175000000000182
2026-02-18 12:38:00,2026-02-18 12:38:00,XAUUSD,Sell,0.1,4915.34,4902.94,4912.91,4910.51,240.0,24.0,6s,0.20%,0.2,6.0,2.430000000000291,9.970000000000256,2.399999999999636,-1.0,4917.495,4930.965,4917.495,4946.935,13.470000000000255,29.44000000000051,-4.585000000000036,0.5900000000001455,7.914999999999964
2026-02-18 13:02:00,2026-02-18 13:02:00,XAUUSD,Sell,0.1,4915.34,4902.94,4912.9,4912.74,16.0,1.6,8s,0.01%,0.01,8.0,2.4400000000005093,9.960000000000036,0.15999999999985448,-1.0,4942.765,4958.818,4942.765,4959.388,16.052999999999884,16.622999999999593,-29.86500000000069,-13.789999999999964,29.835000000000036
2026-02-18 13:45:00,2026-02-18 13:45:00,XAUUSD,Sell,0.1,4911.69,4899.29,4909.28,4908.43,85.0,8.5,28s,0.07%,0.07,28.0,2.4099999999998545,9.989999999999782,0.8499999999994543,-1.0,4948.845,4956.455,4948.845,4961.155,7.609999999999673,12.30999999999949,-39.56500000000051,-0.030000000000654836,46.57500000000073
2026-02-18 14:10:00,2026-02-18 14:11:00,XAUUSD,Buy,0.1,4922.16,4934.56,4924.57,4924.81,24.0,2.4,39s,0.02%,0.02,39.0,2.4099999999998545,9.990000000000691,0.24000000000069122,1.0,4951.985,4961.155,4951.985,4963.435,9.170000000000073,11.450000000000728,38.86500000000069,-1.5900000000001455,-29.69500000000062
2026-02-18 14:39:00,2026-02-18 14:39:00,XAUUSD,Buy,0.1,4922.16,4934.56,4924.58,4925.18,60.0,6.0,16s,0.05%,0.05,16.0,2.4200000000000728,9.980000000000471,0.6000000000003638,1.0,4955.278,4986.035,4955.278,4994.098,30.756999999999607,38.81999999999971,69.51800000000003,2.7100000000000364,-35.99499999999989
2026-02-18 16:32:00,2026-02-18 16:32:00,XAUUSD,Buy,0.1,4966.6,4979.0,4969.03,4978.68,965.0,96.5,24s,0.80%,0.8,24.0,2.429999999999381,9.970000000000256,9.650000000000546,1.0,4994.185,5006.375,4994.185,5010.8150000000005,12.1899999999996,16.63000000000011,41.785000000000764,-2.6700000000000728,-27.655000000000655
2026-02-18 18:47:00,2026-02-18 18:47:00,XAUUSD,Buy,0.1,5006.62,5019.02,5009.02,5010.32,130.0,13.0,7s,0.11%,0.11,7.0,2.4000000000005457,10.0,1.2999999999992724,1.0,4982.245,4987.365,4982.245,4994.2080000000005,5.119999999999891,11.963000000000648,-14.811999999999898,-4.670000000000073,25.855000000000473
2026-02-19 05:34:00,2026-02-19 05:34:00,XAUUSD,Buy,0.1,4975.04,4987.44,4977.47,4978.45,98.0,9.8,7s,0.08%,0.08,7.0,2.430000000000291,9.969999999999343,0.9799999999995634,1.0,4988.625,4996.085,4988.625,4998.405,7.460000000000036,9.779999999999745,20.93499999999949,-1.25,-11.364999999999782
2026-02-19 10:45:00,2026-02-19 10:45:00,XAUUSD,Buy,0.1,5019.44,5031.84,5021.87,5021.91,4.0,0.4,4s,0.00%,0.0,4.0,2.430000000000291,9.970000000000256,0.03999999999996362,1.0,4987.5650000000005,4993.1050000000005,4987.5650000000005,4996.215,5.539999999999964,8.649999999999636,-25.654999999999745,1.800000000000182,33.48499999999967
2026-02-19 11:28:00,2026-02-19 11:28:00,XAUUSD,Sell,0.1,5008.7,4996.3,5006.24,5003.09,315.0,31.5,23s,0.26%,0.26,23.0,2.4600000000000364,9.9399999999996,3.149999999999636,-1.0,4977.905,4994.175,4977.905,4994.175,16.270000000000437,16.270000000000437,28.335000000000036,0.6500000000005457,-13.875
2026-02-19 15:02:00,2026-02-19 15:02:00,XAUUSD,Sell,0.1,4980.42,4968.02,4978.01,4975.1,291.0,29.1,12s,0.24%,0.24,12.0,2.4099999999998545,9.989999999999782,2.9099999999998545,-1.0,4998.738,5009.448,4995.988,5016.115,10.710000000000036,20.126999999999498,-17.978000000000065,-12.82299999999941,27.1279999999997
2026-02-19 15:30:00,2026-02-19 15:30:00,XAUUSD,Sell,0.1,4980.42,4968.02,4978.0,4972.11,589.0,58.9,14s,0.48%,0.48,14.0,2.4200000000000728,9.979999999999563,5.890000000000327,-1.0,5012.158,5021.948,5006.205,5021.948,9.789999999999964,15.743000000000393,-28.204999999999927,-16.469999999999345,37.73499999999967
2026-02-19 16:10:00,2026-02-19 16:10:00,XAUUSD,Sell,0.1,4980.42,4968.02,4977.99,4972.75,524.0,52.4,24s,0.42%,0.42,24.0,2.430000000000291,9.969999999999343,5.239999999999782,-1.0,5000.735,5014.025000000001,4991.285,5014.025000000001,13.290000000000873,22.74000000000069,-13.295000000000073,1.6400000000003274,35.45499999999993
2026-02-19 16:30:00,2026-02-19 16:30:00,XAUUSD,Sell,0.1,4974.22,4961.82,4971.81,4971.99,-18.0,-1.8,2s,-0.01%,-0.01,2.0,2.4099999999998545,9.990000000000691,-0.17999999999938154,-1.0,4997.675,5008.705,4989.965,5008.705,11.029999999999745,18.73999999999978,-18.154999999999745,7.010000000000218,26.30499999999938
2026-02-20 03:00:00,2026-02-20 03:00:00,XAUUSD,Buy,0.1,5005.55,5017.95,5007.96,5010.68,272.0,27.2,16s,0.22%,0.22,16.0,2.4099999999998545,9.989999999999782,2.7200000000002547,1.0,4989.465,4997.215,4989.465,4998.095,7.75,8.63000000000011,-9.864999999999782,-3.5799999999999272,12.135000000000218
2026-02-20 05:05:00,2026-02-20 05:05:00,XAUUSD,Sell,0.1,4995.24,4982.84,4992.82,4989.87,295.0,29.5,17s,0.24%,0.24,17.0,2.4200000000000728,9.979999999999563,2.949999999999818,-1.0,4999.345,5005.755,4998.275000000001,5005.755,6.4099999999998545,7.479999999999563,-5.455000000000837,-0.9600000000000364,6.625
2026-02-20 05:42:00,2026-02-20 05:42:00,XAUUSD,Sell,0.1,4987.95,4975.55,4985.53,4983.37,216.0,21.6,4s,0.17%,0.17,4.0,2.4200000000000728,9.979999999999563,2.1599999999998545,-1.0,4997.598,5004.485,4997.598,5011.555,6.886999999999716,13.957000000000335,-12.068000000000211,-0.23999999999978172,15.704999999999927
2026-02-20 08:01:00,2026-02-20 08:01:00,XAUUSD,Buy,0.1,5012.56,5024.96,5014.97,5016.41,144.0,14.4,18s,0.12%,0.12,18.0,2.4099999999998545,9.989999999999782,1.4399999999995998,1.0,5004.665,5016.225,5004.665,5019.6050000000005,11.5600000000004,14.94000000000051,4.635000000000218,-10.0,8.965000000000146
2026-02-20 10:54:00,2026-02-20 10:55:00,XAUUSD,Buy,0.1,5027.69,5040.09,5030.09,5030.24,15.0,1.5,43s,0.01%,0.01,43.0,2.4000000000005457,10.0,0.1499999999996362,1.0,5025.465,5036.72,5025.465,5036.72,11.25500000000011,11.25500000000011,6.630000000000109,7.390000000000327,-3.5450000000000728
2026-02-20 11:01:00,2026-02-20 11:01:00,XAUUSD,Buy,0.1,5027.69,5040.09,5030.09,5029.83,-26.0,-2.6,1s,-0.02%,-0.02,1.0,2.4000000000005457,10.0,-0.2600000000002183,1.0,5030.655,5034.505,5025.595,5034.505,3.850000000000364,8.909999999999854,4.414999999999964,0.7799999999997453,-4.324999999999818
2026-02-23 04:37:00,2026-02-23 04:37:00,XAUUSD,Buy,0.1,5165.39,5177.79,5167.79,5169.45,166.0,16.6,17s,0.13%,0.13,17.0,2.399999999999636,10.0,1.6599999999998545,1.0,5155.665,5163.535,5155.665,5163.535,7.869999999999891,7.869999999999891,-4.255000000000109,-2.0799999999999272,7.864999999999782
2026-02-23 08:30:00,2026-02-23 08:30:00,XAUUSD,Sell,0.1,5154.63,5142.23,5152.23,5152.4,-17.0,-1.7,6s,-0.01%,-0.01,6.0,2.4000000000005457,10.0,-0.17000000000007276,-1.0,5121.818,5132.165,5121.818,5141.905,10.346999999999753,20.086999999999534,30.411999999999352,13.090000000000146,-27.344999999999345
2026-02-23 14:44:00,2026-02-23 14:45:00,XAUUSD,Buy,0.1,5161.25,5173.65,5163.65,5164.52,87.0,8.7,47s,0.07%,0.07,47.0,2.399999999999636,10.0,0.8700000000008004,1.0,5164.638,5190.5650000000005,5164.638,5200.198,25.92700000000059,35.5600000000004,36.548000000000684,8.400000000000546,-1.4450000000006185
2026-02-23 15:26:00,2026-02-23 15:26:00,XAUUSD,Sell,0.1,5147.94,5135.54,5145.53,5144.63,90.0,9.0,5s,0.07%,0.07,5.0,2.4099999999998545,9.989999999999782,0.8999999999996362,-1.0,5190.9980000000005,5203.408,5185.955,5203.408,12.409999999999854,17.45300000000043,-40.42500000000018,-6.619999999999891,53.335000000000036
2026-02-23 16:00:00,2026-02-23 16:00:00,XAUUSD,Sell,0.1,5146.18,5133.78,5143.76,5141.67,209.0,20.9,12s,0.17%,0.17,12.0,2.4200000000000728,9.980000000000471,2.0900000000001455,-1.0,5175.545,5204.165,5175.545,5218.865,28.61999999999989,43.31999999999971,-31.784999999999854,5.097000000000662,52.167999999999665
2026-02-23 16:30:00,2026-02-23 16:31:00,XAUUSD,Buy,0.1,5163.12,5175.52,5165.53,5170.67,514.0,51.4,52s,0.41%,0.41,52.0,2.4099999999998545,9.990000000000691,5.140000000000327,1.0,5206.225,5215.395,5206.225,5217.635,9.170000000000073,11.409999999999854,52.10500000000047,12.113000000000284,-48.798000000000684
2026-02-24 03:00:00,2026-02-24 03:00:00,XAUUSD,Sell,0.1,5220.57,5208.17,5218.13,5208.16,997.0,99.7,18s,0.79%,0.79,18.0,2.4399999999996,9.960000000000036,9.970000000000255,-1.0,5185.245,5191.6050000000005,5181.648,5191.6050000000005,6.360000000000582,9.957000000000335,36.48199999999997,-6.4099999999998545,-28.4350000000004
2026-02-24 08:35:00,2026-02-24 08:35:00,XAUUSD,Sell,0.1,5163.25,5150.85,5160.84,5156.68,416.0,41.6,17s,0.33%,0.33,17.0,2.4099999999998545,9.989999999999782,4.1599999999998545,-1.0,5169.125,5181.648,5168.545,5181.648,12.523000000000138,13.103000000000065,-7.704999999999927,0.7899999999999636,9.135000000000218
2026-02-24 12:33:00,2026-02-24 12:33:00,XAUUSD,Sell,0.1,5168.87,5156.47,5166.45,5166.44,1.0,0.1,2s,0.00%,0.0,2.0,2.4200000000000728,9.979999999999563,0.010000000000218279,-1.0,5153.585,5164.305,5144.8150000000005,5164.305,10.720000000000255,19.48999999999978,21.63499999999931,6.079999999999927,-5.174999999999272
2026-02-24 14:17:00,2026-02-24 14:17:00,XAUUSD,Sell,0.1,5165.65,5153.25,5163.25,5158.06,519.0,51.9,27s,0.41%,0.41,27.0,2.399999999999636,10.0,5.1899999999996,-1.0,5100.295,5119.195,5100.295,5138.875,18.899999999999636,38.57999999999993,62.95499999999993,10.090000000000146,-58.70499999999993
2026-02-24 15:39:00,2026-02-24 15:39:00,XAUUSD,Sell,0.1,5147.55,5135.15,5145.13,5135.15,998.0,99.8,26s,0.78%,0.78,26.0,2.4200000000000728,9.980000000000471,9.980000000000473,-1.0,5133.805,5149.945,5133.805,5155.045,16.139999999999418,21.23999999999978,11.324999999999818,-1.430000000000291,-7.024999999999636
2026-02-25 03:14:00,2026-02-25 03:14:00,XAUUSD,Buy,0.1,5170.9,5183.3,5173.31,5176.35,304.0,30.4,16s,0.24%,0.24,16.0,2.410000000000764,9.989999999999782,3.0399999999999636,1.0,5180.365,5189.805,5179.055,5189.805,9.44000000000051,10.75,16.49499999999989,-5.390000000000327,-7.014999999999418
2026-02-25 07:18:00,2026-02-25 07:18:00,XAUUSD,Buy,0.1,5191.57,5203.97,5193.98,5194.8,82.0,8.2,13s,0.06%,0.06,13.0,2.4099999999998545,9.990000000000691,0.8200000000006185,1.0,5181.985,5190.075,5181.985,5190.205,8.090000000000146,8.220000000000255,-3.774999999999636,-6.0600000000004,5.614999999999782
2026-02-25 09:54:00,2026-02-25 09:54:00,XAUUSD,Sell,0.1,5184.71,5172.31,5182.29,5180.79,150.0,15.0,15s,0.12%,0.12,15.0,2.4200000000000728,9.979999999999563,1.5,-1.0,5187.648,5194.375,5182.558,5195.025000000001,6.726999999999862,12.467000000000553,-0.2680000000000291,-4.170000000000073,8.395000000000437
2026-02-25 11:03:00,2026-02-25 11:03:00,XAUUSD,Sell,0.1,5182.92,5170.52,5180.5,5176.85,365.0,36.5,14s,0.28%,0.28,14.0,2.4200000000000728,9.979999999999563,3.649999999999636,-1.0,5162.695,5175.675,5154.895,5175.675,12.980000000000473,20.779999999999745,25.604999999999563,1.8400000000001455,-5.7150000000001455
2026-02-25 12:20:00,2026-02-25 12:20:00,XAUUSD,Sell,0.1,5179.01,5166.61,5176.57,5175.44,113.0,11.3,4s,0.09%,0.09,4.0,2.4400000000005093,9.960000000000036,1.1300000000001091,-1.0,5181.555,5187.175,5177.035,5187.175,5.619999999999891,10.140000000000327,-0.4650000000001455,-0.3899999999994179,5.135000000000218
2026-02-25 15:05:00,2026-02-25 15:05:00,XAUUSD,Buy,0.1,5185.05,5197.45,5187.45,5188.36,91.0,9.1,22s,0.07%,0.07,22.0,2.399999999999636,10.0,0.9099999999998545,1.0,5190.075,5202.3550000000005,5173.665,5202.3550000000005,12.280000000000655,28.69000000000051,14.905000000000655,16.11999999999989,-3.485000000000582
2026-02-25 16:56:00,2026-02-25 16:57:00,XAUUSD,Buy,0.1,5189.12,5201.52,5191.52,5193.07,155.0,15.5,48s,0.12%,0.12,48.0,2.4000000000005457,10.0,1.5499999999992724,1.0,5206.475,5213.615,5206.475,5217.385,7.139999999999418,10.909999999999854,25.86499999999978,4.670000000000073,-15.764999999999418
2026-02-25 17:41:00,2026-02-25 17:42:00,XAUUSD,Buy,0.1,5189.12,5201.52,5191.53,5191.55,2.0,0.2,23s,0.00%,0.0,23.0,2.4099999999998545,9.990000000000691,0.020000000000436557,1.0,5208.108,5214.198,5203.445,5214.198,6.0900000000001455,10.753000000000611,22.668000000000575,-2.0700000000006185,-21.295000000000073
2026-02-25 18:22:00,2026-02-25 18:22:00,XAUUSD,Buy,0.1,5200.03,5212.43,5202.44,5204.67,223.0,22.3,14s,0.17%,0.17,14.0,2.4099999999998545,9.990000000000691,2.230000000000473,1.0,5206.338,5207.205,5204.898,5207.375,0.8670000000001892,2.4769999999998618,4.9350000000004,0.03999999999996362,-4.1850000000004
2026-02-26 06:12:00,2026-02-26 06:12:00,XAUUSD,Buy,0.1,5195.92,5208.32,5198.37,5198.45,8.0,0.8,3s,0.01%,0.01,3.0,2.449999999999818,9.949999999999818,0.07999999999992724,1.0,5193.325,5199.385,5192.655,5199.385,6.0600000000004,6.730000000000473,1.0150000000003274,-1.199999999999818,0.2649999999994179
2026-02-26 07:13:00,2026-02-26 07:13:00,XAUUSD,Buy,0.1,5196.87,5209.27,5199.27,5199.32,5.0,0.5,5s,0.00%,0.0,5.0,2.4000000000005457,10.0,0.049999999999272404,1.0,5182.115,5194.595,5181.8550000000005,5194.595,12.480000000000473,12.739999999999782,-4.675000000000182,-3.4200000000000728,6.335000000000036
2026-02-26 09:02:00,2026-02-26 09:03:00,XAUUSD,Sell,0.1,5192.34,5179.94,5189.93,5187.98,195.0,19.5,32s,0.15%,0.15,32.0,2.4099999999998545,9.990000000000691,1.9500000000007276,-1.0,5173.595,5182.335,5173.595,5182.335,8.739999999999782,8.739999999999782,16.335000000000036,-5.356999999999971,-10.784999999999854
2026-02-26 12:57:00,2026-02-26 12:57:00,XAUUSD,Sell,0.1,5170.14,5157.74,5167.74,5167.75,-1.0,-0.1,17s,0.00%,0.0,17.0,2.4000000000005457,10.0,-0.010000000000218279,-1.0,5179.295,5187.585,5167.995,5187.585,8.289999999999964,19.590000000000146,-0.25500000000010914,-9.029999999999745,19.50500000000011
2026-02-26 13:52:00,2026-02-26 13:52:00,XAUUSD,Sell,0.1,5168.37,5155.97,5165.96,5165.95,1.0,0.1,1s,0.00%,0.0,1.0,2.4099999999998545,9.989999999999782,0.010000000000218279,-1.0,5164.335,5171.365,5159.945,5171.365,7.029999999999745,11.420000000000073,6.015000000000327,9.30999999999949,-1.1549999999997453
2026-02-26 16:30:00,2026-02-26 16:30:00,XAUUSD,Sell,0.1,5160.18,5147.78,5157.74,5147.78,996.0,99.6,20s,0.76%,0.76,20.0,2.4400000000005093,9.960000000000036,9.960000000000036,-1.0,5177.735,5186.1050000000005,5175.095,5186.1050000000005,8.3700000000008,11.010000000000218,-17.355000000000473,-3.509999999999309,22.375
2026-02-27 03:40:00,2026-02-27 03:40:00,XAUUSD,Buy,0.1,5188.63,5201.03,5191.09,5191.1,1.0,0.1,11s,0.00%,0.0,11.0,2.4600000000000364,9.9399999999996,0.010000000000218279,1.0,5183.098,5188.955,5183.098,5190.435,5.856999999999971,7.337000000000444,-0.6549999999997453,4.349999999999454,4.305000000000291
2026-02-27 07:25:00,2026-02-27 07:25:00,XAUUSD,Buy,0.1,5188.26,5200.66,5190.67,5190.67,0.0,0.0,5s,0.00%,0.0,5.0,2.4099999999998545,9.989999999999782,0.0,1.0,5177.215,5185.405,5175.375,5185.405,8.1899999999996,10.029999999999745,-5.265000000000327,-4.039999999999964,9.3149999999996
2026-02-27 09:16:00,2026-02-27 09:16:00,XAUUSD,Sell,0.1,5183.37,5170.97,5180.95,5179.49,146.0,14.6,17s,0.11%,0.11,17.0,2.4200000000000728,9.979999999999563,1.4600000000000364,-1.0,5176.585,5181.975,5176.585,5181.975,5.390000000000327,5.390000000000327,4.364999999999782,0.26999999999952706,-2.6749999999992724
2026-02-27 11:48:00,2026-02-27 11:48:00,XAUUSD,Sell,0.1,5176.74,5164.34,5174.32,5173.09,123.0,12.3,4s,0.09%,0.09,4.0,2.4200000000000728,9.979999999999563,1.2299999999995634,-1.0,5177.475,5185.515,5177.475,5190.455,8.039999999999964,12.979999999999563,-3.155000000000655,-0.010000000000218279,3.1850000000004
2026-03-02 08:05:00,2026-03-02 08:05:00,XAUUSD,Buy,0.1,5364.83,5377.23,5367.25,5370.09,284.0,28.4,17s,0.22%,0.22,17.0,2.4200000000000728,9.979999999999563,2.8400000000001455,1.0,5402.405,5412.765,5401.875,5415.735,10.360000000000582,13.859999999999673,48.48499999999967,5.356999999999971,-40.85500000000047
2026-03-02 12:02:00,2026-03-02 12:02:00,XAUUSD,Sell,0.1,5388.5,5376.1,5386.07,5383.98,209.0,20.9,14s,0.16%,0.16,14.0,2.430000000000291,9.969999999999343,2.0900000000001455,-1.0,5378.705,5398.155,5378.705,5398.155,19.449999999999818,19.449999999999818,7.364999999999782,3.7100000000000364,-0.9149999999999636
2026-03-02 13:45:00,2026-03-02 13:45:00,XAUUSD,Sell,0.1,5381.6,5369.2,5379.12,5375.76,336.0,33.6,6s,0.25%,0.25,6.0,2.480000000000473,9.920000000000073,3.3599999999996726,-1.0,5388.798,5397.925,5363.255,5397.925,9.127000000000407,34.67000000000007,15.864999999999782,8.519999999999527,13.645000000000437
2026-03-02 15:31:00,2026-03-02 15:31:00,XAUUSD,Buy,0.1,5414.34,5426.74,5416.76,5416.51,-25.0,-2.5,1s,-0.02%,-0.02,1.0,2.4200000000000728,9.979999999999563,-0.25,1.0,5329.5650000000005,5348.438,5307.885,5348.438,18.872999999999593,40.552999999999884,-68.32200000000012,-2.6900000000005093,86.1850000000004
2026-03-02 18:00:00,2026-03-02 18:00:00,XAUUSD,Sell,0.1,5309.34,5296.94,5306.92,5296.91,1001.0,100.1,15s,0.75%,0.75,15.0,2.4200000000000728,9.980000000000471,10.010000000000218,-1.0,5289.275000000001,5308.045,5289.275000000001,5308.045,18.769999999999527,18.769999999999527,17.644999999999527,-2.7200000000002547,-0.3149999999995998
2026-03-03 06:26:00,2026-03-03 06:26:00,XAUUSD,Buy,0.1,5371.17,5383.57,5373.57,5373.7,13.0,1.3,4s,0.01%,0.01,4.0,2.399999999999636,10.0,0.13000000000010914,1.0,5287.725,5319.245,5287.725,5319.245,31.519999999999527,31.519999999999527,-54.32499999999982,-29.649999999999636,84.42499999999927
2026-03-03 07:48:00,2026-03-03 07:48:00,XAUUSD,Sell,0.1,5335.46,5323.06,5333.03,5326.56,647.0,64.7,15s,0.48%,0.48,15.0,2.430000000000291,9.969999999999343,6.469999999999345,-1.0,5323.3150000000005,5330.8550000000005,5319.625,5335.735,7.539999999999964,16.109999999999673,13.404999999999745,-12.980000000000473,-6.844999999999345
2026-03-03 11:25:00,2026-03-03 11:25:00,XAUUSD,Sell,0.1,5281.39,5268.99,5278.94,5268.9,1004.0,100.4,9s,0.75%,0.75,9.0,2.450000000000728,9.949999999999818,10.039999999999964,-1.0,5110.818,5209.145,5071.645,5209.145,98.32700000000023,137.5,207.29499999999916,50.17699999999968,-81.3819999999996
2026-03-03 13:07:00,2026-03-03 13:07:00,XAUUSD,Sell,0.1,5228.69,5216.29,5226.22,5216.22,1000.0,100.0,12s,0.74%,0.74,12.0,2.469999999999345,9.930000000000293,10.0,-1.0,5145.775000000001,5224.075,5145.775000000001,5224.075,78.29999999999927,78.29999999999927,80.44499999999971,-21.49000000000069,-2.1549999999997453
2026-03-03 16:44:00,2026-03-03 16:44:00,XAUUSD,Sell,0.1,5077.68,5065.28,5075.27,5065.24,1003.0,100.3,20s,0.73%,0.73,20.0,2.4099999999998545,9.990000000000691,10.030000000000655,-1.0,5106.485,5134.358,5097.838,5134.358,27.873000000000502,36.52000000000044,-22.5679999999993,-4.549999999999272,36.964999999999236
2026-03-04 03:01:00,2026-03-04 03:02:00,XAUUSD,Buy,0.1,5146.64,5159.04,5149.07,5158.09,902.0,90.2,39s,0.66%,0.66,39.0,2.429999999999381,9.970000000000256,9.020000000000437,1.0,5141.015,5159.775000000001,5141.015,5167.935,18.76000000000022,26.920000000000073,18.86500000000069,-23.960000000000036,-7.005000000000109
2026-03-04 08:01:00,2026-03-04 08:02:00,XAUUSD,Sell,0.1,5154.53,5142.13,5152.13,5144.29,784.0,78.4,33s,0.57%,0.57,33.0,2.399999999999636,10.0,7.8400000000001455,-1.0,5147.238,5172.005,5147.238,5172.005,24.766999999999825,24.766999999999825,4.891999999999825,1.1699999999991633,15.895000000000437
2026-03-04 10:44:00,2026-03-04 10:44:00,XAUUSD,Buy,0.1,5173.58,5185.98,5175.98,5175.87,-11.0,-1.1,7s,-0.01%,-0.01,7.0,2.399999999999636,10.0,-0.10999999999967258,1.0,5179.325,5191.025000000001,5179.325,5193.585,11.700000000000728,14.260000000000218,17.605000000000473,-9.943000000000211,-11.735000000000582
2026-03-04 11:20:00,2026-03-04 11:20:00,XAUUSD,Buy,0.1,5173.58,5185.98,5175.98,5176.11,13.0,1.3,5s,0.01%,0.01,5.0,2.399999999999636,10.0,0.13000000000010914,1.0,5189.995,5197.425,5189.995,5200.485,7.430000000000291,10.489999999999782,24.50500000000011,5.279999999999745,-18.9350000000004
2026-03-04 11:39:00,2026-03-04 11:39:00,XAUUSD,Buy,0.1,5179.82,5192.22,5182.25,5184.82,257.0,25.7,15s,0.18%,0.18,15.0,2.430000000000291,9.970000000000256,2.569999999999709,1.0,5190.685,5200.485,5187.485,5200.485,9.799999999999272,13.0,18.234999999999673,-0.25,-12.414999999999964
2026-03-04 14:03:00,2026-03-04 14:04:00,XAUUSD,Buy,0.1,5200.18,5212.58,5202.58,5205.41,283.0,28.3,39s,0.20%,0.2,39.0,2.399999999999636,10.0,2.8299999999999272,1.0,5164.525000000001,5180.525000000001,5160.045,5180.525000000001,16.0,20.480000000000473,-22.05499999999938,-20.539999999999964,34.974999999999454
2026-03-04 16:48:00,2026-03-04 16:48:00,XAUUSD,Sell,0.1,5158.67,5146.27,5156.27,5146.25,1002.0,100.2,21s,0.72%,0.72,21.0,2.399999999999636,10.0,10.020000000000437,-1.0,5142.485,5152.625,5142.485,5152.835,10.140000000000327,10.350000000000364,13.785000000000764,-0.38000000000010914,-9.965000000000146
2026-03-05 03:06:00,2026-03-05 03:07:00,XAUUSD,Buy,0.1,5177.48,5189.88,5179.9,5180.26,36.0,3.6,36s,0.03%,0.03,36.0,2.4200000000000728,9.980000000000471,0.3600000000005821,1.0,5183.718,5194.615,5183.718,5194.615,10.896999999999935,10.896999999999935,14.715000000000146,16.659999999999854,-11.835000000000036
2026-03-05 04:23:00,2026-03-05 04:23:00,XAUUSD,Buy,0.1,5184.14,5196.54,5186.56,5188.02,146.0,14.6,12s,0.10%,0.1,12.0,2.4200000000000728,9.979999999999563,1.4600000000000364,1.0,5174.445,5186.415,5173.445,5186.415,11.970000000000255,12.970000000000255,-0.14500000000043656,3.449999999999818,3.1950000000006185
2026-03-05 07:33:00,2026-03-05 07:33:00,XAUUSD,Sell,0.1,5168.75,5156.35,5166.34,5166.05,29.0,2.9,4s,0.02%,0.02,4.0,2.4099999999998545,9.989999999999782,0.2899999999999636,-1.0,5159.195,5166.658,5158.395,5166.658,7.463000000000648,8.26299999999992,7.944999999999709,-4.053000000000793,-0.5919999999996435
2026-03-05 08:10:00,2026-03-05 08:10:00,XAUUSD,Sell,0.1,5131.92,5119.52,5129.51,5127.84,167.0,16.7,5s,0.12%,0.12,5.0,2.4099999999998545,9.989999999999782,1.6700000000000728,-1.0,5141.435,5162.195,5137.218,5162.195,20.75999999999931,24.97699999999986,-7.707999999999629,-1.9600000000000364,32.335000000000036
2026-03-05 11:06:00,2026-03-05 11:06:00,XAUUSD,Buy,0.1,5170.38,5182.78,5172.8,5174.23,143.0,14.3,6s,0.10%,0.1,6.0,2.4200000000000728,9.979999999999563,1.4299999999993815,1.0,5161.1050000000005,5167.8550000000005,5160.715,5167.8550000000005,6.75,7.140000000000327,-4.944999999999709,7.5900000000001455,8.475000000000364
2026-03-05 14:05:00,2026-03-05 14:05:00,XAUUSD,Buy,0.1,5165.62,5178.02,5168.05,5169.91,186.0,18.6,15s,0.13%,0.13,15.0,2.430000000000291,9.970000000000256,1.8599999999996726,1.0,5109.985,5129.725,5102.595,5129.725,19.74000000000069,27.13000000000011,-38.32499999999982,-12.989999999999782,50.29500000000007
2026-03-05 15:16:00,2026-03-05 15:16:00,XAUUSD,Sell,0.1,5148.75,5136.35,5146.26,5138.28,798.0,79.8,12s,0.56%,0.56,12.0,2.4899999999997817,9.909999999999854,7.980000000000473,-1.0,5072.015,5093.598,5072.015,5093.625,21.58299999999963,21.609999999999673,74.24499999999989,16.550000000000182,-61.10500000000047
2026-03-05 17:08:00,2026-03-05 17:08:00,XAUUSD,Sell,0.1,5085.7,5073.3,5083.23,5073.25,998.0,99.8,11s,0.70%,0.7,11.0,2.4700000000002547,9.929999999999382,9.979999999999563,-1.0,5073.795,5089.275000000001,5073.795,5089.275000000001,15.480000000000473,15.480000000000473,9.43499999999949,-6.710000000000036,-5.824999999999818
2026-03-05 18:26:00,2026-03-05 18:26:00,XAUUSD,Sell,0.1,5062.85,5050.45,5060.44,5060.43,1.0,0.1,2s,0.00%,0.0,2.0,2.410000000000764,9.989999999999782,0.009999999999308784,-1.0,5061.185,5075.705,5061.185,5085.245,14.519999999999527,24.05999999999949,-0.7450000000008004,-9.0,11.135000000000218
2026-03-06 03:00:00,2026-03-06 03:00:00,XAUUSD,Sell,0.1,5076.6,5064.2,5074.19,5066.76,743.0,74.3,12s,0.52%,0.52,12.0,2.410000000000764,9.989999999999782,7.4299999999993815,-1.0,5124.085,5134.705,5124.085,5141.048,10.61999999999989,16.962999999999738,-49.89500000000044,-1.839999999999236,51.79500000000007
2026-03-06 03:35:00,2026-03-06 03:35:00,XAUUSD,Buy,0.1,5099.61,5112.01,5102.01,5103.0,99.0,9.9,6s,0.07%,0.07,6.0,2.4000000000005457,10.0,0.9899999999997817,1.0,5128.798,5137.835,5128.798,5137.835,9.037000000000262,9.037000000000262,35.82499999999982,3.5200000000004366,-34.29500000000007
2026-03-06 09:07:00,2026-03-06 09:07:00,XAUUSD,Sell,0.1,5111.66,5099.26,5109.24,5109.23,1.0,0.1,3s,0.00%,0.0,3.0,2.4200000000000728,9.979999999999563,0.010000000000218279,-1.0,5094.255,5109.068,5091.555,5109.068,14.813000000000102,17.51299999999992,17.68499999999949,-1.2400000000006912,-0.714999999999236
2026-03-06 10:25:00,2026-03-06 10:25:00,XAUUSD,Sell,0.1,5108.26,5095.86,5105.82,5104.24,158.0,15.8,13s,0.11%,0.11,13.0,2.4400000000005093,9.960000000000036,1.5799999999999272,-1.0,5079.585,5093.055,5079.585,5093.055,13.470000000000255,13.470000000000255,26.234999999999673,3.0399999999999636,-23.524999999999636
2026-03-09 03:00:00,2026-03-09 03:00:00,XAUUSD,Sell,0.1,5030.84,5018.44,5028.36,5018.38,998.0,99.8,13s,0.69%,0.69,13.0,2.480000000000473,9.920000000000073,9.979999999999563,-1.0,5083.985,5099.465,5083.615,5102.145,15.480000000000473,18.530000000000655,-55.25500000000011,-1.8299999999999272,65.9950000000008
2026-03-09 04:10:00,2026-03-09 04:10:00,XAUUSD,Buy,0.1,5085.21,5097.61,5087.71,5094.78,707.0,70.7,15s,0.49%,0.49,15.0,2.5,9.899999999999636,7.069999999999709,1.0,5086.695,5096.985,5086.695,5096.985,10.289999999999964,10.289999999999964,9.274999999999636,4.299999999999272,-3.4049999999997453
2026-03-09 07:23:00,2026-03-09 07:23:00,XAUUSD,Buy,0.1,5100.05,5112.45,5102.48,5103.13,65.0,6.5,3s,0.04%,0.04,3.0,2.429999999999381,9.970000000000256,0.6500000000005457,1.0,5095.055,5106.805,5095.055,5107.685,11.75,12.63000000000011,5.205000000000837,-0.6599999999998545,5.7549999999992
2026-03-09 10:32:00,2026-03-09 10:32:00,XAUUSD,Sell,0.1,5091.03,5078.63,5088.62,5087.34,128.0,12.8,5s,0.09%,0.09,5.0,2.4099999999998545,9.989999999999782,1.2799999999997453,-1.0,5088.8150000000005,5100.035,5083.405,5100.035,11.219999999999345,16.63000000000011,5.2150000000001455,9.449999999999818,10.81500000000051
2026-03-09 11:09:00,2026-03-09 11:09:00,XAUUSD,Buy,0.1,5108.48,5120.88,5110.91,5111.47,56.0,5.6,3s,0.04%,0.04,3.0,2.430000000000291,9.970000000000256,0.5600000000004002,1.0,5086.4890000000005,5097.0650000000005,5079.235,5097.0650000000005,10.576000000000022,17.830000000000837,-13.844999999999345,-8.579999999999927,23.93499999999949
2026-03-09 12:51:00,2026-03-09 12:51:00,XAUUSD,Sell,0.1,5089.5,5077.1,5087.07,5084.51,256.0,25.6,14s,0.18%,0.18,14.0,2.430000000000291,9.969999999999343,2.5599999999994907,-1.0,5093.078,5106.665,5087.558,5106.665,13.586999999999534,19.10699999999997,-0.48800000000028376,2.4400000000005093,19.50500000000011
2026-03-09 15:42:00,2026-03-09 15:42:00,XAUUSD,Sell,0.1,5082.24,5069.84,5079.82,5075.54,428.0,42.8,17s,0.29%,0.29,17.0,2.4200000000000728,9.979999999999563,4.279999999999745,-1.0,5092.685,5102.295,5092.685,5103.135,9.609999999999673,10.449999999999818,-12.865000000000691,-7.8400000000001455,19.405000000000655
2026-03-10 03:20:00,2026-03-10 03:20:00,XAUUSD,Buy,0.1,5153.69,5166.09,5156.13,5158.22,209.0,20.9,10s,0.14%,0.14,10.0,2.4400000000005093,9.960000000000036,2.0900000000001455,1.0,5161.245,5170.395,5159.8150000000005,5170.395,9.150000000000546,10.579999999999927,14.265000000000327,0.6500000000005457,-10.1850000000004
2026-03-10 09:59:00,2026-03-10 09:59:00,XAUUSD,Buy,0.1,5178.54,5190.94,5180.96,5181.05,9.0,0.9,18s,0.01%,0.01,18.0,2.4200000000000728,9.979999999999563,0.09000000000014552,1.0,5182.265,5188.915,5175.655,5188.915,6.649999999999636,13.260000000000218,7.954999999999927,0.7100000000000364,-6.345000000000255
2026-03-10 12:37:00,2026-03-10 12:37:00,XAUUSD,Sell,0.1,5160.98,5148.58,5158.57,5158.24,33.0,3.3,3s,0.02%,0.02,3.0,2.4099999999998545,9.989999999999782,0.32999999999992724,-1.0,5177.729,5185.335,5177.729,5189.305,7.605999999999767,11.576000000000022,-19.15900000000056,-8.587000000000444,20.955000000000837
2026-03-10 15:00:00,2026-03-10 15:00:00,XAUUSD,Buy,0.1,5189.54,5201.94,5191.95,5196.19,424.0,42.4,13s,0.29%,0.29,13.0,2.4099999999998545,9.989999999999782,4.239999999999782,1.0,5202.945,5226.155,5202.945,5228.405,23.210000000000036,25.460000000000036,36.45499999999993,0.7070000000003347,-14.515000000000327
2026-03-10 17:20:00,2026-03-10 17:20:00,XAUUSD,Buy,0.1,5226.28,5238.68,5228.7,5228.45,-25.0,-2.5,1s,-0.02%,-0.02,1.0,2.4200000000000728,9.980000000000471,-0.25,1.0,5223.215,5234.185,5223.215,5234.385,10.970000000000255,11.170000000000073,5.6850000000004,6.519999999999527,-5.204999999999927
2026-03-11 07:30:00,2026-03-11 07:30:00,XAUUSD,Sell,0.1,5201.68,5189.28,5199.28,5190.87,841.0,84.1,25s,0.57%,0.57,25.0,2.4000000000005457,10.0,8.409999999999854,-1.0,5184.425,5198.125,5184.425,5198.125,13.699999999999818,13.699999999999818,14.854999999999563,1.019999999999527,-1.6049999999995634
2026-03-11 09:33:00,2026-03-11 09:33:00,XAUUSD,Sell,0.1,5193.03,5180.63,5190.63,5190.4,23.0,2.3,8s,0.02%,0.02,8.0,2.399999999999636,10.0,0.23000000000047294,-1.0,5186.895,5197.055,5186.3550000000005,5197.055,10.159999999999854,10.699999999999818,4.274999999999636,-3.4700000000002547,-3.3350000000000364
2026-03-11 13:58:00,2026-03-11 13:58:00,XAUUSD,Sell,0.1,5179.61,5167.21,5177.19,5175.94,125.0,12.5,5s,0.08%,0.08,5.0,2.4200000000000728,9.979999999999563,1.25,-1.0,5149.0650000000005,5176.995,5149.0650000000005,5189.965,27.92999999999938,40.899999999999636,28.12499999999909,16.05999999999949,-12.0049999999992
2026-03-11 14:36:00,2026-03-11 14:36:00,XAUUSD,Sell,0.1,5178.05,5165.65,5175.63,5173.95,168.0,16.8,6s,0.11%,0.11,6.0,2.4200000000000728,9.980000000000471,1.680000000000291,-1.0,5174.165,5195.898,5174.165,5195.898,21.733000000000175,21.733000000000175,1.4650000000001455,-4.259999999999309,18.274999999999636
2026-03-11 15:30:00,2026-03-11 15:30:00,XAUUSD,Sell,0.1,5177.84,5165.44,5175.44,5174.68,76.0,7.6,6s,0.05%,0.05,6.0,2.4000000000005457,10.0,0.7599999999993088,-1.0,5166.125,5173.925,5163.675,5174.975,7.800000000000182,11.300000000000182,11.764999999999418,-1.7100000000000364,-3.1849999999994907
2026-03-12 06:37:00,2026-03-12 06:37:00,XAUUSD,Sell,0.1,5148.16,5135.76,5145.74,5145.95,-21.0,-2.1,6s,-0.01%,-0.01,6.0,2.4200000000000728,9.979999999999563,-0.21000000000003638,-1.0,5155.615,5169.615,5155.615,5170.125,14.0,14.510000000000218,-9.875,-1.9729999999999563,10.478000000000065
2026-03-12 08:31:00,2026-03-12 08:32:00,XAUUSD,Buy,0.1,5155.45,5167.85,5157.86,5159.92,206.0,20.6,32s,0.14%,0.14,32.0,2.4099999999998545,9.990000000000691,2.0600000000004,1.0,5177.205,5181.625,5175.515,5182.685,4.420000000000073,7.170000000000073,24.825000000000728,-4.020000000000437,-19.38500000000022
2026-03-12 09:42:00,2026-03-12 09:42:00,XAUUSD,Buy,0.1,5172.77,5185.17,5175.21,5178.38,317.0,31.7,26s,0.21%,0.21,26.0,2.4399999999996,9.960000000000036,3.1700000000000728,1.0,5179.945,5187.3150000000005,5179.945,5190.055,7.3700000000008,10.110000000000582,14.845000000000255,3.5399999999999636,-4.664999999999964
2026-03-12 11:59:00,2026-03-12 11:59:00,XAUUSD,Buy,0.1,5187.35,5199.75,5189.77,5189.78,1.0,0.1,4s,0.00%,0.0,4.0,2.4200000000000728,9.979999999999563,0.009999999999308784,1.0,5176.265,5181.155,5167.025000000001,5181.155,4.889999999999418,14.1299999999992,-8.615000000000691,4.449999999999818,9.195000000000618
2026-03-12 12:00:00,2026-03-12 12:00:00,XAUUSD,Buy,0.1,5187.35,5199.75,5189.76,5190.54,78.0,7.8,12s,0.05%,0.05,12.0,2.4099999999998545,9.989999999999782,0.7799999999997453,1.0,5167.025000000001,5180.345,5163.525000000001,5180.345,13.319999999999709,16.81999999999971,-9.414999999999964,-1.7399999999997817,10.925000000000182
2026-03-12 13:19:00,2026-03-12 13:20:00,XAUUSD,Sell,0.1,5176.8,5164.4,5174.4,5173.34,106.0,10.6,27s,0.07%,0.07,27.0,2.4000000000005457,10.0,1.0599999999994907,-1.0,5158.805,5184.335,5155.405,5184.335,25.529999999999745,28.93000000000029,18.99499999999989,-2.9799999999995634,9.795000000000073
2026-03-12 14:05:00,2026-03-12 14:05:00,XAUUSD,Sell,0.1,5175.09,5162.69,5172.69,5171.72,97.0,9.7,16s,0.06%,0.06,16.0,2.4000000000005457,10.0,0.9699999999993452,-1.0,5149.835,5163.515,5149.585,5163.515,13.680000000000291,13.930000000000291,23.104999999999563,8.039999999999964,-21.664999999999054
2026-03-12 15:23:00,2026-03-12 15:23:00,XAUUSD,Sell,0.1,5166.25,5153.85,5163.82,5161.28,254.0,25.4,4s,0.17%,0.17,4.0,2.430000000000291,9.969999999999343,2.5399999999999636,-1.0,5117.825,5132.475,5117.825,5134.305,14.650000000000546,16.480000000000473,45.99499999999989,18.01000000000022,-39.154999999999745
2026-03-12 16:33:00,2026-03-12 16:33:00,XAUUSD,Sell,0.1,5148.49,5136.09,5146.06,5143.92,214.0,21.4,13s,0.14%,0.14,13.0,2.429999999999381,9.970000000000256,2.1400000000003274,-1.0,5124.695,5137.505,5121.255,5137.505,12.8100000000004,16.25,24.80500000000029,-3.07300000000032,-14.61200000000008
2026-03-13 10:03:00,2026-03-13 10:03:00,XAUUSD,Sell,0.1,5074.13,5061.73,5071.72,5069.16,256.0,25.6,12s,0.17%,0.17,12.0,2.4099999999998545,9.990000000000691,2.5600000000004,-1.0,5085.508,5093.395,5085.508,5096.465,7.887000000000626,10.957000000000335,-13.787999999999556,-3.8900000000003274,17.55500000000029
2026-03-16 08:14:00,2026-03-16 08:14:00,XAUUSD,Buy,0.1,5023.89,5036.29,5026.29,5027.63,134.0,13.4,14s,0.09%,0.09,14.0,2.399999999999636,10.0,1.3400000000001455,1.0,4988.335,5000.108,4987.675,5003.275000000001,11.773000000000138,15.600000000000364,-23.014999999999418,2.860000000000582,30.894999999999527
2026-03-16 09:15:00,2026-03-16 09:15:00,XAUUSD,Sell,0.1,5005.68,4993.28,5003.27,5001.24,203.0,20.3,13s,0.13%,0.13,13.0,2.4099999999998545,9.990000000000691,2.030000000000655,-1.0,4983.518,4990.5650000000005,4980.955,4991.465,7.04700000000048,10.510000000000218,22.31500000000051,5.729999999999563,-18.125
2026-03-16 14:28:00,2026-03-16 14:28:00,XAUUSD,Buy,0.1,5020.23,5032.63,5022.67,5024.51,184.0,18.4,10s,0.12%,0.12,10.0,2.4400000000005093,9.960000000000036,1.8400000000001455,1.0,5014.495,5029.765,5000.128,5029.765,15.270000000000437,29.637000000000626,7.095000000000255,-1.6700000000000728,-5.2849999999998545
2026-03-16 16:08:00,2026-03-16 16:08:00,XAUUSD,Buy,0.1,5033.77,5046.17,5036.19,5037.85,166.0,16.6,13s,0.11%,0.11,13.0,2.4199999999991637,9.980000000000471,1.660000000000764,1.0,4985.245,4998.665,4977.905,4998.665,13.420000000000073,20.76000000000022,-37.524999999999636,-9.590000000000146,49.3149999999996
2026-03-17 03:00:00,2026-03-17 03:00:00,XAUUSD,Sell,0.1,5001.06,4988.66,4998.65,4998.0,65.0,6.5,3s,0.04%,0.04,3.0,2.410000000000764,9.989999999999782,0.6499999999996362,-1.0,5020.375,5025.485,5020.375,5032.595,5.109999999999673,12.220000000000255,-21.725000000000364,6.599999999999454,23.61500000000069
2026-03-17 05:21:00,2026-03-17 05:21:00,XAUUSD,Buy,0.1,5027.28,5039.68,5029.68,5029.42,-26.0,-2.6,2s,-0.02%,-0.02,2.0,2.4000000000005457,10.0,-0.2600000000002183,1.0,5033.125,5044.3550000000005,5031.225,5044.3550000000005,11.230000000000473,13.13000000000011,14.675000000000182,2.6500000000005457,-10.675000000000182
2026-03-17 06:30:00,2026-03-17 06:31:00,XAUUSD,Buy,0.1,5031.27,5043.67,5033.68,5033.93,25.0,2.5,38s,0.02%,0.02,38.0,2.4099999999998545,9.989999999999782,0.25,1.0,5009.945,5016.945,5008.185,5016.945,7.0,8.759999999999309,-16.735000000000582,-0.8500000000003638,21.94500000000062
2026-03-17 12:06:00,2026-03-17 12:06:00,XAUUSD,Sell,0.1,5007.74,4995.34,5005.34,5003.98,136.0,13.6,6s,0.09%,0.09,6.0,2.399999999999636,10.0,1.360000000000582,-1.0,4999.095,5010.1050000000005,4999.095,5020.555,11.010000000000218,21.460000000000036,6.244999999999891,6.109999999999673,-2.324999999999818
2026-03-17 15:32:00,2026-03-17 15:32:00,XAUUSD,Buy,0.1,5021.45,5033.85,5023.85,5026.19,234.0,23.4,10s,0.15%,0.15,10.0,2.4000000000005457,10.0,2.339999999999236,1.0,4973.495,5000.475,4973.495,5000.475,26.980000000000473,26.980000000000473,-23.375,-13.549999999999272,29.24499999999989
2026-03-17 16:31:00,2026-03-17 16:31:00,XAUUSD,Sell,0.1,5007.84,4995.44,5005.44,5003.11,233.0,23.3,15s,0.15%,0.15,15.0,2.4000000000005457,10.0,2.3299999999999272,-1.0,4999.495,5005.735,4997.258,5005.735,6.239999999999782,8.476999999999862,8.181999999999789,-9.590000000000146,-1.644999999999527
2026-03-17 17:35:00,2026-03-17 17:36:00,XAUUSD,Sell,0.1,4994.4,4982.0,4992.0,4990.95,105.0,10.5,22s,0.07%,0.07,22.0,2.399999999999636,10.0,1.050000000000182,-1.0,4997.405,5006.285,4996.295,5006.285,8.88000000000011,9.989999999999782,-4.295000000000073,0.6300000000001091,10.49499999999989
2026-03-18 03:08:00,2026-03-18 03:08:00,XAUUSD,Buy,0.1,5009.89,5022.29,5012.29,5012.14,-15.0,-1.5,14s,-0.01%,-0.01,14.0,2.399999999999636,10.0,-0.1499999999996362,1.0,4985.845,4996.005,4985.845,4996.625,10.159999999999854,10.779999999999745,-15.664999999999964,-9.44000000000051,20.715000000000146
2026-03-18 03:52:00,2026-03-18 03:52:00,XAUUSD,Sell,0.1,4995.72,4983.32,4993.32,4991.52,180.0,18.0,12s,0.12%,0.12,12.0,2.4000000000005457,10.0,1.7999999999992724,-1.0,4989.465,4995.005,4989.285,4995.005,5.539999999999964,5.720000000000255,4.0349999999998545,1.48700000000008,1.1280000000006112
2026-03-18 04:57:00,2026-03-18 04:57:00,XAUUSD,Sell,0.1,4993.65,4981.25,4991.24,4991.14,10.0,1.0,4s,0.01%,0.01,4.0,2.4099999999998545,9.989999999999782,0.0999999999994543,-1.0,4982.085,4986.905,4982.085,4991.795,4.819999999999709,9.710000000000036,9.154999999999745,6.210000000000036,-7.045000000000073
2026-03-18 06:34:00,2026-03-18 06:34:00,XAUUSD,Sell,0.1,4988.44,4976.04,4986.0,4986.16,-16.0,-1.6,2s,-0.01%,-0.01,2.0,2.4399999999996,9.960000000000036,-0.15999999999985448,-1.0,5008.075,5016.0650000000005,5008.075,5016.0650000000005,7.990000000000691,7.990000000000691,-22.074999999999818,0.5700000000006185,22.44499999999971
2026-03-18 08:36:00,2026-03-18 08:36:00,XAUUSD,Buy,0.1,5013.59,5025.99,5016.0,5016.1,10.0,1.0,3s,0.01%,0.01,3.0,2.4099999999998545,9.989999999999782,0.1000000000003638,1.0,4981.849,4991.229,4975.429,4991.229,9.38000000000011,15.800000000000182,-24.77099999999973,-3.6799999999993815,27.560999999999694
2026-03-18 10:45:00,2026-03-18 10:45:00,XAUUSD,Sell,0.1,4984.19,4971.79,4981.76,4977.42,434.0,43.4,14s,0.29%,0.29,14.0,2.429999999999381,9.970000000000256,4.3400000000001455,-1.0,4958.575,4980.055,4950.165,4980.055,21.480000000000473,29.890000000000327,31.595000000000255,4.520000000000437,-3.9650000000001455
2026-03-18 12:35:00,2026-03-18 12:35:00,XAUUSD,Sell,0.1,4979.57,4967.17,4977.12,4967.13,999.0,99.9,18s,0.66%,0.66,18.0,2.449999999999818,9.949999999999818,9.989999999999782,-1.0,4873.825,4901.495,4870.365,4901.495,27.670000000000073,31.13000000000011,106.75500000000011,6.770000000000437,-75.88500000000022
2026-03-19 07:30:00,2026-03-19 07:30:00,XAUUSD,Sell,0.1,4848.13,4835.73,4845.71,4840.79,492.0,49.2,25s,0.32%,0.32,25.0,2.4200000000000728,9.980000000000471,4.920000000000073,-1.0,4735.535,4771.3,4726.755,4771.3,35.76500000000033,44.54500000000007,118.95499999999993,7.279999999999745,-75.07499999999982
2026-03-19 09:44:00,2026-03-19 09:44:00,XAUUSD,Sell,0.1,4750.1,4737.7,4747.65,4737.69,996.0,99.6,22s,0.65%,0.65,22.0,2.450000000000728,9.949999999999818,9.960000000000036,-1.0,4702.395,4725.635,4695.558,4725.635,23.23999999999978,30.077000000000226,52.09199999999964,-14.170000000000073,-38.8149999999996
2026-03-19 12:20:00,2026-03-19 12:20:00,XAUUSD,Sell,0.1,4689.25,4676.85,4686.79,4676.74,1005.0,100.5,18s,0.65%,0.65,18.0,2.4600000000000364,9.9399999999996,10.050000000000182,-1.0,4602.615,4630.375,4559.595,4630.375,27.76000000000022,70.77999999999975,127.19499999999971,32.07999999999993,-67.48499999999967
2026-03-19 13:42:00,2026-03-19 13:42:00,XAUUSD,Sell,0.1,4668.96,4656.56,4666.51,4658.35,816.0,81.6,16s,0.52%,0.52,16.0,2.449999999999818,9.949999999999818,8.159999999999854,-1.0,4545.928,4582.8550000000005,4538.158,4620.975,36.92700000000059,82.81700000000001,128.35199999999986,-37.69000000000051,-90.65499999999975
2026-03-20 03:03:00,2026-03-20 03:03:00,XAUUSD,Buy,0.1,4662.56,4674.96,4664.98,4667.24,226.0,22.6,5s,0.14%,0.14,5.0,2.4199999999991637,9.980000000000471,2.2600000000002183,1.0,4692.985,4723.245,4692.985,4735.835,30.26000000000022,42.850000000000364,70.85500000000047,13.0,-33.01500000000033
2026-03-20 03:35:00,2026-03-20 03:35:00,XAUUSD,Buy,0.1,4674.83,4687.23,4677.24,4677.13,-11.0,-1.1,7s,-0.01%,-0.01,7.0,2.4099999999998545,9.989999999999782,-0.10999999999967258,1.0,4727.795,4735.555,4721.625,4735.555,7.760000000000218,13.930000000000291,58.31500000000051,16.029999999999745,-55.99499999999989
2026-03-20 04:49:00,2026-03-20 04:49:00,XAUUSD,Buy,0.1,4696.82,4709.22,4699.25,4700.19,94.0,9.4,5s,0.06%,0.06,5.0,2.430000000000291,9.970000000000256,0.9399999999995998,1.0,4715.155,4722.715,4710.225,4722.715,7.5600000000004,12.489999999999782,23.465000000000146,-3.5900000000001455,-20.484999999999673
2026-03-20 11:58:00,2026-03-20 11:58:00,XAUUSD,Sell,0.1,4663.9,4651.5,4661.48,4660.14,134.0,13.4,13s,0.09%,0.09,13.0,2.4200000000000728,9.979999999999563,1.339999999999236,-1.0,4657.535,4672.215,4657.535,4695.295,14.680000000000291,37.76000000000022,3.944999999999709,-3.9400000000005093,7.6250000000009095
2026-03-23 07:30:00,2026-03-23 07:30:00,XAUUSD,Sell,0.1,4337.58,4325.18,4335.17,4330.61,456.0,45.6,6s,0.29%,0.29,6.0,2.4099999999998545,9.989999999999782,4.5600000000004,-1.0,4128.738,4215.445,4128.738,4232.235,86.70699999999943,103.49699999999939,206.4319999999998,-5.199999999999818,-200.3720000000003
2026-03-23 13:05:00,2026-03-23 13:05:00,XAUUSD,Buy,0.1,4305.88,4318.28,4308.3,4318.37,1007.0,100.7,3s,0.64%,0.64,3.0,2.4200000000000728,9.979999999999563,10.069999999999709,1.0,4430.805,4484.905,4405.008,4484.905,54.099999999999454,79.89699999999993,176.60499999999956,37.07999999999993,-169.79500000000007
2026-03-23 14:49:00,2026-03-23 14:49:00,XAUUSD,Buy,0.1,4460.35,4472.75,4462.8,4463.2,40.0,4.0,1s,0.03%,0.03,1.0,2.449999999999818,9.949999999999818,0.3999999999996362,1.0,4456.5650000000005,4485.905,4454.725,4486.765,29.339999999999236,32.039999999999964,23.965000000000146,-6.890000000000327,-16.534999999999854
2026-03-23 16:18:00,2026-03-23 16:19:00,XAUUSD,Buy,0.1,4490.03,4502.43,4492.46,4495.45,299.0,29.9,31s,0.19%,0.19,31.0,2.430000000000291,9.970000000000256,2.9899999999997817,1.0,4352.058,4389.235,4352.058,4389.235,37.17699999999968,37.17699999999968,-103.22500000000036,19.979999999999563,108.96500000000015
2026-03-24 03:00:00,2026-03-24 03:00:00,XAUUSD,Sell,0.1,4363.67,4351.27,4361.24,4361.39,-15.0,-1.5,1s,-0.01%,-0.01,1.0,2.430000000000291,9.969999999999343,-0.1500000000005457,-1.0,4349.835,4367.665,4349.835,4367.905,17.829999999999927,18.06999999999971,11.404999999999745,0.7699999999995271,4.485000000000582
2026-03-24 07:05:00,2026-03-24 07:06:00,XAUUSD,Sell,0.1,4329.09,4316.69,4326.64,4320.61,603.0,60.3,52s,0.38%,0.38,52.0,2.449999999999818,9.950000000000728,6.030000000000655,-1.0,4399.365,4425.218,4399.365,4425.218,25.853000000000065,25.853000000000065,-72.72499999999945,-24.600000000000364,75.21500000000015
2026-03-24 08:22:00,2026-03-24 08:22:00,XAUUSD,Buy,0.1,4376.88,4389.28,4379.28,4389.28,1000.0,100.0,43s,0.63%,0.63,43.0,2.399999999999636,10.0,10.0,1.0,4390.895,4417.2480000000005,4390.895,4417.2480000000005,26.353000000000065,26.353000000000065,37.96800000000076,-2.6500000000005457,-34.92500000000018
2026-03-24 12:17:00,2026-03-24 12:17:00,XAUUSD,Buy,0.1,4430.28,4442.68,4432.69,4432.7,1.0,0.1,3s,0.00%,0.0,3.0,2.4099999999998545,9.990000000000691,0.010000000000218279,1.0,4395.088,4427.205,4361.545,4427.205,32.11700000000019,65.65999999999985,-5.484999999999673,12.592999999999847,12.751999999999498
2026-03-24 14:34:00,2026-03-24 14:34:00,XAUUSD,Sell,0.1,4377.04,4364.64,4374.64,4374.51,13.0,1.3,1s,0.01%,0.01,1.0,2.399999999999636,10.0,0.13000000000010914,-1.0,4399.7480000000005,4420.295,4399.7480000000005,4433.085,20.54699999999957,33.336999999999534,-25.108000000000175,-14.049999999999272,34.094999999999345
2026-03-25 04:46:00,2026-03-25 04:46:00,XAUUSD,Buy,0.1,4598.64,4611.04,4601.04,4602.22,118.0,11.8,14s,0.07%,0.07,14.0,2.399999999999636,10.0,1.180000000000291,1.0,4567.735,4573.535,4566.515,4573.535,5.800000000000182,7.019999999999527,-27.50500000000011,-4.6799999999993815,31.734999999999673
2026-03-25 07:17:00,2026-03-25 07:17:00,XAUUSD,Sell,0.1,4568.16,4555.76,4565.72,4564.18,154.0,15.4,15s,0.10%,0.1,15.0,2.4399999999996,9.960000000000036,1.5399999999999636,-1.0,4555.725,4562.915,4542.2480000000005,4562.915,7.1899999999996,20.66699999999946,23.471999999999753,-10.95300000000043,-9.36200000000008
2026-03-25 10:15:00,2026-03-25 10:16:00,XAUUSD,Buy,0.1,4560.89,4573.29,4563.31,4564.35,104.0,10.4,37s,0.06%,0.06,37.0,2.4200000000000728,9.979999999999563,1.0399999999999636,1.0,4551.295,4558.195,4550.975,4558.8150000000005,6.899999999999636,7.8400000000001455,-4.494999999999891,3.2399999999997817,8.31500000000051
2026-03-25 11:48:00,2026-03-25 11:48:00,XAUUSD,Sell,0.1,4538.25,4525.85,4535.79,4530.79,500.0,50.0,4s,0.31%,0.31,4.0,2.4600000000000364,9.9399999999996,5.0,-1.0,4572.06,4583.635,4572.06,4583.635,11.574999999999818,11.574999999999818,-36.27000000000044,-3.9600000000000364,47.784999999999854
2026-03-25 13:05:00,2026-03-25 13:05:00,XAUUSD,Buy,0.1,4565.46,4577.86,4567.89,4568.65,76.0,7.6,12s,0.05%,0.05,12.0,2.430000000000291,9.969999999999343,0.7599999999993088,1.0,4540.975,4571.0650000000005,4540.975,4571.0650000000005,30.090000000000146,30.090000000000146,3.175000000000182,-3.4799999999995634,24.175000000000182
2026-03-25 14:31:00,2026-03-25 14:31:00,XAUUSD,Sell,0.1,4530.2,4517.8,4527.77,4522.24,553.0,55.3,11s,0.34%,0.34,11.0,2.429999999999381,9.970000000000256,5.530000000000655,-1.0,4557.018,4568.945,4557.018,4579.075,11.92699999999968,22.05699999999979,-29.247999999999593,-9.239999999999782,34.82499999999982
2026-03-25 16:50:00,2026-03-25 16:50:00,XAUUSD,Buy,0.1,4574.04,4586.44,4576.46,4579.06,260.0,26.0,10s,0.16%,0.16,10.0,2.4200000000000728,9.979999999999563,2.600000000000364,1.0,4549.6050000000005,4558.885,4542.968,4558.885,9.279999999999745,15.917000000000371,-17.574999999999818,0.21000000000003638,20.765000000000327
2026-03-25 17:17:00,2026-03-25 17:17:00,XAUUSD,Sell,0.1,4535.39,4522.99,4532.98,4529.56,342.0,34.2,12s,0.21%,0.21,12.0,2.410000000000764,9.989999999999782,3.4199999999991633,-1.0,4542.525000000001,4558.085,4542.525000000001,4563.645,15.55999999999949,21.11999999999989,-9.545000000000982,4.140000000000327,17.9350000000004
2026-03-26 04:34:00,2026-03-26 04:34:00,XAUUSD,Sell,0.1,4524.79,4512.39,4522.38,4520.53,185.0,18.5,13s,0.11%,0.11,13.0,2.4099999999998545,9.989999999999782,1.8500000000003638,-1.0,4516.275000000001,4522.145,4516.275000000001,4523.985,5.869999999999891,7.709999999999127,6.104999999999563,-2.380000000000109,-1.8549999999995634
2026-03-26 07:26:00,2026-03-26 07:26:00,XAUUSD,Sell,0.1,4502.36,4489.96,4499.94,4494.2,574.0,57.4,24s,0.35%,0.35,24.0,2.4200000000000728,9.979999999999563,5.739999999999782,-1.0,4438.755,4451.795,4438.755,4463.665,13.039999999999964,24.909999999999854,61.18499999999949,8.539999999999964,-52.30499999999938
2026-03-26 10:43:00,2026-03-26 10:43:00,XAUUSD,Sell,0.1,4418.29,4405.89,4415.89,4412.75,314.0,31.4,4s,0.19%,0.19,4.0,2.399999999999636,10.0,3.1400000000003274,-1.0,4423.205,4444.275000000001,4423.205,4447.3150000000005,21.07000000000062,24.110000000000582,-7.3149999999996,-16.949999999999818,25.625
2026-03-26 13:01:00,2026-03-26 13:01:00,XAUUSD,Buy,0.1,4445.85,4458.25,4448.25,4447.92,-33.0,-3.3,5s,-0.02%,-0.02,5.0,2.399999999999636,10.0,-0.32999999999992724,1.0,4419.955,4445.075,4419.955,4453.645,25.11999999999989,33.69000000000051,5.395000000000437,-6.210000000000036,18.894999999999527
2026-03-26 15:45:00,2026-03-26 15:45:00,XAUUSD,Buy,0.1,4454.24,4466.64,4456.67,4460.25,358.0,35.8,13s,0.22%,0.22,13.0,2.430000000000291,9.970000000000256,3.5799999999999272,1.0,4433.4980000000005,4446.515,4425.505,4446.515,13.016999999999825,21.01000000000022,-10.154999999999745,-14.219999999999345,16.774999999999636
2026-03-26 18:21:00,2026-03-26 18:21:00,XAUUSD,Sell,0.1,4418.78,4406.38,4416.34,4406.38,996.0,99.6,19s,0.61%,0.61,19.0,2.4399999999996,9.960000000000036,9.960000000000036,-1.0,4367.228,4388.185,4367.228,4395.495,20.957000000000335,28.266999999999825,49.11200000000008,-6.869999999999891,-28.265000000000327
2026-03-27 03:56:00,2026-03-27 03:56:00,XAUUSD,Buy,0.1,4417.89,4430.29,4420.31,4420.31,0.0,0.0,2s,0.00%,0.0,2.0,2.4200000000000728,9.979999999999563,0.0,1.0,4432.098,4438.305,4432.098,4439.465,6.207000000000335,7.367000000000189,19.154999999999745,0.4499999999998181,-15.174999999999272
2026-03-27 05:39:00,2026-03-27 05:40:00,XAUUSD,Buy,0.1,4438.08,4450.48,4440.5,4445.33,483.0,48.3,35s,0.29%,0.29,35.0,2.4200000000000728,9.979999999999563,4.829999999999927,1.0,4442.485,4474.915,4442.485,4474.915,32.43000000000029,32.43000000000029,34.414999999999964,-0.5599999999994907,-2.5650000000005093
2026-03-27 06:55:00,2026-03-27 06:56:00,XAUUSD,Buy,0.1,4443.61,4456.01,4446.02,4447.87,185.0,18.5,40s,0.11%,0.11,40.0,2.410000000000764,9.989999999999782,1.8499999999994543,1.0,4454.185,4465.1050000000005,4447.555,4465.1050000000005,10.920000000000073,17.550000000000182,19.085000000000036,1.069999999999709,-18.514999999999418
2026-03-27 07:30:00,2026-03-27 07:30:00,XAUUSD,Buy,0.1,4447.06,4459.46,4449.51,4451.49,198.0,19.8,4s,0.12%,0.12,4.0,2.449999999999818,9.949999999999818,1.9799999999995634,1.0,4446.205,4455.765,4442.455,4455.765,9.5600000000004,13.3100000000004,6.255000000000109,-2.6799999999993815,-2.5450000000000728
2026-03-30 05:41:00,2026-03-30 05:42:00,XAUUSD,Buy,0.1,4473.22,4485.62,4475.68,4485.05,937.0,93.7,42s,0.56%,0.56,42.0,2.4600000000000364,9.9399999999996,9.36999999999989,1.0,4503.518,4515.075,4503.518,4528.215,11.556999999999789,24.697000000000116,52.534999999999854,0.6499999999996362,-29.534999999999854
2026-03-30 08:49:00,2026-03-30 08:49:00,XAUUSD,Buy,0.1,4514.86,4527.26,4517.33,4521.11,378.0,37.8,16s,0.23%,0.23,16.0,2.4700000000002547,9.930000000000293,3.7799999999997453,1.0,4532.238,4540.245,4527.895,4540.365,8.006999999999607,12.469999999999345,23.034999999999854,4.210000000000036,-15.318000000000211
2026-03-30 14:15:00,2026-03-30 14:15:00,XAUUSD,Buy,0.1,4538.38,4550.78,4540.8,4540.88,8.0,0.8,3s,0.00%,0.0,3.0,2.4200000000000728,9.979999999999563,0.07999999999992724,1.0,4511.7480000000005,4534.445,4511.7480000000005,4534.445,22.696999999999207,22.696999999999207,-6.355000000000473,10.36999999999989,7.265000000000327
2026-03-30 16:58:00,2026-03-30 16:58:00,XAUUSD,Sell,0.1,4527.84,4515.44,4525.41,4516.94,847.0,84.7,23s,0.51%,0.51,23.0,2.430000000000291,9.970000000000256,8.470000000000255,-1.0,4536.268,4548.555,4519.275000000001,4548.555,12.287000000000262,29.279999999999745,6.134999999999309,-11.329999999999927,22.605000000000473
2026-03-31 03:02:00,2026-03-31 03:02:00,XAUUSD,Buy,0.1,4520.6,4533.0,4523.08,4527.88,480.0,48.0,15s,0.29%,0.29,15.0,2.4799999999995634,9.920000000000073,4.800000000000182,1.0,4565.665,4576.675,4555.535,4576.675,11.010000000000218,21.140000000000327,53.595000000000255,-19.200000000000728,-44.74499999999989
2026-03-31 03:36:00,2026-03-31 03:37:00,XAUUSD,Buy,0.1,4520.6,4533.0,4523.02,4525.76,274.0,27.4,25s,0.16%,0.16,25.0,2.4200000000000728,9.979999999999563,2.7399999999997817,1.0,4550.345,4565.505,4549.838,4565.505,15.159999999999854,15.667000000000371,42.48499999999967,-8.420000000000073,-38.36499999999978
2026-03-31 08:13:00,2026-03-31 08:13:00,XAUUSD,Sell,0.1,4552.66,4540.26,4550.22,4549.49,73.0,7.3,2s,0.04%,0.04,2.0,2.4399999999996,9.960000000000036,0.7300000000004729,-1.0,4560.1050000000005,4572.965,4560.1050000000005,4572.965,12.859999999999673,12.859999999999673,-9.885000000000218,-4.739999999999782,13.984999999999673
2026-03-31 10:19:00,2026-03-31 10:19:00,XAUUSD,Sell,0.1,4550.24,4537.84,4547.84,4543.48,436.0,43.6,24s,0.26%,0.26,24.0,2.399999999999636,10.0,4.360000000000582,-1.0,4555.3550000000005,4560.915,4529.115,4560.915,5.559999999999491,31.800000000000182,18.725000000000364,-1.3599999999996726,8.795000000000073
2026-03-31 13:36:00,2026-03-31 13:36:00,XAUUSD,Sell,0.1,4552.59,4540.19,4550.18,4549.03,115.0,11.5,10s,0.07%,0.07,10.0,2.4099999999998545,9.990000000000691,1.1500000000005457,-1.0,4567.925,4589.115,4567.925,4609.415,21.1899999999996,41.48999999999978,-17.74499999999989,8.286999999999352,22.81800000000021
2026-03-31 14:09:00,2026-03-31 14:09:00,XAUUSD,Sell,0.1,4545.64,4533.24,4543.23,4543.34,-11.0,-1.1,2s,-0.01%,-0.01,2.0,2.410000000000764,9.989999999999782,-0.11000000000058208,-1.0,4600.865,4624.995,4600.865,4624.995,24.13000000000011,24.13000000000011,-57.63500000000022,-19.019999999999527,63.475000000000364
2026-03-31 16:51:00,2026-03-31 16:51:00,XAUUSD,Buy,0.1,4595.16,4607.56,4597.56,4598.82,126.0,12.6,3s,0.07%,0.07,3.0,2.4000000000005457,10.0,1.2599999999993088,1.0,4630.865,4649.795,4630.865,4655.705,18.93000000000029,24.840000000000146,58.14499999999953,23.649999999999636,-43.5649999999996
2026-04-01 05:36:00,2026-04-01 05:37:00,XAUUSD,Sell,0.1,4683.87,4671.47,4681.47,4680.97,50.0,5.0,40s,0.03%,0.03,40.0,2.399999999999636,10.0,0.5,-1.0,4685.955,4703.195,4683.468,4703.195,17.23999999999978,19.72699999999986,-1.9979999999995925,-3.4799999999995634,4.484999999999673
2026-04-01 07:02:00,2026-04-01 07:03:00,XAUUSD,Sell,0.1,4680.68,4668.28,4678.27,4678.3,-3.0,-0.3,25s,0.00%,0.0,25.0,2.4099999999998545,9.990000000000691,-0.02999999999974534,-1.0,4713.765,4732.185,4712.675,4732.185,18.420000000000073,19.51000000000022,-34.404999999999745,-21.80999999999949,51.844999999999345
2026-04-01 09:48:00,2026-04-01 09:48:00,XAUUSD,Buy,0.1,4721.83,4734.23,4724.28,4727.7,342.0,34.2,17s,0.20%,0.2,17.0,2.449999999999818,9.949999999999818,3.4200000000000728,1.0,4718.925,4727.515,4715.275000000001,4727.515,8.590000000000146,12.239999999999782,3.235000000000582,-0.28000000000065484,5.295000000000073
2026-04-01 10:33:00,2026-04-01 10:33:00,XAUUSD,Buy,0.1,4730.82,4743.22,4733.26,4735.77,251.0,25.1,13s,0.15%,0.15,13.0,2.4400000000005093,9.960000000000036,2.5100000000002183,1.0,4725.8550000000005,4735.9580000000005,4725.8550000000005,4738.395,10.103000000000065,12.539999999999964,5.135000000000218,12.589999999999236,5.145000000000437
2026-04-01 11:03:00,2026-04-01 11:03:00,XAUUSD,Buy,0.1,4721.83,4734.23,4724.23,4725.32,109.0,10.9,8s,0.06%,0.06,8.0,2.399999999999636,10.0,1.0900000000001455,1.0,4728.085,4740.225,4728.085,4745.925,12.140000000000327,17.840000000000146,21.69500000000062,-3.530000000000655,-6.755000000000109
2026-04-01 14:30:00,2026-04-01 14:30:00,XAUUSD,Buy,0.1,4745.27,4757.67,4747.68,4750.0,232.0,23.2,16s,0.14%,0.14,16.0,2.4099999999998545,9.989999999999782,2.319999999999709,1.0,4734.645,4756.3150000000005,4734.645,4768.6050000000005,21.670000000000073,33.960000000000036,20.925000000000182,-2.3400000000001455,5.6950000000006185
2026-04-01 17:53:00,2026-04-01 17:53:00,XAUUSD,Buy,0.1,4760.65,4773.05,4763.06,4766.47,341.0,34.1,16s,0.20%,0.2,16.0,2.410000000000764,9.989999999999782,3.4099999999998545,1.0,4773.395,4783.085,4759.025000000001,4783.085,9.6899999999996,24.05999999999949,20.024999999999636,-3.089999999999236,-18.795000000000073
2026-04-02 03:13:00,2026-04-02 03:14:00,XAUUSD,Buy,0.1,4790.68,4803.08,4793.1,4793.28,18.0,1.8,37s,0.01%,0.01,37.0,2.4200000000000728,9.979999999999563,0.17999999999938154,1.0,4677.5650000000005,4691.5650000000005,4677.5650000000005,4699.275000000001,14.0,21.710000000000036,-93.82499999999982,11.1899999999996,106.31500000000051
2026-04-02 04:03:00,2026-04-02 04:03:00,XAUUSD,Sell,0.1,4751.12,4738.72,4748.72,4747.66,106.0,10.6,1s,0.06%,0.06,1.0,2.399999999999636,10.0,1.0600000000004002,-1.0,4664.475,4681.445,4662.155,4681.445,16.969999999999345,19.289999999999964,86.56500000000051,9.479999999999563,-72.53499999999985
2026-04-02 08:33:00,2026-04-02 08:33:00,XAUUSD,Sell,0.1,4659.53,4647.13,4657.05,4647.1,995.0,99.5,14s,0.58%,0.58,14.0,2.4799999999995634,9.920000000000073,9.949999999999818,-1.0,4630.415,4643.725,4616.568,4643.725,13.3100000000004,27.157000000000153,40.48199999999997,6.75,-22.86499999999978
2026-04-02 13:18:00,2026-04-02 13:18:00,XAUUSD,Sell,0.1,4615.64,4603.24,4613.22,4613.18,4.0,0.4,2s,0.00%,0.0,2.0,2.4200000000000728,9.980000000000471,0.03999999999996362,-1.0,4580.625,4600.0650000000005,4580.625,4607.425,19.44000000000051,26.800000000000182,32.595000000000255,14.372999999999593,-25.99499999999989
2026-04-02 14:41:00,2026-04-02 14:41:00,XAUUSD,Sell,0.1,4606.52,4594.12,4604.1,4602.96,114.0,11.4,16s,0.07%,0.07,16.0,2.4200000000000728,9.980000000000471,1.1400000000003274,-1.0,4658.765,4699.635,4658.765,4699.635,40.86999999999989,40.86999999999989,-54.664999999999964,-17.360000000000582,60.75500000000011
2026-04-02 16:00:00,2026-04-02 16:00:00,XAUUSD,Sell,0.1,4595.33,4582.93,4592.89,4582.86,1003.0,100.3,13s,0.58%,0.58,13.0,2.4399999999996,9.960000000000036,10.030000000000655,-1.0,4647.835,4668.245,4642.618,4668.245,20.409999999999854,25.626999999999498,-49.728000000000065,4.753000000000611,67.85499999999956
2026-04-06 05:16:00,2026-04-06 05:16:00,XAUUSD,Buy,0.1,4640.73,4653.13,4643.13,4646.34,321.0,32.1,17s,0.19%,0.19,17.0,2.4000000000005457,10.0,3.2100000000000364,1.0,4666.615,4678.445,4660.795,4678.445,11.829999999999927,17.649999999999636,35.3149999999996,14.550000000000182,-30.204999999999927
2026-04-06 08:10:00,2026-04-06 08:11:00,XAUUSD,Buy,0.1,4669.55,4681.95,4671.97,4676.4,443.0,44.3,39s,0.26%,0.26,39.0,2.4200000000000728,9.979999999999563,4.4299999999993815,1.0,4680.668,4694.125,4680.668,4695.555,13.457000000000335,14.887000000000626,23.585000000000036,20.359999999999673,-12.514999999999418
2026-04-06 10:51:00,2026-04-06 10:51:00,XAUUSD,Buy,0.1,4676.43,4688.83,4678.87,4681.41,254.0,25.4,14s,0.15%,0.15,14.0,2.4399999999996,9.960000000000036,2.5399999999999636,1.0,4684.048,4695.545,4684.048,4696.518,11.497000000000298,12.470000000000255,17.64800000000014,5.5900000000001455,-16.25500000000011
2026-04-06 14:45:00,2026-04-06 14:45:00,XAUUSD,Sell,0.1,4687.19,4674.79,4684.77,4683.04,173.0,17.3,23s,0.10%,0.1,23.0,2.4199999999991637,9.980000000000471,1.730000000000473,-1.0,4674.765,4688.198,4660.665,4688.198,13.432999999999993,27.533000000000357,24.105000000000473,1.4129999999995562,-0.5850000000000364
2026-04-06 18:15:00,2026-04-06 18:15:00,XAUUSD,Sell,0.1,4662.03,4649.63,4659.6,4655.56,404.0,40.4,14s,0.23%,0.23,14.0,2.429999999999381,9.970000000000256,4.039999999999964,-1.0,4658.808,4664.435,4648.758,4664.435,5.6270000000004075,15.67700000000059,10.842000000000553,-5.670000000000073,-0.5250000000005457
2026-04-06 18:37:00,2026-04-06 18:37:00,XAUUSD,Sell,0.1,4662.03,4649.63,4659.59,4656.56,303.0,30.3,13s,0.17%,0.17,13.0,2.4399999999996,9.960000000000036,3.0299999999997453,-1.0,4648.758,4663.195,4648.665,4663.195,14.436999999999898,14.529999999999745,10.925000000000182,-0.930000000000291,0.4149999999999636
2026-04-07 04:00:00,2026-04-07 04:00:00,XAUUSD,Sell,0.1,4651.52,4639.12,4649.11,4639.08,1003.0,100.3,21s,0.57%,0.57,21.0,2.410000000000764,9.989999999999782,10.029999999999745,-1.0,4645.185,4651.018,4645.185,4651.018,5.832999999999629,5.832999999999629,3.9249999999992724,-1.6000000000003638,0.15800000000035652
2026-04-07 04:37:00,2026-04-07 04:37:00,XAUUSD,Sell,0.1,4647.87,4635.47,4645.42,4640.4,502.0,50.2,13s,0.29%,0.29,13.0,2.449999999999818,9.949999999999818,5.020000000000437,-1.0,4649.175,4663.818,4649.175,4663.818,14.643000000000029,14.643000000000029,-3.755000000000109,-4.030000000000655,4.355000000000473
2026-04-07 07:31:00,2026-04-07 07:31:00,XAUUSD,Buy,0.1,4651.74,4664.14,4654.15,4655.35,120.0,12.0,13s,0.07%,0.07,13.0,2.4099999999998545,9.990000000000691,1.2000000000007276,1.0,4636.465,4646.375,4636.465,4646.885,9.909999999999854,10.420000000000073,-7.264999999999418,-11.622999999999593,14.674999999999272
2026-04-07 11:02:00,2026-04-07 11:02:00,XAUUSD,Buy,0.1,4654.75,4667.15,4657.15,4659.63,248.0,24.8,6s,0.14%,0.14,6.0,2.399999999999636,10.0,2.480000000000473,1.0,4628.595,4655.8550000000005,4628.595,4655.8550000000005,27.26000000000022,27.26000000000022,-1.2949999999991633,-10.239999999999782,5.384999999999309
2026-04-07 12:13:00,2026-04-07 12:13:00,XAUUSD,Buy,0.1,4688.41,4700.81,4690.81,4693.37,256.0,25.6,13s,0.14%,0.14,13.0,2.4000000000005457,10.0,2.5599999999994907,1.0,4651.025000000001,4665.08,4650.945,4670.765,14.054999999999382,19.82000000000062,-20.045000000000073,-3.2730000000001382,31.545000000000073
2026-04-07 14:14:00,2026-04-07 14:14:00,XAUUSD,Sell,0.1,4638.96,4626.56,4636.53,4629.23,730.0,73.0,25s,0.41%,0.41,25.0,2.430000000000291,9.969999999999343,7.300000000000182,-1.0,4607.335,4644.968,4607.335,4649.376,37.63299999999981,42.04100000000017,29.19499999999971,-4.277000000000044,7.125
2026-04-07 16:35:00,2026-04-07 16:35:00,XAUUSD,Sell,0.1,4649.22,4636.82,4646.82,4644.86,196.0,19.6,17s,0.11%,0.11,17.0,2.4000000000005457,10.0,1.9600000000000364,-1.0,4655.598,4663.778,4655.598,4663.778,8.180000000000291,8.180000000000291,-8.778000000000247,-4.1200000000008,15.718000000000757
2026-04-07 17:03:00,2026-04-07 17:03:00,XAUUSD,Sell,0.1,4631.35,4618.95,4628.95,4627.57,138.0,13.8,15s,0.08%,0.08,15.0,2.4000000000005457,10.0,1.3800000000001091,-1.0,4656.158,4673.125,4653.535,4673.125,16.966999999999643,19.590000000000146,-24.585000000000036,3.9200000000000728,27.76800000000003
2026-04-08 12:43:00,2026-04-08 12:43:00,XAUUSD,Sell,0.1,4792.93,4780.53,4790.52,4783.6,692.0,69.2,25s,0.39%,0.39,25.0,2.4099999999998545,9.990000000000691,6.920000000000073,-1.0,4783.165,4797.905,4783.165,4802.185,14.739999999999782,19.020000000000437,7.355000000000473,21.079999999999927,-6.595000000000255
2026-04-08 15:22:00,2026-04-08 15:22:00,XAUUSD,Sell,0.1,4773.67,4761.27,4771.24,4769.03,221.0,22.1,4s,0.12%,0.12,4.0,2.430000000000291,9.969999999999343,2.2100000000000364,-1.0,4742.545,4757.545,4742.545,4761.525000000001,15.0,18.980000000000473,28.69499999999971,-7.479999999999563,-27.914999999999964
2026-04-08 16:55:00,2026-04-08 16:55:00,XAUUSD,Sell,0.1,4771.19,4758.79,4768.79,4767.84,95.0,9.5,3s,0.05%,0.05,3.0,2.399999999999636,10.0,0.9499999999998181,-1.0,4756.215,4765.298,4755.988,4765.298,9.082999999999629,9.30999999999949,12.80199999999968,-8.420000000000073,-10.524999999999636
2026-04-09 03:07:00,2026-04-09 03:07:00,XAUUSD,Sell,0.1,4702.07,4689.67,4699.65,4698.86,79.0,7.9,4s,0.04%,0.04,4.0,2.4200000000000728,9.979999999999563,0.7899999999999636,-1.0,4711.158,4720.0650000000005,4704.898,4720.0650000000005,8.907000000000153,15.167000000000371,-5.248000000000502,13.240000000000691,19.175000000000182
2026-04-09 05:39:00,2026-04-09 05:39:00,XAUUSD,Buy,0.1,4730.02,4742.42,4732.44,4732.2,-24.0,-2.4,5s,-0.01%,-0.01,5.0,2.4199999999991637,9.980000000000471,-0.23999999999978172,1.0,4715.835,4726.375,4705.515,4726.375,10.539999999999964,20.859999999999673,-6.0649999999996,12.420000000000073,6.404999999999745
2026-04-09 09:53:00,2026-04-09 09:53:00,XAUUSD,Sell,0.1,4708.26,4695.86,4705.81,4704.49,132.0,13.2,8s,0.07%,0.07,8.0,2.449999999999818,9.950000000000728,1.3200000000006185,-1.0,4723.318,4730.415,4723.318,4732.578,7.096999999999753,9.260000000000218,-17.50799999999981,3.0969999999997526,20.64800000000014
2026-04-09 10:08:00,2026-04-09 10:08:00,XAUUSD,Buy,0.1,4724.23,4736.63,4726.63,4728.29,166.0,16.6,18s,0.09%,0.09,18.0,2.4000000000005457,10.0,1.6599999999998545,1.0,4725.505,4732.578,4723.485,4739.585,7.07300000000032,16.100000000000364,12.954999999999927,2.4799999999995634,-2.3079999999999927
2026-04-09 10:37:00,2026-04-09 10:37:00,XAUUSD,Buy,0.1,4724.23,4736.63,4726.63,4727.94,131.0,13.1,15s,0.07%,0.07,15.0,2.4000000000005457,10.0,1.3099999999994907,1.0,4736.068,4741.155,4736.068,4746.445,5.086999999999534,10.376999999999498,19.8149999999996,10.770000000000437,-11.25500000000011
2026-04-09 11:44:00,2026-04-09 11:44:00,XAUUSD,Buy,0.1,4729.05,4741.45,4731.46,4732.14,68.0,6.8,3s,0.04%,0.04,3.0,2.4099999999998545,9.989999999999782,0.680000000000291,1.0,4742.875,4751.115,4742.875,4757.465,8.239999999999782,14.590000000000146,26.00500000000011,6.8100000000004,-14.225000000000364
2026-04-09 12:02:00,2026-04-09 12:03:00,XAUUSD,Buy,0.1,4724.23,4736.63,4726.64,4727.5,86.0,8.6,32s,0.05%,0.05,32.0,2.410000000000764,9.989999999999782,0.8599999999996726,1.0,4741.665,4759.385,4734.695,4759.385,17.720000000000255,24.69000000000051,32.74499999999989,5.606999999999971,-29.69499999999971
2026-04-09 13:21:00,2026-04-09 13:21:00,XAUUSD,Buy,0.1,4730.98,4743.38,4733.39,4733.4,1.0,0.1,2s,0.00%,0.0,2.0,2.410000000000764,9.989999999999782,0.009999999999308784,1.0,4751.148,4758.535,4750.175,4777.015,7.386999999999716,26.840000000000146,43.625,8.819999999999709,-21.094999999999345
2026-04-09 16:35:00,2026-04-09 16:35:00,XAUUSD,Buy,0.1,4757.28,4769.68,4759.72,4764.45,473.0,47.3,17s,0.26%,0.26,17.0,2.4400000000005093,9.960000000000036,4.729999999999563,1.0,4785.625,4795.3150000000005,4784.195,4795.3150000000005,9.69000000000051,11.1200000000008,35.595000000000255,4.4399999999996,-32.73499999999967
2026-04-09 18:17:00,2026-04-09 18:17:00,XAUUSD,Buy,0.1,4774.82,4787.22,4777.23,4778.8,157.0,15.7,6s,0.09%,0.09,6.0,2.4099999999998545,9.990000000000691,1.5700000000006185,1.0,4777.505,4788.035,4768.245,4788.035,10.529999999999745,19.789999999999964,10.805000000000291,-14.0,-6.295000000000982
2026-04-10 03:00:00,2026-04-10 03:00:00,XAUUSD,Sell,0.1,4759.16,4746.76,4756.74,4756.07,67.0,6.7,3s,0.04%,0.04,3.0,2.4200000000000728,9.979999999999563,0.6700000000000728,-1.0,4752.805,4761.575,4752.805,4761.7480000000005,8.769999999999527,8.943000000000211,3.9349999999994907,-3.550000000000182,-3.8149999999996
2026-04-10 05:13:00,2026-04-10 05:13:00,XAUUSD,Sell,0.1,4753.14,4740.74,4750.74,4749.99,75.0,7.5,7s,0.04%,0.04,7.0,2.4000000000005457,10.0,0.75,-1.0,4756.928,4763.085,4756.928,4763.885,6.157000000000153,6.957000000000335,-6.188000000000102,3.8900000000003274,7.515000000000327
2026-04-10 09:14:00,2026-04-10 09:14:00,XAUUSD,Sell,0.1,4759.84,4747.44,4757.43,4755.84,159.0,15.9,17s,0.09%,0.09,17.0,2.4099999999998545,9.990000000000691,1.5900000000001455,-1.0,4740.545,4746.585,4740.545,4760.555,6.039999999999964,20.01000000000022,16.88500000000022,1.73700000000008,-17.032000000000153
2026-04-10 11:44:00,2026-04-10 11:44:00,XAUUSD,Sell,0.1,4743.7,4731.3,4741.27,4741.26,1.0,0.1,2s,0.00%,0.0,2.0,2.429999999999381,9.970000000000256,0.010000000000218279,-1.0,4758.268,4766.775000000001,4758.268,4768.445,8.507000000000517,10.17699999999968,-16.997999999999593,-6.0600000000004,20.204999999999927
2026-04-13 08:57:00,2026-04-13 08:57:00,XAUUSD,Buy,0.1,4725.69,4738.09,4728.1,4730.0,190.0,19.0,17s,0.11%,0.11,17.0,2.410000000000764,9.989999999999782,1.8999999999996362,1.0,4720.0650000000005,4729.575,4715.745,4729.575,9.509999999999309,13.829999999999927,1.4749999999994543,-10.729999999999563,6.885000000000218
2026-04-13 13:25:00,2026-04-13 13:25:00,XAUUSD,Sell,0.1,4711.14,4698.74,4708.73,4708.72,1.0,0.1,5s,0.00%,0.0,5.0,2.410000000000764,9.989999999999782,0.009999999999308784,-1.0,4728.588,4737.165,4724.275000000001,4737.165,8.577000000000226,12.889999999999418,-15.545000000000982,-10.699999999999818,25.285000000000764
2026-04-13 14:41:00,2026-04-13 14:41:00,XAUUSD,Sell,0.1,4710.72,4698.32,4708.32,4707.41,91.0,9.1,4s,0.05%,0.05,4.0,2.4000000000005457,10.0,0.9099999999998545,-1.0,4708.285,4722.345,4708.285,4723.228,14.0600000000004,14.943000000000211,0.03499999999985448,11.920000000000073,6.785000000000764
2026-04-13 16:01:00,2026-04-13 16:01:00,XAUUSD,Buy,0.1,4726.72,4739.12,4729.13,4729.41,28.0,2.8,3s,0.02%,0.02,3.0,2.4099999999998545,9.989999999999782,0.27999999999974534,1.0,4708.975,4720.695,4708.975,4733.798,11.719999999999345,24.82299999999941,4.667999999999665,2.0,14.904999999999745
2026-04-13 18:05:00,2026-04-13 18:05:00,XAUUSD,Sell,0.1,4706.03,4693.63,4703.63,4700.49,314.0,31.4,12s,0.17%,0.17,12.0,2.399999999999636,10.0,3.1400000000003274,-1.0,4728.628,4732.695,4723.295,4732.695,4.067000000000007,9.399999999999636,-19.664999999999964,14.146999999999935,26.01800000000003
2026-04-14 03:26:00,2026-04-14 03:26:00,XAUUSD,Buy,0.1,4763.53,4775.93,4765.93,4766.62,69.0,6.9,4s,0.04%,0.04,4.0,2.4000000000005457,10.0,0.6899999999995998,1.0,4765.775000000001,4771.028,4765.298,4771.028,5.252999999999702,5.730000000000473,5.097999999999956,-6.069999999999709,-2.875
2026-04-14 05:51:00,2026-04-14 05:51:00,XAUUSD,Buy,0.1,4774.56,4786.96,4776.96,4776.97,1.0,0.1,5s,0.00%,0.0,5.0,2.399999999999636,10.0,0.010000000000218279,1.0,4758.995,4766.665,4758.995,4769.625,7.670000000000073,10.63000000000011,-7.335000000000036,-3.3799999999991996,15.93499999999949
2026-04-14 09:52:00,2026-04-14 09:53:00,XAUUSD,Buy,0.1,4774.63,4787.03,4777.05,4777.33,28.0,2.8,22s,0.02%,0.02,22.0,2.4200000000000728,9.979999999999563,0.27999999999974534,1.0,4772.785,4782.215,4772.785,4784.8150000000005,9.430000000000291,12.030000000000655,7.765000000000327,-0.1999999999998181,-1.1549999999997453
2026-04-14 13:38:00,2026-04-14 13:38:00,XAUUSD,Sell,0.1,4774.04,4761.64,4771.63,4765.54,609.0,60.9,23s,0.34%,0.34,23.0,2.4099999999998545,9.989999999999782,6.0900000000001455,-1.0,4779.775000000001,4803.115,4779.775000000001,4803.115,23.339999999999236,23.339999999999236,-8.145000000000437,-0.8600000000005821,10.9350000000004
2026-04-14 16:21:00,2026-04-14 16:21:00,XAUUSD,Buy,0.1,4787.58,4799.98,4789.98,4790.23,25.0,2.5,5s,0.01%,0.01,5.0,2.399999999999636,10.0,0.25,1.0,4806.995,4819.018,4806.995,4819.995,12.023000000000138,13.0,30.015000000000327,1.430000000000291,-19.2450000000008
2026-04-14 16:34:00,2026-04-14 16:34:00,XAUUSD,Buy,0.1,4787.58,4799.98,4790.0,4794.02,402.0,40.2,29s,0.22%,0.22,29.0,2.4200000000000728,9.979999999999563,4.020000000000437,1.0,4813.285,4819.995,4808.808,4819.995,6.710000000000036,11.186999999999898,29.99499999999989,6.809999999999491,-26.034999999999854
