when,GOLD,SILVER,NDX,SPX,DJI,DAX,BRENT,BTC
1928-01-31,,,,0.0032242297643076743,,,,
1928-02-01,,,,0.0016282349959952217,,,,
1928-02-02,,,,0.0043553791141574425,,,,
1928-02-03,,,,0.010929984322107556,,,,
1928-02-06,,,,0.0018698584936786067,,,,
1928-02-07,,,,0.00023374240599766588,,,,
1928-02-08,,,,0.00197044595665706,,,,
1928-02-09,,,,0.002509457799612377,,,,
1928-02-10,,,,0.00024909090022344065,,,,
1928-02-14,,,,0.00496078680182438,,,,
1928-02-15,,,,0.001854243788049049,,,,
1928-02-16,,,,0.002451272115562347,,,,
1928-02-17,,,,0.017068797360517956,,,,
1928-02-20,,,,0.004254524104990831,,,,
1928-02-21,,,,0.007716296581299884,,,,
1928-02-23,,,,0.00051855789044037,,,,
1928-02-24,,,,0.0020388386778032322,,,,
1928-02-27,,,,0.0033203077744303785,,,,
1928-02-28,,,,0.002118138934625756,,,,
1928-02-29,,,,0.004795387308626002,,,,
1928-03-01,,,,0.0016081824107491848,,,,
1928-03-05,,,,0.014317947408547662,,,,
1928-03-06,,,,0.004449785640138097,,,,
1928-03-07,,,,0.004205096064291225,,,,
1928-03-08,,,,0.0025244550779275348,,,,
1928-03-09,,,,0.014280068897118182,,,,
1928-03-12,,,,0.0027804322886687627,,,,
1928-03-13,,,,0.0035136632234777313,,,,
1928-03-14,,,,3.923177479041957e-06,,,,
1928-03-15,,,,0.006322864271769858,,,,
1928-03-16,,,,0.008706616686092778,,,,
1928-03-19,,,,0.004251023613819441,,,,
1928-03-20,,,,0.004289885787751117,,,,
1928-03-21,,,,0.008671563122910217,,,,
1928-03-22,,,,0.0021141864185931325,,,,
1928-03-23,,,,0.008152409259296447,,,,
1928-03-26,,,,0.012320111389888887,,,,
1928-03-27,,,,0.004722993472458949,,,,
1928-03-28,,,,0.0020092153127102674,,,,
1928-03-29,,,,0.002265314584193023,,,,
1928-03-30,,,,0.014850178783757,,,,
1928-04-02,,,,0.015670406401295366,,,,
1928-04-03,,,,0.0038537341312294554,,,,
1928-04-04,,,,0.000957679737086141,,,,
1928-04-05,,,,0.009130803641833458,,,,
1928-04-09,,,,0.0011412702683496702,,,,
1928-04-10,,,,0.006503683121015531,,,,
1928-04-11,,,,0.012942910561287602,,,,
1928-04-12,,,,0.0008999506301888065,,,,
1928-04-13,,,,0.01161136488660725,,,,
1928-04-16,,,,0.0015897126363413586,,,,
1928-04-17,,,,0.005619380927832099,,,,
1928-04-19,,,,0.003670767502821649,,,,
1928-04-20,,,,0.01063395342438336,,,,
1928-04-23,,,,0.006649559025663349,,,,
1928-04-24,,,,0.003218650712083617,,,,
1928-04-25,,,,0.0025220563399591866,,,,
1928-04-26,,,,0.0047634025099521395,,,,
1928-04-27,,,,0.00736790079969137,,,,
1928-04-30,,,,0.0021614196539598983,,,,
1928-05-01,,,,0.0007074778448132874,,,,
1928-05-02,,,,0.001473318323212754,,,,
1928-05-03,,,,0.0034122446671486805,,,,
1928-05-04,,,,0.01158744057504414,,,,
1928-05-07,,,,0.005893449677139756,,,,
1928-05-08,,,,0.004985705990181898,,,,
1928-05-09,,,,0.000897013592876678,,,,
1928-05-10,,,,0.0009112130097327112,,,,
1928-05-11,,,,0.005323673556153681,,,,
1928-05-14,,,,0.002645571433825496,,,,
1928-05-15,,,,0.001719932321056108,,,,
1928-05-16,,,,0.013213966501219396,,,,
1928-05-17,,,,0.002188362591469324,,,,
1928-05-18,,,,0.007314874561721261,,,,
1928-05-21,,,,0.010638379171909101,,,,
1928-05-22,,,,0.009625894957766766,,,,
1928-05-23,,,,0.01360640750157256,,,,
1928-05-24,,,,0.0036068928058542735,,,,
1928-05-25,,,,0.0006327157392384471,,,,
1928-05-28,,,,0.01097682379629531,,,,
1928-05-29,,,,0.007887501188845713,,,,
1928-05-31,,,,0.0054525762669489185,,,,
1928-06-01,,,,0.0018950346130743106,,,,
1928-06-04,,,,0.008611805315106384,,,,
1928-06-05,,,,0.0012610605898563192,,,,
1928-06-06,,,,0.006040645177978946,,,,
1928-06-07,,,,0.0014625516142050348,,,,
1928-06-08,,,,0.007881728159896004,,,,
1928-06-11,,,,0.023018545228820485,,,,
1928-06-12,,,,0.009762819483448018,,,,
1928-06-13,,,,0.015739978630464932,,,,
1928-06-14,,,,0.003840514484795564,,,,
1928-06-15,,,,0.007824349061679727,,,,
1928-06-18,,,,0.008666654066505627,,,,
1928-06-19,,,,0.0014244321032825268,,,,
1928-06-20,,,,0.005847356114708978,,,,
1928-06-21,,,,0.00012073256310046133,,,,
1928-06-22,,,,0.00038967454820707604,,,,
1928-06-25,,,,0.0017559386470748194,,,,
1928-06-26,,,,0.0055402535167996935,,,,
1928-06-27,,,,0.0046498504438028,,,,
1928-06-28,,,,0.005445016192143602,,,,
1928-06-29,,,,0.0016075708242337665,,,,
1928-07-02,,,,0.0042293796458566365,,,,
1928-07-03,,,,0.008342763355411077,,,,
1928-07-05,,,,0.004841259252415084,,,,
1928-07-06,,,,0.002271128384698059,,,,
1928-07-09,,,,0.0016256447457129967,,,,
1928-07-10,,,,0.0006766192517554366,,,,
1928-07-11,,,,0.013426738070387405,,,,
1928-07-12,,,,0.003671896384389296,,,,
1928-07-13,,,,0.0038831230667883327,,,,
1928-07-16,,,,0.007087404225654151,,,,
1928-07-17,,,,0.002519932401843605,,,,
1928-07-18,,,,0.006220270946909379,,,,
1928-07-19,,,,0.0009626880299102074,,,,
1928-07-20,,,,0.0008391144367541822,,,,
1928-07-23,,,,0.0022946630073915142,,,,
1928-07-24,,,,0.0007130790849687851,,,,
1928-07-25,,,,0.0029538187586154404,,,,
1928-07-26,,,,0.0008787641135788538,,,,
1928-07-27,,,,0.005142575311811365,,,,
1928-07-30,,,,0.0011871194723944293,,,,
1928-07-31,,,,0.0010540218116185931,,,,
1928-08-01,,,,0.0001362740466089874,,,,
1928-08-02,,,,0.0026840122439358073,,,,
1928-08-03,,,,0.0006248582640882804,,,,
1928-08-06,,,,0.006881743358871175,,,,
1928-08-07,,,,0.00273248219644096,,,,
1928-08-08,,,,0.007724196431820941,,,,
1928-08-09,,,,0.0012971620621985065,,,,
1928-08-10,,,,0.0014843780960868958,,,,
1928-08-13,,,,0.0009993143338654779,,,,
1928-08-14,,,,0.005336501580552048,,,,
1928-08-15,,,,0.011517864201227013,,,,
1928-08-16,,,,0.004258728053500805,,,,
1928-08-17,,,,0.0006324044366321005,,,,
1928-08-20,,,,0.0039975876583407295,,,,
1928-08-21,,,,0.008056909703834067,,,,
1928-08-22,,,,0.000468402486626661,,,,
1928-08-23,,,,0.0002999137555266542,,,,
1928-08-24,,,,0.010544647514357599,,,,
1928-08-27,,,,0.0009418293540844296,,,,
1928-08-28,,,,0.0049491490776981395,,,,
1928-08-29,,,,0.0009549129388075357,,,,
1928-08-30,,,,0.0006303652116164749,,,,
1928-08-31,,,,0.008554787764660989,,,,
1928-09-04,,,,0.0029850723498215685,,,,
1928-09-05,,,,0.0030171810524943893,,,,
1928-09-06,,,,0.004278052290165215,,,,
1928-09-07,,,,0.004809173162844611,,,,
1928-09-10,,,,0.005721711130015798,,,,
1928-09-11,,,,0.005181899936014733,,,,
1928-09-12,,,,0.0023915341891870734,,,,
1928-09-13,,,,0.0004914735688139254,,,,
1928-09-17,,,,0.006527010780444847,,,,
1928-09-18,,,,0.005245147681551537,,,,
1928-09-20,,,,0.0010498901831073825,,,,
1928-09-21,,,,0.004836304128301239,,,,
1928-09-24,,,,0.002204171760894968,,,,
1928-09-25,,,,0.0005293969639495359,,,,
1928-09-26,,,,0.0001476991880056793,,,,
1928-09-27,,,,0.010457983764207467,,,,
1928-09-28,,,,-6.49954946596407e-05,,,,
1928-10-01,,,,0.008125088688614994,,,,
1928-10-02,,,,0.0035998623425004123,,,,
1928-10-03,,,,0.002474575119878438,,,,
1928-10-04,,,,0.0022901281653329515,,,,
1928-10-05,,,,0.0013471036925271098,,,,
1928-10-08,,,,0.004200996044953542,,,,
1928-10-09,,,,0.002380512427463383,,,,
1928-10-10,,,,0.00902148616804435,,,,
1928-10-11,,,,0.0035565962317160938,,,,
1928-10-15,,,,0.005216890566342763,,,,
1928-10-16,,,,0.0023695063458183917,,,,
1928-10-17,,,,0.0023998870907140676,,,,
1928-10-18,,,,0.0015915810553779816,,,,
1928-10-19,,,,0.004595280006174474,,,,
1928-10-22,,,,0.006160145161650038,,,,
1928-10-23,,,,0.005457589803015236,,,,
1928-10-24,,,,0.0011911796033211484,,,,
1928-10-25,,,,0.0031986519908963292,,,,
1928-10-26,,,,0.01112141684640498,,,,
1928-10-29,,,,0.014241887794543164,,,,
1928-10-30,,,,0.009141921554323413,,,,
1928-10-31,,,,0.002824034776293952,,,,
1928-11-01,,,,0.011574812790779208,,,,
1928-11-02,,,,0.0012447777016982157,,,,
1928-11-05,,,,0.010450492436824261,,,,
1928-11-08,,,,0.005081186761329488,,,,
1928-11-09,,,,0.005465897797183639,,,,
1928-11-12,,,,0.01029906952505688,,,,
1928-11-13,,,,0.0020668098927026676,,,,
1928-11-15,,,,0.00398320677922622,,,,
1928-11-16,,,,0.012263527211183988,,,,
1928-11-20,,,,0.006808722857319466,,,,
1928-11-21,,,,0.012475814588746918,,,,
1928-11-22,,,,0.00981865663367948,,,,
1928-11-23,,,,0.005569111308273618,,,,
1928-11-26,,,,0.002907445452479672,,,,
1928-11-27,,,,0.00328167283923852,,,,
1928-11-28,,,,0.009150088403739109,,,,
1928-11-30,,,,0.0025863988225913338,,,,
1928-12-03,,,,0.014477596455373979,,,,
1928-12-04,,,,0.001473289884016459,,,,
1928-12-05,,,,0.0029740774132396564,,,,
1928-12-06,,,,0.02882317452606891,,,,
1928-12-07,,,,0.013693445257785118,,,,
1928-12-10,,,,0.0010512011552620596,,,,
1928-12-11,,,,0.010279569885053297,,,,
1928-12-12,,,,0.005007432621994801,,,,
1928-12-13,,,,0.0007960765871573936,,,,
1928-12-14,,,,0.0009099839563001141,,,,
1928-12-17,,,,0.002052395178342257,,,,
1928-12-18,,,,0.006202115989531834,,,,
1928-12-19,,,,0.006621830160698587,,,,
1928-12-20,,,,0.0018878673116448173,,,,
1928-12-21,,,,0.006114050426302248,,,,
1928-12-24,,,,0.004833678637366446,,,,
1928-12-26,,,,0.002286263406619862,,,,
1928-12-27,,,,0.004664287685314227,,,,
1928-12-28,,,,0.008165701783647493,,,,
1928-12-31,,,,0.008728254253081073,,,,
1929-01-02,,,,0.01066967314526115,,,,
1929-01-03,,,,0.0008335303258007317,,,,
1929-01-04,,,,6.496730765919561e-05,,,,
1929-01-07,,,,0.014055413758132086,,,,
1929-01-08,,,,0.0016303654593574964,,,,
1929-01-09,,,,0.008102843399027726,,,,
1929-01-10,,,,0.0005877965310549487,,,,
1929-01-11,,,,0.0007429412099611859,,,,
1929-01-14,,,,0.000837036520044878,,,,
1929-01-15,,,,0.008237387410821858,,,,
1929-01-16,,,,0.007335700403359789,,,,
1929-01-17,,,,0.002655581207630503,,,,
1929-01-18,,,,0.0015294195672774461,,,,
1929-01-21,,,,0.001783636401656911,,,,
1929-01-22,,,,0.004649859566952846,,,,
1929-01-23,,,,0.00323550329434081,,,,
1929-01-24,,,,0.0036643097789987276,,,,
1929-01-25,,,,0.009853759594422853,,,,
1929-01-28,,,,0.0028814121896604426,,,,
1929-01-29,,,,-9.590759289180348e-05,,,,
1929-01-30,,,,0.0018375410611408784,,,,
1929-01-31,,,,0.00676544614512569,,,,
1929-02-01,,,,0.0020872266297935205,,,,
1929-02-04,,,,0.004748994908079996,,,,
1929-02-05,,,,0.0011363854629865525,,,,
1929-02-06,,,,0.005101396792555708,,,,
1929-02-07,,,,0.01956363009768801,,,,
1929-02-08,,,,0.005927794781916898,,,,
1929-02-11,,,,0.011984277257505623,,,,
1929-02-13,,,,0.0004860296240860819,,,,
1929-02-14,,,,0.002017391549225984,,,,
1929-02-15,,,,0.010910707072358087,,,,
1929-02-18,,,,0.0005764631395124342,,,,
1929-02-19,,,,6.447782445879845e-05,,,,
1929-02-20,,,,0.004414977424695482,,,,
1929-02-21,,,,0.005759471606281487,,,,
1929-02-25,,,,0.0008078352643179268,,,,
1929-02-26,,,,0.0005932805288727931,,,,
1929-02-27,,,,0.006579334220340971,,,,
1929-02-28,,,,0.007407762228816547,,,,
1929-03-01,,,,0.005047054936112936,,,,
1929-03-04,,,,0.0074317611511948095,,,,
1929-03-05,,,,0.003626711427521074,,,,
1929-03-06,,,,0.008886433995708886,,,,
1929-03-07,,,,0.0048585419828272155,,,,
1929-03-08,,,,0.003276906339308765,,,,
1929-03-11,,,,0.007968107615630451,,,,
1929-03-12,,,,0.00013967862760548094,,,,
1929-03-13,,,,0.005877131504806595,,,,
1929-03-14,,,,0.010833337380577951,,,,
1929-03-15,,,,0.007278757197094059,,,,
1929-03-18,,,,0.0006924727982387191,,,,
1929-03-19,,,,5.303331168145896e-05,,,,
1929-03-20,,,,5.400577936434403e-05,,,,
1929-03-21,,,,0.0025271893984449875,,,,
1929-03-22,,,,0.007820759917611919,,,,
1929-03-25,,,,0.023520519457748853,,,,
1929-03-26,,,,0.003000907905393517,,,,
1929-03-27,,,,0.014546415114733542,,,,
1929-03-28,,,,0.007692066976759014,,,,
1929-04-01,,,,0.011309839664230223,,,,
1929-04-02,,,,0.004787186501230973,,,,
1929-04-03,,,,0.005221243518434619,,,,
1929-04-04,,,,0.0074715850028693135,,,,
1929-04-05,,,,0.004148220454429751,,,,
1929-04-08,,,,0.0037034857810553947,,,,
1929-04-09,,,,0.003421882638827472,,,,
1929-04-10,,,,0.0024685241348085174,,,,
1929-04-11,,,,0.004857761814185782,,,,
1929-04-12,,,,0.0013815360255889915,,,,
1929-04-15,,,,0.0026235401104404733,,,,
1929-04-16,,,,0.0008651959954760344,,,,
1929-04-17,,,,0.004680300497460445,,,,
1929-04-18,,,,0.0018198689145462732,,,,
1929-04-19,,,,0.0002421000006229029,,,,
1929-04-22,,,,0.005388181485759784,,,,
1929-04-23,,,,0.002634979219904508,,,,
1929-04-24,,,,0.0018118645435644324,,,,
1929-04-25,,,,0.0022448795054693005,,,,
1929-04-26,,,,0.0008646688033774755,,,,
1929-04-29,,,,0.0008809687619758189,,,,
1929-04-30,,,,0.008341399529102896,,,,
1929-05-01,,,,0.000730574270624334,,,,
1929-05-02,,,,0.0021983052029863246,,,,
1929-05-03,,,,0.005168762402603784,,,,
1929-05-06,,,,0.0008895951847169044,,,,
1929-05-07,,,,0.005181525044921249,,,,
1929-05-08,,,,0.002064016895871861,,,,
1929-05-09,,,,0.003331256485088729,,,,
1929-05-10,,,,0.0067843742204703895,,,,
1929-05-13,,,,0.015173381242850422,,,,
1929-05-14,,,,0.006114507361097618,,,,
1929-05-15,,,,0.0020952153121505377,,,,
1929-05-16,,,,0.002409126122613515,,,,
1929-05-17,,,,0.002221318219576148,,,,
1929-05-20,,,,0.014723772894606593,,,,
1929-05-21,,,,0.005986730425946523,,,,
1929-05-22,,,,0.018649170609470314,,,,
1929-05-23,,,,0.009872848397231144,,,,
1929-05-24,,,,0.003196951516473101,,,,
1929-05-27,,,,0.01630015785322503,,,,
1929-05-28,,,,0.006399126946311764,,,,
1929-05-29,,,,0.0002726693778117799,,,,
1929-05-31,,,,0.003318565333270184,,,,
1929-06-03,,,,0.007219209027157091,,,,
1929-06-04,,,,0.005878248343301891,,,,
1929-06-05,,,,0.0006936818908416454,,,,
1929-06-06,,,,0.0005950800471917528,,,,
1929-06-07,,,,0.0017295127961509118,,,,
1929-06-10,,,,0.00434460904055072,,,,
1929-06-11,,,,0.0025571955976873085,,,,
1929-06-12,,,,0.00010457948635826348,,,,
1929-06-13,,,,0.006744196841246121,,,,
1929-06-14,,,,0.0013336143697441456,,,,
1929-06-17,,,,0.008312293258243982,,,,
1929-06-18,,,,-8.00191171917287e-05,,,,
1929-06-19,,,,0.001628035428878482,,,,
1929-06-20,,,,0.0024321770022262576,,,,
1929-06-21,,,,0.002454418121770876,,,,
1929-06-25,,,,0.004941490245063638,,,,
1929-06-26,,,,0.002698245168695826,,,,
1929-06-27,,,,0.0006574804830574937,,,,
1929-06-28,,,,0.005433364263289436,,,,
1929-07-01,,,,0.00655222886453622,,,,
1929-07-02,,,,0.005168471961613821,,,,
1929-07-03,,,,0.0019654683935401668,,,,
1929-07-05,,,,0.002370664784645951,,,,
1929-07-08,,,,0.0006619491151836439,,,,
1929-07-09,,,,0.0016015269784479913,,,,
1929-07-10,,,,0.0014280971074773219,,,,
1929-07-11,,,,0.0008969898818091581,,,,
1929-07-12,,,,0.006038793534273905,,,,
1929-07-15,,,,0.0022832709256899075,,,,
1929-07-16,,,,0.003819209834605501,,,,
1929-07-17,,,,0.0011305439933782697,,,,
1929-07-18,,,,0.0010951870013655202,,,,
1929-07-19,,,,0.0018113694302731261,,,,
1929-07-22,,,,0.007021960234806479,,,,
1929-07-23,,,,0.008352531415138977,,,,
1929-07-24,,,,0.0038710689815532272,,,,
1929-07-25,,,,0.0024577540962818956,,,,
1929-07-26,,,,0.0022153564505115564,,,,
1929-07-29,,,,0.010432939885673913,,,,
1929-07-30,,,,0.006568868094592214,,,,
1929-07-31,,,,0.007784745809741424,,,,
1929-08-01,,,,0.0038663794851236657,,,,
1929-08-02,,,,0.009813678732685516,,,,
1929-08-05,,,,0.00023418022841212253,,,,
1929-08-06,,,,0.002113900210940012,,,,
1929-08-07,,,,0.00616189143533334,,,,
1929-08-08,,,,0.006853355077500812,,,,
1929-08-09,,,,0.02267490330052872,,,,
1929-08-12,,,,0.015723261066047014,,,,
1929-08-13,,,,0.003933379467286927,,,,
1929-08-14,,,,0.0011930872289163863,,,,
1929-08-15,,,,0.0005521494915179991,,,,
1929-08-16,,,,0.00890456521204191,,,,
1929-08-19,,,,0.0042702054297613585,,,,
1929-08-20,,,,0.002655840804933921,,,,
1929-08-21,,,,0.001993094759112972,,,,
1929-08-22,,,,0.0037282989241671557,,,,
1929-08-23,,,,0.004760703649293371,,,,
1929-08-26,,,,0.00018516442722886018,,,,
1929-08-27,,,,0.00018826822953840793,,,,
1929-08-28,,,,0.0008883654003275839,,,,
1929-08-29,,,,0.005007002786734092,,,,
1929-08-30,,,,0.007140016318644654,,,,
1929-09-03,,,,0.0016227831296722636,,,,
1929-09-04,,,,0.0016158219452809346,,,,
1929-09-05,,,,0.012476200326287509,,,,
1929-09-06,,,,0.013690902825765646,,,,
1929-09-09,,,,0.0024170506278919273,,,,
1929-09-10,,,,0.00912477927793448,,,,
1929-09-11,,,,0.006629555337860745,,,,
1929-09-12,,,,0.005574857485936135,,,,
1929-09-13,,,,0.0030857834229763904,,,,
1929-09-16,,,,0.00746816998877073,,,,
1929-09-17,,,,0.003982480363923245,,,,
1929-09-18,,,,0.0010050179682779034,,,,
1929-09-19,,,,0.0005297510357094216,,,,
1929-09-20,,,,0.005484235319756959,,,,
1929-09-23,,,,1.4845392797788486e-05,,,,
1929-09-24,,,,0.00970491272453745,,,,
1929-09-25,,,,0.0005530076064842018,,,,
1929-09-26,,,,0.004481787220692125,,,,
1929-09-27,,,,0.014519554305768527,,,,
1929-09-30,,,,0.0016444281259807786,,,,
1929-10-01,,,,0.0028362954522117927,,,,
1929-10-02,,,,0.0034330651778532446,,,,
1929-10-03,,,,0.02104110580576868,,,,
1929-10-04,,,,0.004437397788286985,,,,
1929-10-07,,,,0.027551559732926622,,,,
1929-10-08,,,,0.00103815676864214,,,,
1929-10-09,,,,0.0007107570726778663,,,,
1929-10-10,,,,0.006193657112776078,,,,
1929-10-11,,,,0.0004779458874958492,,,,
1929-10-14,,,,0.002384551761649659,,,,
1929-10-15,,,,0.002919214743772659,,,,
1929-10-16,,,,0.012993768955062329,,,,
1929-10-17,,,,0.005262435324074863,,,,
1929-10-18,,,,0.01008629026127548,,,,
1929-10-21,,,,0.013253748990433184,,,,
1929-10-22,,,,0.006237154305454958,,,,
1929-10-23,,,,0.019286560144963515,,,,
1929-10-24,,,,0.009237882740484043,,,,
1929-10-25,,,,0.003983189135287181,,,,
1929-10-28,,,,0.03739816075262265,,,,
1929-10-29,,,,0.02034695183405008,,,,
1929-10-30,,,,0.02229748076495288,,,,
1929-10-31,,,,0.0073564900531389804,,,,
1929-11-04,,,,0.007613052064462558,,,,
1929-11-06,,,,0.014352204289230801,,,,
1929-11-07,,,,0.0049810054838821905,,,,
1929-11-08,,,,0.0011796191589013587,,,,
1929-11-11,,,,0.008656669002539764,,,,
1929-11-12,,,,0.00784372551636083,,,,
1929-11-13,,,,0.007868789790197162,,,,
1929-11-14,,,,0.01230908289641407,,,,
1929-11-15,,,,0.00708413911630787,,,,
1929-11-18,,,,0.001289970724060613,,,,
1929-11-19,,,,0.0038901741063344726,,,,
1929-11-20,,,,0.0035452314313959223,,,,
1929-11-21,,,,0.002045507471028791,,,,
1929-11-22,,,,0.00045870359169903436,,,,
1929-11-25,,,,0.0015487671585131646,,,,
1929-11-26,,,,0.004013218406263576,,,,
1929-11-27,,,,0.0016941012499401102,,,,
1929-12-02,,,,0.00012581431207026568,,,,
1929-12-03,,,,0.004775066627646207,,,,
1929-12-04,,,,0.00261540139201227,,,,
1929-12-05,,,,0.0011641650327053618,,,,
1929-12-06,,,,0.0039046628362476043,,,,
1929-12-09,,,,0.00029395385804662925,,,,
1929-12-10,,,,0.0010861597470900913,,,,
1929-12-11,,,,0.0012758620450144876,,,,
1929-12-12,,,,0.00858428350434634,,,,
1929-12-13,,,,0.003859197651065085,,,,
1929-12-16,,,,0.0026655120696248923,,,,
1929-12-17,,,,0.0016510001335782079,,,,
1929-12-18,,,,0.0010167459794654036,,,,
1929-12-19,,,,0.004388670998643413,,,,
1929-12-20,,,,0.005526812912027934,,,,
1929-12-23,,,,0.0007471829542274109,,,,
1929-12-24,,,,0.0010103314969369926,,,,
1929-12-26,,,,0.0037670548238519573,,,,
1929-12-27,,,,0.00011822961781204266,,,,
1929-12-30,,,,0.0005045634805056878,,,,
1929-12-31,,,,0.004796161355252325,,,,
1930-01-02,,,,0.0022580118952755224,,,,
1930-01-03,,,,0.00033696445928021275,,,,
1930-01-06,,,,0.002307079769802313,,,,
1930-01-07,,,,0.0016442759109575472,,,,
1930-01-08,,,,0.00012676230049722039,,,,
1930-01-09,,,,0.0029734236739381945,,,,
1930-01-10,,,,0.0005937767015301528,,,,
1930-01-13,,,,0.0002258103106390783,,,,
1930-01-14,,,,0.0002721177913285287,,,,
1930-01-15,,,,0.0007679694150850766,,,,
1930-01-16,,,,0.001432099498146995,,,,
1930-01-17,,,,0.0018747180859570904,,,,
1930-01-20,,,,0.0018634777920809645,,,,
1930-01-21,,,,0.001032210473406746,,,,
1930-01-22,,,,8.555012949498417e-05,,,,
1930-01-23,,,,0.0021422679689438937,,,,
1930-01-24,,,,0.0020432101830212797,,,,
1930-01-27,,,,0.0017261159893755002,,,,
1930-01-28,,,,0.001142253747633911,,,,
1930-01-29,,,,0.0026793150963972685,,,,
1930-01-30,,,,0.0012160797315219113,,,,
1930-01-31,,,,0.0035146250697672228,,,,
1930-02-03,,,,0.0004948546238406191,,,,
1930-02-04,,,,0.002992242310477471,,,,
1930-02-05,,,,0.003345634802149626,,,,
1930-02-06,,,,0.0028338618130655966,,,,
1930-02-07,,,,0.0009932852303911129,,,,
1930-02-10,,,,0.001670143019678071,,,,
1930-02-11,,,,0.0022998650887099312,,,,
1930-02-13,,,,0.00033514831748615695,,,,
1930-02-14,,,,4.04579998786807e-05,,,,
1930-02-17,,,,0.0010644647010457555,,,,
1930-02-18,,,,9.298581923311119e-05,,,,
1930-02-19,,,,0.0026963245591087462,,,,
1930-02-20,,,,0.005740413942742337,,,,
1930-02-21,,,,0.0036994213441218613,,,,
1930-02-24,,,,0.003224510767649608,,,,
1930-02-25,,,,0.0027895525690333567,,,,
1930-02-26,,,,0.00294257686265945,,,,
1930-02-27,,,,0.0003320058056656166,,,,
1930-02-28,,,,0.002717562331564238,,,,
1930-03-03,,,,0.0009797621871040173,,,,
1930-03-04,,,,0.0024724042515693176,,,,
1930-03-05,,,,0.002582429978107928,,,,
1930-03-06,,,,0.0033036801876070057,,,,
1930-03-10,,,,0.0010400086230812672,,,,
1930-03-11,,,,0.0005811546780258961,,,,
1930-03-12,,,,0.004048561376899077,,,,
1930-03-13,,,,0.0020695551724993913,,,,
1930-03-14,,,,0.0023560301751696404,,,,
1930-03-17,,,,0.0034750591677791126,,,,
1930-03-18,,,,0.003652547828974468,,,,
1930-03-19,,,,0.0019717454152852966,,,,
1930-03-20,,,,0.0016505408799443056,,,,
1930-03-21,,,,0.002360778092718489,,,,
1930-03-24,,,,5.146165161376747e-05,,,,
1930-03-25,,,,0.0004074911661121113,,,,
1930-03-26,,,,0.006442640854826661,,,,
1930-03-27,,,,0.0007645266393935964,,,,
1930-03-28,,,,0.0048370931361516566,,,,
1930-03-31,,,,0.012562663988902389,,,,
1930-04-01,,,,0.021216082851471932,,,,
1930-04-02,,,,0.003661611876555281,,,,
1930-04-03,,,,0.0005322885755878999,,,,
1930-04-04,,,,0.0054807523323701455,,,,
1930-04-07,,,,0.0006816203695529822,,,,
1930-04-08,,,,0.0020004105457909127,,,,
1930-04-09,,,,0.00608246287970673,,,,
1930-04-10,,,,0.0005424001264185231,,,,
1930-04-11,,,,0.001118990803502521,,,,
1930-04-14,,,,0.0016109322336876574,,,,
1930-04-15,,,,-6.782937126086304e-05,,,,
1930-04-16,,,,0.002806816575776018,,,,
1930-04-17,,,,0.002910512380586084,,,,
1930-04-21,,,,0.0075501273680994435,,,,
1930-04-22,,,,0.0032802777796710754,,,,
1930-04-23,,,,0.0006039983419064002,,,,
1930-04-24,,,,0.0032923672255528486,,,,
1930-04-25,,,,0.00039384924347041965,,,,
1930-04-28,,,,0.009786313391385594,,,,
1930-04-29,,,,0.0004011516484138823,,,,
1930-04-30,,,,0.0027985145940151385,,,,
1930-05-01,,,,0.010691416403605193,,,,
1930-05-02,,,,0.012906083640410121,,,,
1930-05-05,,,,0.010191212797746034,,,,
1930-05-06,,,,0.013428604631084131,,,,
1930-05-07,,,,0.007024103890371228,,,,
1930-05-08,,,,0.0012416997112929989,,,,
1930-05-09,,,,0.00451522751528373,,,,
1930-05-12,,,,0.0062651831153251675,,,,
1930-05-13,,,,0.005032868121393527,,,,
1930-05-14,,,,0.002151486982227881,,,,
1930-05-15,,,,0.006251253355758647,,,,
1930-05-16,,,,0.0015602928088707024,,,,
1930-05-19,,,,0.008544106931123573,,,,
1930-05-20,,,,0.0015932855298952636,,,,
1930-05-21,,,,0.0018809999602750274,,,,
1930-05-22,,,,0.0006259793075132427,,,,
1930-05-23,,,,0.003909172389678324,,,,
1930-05-26,,,,0.003215057814729142,,,,
1930-05-27,,,,-5.89433063429576e-05,,,,
1930-05-28,,,,0.0022254533500859442,,,,
1930-05-29,,,,0.0017122464785826093,,,,
1930-06-02,,,,0.0014879820741964828,,,,
1930-06-03,,,,0.0038973523283241103,,,,
1930-06-04,,,,0.001801504039919346,,,,
1930-06-05,,,,0.00703273746359343,,,,
1930-06-06,,,,0.00729963641346665,,,,
1930-06-09,,,,0.02183425477980179,,,,
1930-06-10,,,,0.010726127698158292,,,,
1930-06-11,,,,0.01302734042268012,,,,
1930-06-12,,,,0.0010186248818842972,,,,
1930-06-13,,,,0.0019257551476832657,,,,
1930-06-16,,,,0.02790864154399179,,,,
1930-06-17,,,,0.0001220151331860886,,,,
1930-06-18,,,,0.010261628933333301,,,,
1930-06-19,,,,0.013456625778191473,,,,
1930-06-20,,,,0.006928590845616225,,,,
1930-06-23,,,,0.0020573846057292413,,,,
1930-06-24,,,,0.009500354637532498,,,,
1930-06-25,,,,0.0019513531777205777,,,,
1930-06-26,,,,0.0063174626960375525,,,,
1930-06-27,,,,0.002507924155080565,,,,
1930-06-30,,,,0.008927864938366361,,,,
1930-07-01,,,,0.0028185485415197055,,,,
1930-07-02,,,,0.0028219483970812077,,,,
1930-07-03,,,,0.002758130516533728,,,,
1930-07-07,,,,0.0057441706552890884,,,,
1930-07-08,,,,0.001839747001826027,,,,
1930-07-09,,,,0.004002074083088697,,,,
1930-07-10,,,,0.007095068658317461,,,,
1930-07-11,,,,0.0029389716068262493,,,,
1930-07-14,,,,0.011247642276830791,,,,
1930-07-15,,,,0.00043910908025691746,,,,
1930-07-16,,,,0.0019620546001562736,,,,
1930-07-17,,,,0.00117525598769448,,,,
1930-07-18,,,,0.002402950207943461,,,,
1930-07-21,,,,0.011179586865369132,,,,
1930-07-22,,,,0.00501792677686684,,,,
1930-07-23,,,,0.004408211956435112,,,,
1930-07-24,,,,0.003646899555170899,,,,
1930-07-25,,,,0.0014764407110507349,,,,
1930-07-28,,,,0.004249048277802761,,,,
1930-07-29,,,,0.002243599585748034,,,,
1930-07-30,,,,0.007904849422289313,,,,
1930-07-31,,,,0.0016874539097468742,,,,
1930-08-01,,,,0.0013508693328039814,,,,
1930-08-04,,,,0.005856472274711732,,,,
1930-08-06,,,,0.004900441403797899,,,,
1930-08-07,,,,0.0017101108568974314,,,,
1930-08-08,,,,0.012035289927509386,,,,
1930-08-11,,,,0.001819172902499677,,,,
1930-08-12,,,,0.007937548453969682,,,,
1930-08-13,,,,0.004076656702725102,,,,
1930-08-14,,,,-1.799768802543475e-05,,,,
1930-08-15,,,,0.008401374833640477,,,,
1930-08-18,,,,0.0023394632610732173,,,,
1930-08-19,,,,0.002932093516645903,,,,
1930-08-20,,,,0.00153494670636896,,,,
1930-08-21,,,,0.003211170408528231,,,,
1930-08-22,,,,0.0022327989276046227,,,,
1930-08-25,,,,0.0016869803611621872,,,,
1930-08-26,,,,0.004783147639741286,,,,
1930-08-27,,,,0.0024375589821143667,,,,
1930-08-28,,,,6.389524885697308e-05,,,,
1930-08-29,,,,0.003842411371897825,,,,
1930-09-02,,,,-3.0745573445431004e-05,,,,
1930-09-03,,,,0.0034850446769614453,,,,
1930-09-04,,,,0.0025128434431568674,,,,
1930-09-05,,,,0.005502075294431781,,,,
1930-09-08,,,,0.004902846322448066,,,,
1930-09-09,,,,0.0020656000994054144,,,,
1930-09-10,,,,0.001554129706155392,,,,
1930-09-11,,,,0.0023903558532563794,,,,
1930-09-12,,,,0.0038993584309387945,,,,
1930-09-15,,,,0.005651563777284679,,,,
1930-09-16,,,,0.0003455987566101036,,,,
1930-09-17,,,,0.0011194311161556098,,,,
1930-09-18,,,,0.004359107362648371,,,,
1930-09-19,,,,0.007424498298530774,,,,
1930-09-22,,,,0.010129939517703744,,,,
1930-09-23,,,,0.005208826730255778,,,,
1930-09-24,,,,0.006444398779828296,,,,
1930-09-25,,,,0.0075740396616126825,,,,
1930-09-26,,,,0.006049894746007966,,,,
1930-09-29,,,,0.011427075761385515,,,,
1930-09-30,,,,0.0059767141037289084,,,,
1930-10-01,,,,0.017622845724131732,,,,
1930-10-02,,,,0.004255582026636114,,,,
1930-10-03,,,,0.004266841364416324,,,,
1930-10-06,,,,0.014849460716015632,,,,
1930-10-07,,,,-5.41335427684631e-06,,,,
1930-10-08,,,,0.003942354775952323,,,,
1930-10-09,,,,0.01365792436827691,,,,
1930-10-10,,,,0.008058080444713182,,,,
1930-10-14,,,,0.0034772833384506263,,,,
1930-10-15,,,,0.0051321320368810505,,,,
1930-10-16,,,,0.005666364938954867,,,,
1930-10-17,,,,0.013205840702065636,,,,
1930-10-20,,,,0.007390909105832264,,,,
1930-10-21,,,,0.009113901120050777,,,,
1930-10-22,,,,0.0026213622129160966,,,,
1930-10-23,,,,0.004275178997857276,,,,
1930-10-24,,,,0.010808567352829106,,,,
1930-10-27,,,,0.0005099480908488256,,,,
1930-10-28,,,,0.001201997702867772,,,,
1930-10-29,,,,0.005279106972286388,,,,
1930-10-30,,,,0.0036420811270628027,,,,
1930-10-31,,,,0.007206155945039671,,,,
1930-11-03,,,,0.003375447419077315,,,,
1930-11-05,,,,0.00940158145943806,,,,
1930-11-06,,,,0.0003942145436180976,,,,
1930-11-07,,,,0.010670318188346772,,,,
1930-11-10,,,,0.01063482045795524,,,,
1930-11-11,,,,0.004789765468437733,,,,
1930-11-12,,,,0.006643426825890646,,,,
1930-11-13,,,,0.0077245438857249,,,,
1930-11-14,,,,0.005765370874531637,,,,
1930-11-17,,,,0.007113664537823975,,,,
1930-11-18,,,,0.0030741541708010868,,,,
1930-11-19,,,,0.00612180050216225,,,,
1930-11-20,,,,0.0011396078169383474,,,,
1930-11-21,,,,0.004483285257408956,,,,
1930-11-24,,,,0.0025683629630751346,,,,
1930-11-25,,,,0.003538826202721934,,,,
1930-11-26,,,,0.00437404661741817,,,,
1930-11-28,,,,0.004297602102409955,,,,
1930-12-01,,,,0.008045615314192713,,,,
1930-12-02,,,,0.002824696060365142,,,,
1930-12-03,,,,0.005355869418432969,,,,
1930-12-04,,,,0.004718330219196378,,,,
1930-12-05,,,,1.8005088086479962e-05,,,,
1930-12-08,,,,0.009131153211416427,,,,
1930-12-09,,,,2.3646052585818465e-05,,,,
1930-12-10,,,,0.005080421060129061,,,,
1930-12-11,,,,0.0037273886111319223,,,,
1930-12-12,,,,0.002518058202258305,,,,
1930-12-15,,,,0.010847294140889011,,,,
1930-12-16,,,,0.011199441962889045,,,,
1930-12-17,,,,0.01514345903043382,,,,
1930-12-18,,,,0.002012887453764615,,,,
1930-12-19,,,,0.003215859453635083,,,,
1930-12-22,,,,0.010037308669448684,,,,
1930-12-23,,,,0.0014474125744778552,,,,
1930-12-24,,,,0.003899003242345161,,,,
1930-12-26,,,,0.00616721598260711,,,,
1930-12-29,,,,0.0026038917661143036,,,,
1930-12-30,,,,0.007048440562034991,,,,
1930-12-31,,,,0.0055649857486097755,,,,
1931-01-02,,,,0.010065348656461623,,,,
1931-01-05,,,,0.0013388444481716604,,,,
1931-01-06,,,,0.0036324865197101797,,,,
1931-01-07,,,,0.019627496715301968,,,,
1931-01-08,,,,0.020199945375489223,,,,
1931-01-09,,,,0.002225922954662508,,,,
1931-01-12,,,,0.0033116633761009267,,,,
1931-01-13,,,,0.0027995201002983055,,,,
1931-01-14,,,,0.002655488161656583,,,,
1931-01-15,,,,0.005674426473671615,,,,
1931-01-16,,,,0.0028961776471847964,,,,
1931-01-19,,,,0.002961028320228014,,,,
1931-01-20,,,,0.005103479979677259,,,,
1931-01-22,,,,0.004611446356214363,,,,
1931-01-23,,,,0.005528997947547841,,,,
1931-01-26,,,,0.000242545712868202,,,,
1931-01-27,,,,0.001220201269903339,,,,
1931-01-28,,,,0.004891461714239667,,,,
1931-01-29,,,,0.0023959817425181535,,,,
1931-01-30,,,,0.00018856342973456173,,,,
1931-02-02,,,,0.00043880153268825,,,,
1931-02-03,,,,0.0012557209434144968,,,,
1931-02-04,,,,0.0014482931631514511,,,,
1931-02-05,,,,0.00190265048256016,,,,
1931-02-06,,,,0.0007579467098109594,,,,
1931-02-09,,,,0.012758167435526437,,,,
1931-02-10,,,,0.004455619416080223,,,,
1931-02-11,,,,0.0006878055918427018,,,,
1931-02-13,,,,0.001638343107381616,,,,
1931-02-16,,,,0.0026492464159252244,,,,
1931-02-17,,,,0.0050475094062173275,,,,
1931-02-18,,,,0.0025385339160307937,,,,
1931-02-19,,,,0.004007341174598972,,,,
1931-02-20,,,,0.0049057732039611,,,,
1931-02-24,,,,0.008112783782734568,,,,
1931-02-25,,,,0.00339971444689452,,,,
1931-02-26,,,,0.003381884753695209,,,,
1931-02-27,,,,0.0024058518285790574,,,,
1931-03-02,,,,0.009192049017905529,,,,
1931-03-03,,,,0.000272222879797939,,,,
1931-03-04,,,,0.002879177619719295,,,,
1931-03-05,,,,0.006459631991151926,,,,
1931-03-06,,,,0.006794111478931914,,,,
1931-03-09,,,,0.008127334785046814,,,,
1931-03-10,,,,0.0006358879758087864,,,,
1931-03-11,,,,0.003623138754297435,,,,
1931-03-12,,,,0.0021810337737126844,,,,
1931-03-13,,,,0.0014525352983670674,,,,
1931-03-16,,,,0.008708189204902569,,,,
1931-03-17,,,,0.003514462205392952,,,,
1931-03-18,,,,0.004273061702355504,,,,
1931-03-19,,,,0.003679156973947454,,,,
1931-03-20,,,,0.0007757894521074421,,,,
1931-03-23,,,,0.005797297690875983,,,,
1931-03-24,,,,0.002199229343781301,,,,
1931-03-25,,,,0.001910314951464026,,,,
1931-03-26,,,,0.004827200789618171,,,,
1931-03-27,,,,0.006800644213295753,,,,
1931-03-30,,,,0.011567336234823377,,,,
1931-03-31,,,,0.0004377628629061517,,,,
1931-04-01,,,,0.0035332209935046363,,,,
1931-04-02,,,,0.0014268910482045068,,,,
1931-04-06,,,,0.00091369056733901,,,,
1931-04-07,,,,0.0048735973100606615,,,,
1931-04-08,,,,0.004881285521679616,,,,
1931-04-09,,,,0.0019526091041208366,,,,
1931-04-10,,,,0.0009577914345271787,,,,
1931-04-13,,,,0.005950746066062943,,,,
1931-04-14,,,,0.004786294537520361,,,,
1931-04-15,,,,0.007742567363616996,,,,
1931-04-16,,,,0.004712096393057089,,,,
1931-04-17,,,,0.006051070316475447,,,,
1931-04-20,,,,0.0055682249960287,,,,
1931-04-21,,,,0.010283816523371608,,,,
1931-04-22,,,,0.007845388271273391,,,,
1931-04-23,,,,0.0015577025623872544,,,,
1931-04-27,,,,0.013643376016014525,,,,
1931-04-28,,,,0.0021970500645681038,,,,
1931-04-29,,,,0.007757894292469151,,,,
1931-04-30,,,,0.01906509982369418,,,,
1931-05-01,,,,0.009601238243210786,,,,
1931-05-04,,,,0.00898178973029453,,,,
1931-05-05,,,,0.0024467769892020223,,,,
1931-05-06,,,,0.0013376857682907695,,,,
1931-05-07,,,,0.0012183786143929614,,,,
1931-05-08,,,,0.010771475050918447,,,,
1931-05-11,,,,0.00510857522639822,,,,
1931-05-12,,,,0.0031021326187895527,,,,
1931-05-13,,,,0.0009962388730823336,,,,
1931-05-14,,,,0.007257058329119457,,,,
1931-05-15,,,,0.004908206566707788,,,,
1931-05-18,,,,0.0139013553016829,,,,
1931-05-19,,,,0.00013844144193927825,,,,
1931-05-20,,,,0.0017891871045757383,,,,
1931-05-21,,,,0.0031891789856535293,,,,
1931-05-22,,,,0.0010162686745302596,,,,
1931-05-25,,,,0.0130182588355011,,,,
1931-05-26,,,,6.267416485892446e-05,,,,
1931-05-27,,,,0.0035987177920560076,,,,
1931-05-28,,,,0.0010787990406320143,,,,
1931-05-29,,,,0.007309363304624556,,,,
1931-06-01,,,,0.016134665482766528,,,,
1931-06-02,,,,0.005051795929825746,,,,
1931-06-03,,,,0.024190213396479733,,,,
1931-06-04,,,,0.008326009326630157,,,,
1931-06-05,,,,0.0027284855802009764,,,,
1931-06-08,,,,0.002926309693459297,,,,
1931-06-09,,,,0.004140261972371153,,,,
1931-06-10,,,,0.006949053130384402,,,,
1931-06-11,,,,0.00042618289790206704,,,,
1931-06-12,,,,0.00023923570454170446,,,,
1931-06-15,,,,0.002273460040509423,,,,
1931-06-16,,,,0.0004509244693862558,,,,
1931-06-17,,,,0.002976075012884616,,,,
1931-06-18,,,,0.00493586784983204,,,,
1931-06-19,,,,0.0009911809413761768,,,,
1931-06-22,,,,0.030322239710256604,,,,
1931-06-23,,,,0.0029022027106610595,,,,
1931-06-24,,,,0.010230904943166771,,,,
1931-06-25,,,,0.001353790774115034,,,,
1931-06-26,,,,0.00509148288248145,,,,
1931-06-29,,,,0.003639577529026263,,,,
1931-06-30,,,,0.003738908846465086,,,,
1931-07-01,,,,0.0034825557647858653,,,,
1931-07-02,,,,0.0018811298315986964,,,,
1931-07-03,,,,0.004778412849221511,,,,
1931-07-06,,,,0.002354338606231921,,,,
1931-07-07,,,,0.009080136089174094,,,,
1931-07-08,,,,0.0021461369464018352,,,,
1931-07-09,,,,0.001814933008768092,,,,
1931-07-10,,,,0.002153491788652421,,,,
1931-07-13,,,,0.0064946463848432785,,,,
1931-07-14,,,,0.002288381281952608,,,,
1931-07-15,,,,0.004937510329346496,,,,
1931-07-16,,,,0.005901914691122433,,,,
1931-07-17,,,,0.00211679433238616,,,,
1931-07-20,,,,0.0031730455973420523,,,,
1931-07-21,,,,0.0026462302525293853,,,,
1931-07-22,,,,0.005864877242788498,,,,
1931-07-24,,,,0.005573241000588935,,,,
1931-07-27,,,,0.0009770826288179046,,,,
1931-07-28,,,,0.0026916159044056654,,,,
1931-07-29,,,,0.008272536543329139,,,,
1931-07-30,,,,0.0010142559962154744,,,,
1931-07-31,,,,0.0012931541326303092,,,,
1931-08-03,,,,0.003852753120138743,,,,
1931-08-04,,,,0.0017123146903053128,,,,
1931-08-05,,,,0.003993918024649038,,,,
1931-08-06,,,,0.0017989891230489445,,,,
1931-08-07,,,,0.0011229812629574276,,,,
1931-08-10,,,,0.001213125521427206,,,,
1931-08-11,,,,0.009561295514809267,,,,
1931-08-12,,,,0.003879715439413158,,,,
1931-08-13,,,,0.004540123896785568,,,,
1931-08-14,,,,0.005555795154942211,,,,
1931-08-17,,,,0.004917561741357638,,,,
1931-08-18,,,,0.000900579936628137,,,,
1931-08-19,,,,0.000695842933756667,,,,
1931-08-20,,,,0.0004860668774199538,,,,
1931-08-21,,,,0.006808482307494764,,,,
1931-08-24,,,,0.0024037798843156272,,,,
1931-08-25,,,,0.00106786551458445,,,,
1931-08-26,,,,0.005268633868105499,,,,
1931-08-27,,,,0.0017753269292777557,,,,
1931-08-28,,,,0.0031602761963001255,,,,
1931-08-31,,,,0.0030139297867218017,,,,
1931-09-01,,,,0.0012806716357357465,,,,
1931-09-02,,,,0.006340328931144776,,,,
1931-09-03,,,,0.007726283091320544,,,,
1931-09-04,,,,0.0014403086880750407,,,,
1931-09-08,,,,0.010910595223323202,,,,
1931-09-09,,,,0.0027984529415811957,,,,
1931-09-10,,,,0.0036775269686732353,,,,
1931-09-11,,,,0.001743024746967977,,,,
1931-09-14,,,,0.016346658751992364,,,,
1931-09-15,,,,0.0028836975850550367,,,,
1931-09-16,,,,0.004625616657930847,,,,
1931-09-17,,,,0.006091467429486758,,,,
1931-09-18,,,,0.016002078605320852,,,,
1931-09-21,,,,0.014330930383464235,,,,
1931-09-22,,,,0.003448108860728149,,,,
1931-09-23,,,,0.019966248703410343,,,,
1931-09-24,,,,0.01863609183782555,,,,
1931-09-25,,,,0.005081166389315344,,,,
1931-09-28,,,,0.008827641559722368,,,,
1931-09-29,,,,0.00955966332714753,,,,
1931-09-30,,,,0.007848035869139104,,,,
1931-10-01,,,,0.004157849798025303,,,,
1931-10-02,,,,0.003998484444485811,,,,
1931-10-05,,,,0.020927523484970997,,,,
1931-10-06,,,,0.02525009000974,,,,
1931-10-07,,,,0.0020731853536627297,,,,
1931-10-08,,,,0.014022855602738832,,,,
1931-10-09,,,,0.0009605441271581329,,,,
1931-10-13,,,,0.006570407051958442,,,,
1931-10-14,,,,0.003493194510087008,,,,
1931-10-15,,,,0.0027859499770854722,,,,
1931-10-16,,,,0.004825535615792769,,,,
1931-10-19,,,,0.0019170190410589408,,,,
1931-10-20,,,,0.0071745008271691816,,,,
1931-10-21,,,,0.0014204741704813126,,,,
1931-10-22,,,,0.005372605477624202,,,,
1931-10-23,,,,0.005234128827328916,,,,
1931-10-26,,,,0.0029956104806197273,,,,
1931-10-27,,,,0.0035675889671184713,,,,
1931-10-28,,,,0.005484837482033976,,,,
1931-10-29,,,,0.0005828302397931114,,,,
1931-10-30,,,,0.005390056474009042,,,,
1931-11-02,,,,0.001068583542865466,,,,
1931-11-04,,,,0.0052773668324389645,,,,
1931-11-05,,,,0.0006027903798151692,,,,
1931-11-06,,,,0.005409974151290033,,,,
1931-11-09,,,,0.006563608220050115,,,,
1931-11-10,,,,0.0037037266581836465,,,,
1931-11-11,,,,0.002692917813559606,,,,
1931-11-12,,,,0.00061148325611596,,,,
1931-11-13,,,,0.005887170949223189,,,,
1931-11-16,,,,0.0050411366856454335,,,,
1931-11-17,,,,0.00298651517773682,,,,
1931-11-18,,,,0.007008809450168188,,,,
1931-11-19,,,,0.0008825411573344586,,,,
1931-11-20,,,,0.0058902700485773596,,,,
1931-11-23,,,,0.0029253808648490396,,,,
1931-11-24,,,,0.003373536606894572,,,,
1931-11-25,,,,0.0068544985798739385,,,,
1931-11-27,,,,0.004577290436409727,,,,
1931-11-30,,,,0.004031045797902879,,,,
1931-12-01,,,,0.002520712497008686,,,,
1931-12-02,,,,0.007241740605299796,,,,
1931-12-03,,,,0.003782746973828061,,,,
1931-12-04,,,,0.004469834197767594,,,,
1931-12-07,,,,0.006207882319392064,,,,
1931-12-08,,,,0.006042872645312973,,,,
1931-12-09,,,,0.005557430970988248,,,,
1931-12-10,,,,0.004788437606872599,,,,
1931-12-11,,,,0.006715981575413958,,,,
1931-12-14,,,,0.0077496806602215815,,,,
1931-12-15,,,,0.0028526698974098656,,,,
1931-12-16,,,,0.00504156884249528,,,,
1931-12-17,,,,0.005783211086078976,,,,
1931-12-18,,,,0.01836188504756436,,,,
1931-12-21,,,,0.004825697476635833,,,,
1931-12-22,,,,0.003265897369181694,,,,
1931-12-23,,,,0.008068526283142159,,,,
1931-12-24,,,,0.00013897246497137782,,,,
1931-12-28,,,,0.004981296568424707,,,,
1931-12-29,,,,0.005113664724168194,,,,
1931-12-30,,,,0.0034488342107177983,,,,
1931-12-31,,,,0.0003908111470088976,,,,
1932-01-04,,,,0.014244662191981512,,,,
1932-01-05,,,,0.00020274804269660752,,,,
1932-01-06,,,,0.01390497850728459,,,,
1932-01-07,,,,0.0031025463745215994,,,,
1932-01-08,,,,0.00785548379551469,,,,
1932-01-11,,,,0.0018828206901559728,,,,
1932-01-12,,,,0.001934459062591271,,,,
1932-01-13,,,,0.009199665272150074,,,,
1932-01-14,,,,0.002012241856853746,,,,
1932-01-15,,,,0.00032010087773263866,,,,
1932-01-18,,,,0.008783894287119003,,,,
1932-01-19,,,,0.0006126240382574325,,,,
1932-01-20,,,,0.003300631871862022,,,,
1932-01-21,,,,0.0010723193347385869,,,,
1932-01-22,,,,0.008488604633644401,,,,
1932-01-25,,,,0.00018170266930167967,,,,
1932-01-26,,,,0.002562139728339966,,,,
1932-01-27,,,,0.003827733143227213,,,,
1932-01-28,,,,0.0029489028597493193,,,,
1932-01-29,,,,0.0022635873679079117,,,,
1932-02-01,,,,0.007576963454361298,,,,
1932-02-02,,,,0.004489990090592621,,,,
1932-02-03,,,,0.0009276013770696752,,,,
1932-02-04,,,,0.0012579321005780411,,,,
1932-02-05,,,,0.006961962149732729,,,,
1932-02-08,,,,0.004401814772380912,,,,
1932-02-09,,,,0.002529907147593659,,,,
1932-02-10,,,,0.0008243106863181824,,,,
1932-02-11,,,,0.018639910468328892,,,,
1932-02-15,,,,0.00922250015718672,,,,
1932-02-16,,,,0.007699095738636564,,,,
1932-02-17,,,,0.007828091382269347,,,,
1932-02-18,,,,0.005085754276713153,,,,
1932-02-19,,,,0.00011449221636792172,,,,
1932-02-23,,,,0.011178310181093807,,,,
1932-02-24,,,,0.004719317016195041,,,,
1932-02-25,,,,0.0017488506675089003,,,,
1932-02-26,,,,0.00017525595162517593,,,,
1932-02-29,,,,0.0011211653552049914,,,,
1932-03-01,,,,0.0013355383445139422,,,,
1932-03-02,,,,0.008643150542482565,,,,
1932-03-04,,,,0.00012098008847390095,,,,
1932-03-07,,,,0.002259197612029733,,,,
1932-03-08,,,,0.003696646731326459,,,,
1932-03-09,,,,0.003966363237097417,,,,
1932-03-10,,,,0.0018867868208614187,,,,
1932-03-11,,,,0.005178752633569366,,,,
1932-03-14,,,,0.0053319372971862835,,,,
1932-03-16,,,,0.00532050034832086,,,,
1932-03-17,,,,0.004590820365870989,,,,
1932-03-18,,,,0.007044312928749419,,,,
1932-03-21,,,,0.0010004366132547165,,,,
1932-03-22,,,,0.00021802508402462073,,,,
1932-03-23,,,,0.003121602970058107,,,,
1932-03-24,,,,0.002315735881080989,,,,
1932-03-28,,,,0.008188350153136768,,,,
1932-03-29,,,,0.00024497593697984195,,,,
1932-03-30,,,,0.004985656885882707,,,,
1932-03-31,,,,0.013439251615057591,,,,
1932-04-01,,,,0.004043618313962657,,,,
1932-04-04,,,,0.003846008589146715,,,,
1932-04-05,,,,0.011030482001589929,,,,
1932-04-06,,,,0.0068245616379268605,,,,
1932-04-07,,,,0.002430477067050781,,,,
1932-04-08,,,,0.007270091538142513,,,,
1932-04-11,,,,0.007153889425687415,,,,
1932-04-12,,,,0.0003247225945533852,,,,
1932-04-13,,,,0.0031388545464243567,,,,
1932-04-14,,,,0.011023231344922928,,,,
1932-04-15,,,,0.006233297650772683,,,,
1932-04-18,,,,0.010758389648014805,,,,
1932-04-19,,,,0.0032724187439837206,,,,
1932-04-21,,,,0.008031810826052494,,,,
1932-04-22,,,,0.010208011784161159,,,,
1932-04-25,,,,0.0025202529591229813,,,,
1932-04-26,,,,0.003267239026098668,,,,
1932-04-27,,,,0.0054846916998646635,,,,
1932-04-28,,,,0.008670857105519144,,,,
1932-04-29,,,,0.007447614011747799,,,,
1932-05-02,,,,0.0034344605545122767,,,,
1932-05-03,,,,0.0031431754191488847,,,,
1932-05-04,,,,0.003178385868072435,,,,
1932-05-05,,,,0.002394302260940473,,,,
1932-05-06,,,,0.017160341229582994,,,,
1932-05-09,,,,0.0044813363574753955,,,,
1932-05-10,,,,0.0016864673629683848,,,,
1932-05-11,,,,0.0002998572610298102,,,,
1932-05-12,,,,0.007338129940771077,,,,
1932-05-13,,,,0.007587932844850947,,,,
1932-05-16,,,,0.000273160049369544,,,,
1932-05-17,,,,0.0007377939669160515,,,,
1932-05-18,,,,0.005673919065626733,,,,
1932-05-19,,,,0.0011446757847517802,,,,
1932-05-23,,,,0.0021060514821200004,,,,
1932-05-24,,,,0.009754986477898743,,,,
1932-05-25,,,,0.0082048936260168,,,,
1932-05-26,,,,0.0036712716913641632,,,,
1932-05-27,,,,0.01308003345764872,,,,
1932-05-31,,,,0.017177397637458066,,,,
1932-06-01,,,,0.00330051452250049,,,,
1932-06-02,,,,0.01178910892103375,,,,
1932-06-03,,,,0.010904984369431893,,,,
1932-06-06,,,,0.007051773854051222,,,,
1932-06-07,,,,0.008275189651093471,,,,
1932-06-08,,,,0.010968603726855496,,,,
1932-06-10,,,,0.014423749552873401,,,,
1932-06-13,,,,0.0034940124625955507,,,,
1932-06-14,,,,0.004305402249236841,,,,
1932-06-15,,,,0.0063762439683619195,,,,
1932-06-17,,,,0.010133300155251332,,,,
1932-06-20,,,,0.0020884794927112232,,,,
1932-06-21,,,,0.00432495417103913,,,,
1932-06-23,,,,0.0010525214965690392,,,,
1932-06-24,,,,0.007712860642176803,,,,
1932-06-27,,,,0.006409351848841007,,,,
1932-06-29,,,,0.0028873328509474504,,,,
1932-06-30,,,,0.0033442878638773148,,,,
1932-07-01,,,,0.0073572646016582515,,,,
1932-07-05,,,,0.004113356294223952,,,,
1932-07-06,,,,0.004207512118224415,,,,
1932-07-07,,,,0.00630863652851312,,,,
1932-07-08,,,,0.0017051135294705087,,,,
1932-07-11,,,,0.008478663739724958,,,,
1932-07-13,,,,0.009378446421939617,,,,
1932-07-14,,,,0.001146984875615597,,,,
1932-07-15,,,,0.0056363172031098545,,,,
1932-07-18,,,,0.005133085599370698,,,,
1932-07-19,,,,0.0007679896078738902,,,,
1932-07-20,,,,0.006212110072948812,,,,
1932-07-21,,,,0.004784080630826082,,,,
1932-07-22,,,,0.0058995194462140785,,,,
1932-07-25,,,,0.010805927166353492,,,,
1932-07-26,,,,0.0028152471179700407,,,,
1932-07-27,,,,0.009845804926836454,,,,
1932-07-28,,,,0.006084234436975603,,,,
1932-07-29,,,,0.005920966886768834,,,,
1932-08-01,,,,0.0025067601189801775,,,,
1932-08-02,,,,0.007816516949422973,,,,
1932-08-03,,,,0.01733947907508206,,,,
1932-08-04,,,,0.0035619121130346953,,,,
1932-08-05,,,,0.007744293172090284,,,,
1932-08-08,,,,0.01681744749076666,,,,
1932-08-09,,,,0.0008626640120500389,,,,
1932-08-10,,,,0.0059442848827833015,,,,
1932-08-11,,,,0.0008564448088898016,,,,
1932-08-12,,,,0.014038068774538243,,,,
1932-08-15,,,,0.010058755416106532,,,,
1932-08-16,,,,0.005040258264844906,,,,
1932-08-17,,,,0.003515581341084592,,,,
1932-08-18,,,,0.0018484910239618812,,,,
1932-08-19,,,,0.0014680397679642985,,,,
1932-08-22,,,,0.005220615231528976,,,,
1932-08-23,,,,0.008150319334117088,,,,
1932-08-24,,,,0.0036255071731350914,,,,
1932-08-25,,,,0.0013882670162847538,,,,
1932-08-26,,,,0.002629596529156066,,,,
1932-08-29,,,,0.003891494903916908,,,,
1932-08-30,,,,0.00224228862413953,,,,
1932-08-31,,,,0.0016532037958678079,,,,
1932-09-01,,,,0.0016403911219011944,,,,
1932-09-02,,,,0.008014816881279797,,,,
1932-09-06,,,,0.0013693668432429526,,,,
1932-09-07,,,,0.008386771048730762,,,,
1932-09-08,,,,0.006852780955968978,,,,
1932-09-09,,,,0.0045003001661366665,,,,
1932-09-12,,,,0.012667902059916976,,,,
1932-09-13,,,,0.007404198726562896,,,,
1932-09-14,,,,0.009824638822934275,,,,
1932-09-15,,,,0.006907592429458729,,,,
1932-09-16,,,,0.001900420119323235,,,,
1932-09-19,,,,0.005062491364675297,,,,
1932-09-20,,,,0.006342987593678142,,,,
1932-09-21,,,,0.019870181705314138,,,,
1932-09-22,,,,0.0045144419024676485,,,,
1932-09-23,,,,0.0024563841115049275,,,,
1932-09-26,,,,0.00648327875598981,,,,
1932-09-27,,,,0.0016090389180613272,,,,
1932-09-28,,,,0.004265951347906425,,,,
1932-09-29,,,,0.004796352377149647,,,,
1932-09-30,,,,0.00034021088264346653,,,,
1932-10-03,,,,0.0003469183154047482,,,,
1932-10-04,,,,0.00015346676084903918,,,,
1932-10-05,,,,0.013417546994865097,,,,
1932-10-06,,,,0.0007490965554453582,,,,
1932-10-07,,,,0.008610417464851028,,,,
1932-10-10,,,,0.013152077275360375,,,,
1932-10-11,,,,0.010413956726048352,,,,
1932-10-13,,,,0.00428554074999386,,,,
1932-10-14,,,,0.00978974673946956,,,,
1932-10-17,,,,0.0025028451684746857,,,,
1932-10-18,,,,0.0025491182431382894,,,,
1932-10-19,,,,0.005354951252661022,,,,
1932-10-20,,,,0.0032718977643975663,,,,
1932-10-21,,,,0.008234843606061706,,,,
1932-10-24,,,,0.00013153025126322776,,,,
1932-10-25,,,,0.0014603677361261463,,,,
1932-10-26,,,,0.0027838507182866555,,,,
1932-10-27,,,,0.0012316873414663968,,,,
1932-10-28,,,,0.0030080250212359497,,,,
1932-10-31,,,,0.002807872239015879,,,,
1932-11-01,,,,0.004486848438074699,,,,
1932-11-02,,,,0.005602187510526685,,,,
1932-11-03,,,,0.0009340540542401352,,,,
1932-11-04,,,,0.009943349789741516,,,,
1932-11-07,,,,0.00818134365012237,,,,
1932-11-09,,,,0.006857477563297807,,,,
1932-11-10,,,,0.011595166154241963,,,,
1932-11-11,,,,0.004739469783852715,,,,
1932-11-14,,,,0.004866363003243716,,,,
1932-11-16,,,,0.004727771358370702,,,,
1932-11-17,,,,0.0010321169344843953,,,,
1932-11-18,,,,0.00039537739312003016,,,,
1932-11-21,,,,0.0014860521088124465,,,,
1932-11-22,,,,0.0006322324420541339,,,,
1932-11-23,,,,0.007356026575715961,,,,
1932-11-25,,,,0.0016358629284312462,,,,
1932-11-28,,,,0.00040120871298939193,,,,
1932-11-29,,,,0.0004515988124231064,,,,
1932-11-30,,,,0.0058294832717713805,,,,
1932-12-01,,,,0.004681508066620769,,,,
1932-12-02,,,,0.0067072002009921725,,,,
1932-12-05,,,,0.001793267790186177,,,,
1932-12-06,,,,0.008849505198259411,,,,
1932-12-07,,,,0.0004102086620156476,,,,
1932-12-09,,,,0.004866685976881559,,,,
1932-12-12,,,,0.00020348357749811705,,,,
1932-12-13,,,,0.0020340958193743462,,,,
1932-12-14,,,,0.003379094550382756,,,,
1932-12-15,,,,0.0018092436539728278,,,,
1932-12-16,,,,0.0013099485279373297,,,,
1932-12-19,,,,0.0007821549192600188,,,,
1932-12-20,,,,0.004227195536383896,,,,
1932-12-21,,,,0.0005309676004796453,,,,
1932-12-22,,,,0.006855636871794861,,,,
1932-12-27,,,,0.0011481925331187685,,,,
1932-12-28,,,,0.00025783651669008764,,,,
1932-12-29,,,,0.004756773432988094,,,,
1932-12-30,,,,0.0053145316855243525,,,,
1933-01-03,,,,0.0027551857898928224,,,,
1933-01-04,,,,0.010167942056302944,,,,
1933-01-05,,,,0.0008349166051626473,,,,
1933-01-06,,,,0.003237215595047676,,,,
1933-01-09,,,,0.0029825444165436526,,,,
1933-01-10,,,,0.006442105761876139,,,,
1933-01-11,,,,0.000542983205165602,,,,
1933-01-12,,,,0.002722892756001054,,,,
1933-01-13,,,,0.000508216790149598,,,,
1933-01-16,,,,0.006057661509087941,,,,
1933-01-17,,,,0.0005322600319444332,,,,
1933-01-18,,,,0.0042941343302728635,,,,
1933-01-19,,,,0.0009015736543653726,,,,
1933-01-20,,,,0.0026577738754432977,,,,
1933-01-23,,,,0.0009785155568084595,,,,
1933-01-24,,,,0.0017145968445439167,,,,
1933-01-25,,,,0.004247154872292545,,,,
1933-01-26,,,,0.0017397380686014312,,,,
1933-01-27,,,,0.00029526082216924576,,,,
1933-01-30,,,,0.002191953994999193,,,,
1933-01-31,,,,0.0014702468755626223,,,,
1933-02-01,,,,0.010606443592547508,,,,
1933-02-02,,,,0.004718433461431618,,,,
1933-02-03,,,,0.000743141300604396,,,,
1933-02-06,,,,0.002015816188745541,,,,
1933-02-07,,,,0.0024207635369321435,,,,
1933-02-08,,,,0.003289646258723501,,,,
1933-02-09,,,,0.005862319095453124,,,,
1933-02-10,,,,0.0041281352786743265,,,,
1933-02-14,,,,0.014597501905752212,,,,
1933-02-15,,,,0.0016263210286467586,,,,
1933-02-16,,,,0.0064628897351242404,,,,
1933-02-17,,,,0.004329006604795383,,,,
1933-02-20,,,,0.010108312842964371,,,,
1933-02-21,,,,0.001725399836072415,,,,
1933-02-23,,,,0.012851954059148716,,,,
1933-02-24,,,,0.01009572284963918,,,,
1933-02-27,,,,0.015871795137805803,,,,
1933-02-28,,,,0.005433826214122251,,,,
1933-03-01,,,,0.004453028652133277,,,,
1933-03-02,,,,0.004851730665860615,,,,
1933-03-03,,,,0.00790734401672256,,,,
1933-03-15,,,,0.03885882816013452,,,,
1933-03-16,,,,0.002639493739232611,,,,
1933-03-17,,,,0.006751155897727313,,,,
1933-03-20,,,,0.003017797369184419,,,,
1933-03-21,,,,0.007256629669214422,,,,
1933-03-22,,,,0.0019838736892705535,,,,
1933-03-23,,,,0.003305120803091815,,,,
1933-03-27,,,,0.004163104525439504,,,,
1933-03-28,,,,0.0031811017809609027,,,,
1933-03-29,,,,0.003741790924018622,,,,
1933-03-30,,,,0.0005110570865772343,,,,
1933-03-31,,,,0.00567068514271144,,,,
1933-04-03,,,,0.0004980141484671935,,,,
1933-04-04,,,,0.0008055369590425278,,,,
1933-04-05,,,,0.0014234585924084565,,,,
1933-04-06,,,,0.002967078318815127,,,,
1933-04-07,,,,0.0020359827881928027,,,,
1933-04-10,,,,0.01276938854636233,,,,
1933-04-11,,,,0.000765554794614266,,,,
1933-04-12,,,,0.0027306111001074813,,,,
1933-04-13,,,,0.007344371349261307,,,,
1933-04-17,,,,0.0037801889508851843,,,,
1933-04-18,,,,0.003567789689939317,,,,
1933-04-19,,,,0.013346091729371864,,,,
1933-04-20,,,,0.01676880074677926,,,,
1933-04-21,,,,0.007862274315412351,,,,
1933-04-24,,,,0.010010235228520438,,,,
1933-04-25,,,,0.003725224594161749,,,,
1933-04-26,,,,0.0009358999534745926,,,,
1933-04-27,,,,0.001402032859820178,,,,
1933-04-28,,,,0.0026639631019488345,,,,
1933-05-01,,,,0.012609938007728395,,,,
1933-05-02,,,,0.0004791958062986919,,,,
1933-05-03,,,,0.0009117406116058805,,,,
1933-05-04,,,,0.004607131210793862,,,,
1933-05-05,,,,0.0016420407520842616,,,,
1933-05-08,,,,0.007714368523807892,,,,
1933-05-09,,,,0.0011053135560711359,,,,
1933-05-10,,,,0.008373965326758409,,,,
1933-05-11,,,,0.004681285062614825,,,,
1933-05-12,,,,0.0007028213779401251,,,,
1933-05-15,,,,0.006661938200602383,,,,
1933-05-16,,,,0.0032581746949661094,,,,
1933-05-17,,,,0.0016716088019066092,,,,
1933-05-18,,,,0.0009380231240496659,,,,
1933-05-19,,,,0.0013618462938039394,,,,
1933-05-22,,,,0.0036642338046776785,,,,
1933-05-23,,,,0.006689335243981711,,,,
1933-05-24,,,,0.0037982063728708025,,,,
1933-05-25,,,,0.0013733728341694803,,,,
1933-05-26,,,,0.00531234232896241,,,,
1933-05-29,,,,0.008894754452499282,,,,
1933-05-31,,,,0.0026611040143029543,,,,
1933-06-01,,,,0.00187964641916219,,,,
1933-06-02,,,,0.007689821067074984,,,,
1933-06-05,,,,0.0010979750593701305,,,,
1933-06-06,,,,0.0005312783731810172,,,,
1933-06-07,,,,0.00348411119426902,,,,
1933-06-08,,,,0.0016810846723450167,,,,
1933-06-09,,,,0.0018955476640051937,,,,
1933-06-12,,,,0.009606718633257039,,,,
1933-06-13,,,,0.006080612493270427,,,,
1933-06-14,,,,0.0018950147953978634,,,,
1933-06-15,,,,0.014510843949051399,,,,
1933-06-16,,,,0.0012714133444253072,,,,
1933-06-19,,,,0.017186154890656065,,,,
1933-06-20,,,,0.002628370487080818,,,,
1933-06-21,,,,0.0009302671027724323,,,,
1933-06-22,,,,0.00620182205030745,,,,
1933-06-23,,,,0.005968500148272745,,,,
1933-06-26,,,,0.005289597461883831,,,,
1933-06-27,,,,0.0017743882057397883,,,,
1933-06-28,,,,0.0023519663156644733,,,,
1933-06-29,,,,0.0017049109867071396,,,,
1933-06-30,,,,0.0029525558310578392,,,,
1933-07-03,,,,0.012671949669291768,,,,
1933-07-05,,,,0.0010856076384663455,,,,
1933-07-06,,,,0.0048791612553067375,,,,
1933-07-07,,,,0.0016962349186196838,,,,
1933-07-10,,,,0.0015961348068227797,,,,
1933-07-11,,,,0.0024739539798131083,,,,
1933-07-12,,,,0.0026495721243435474,,,,
1933-07-13,,,,0.002136900971020248,,,,
1933-07-14,,,,0.002553128977389377,,,,
1933-07-17,,,,0.002732620460751637,,,,
1933-07-18,,,,0.0032756075501954893,,,,
1933-07-19,,,,0.010660801039092173,,,,
1933-07-20,,,,0.01843571278279382,,,,
1933-07-21,,,,0.01588938216522233,,,,
1933-07-24,,,,0.014673799171460876,,,,
1933-07-25,,,,0.0026328941531487036,,,,
1933-07-26,,,,0.0040532028273319075,,,,
1933-07-27,,,,0.0012712676858245048,,,,
1933-07-28,,,,0.0037631852116735156,,,,
1933-07-31,,,,0.007514417715231892,,,,
1933-08-01,,,,0.004817956644566924,,,,
1933-08-02,,,,0.003748135555198244,,,,
1933-08-03,,,,0.0020079903244917064,,,,
1933-08-04,,,,0.00368950101106217,,,,
1933-08-07,,,,0.0012942772296041765,,,,
1933-08-08,,,,0.005753883527067691,,,,
1933-08-09,,,,0.006914767015638979,,,,
1933-08-10,,,,0.002832443406019279,,,,
1933-08-11,,,,0.0006086405653766567,,,,
1933-08-14,,,,0.002136319025750407,,,,
1933-08-15,,,,0.00024561885719511124,,,,
1933-08-16,,,,0.004862654400579413,,,,
1933-08-17,,,,0.01005382423689758,,,,
1933-08-18,,,,0.0029670357959895445,,,,
1933-08-21,,,,0.002833667377835755,,,,
1933-08-22,,,,0.002827652902543886,,,,
1933-08-23,,,,0.0023565199182002654,,,,
1933-08-24,,,,0.001662517282658832,,,,
1933-08-25,,,,0.0070166323175578004,,,,
1933-08-28,,,,0.00028692771821293576,,,,
1933-08-29,,,,0.0009915543501905634,,,,
1933-08-30,,,,0.0017274680340087253,,,,
1933-08-31,,,,0.00012393314254182812,,,,
1933-09-01,,,,0.002491366556074836,,,,
1933-09-05,,,,0.007220762034421914,,,,
1933-09-06,,,,7.665450375084783e-05,,,,
1933-09-07,,,,0.0028608500588600885,,,,
1933-09-08,,,,0.0007381086900994989,,,,
1933-09-11,,,,0.009475739176450055,,,,
1933-09-12,,,,0.0012804913784767325,,,,
1933-09-13,,,,0.0008600990064882355,,,,
1933-09-14,,,,0.0002749907655100908,,,,
1933-09-15,,,,0.0061870297391125985,,,,
1933-09-18,,,,0.0036013282463479325,,,,
1933-09-19,,,,0.0006987777320006005,,,,
1933-09-20,,,,0.007245729414173298,,,,
1933-09-21,,,,0.01406032055930196,,,,
1933-09-22,,,,0.004799016812089927,,,,
1933-09-25,,,,0.002039635973765196,,,,
1933-09-26,,,,0.0018771818235948047,,,,
1933-09-27,,,,0.00922088348889986,,,,
1933-09-28,,,,0.0030537547674916736,,,,
1933-09-29,,,,0.00151854298486178,,,,
1933-10-02,,,,0.0022506114802633196,,,,
1933-10-03,,,,0.0010618986556148202,,,,
1933-10-04,,,,0.014768150756383299,,,,
1933-10-05,,,,0.002656103746507788,,,,
1933-10-06,,,,0.002299458051511185,,,,
1933-10-09,,,,0.005828032186915722,,,,
1933-10-10,,,,0.001870165613178254,,,,
1933-10-11,,,,9.553237853571461e-05,,,,
1933-10-13,,,,0.008664805637049251,,,,
1933-10-16,,,,0.014611544034338127,,,,
1933-10-17,,,,0.006772282588066683,,,,
1933-10-18,,,,0.009653808439529161,,,,
1933-10-19,,,,0.010393339789038909,,,,
1933-10-20,,,,0.005741779425088518,,,,
1933-10-23,,,,0.0035172937234753507,,,,
1933-10-24,,,,0.007976720761510684,,,,
1933-10-25,,,,0.005208982468108532,,,,
1933-10-26,,,,0.0038935235900536638,,,,
1933-10-27,,,,0.002033032107789922,,,,
1933-10-30,,,,0.010712735050079521,,,,
1933-10-31,,,,0.0017093179294432423,,,,
1933-11-01,,,,0.0035130161672559702,,,,
1933-11-02,,,,0.0021337739916303692,,,,
1933-11-03,,,,0.00709849982397378,,,,
1933-11-06,,,,0.001886743300832574,,,,
1933-11-08,,,,0.007647113804665517,,,,
1933-11-09,,,,0.0013677393808468477,,,,
1933-11-10,,,,0.003146325904698442,,,,
1933-11-13,,,,0.0018602222521104288,,,,
1933-11-14,,,,0.002592541804350288,,,,
1933-11-15,,,,0.00243552299739754,,,,
1933-11-16,,,,0.010369110544334823,,,,
1933-11-17,,,,0.0023159696142900114,,,,
1933-11-20,,,,0.006753154052552735,,,,
1933-11-21,,,,0.0027268390941254986,,,,
1933-11-22,,,,0.0010367425566670454,,,,
1933-11-23,,,,0.0039851336904920005,,,,
1933-11-24,,,,0.0031112214425981217,,,,
1933-11-27,,,,0.007326801754373469,,,,
1933-11-28,,,,0.00010986654285293953,,,,
1933-11-29,,,,0.004205183296649689,,,,
1933-12-01,,,,0.0005851976040730034,,,,
1933-12-04,,,,0.0001723921709972583,,,,
1933-12-05,,,,0.007257179204659321,,,,
1933-12-06,,,,0.0015951675992706554,,,,
1933-12-07,,,,0.001566589071778337,,,,
1933-12-08,,,,0.0023841025433403683,,,,
1933-12-11,,,,0.005141575795298719,,,,
1933-12-12,,,,0.0004218777457470725,,,,
1933-12-13,,,,0.0024523457792213483,,,,
1933-12-14,,,,0.0008888814628409861,,,,
1933-12-15,,,,0.004117210540459333,,,,
1933-12-18,,,,0.007979959097554315,,,,
1933-12-19,,,,0.0004697959686506165,,,,
1933-12-20,,,,0.004943651455788856,,,,
1933-12-21,,,,0.0004929753785447174,,,,
1933-12-22,,,,0.008891094678132485,,,,
1933-12-26,,,,0.007683481326895997,,,,
1933-12-27,,,,0.0035274168723152454,,,,
1933-12-28,,,,0.007746643314032959,,,,
1933-12-29,,,,0.00046430775545788783,,,,
1934-01-02,,,,0.003721133759800945,,,,
1934-01-03,,,,0.0037834394904699515,,,,
1934-01-04,,,,0.0007663045010436281,,,,
1934-01-05,,,,0.003665831089726867,,,,
1934-01-08,,,,0.001392962071695027,,,,
1934-01-09,,,,0.0031564442469131106,,,,
1934-01-10,,,,0.007991615473897583,,,,
1934-01-11,,,,0.0012913222907649177,,,,
1934-01-12,,,,0.003446407873257111,,,,
1934-01-15,,,,0.016996189596599636,,,,
1934-01-16,,,,0.0011436689880864308,,,,
1934-01-17,,,,0.0007063069411610476,,,,
1934-01-18,,,,0.0007201571632095253,,,,
1934-01-19,,,,0.008022527455613819,,,,
1934-01-22,,,,0.00044353467497517855,,,,
1934-01-23,,,,0.0035949837446617437,,,,
1934-01-24,,,,0.0017160995246630272,,,,
1934-01-26,,,,0.002672763820096392,,,,
1934-01-29,,,,0.004617635986137083,,,,
1934-01-30,,,,0.0037528711948104274,,,,
1934-01-31,,,,0.004402106996621719,,,,
1934-02-01,,,,0.008113225276829693,,,,
1934-02-02,,,,0.00018497335543951442,,,,
1934-02-05,,,,0.009970296278592417,,,,
1934-02-06,,,,9.309737069974008e-05,,,,
1934-02-07,,,,0.01001454304819505,,,,
1934-02-08,,,,0.0011853293507123749,,,,
1934-02-09,,,,0.00871044313256066,,,,
1934-02-13,,,,0.0009343761940160779,,,,
1934-02-14,,,,0.0017870706012882418,,,,
1934-02-15,,,,0.006051093802851825,,,,
1934-02-16,,,,0.0006591175907177444,,,,
1934-02-19,,,,0.0050017759876776,,,,
1934-02-20,,,,0.0009708468662398591,,,,
1934-02-21,,,,0.0006917013411335411,,,,
1934-02-23,,,,0.008792516663497061,,,,
1934-02-26,,,,0.013000746285335393,,,,
1934-02-27,,,,0.0033378965750696004,,,,
1934-02-28,,,,0.0013726176567583894,,,,
1934-03-01,,,,0.001102886672618648,,,,
1934-03-02,,,,0.01049897957716503,,,,
1934-03-05,,,,0.0016290836880853842,,,,
1934-03-06,,,,0.0037143037209675374,,,,
1934-03-07,,,,0.008287950133302866,,,,
1934-03-08,,,,0.0058825539797859976,,,,
1934-03-09,,,,0.0019910796355697667,,,,
1934-03-12,,,,0.006816916599678248,,,,
1934-03-14,,,,0.00011882427982061548,,,,
1934-03-15,,,,0.005429824762875783,,,,
1934-03-16,,,,0.0007521524601084022,,,,
1934-03-19,,,,0.011651284084113273,,,,
1934-03-20,,,,0.006447062957580423,,,,
1934-03-21,,,,0.006384668037326475,,,,
1934-03-22,,,,0.00579507982685409,,,,
1934-03-23,,,,0.003305818501726484,,,,
1934-03-26,,,,0.005508767061968794,,,,
1934-03-27,,,,0.008945965011171293,,,,
1934-03-28,,,,0.0007631239064615682,,,,
1934-03-29,,,,0.0052432627842833555,,,,
1934-04-02,,,,0.004228526656478686,,,,
1934-04-03,,,,0.002324196424743163,,,,
1934-04-04,,,,0.0007589401180198318,,,,
1934-04-05,,,,0.0007693481239877774,,,,
1934-04-06,,,,0.0014307462245450003,,,,
1934-04-09,,,,0.0025304566370267212,,,,
1934-04-10,,,,0.0051780426547284085,,,,
1934-04-11,,,,0.00022662052631562018,,,,
1934-04-12,,,,0.0009097837225888809,,,,
1934-04-13,,,,0.0012737542820578614,,,,
1934-04-16,,,,0.005887529183523864,,,,
1934-04-17,,,,0.0037303232557861633,,,,
1934-04-18,,,,0.004806713476393947,,,,
1934-04-19,,,,0.0004958015566409998,,,,
1934-04-20,,,,0.003764304332539504,,,,
1934-04-23,,,,0.002423961150825094,,,,
1934-04-24,,,,0.003213216525083096,,,,
1934-04-25,,,,0.00214462801160773,,,,
1934-04-26,,,,0.005654835340066531,,,,
1934-04-27,,,,0.00015758457115266545,,,,
1934-04-30,,,,0.013397680779937521,,,,
1934-05-02,,,,0.008169108205180877,,,,
1934-05-03,,,,0.0013699654444872752,,,,
1934-05-04,,,,0.0009808756472822076,,,,
1934-05-07,,,,0.020733560472710588,,,,
1934-05-08,,,,0.00880323060641141,,,,
1934-05-09,,,,0.005968963192390963,,,,
1934-05-10,,,,0.008295340137606024,,,,
1934-05-11,,,,0.003610775147272684,,,,
1934-05-14,,,,0.003702999787582174,,,,
1934-05-15,,,,0.0068233444547520766,,,,
1934-05-16,,,,0.0025431275221351538,,,,
1934-05-17,,,,0.000957056572360983,,,,
1934-05-18,,,,0.009982947540194314,,,,
1934-05-21,,,,0.0005358936931119343,,,,
1934-05-22,,,,0.008116725192398002,,,,
1934-05-23,,,,0.0033099989163521155,,,,
1934-05-24,,,,0.0009603987864703985,,,,
1934-05-25,,,,0.004119065911069544,,,,
1934-05-28,,,,0.004874160155637686,,,,
1934-05-29,,,,0.0014376888336150287,,,,
1934-05-31,,,,0.00700196715508461,,,,
1934-06-01,,,,0.009140622112869918,,,,
1934-06-04,,,,0.00426392578063161,,,,
1934-06-05,,,,0.009073201287944414,,,,
1934-06-06,,,,0.0005613803502889653,,,,
1934-06-07,,,,0.001058894505203339,,,,
1934-06-08,,,,0.018073960151598272,,,,
1934-06-11,,,,0.002600639655368333,,,,
1934-06-12,,,,0.0036013264337566558,,,,
1934-06-14,,,,0.005162419015413381,,,,
1934-06-15,,,,0.006244195693620438,,,,
1934-06-18,,,,0.004720268249259342,,,,
1934-06-19,,,,0.006182844369450582,,,,
1934-06-20,,,,0.003800047471428269,,,,
1934-06-21,,,,0.0035201633823581276,,,,
1934-06-22,,,,0.008045481787429665,,,,
1934-06-25,,,,0.0010194470090267944,,,,
1934-06-26,,,,0.008598361154066588,,,,
1934-06-27,,,,0.0009950821326720064,,,,
1934-06-28,,,,0.0016660941812315572,,,,
1934-06-29,,,,0.006323308546407878,,,,
1934-07-02,,,,0.004510817761518761,,,,
1934-07-03,,,,0.0010697054601025997,,,,
1934-07-05,,,,0.006207739366245191,,,,
1934-07-06,,,,0.003328317086485505,,,,
1934-07-09,,,,0.0010697926635717227,,,,
1934-07-10,,,,0.0021934924305553444,,,,
1934-07-11,,,,0.001804927132377852,,,,
1934-07-12,,,,0.003160578618951504,,,,
1934-07-13,,,,0.0006073789301125757,,,,
1934-07-16,,,,0.008798661157977923,,,,
1934-07-17,,,,0.0015886925035737342,,,,
1934-07-18,,,,0.006744652578318669,,,,
1934-07-19,,,,0.004143180063976619,,,,
1934-07-20,,,,0.011629343235460882,,,,
1934-07-23,,,,0.01628294649085058,,,,
1934-07-24,,,,0.004040804130778529,,,,
1934-07-25,,,,0.003190011919572576,,,,
1934-07-26,,,,0.030056439431035892,,,,
1934-07-27,,,,0.008373731091934448,,,,
1934-07-30,,,,0.002198665602379684,,,,
1934-07-31,,,,0.00017593727047951688,,,,
1934-08-01,,,,0.00910719033278828,,,,
1934-08-02,,,,0.0017834616060674712,,,,
1934-08-03,,,,0.00350637486168781,,,,
1934-08-06,,,,0.006279731814252801,,,,
1934-08-07,,,,0.0006004657422818852,,,,
1934-08-08,,,,0.004736873176345514,,,,
1934-08-09,,,,0.01020215183796741,,,,
1934-08-10,,,,0.006378875115020187,,,,
1934-08-13,,,,0.00777644666059627,,,,
1934-08-14,,,,0.002141120232564793,,,,
1934-08-15,,,,0.001866900958336042,,,,
1934-08-16,,,,0.0021637938269125183,,,,
1934-08-17,,,,0.001586899358735537,,,,
1934-08-20,,,,0.0029930909879425,,,,
1934-08-21,,,,0.007544572662185783,,,,
1934-08-22,,,,0.00693928164152999,,,,
1934-08-23,,,,0.0015568797316397604,,,,
1934-08-24,,,,0.005544639627005888,,,,
1934-08-27,,,,0.004218349073375342,,,,
1934-08-28,,,,0.0016026791783263184,,,,
1934-08-29,,,,0.002676776112215023,,,,
1934-08-30,,,,0.0034474470042935293,,,,
1934-08-31,,,,0.00026615045613218464,,,,
1934-09-04,,,,0.0032253936631930612,,,,
1934-09-05,,,,0.005477693333942362,,,,
1934-09-06,,,,0.006975932505974857,,,,
1934-09-07,,,,0.003691059238044723,,,,
1934-09-10,,,,0.0084359178997246,,,,
1934-09-11,,,,0.0005979223852434727,,,,
1934-09-12,,,,0.001005150275434378,,,,
1934-09-13,,,,0.0011102502484993748,,,,
1934-09-14,,,,0.010214259288661832,,,,
1934-09-17,,,,0.0007295706192406608,,,,
1934-09-18,,,,0.0027701501820782595,,,,
1934-09-19,,,,0.009149202416078014,,,,
1934-09-20,,,,0.001015174411002669,,,,
1934-09-21,,,,0.007155337442022229,,,,
1934-09-24,,,,0.001881464607719839,,,,
1934-09-25,,,,0.009936881220322038,,,,
1934-09-26,,,,0.0021997908526063055,,,,
1934-09-27,,,,0.003329388056674942,,,,
1934-09-28,,,,0.003822753958764908,,,,
1934-10-01,,,,0.009923054456818297,,,,
1934-10-02,,,,0.0010105059524549967,,,,
1934-10-03,,,,0.0011182436635574576,,,,
1934-10-04,,,,0.00030944578125988506,,,,
1934-10-05,,,,0.0074203484914263694,,,,
1934-10-08,,,,0.0031832419617663487,,,,
1934-10-09,,,,0.003674685857591793,,,,
1934-10-10,,,,0.010099897249806717,,,,
1934-10-11,,,,0.004667780474840713,,,,
1934-10-15,,,,0.007562223407182837,,,,
1934-10-16,,,,0.0034719683299765753,,,,
1934-10-17,,,,0.0006120935946895741,,,,
1934-10-18,,,,0.0015508324826972576,,,,
1934-10-19,,,,0.0015832567638726998,,,,
1934-10-22,,,,0.00031906505091781114,,,,
1934-10-23,,,,0.0012061016777624746,,,,
1934-10-24,,,,0.006514876142581119,,,,
1934-10-25,,,,0.009140302724547338,,,,
1934-10-26,,,,0.0056352234914572395,,,,
1934-10-29,,,,0.0016872338651126386,,,,
1934-10-30,,,,0.0011570156044111467,,,,
1934-10-31,,,,0.0007050292021347607,,,,
1934-11-01,,,,0.0017697230239595953,,,,
1934-11-02,,,,0.004590431463867528,,,,
1934-11-05,,,,0.006960337147769089,,,,
1934-11-07,,,,0.007737271968924459,,,,
1934-11-08,,,,0.0030707139358893635,,,,
1934-11-09,,,,0.008134938342548385,,,,
1934-11-13,,,,0.003035917633114884,,,,
1934-11-14,,,,0.0012562586015812905,,,,
1934-11-15,,,,0.009250270440320695,,,,
1934-11-16,,,,0.008202622616634998,,,,
1934-11-19,,,,0.003508213742888586,,,,
1934-11-20,,,,0.0016169669474265854,,,,
1934-11-21,,,,0.0017478507250425432,,,,
1934-11-22,,,,0.0016687325252768281,,,,
1934-11-23,,,,0.006032403253256165,,,,
1934-11-26,,,,0.011672711870625326,,,,
1934-11-27,,,,0.003900834645169823,,,,
1934-11-28,,,,0.004764259174599624,,,,
1934-12-03,,,,0.005870428877928445,,,,
1934-12-04,,,,0.003023654431236712,,,,
1934-12-05,,,,0.0035116850876682104,,,,
1934-12-06,,,,0.0008131342072825589,,,,
1934-12-07,,,,0.003712697907266064,,,,
1934-12-10,,,,0.004754887240362411,,,,
1934-12-11,,,,0.009297545320974803,,,,
1934-12-12,,,,0.00024388476331340086,,,,
1934-12-13,,,,0.002382731101495085,,,,
1934-12-14,,,,0.0008909691736830939,,,,
1934-12-17,,,,0.002875961658919283,,,,
1934-12-18,,,,0.0003865095029604804,,,,
1934-12-19,,,,0.0068308274817827155,,,,
1934-12-20,,,,0.0004000779691937978,,,,
1934-12-21,,,,0.0008286825667527849,,,,
1934-12-24,,,,0.0036407370568785763,,,,
1934-12-26,,,,0.00265912172762093,,,,
1934-12-27,,,,0.00028538292115878877,,,,
1934-12-28,,,,0.019486110694317802,,,,
1934-12-31,,,,0.004168454233765733,,,,
1935-01-02,,,,0.0002333829123556322,,,,
1935-01-03,,,,0.0007370852972191433,,,,
1935-01-04,,,,0.0008753706360715997,,,,
1935-01-07,,,,0.0033479843540218327,,,,
1935-01-08,,,,0.005579920832441251,,,,
1935-01-09,,,,0.0003815942130709182,,,,
1935-01-10,,,,0.0009244356026284799,,,,
1935-01-11,,,,0.010219254802315612,,,,
1935-01-14,,,,0.004174290528752532,,,,
1935-01-15,,,,0.011394878739425286,,,,
1935-01-16,,,,0.0018992678897633666,,,,
1935-01-17,,,,0.007390546812661753,,,,
1935-01-18,,,,0.001864136756155395,,,,
1935-01-21,,,,0.005118730622205582,,,,
1935-01-22,,,,0.00414410154348553,,,,
1935-01-24,,,,0.0009618299303850496,,,,
1935-01-25,,,,0.002540280454299703,,,,
1935-01-28,,,,0.008973494228006324,,,,
1935-01-29,,,,0.004979810252299717,,,,
1935-01-30,,,,0.0026100393715120765,,,,
1935-01-31,,,,0.0037941274594120483,,,,
1935-02-01,,,,0.002768358281317686,,,,
1935-02-04,,,,0.003419889128212656,,,,
1935-02-05,,,,0.005917715008884215,,,,
1935-02-06,,,,0.004773108080213441,,,,
1935-02-07,,,,0.004087530853898833,,,,
1935-02-08,,,,0.009088881511479066,,,,
1935-02-11,,,,0.0004437705675743013,,,,
1935-02-13,,,,0.0004522346083291569,,,,
1935-02-15,,,,0.002857091520567349,,,,
1935-02-18,,,,0.017571480026892822,,,,
1935-02-19,,,,0.008200632464601832,,,,
1935-02-20,,,,0.008210297428591244,,,,
1935-02-21,,,,0.0004123769908508455,,,,
1935-02-25,,,,0.010100512627707958,,,,
1935-02-26,,,,0.004953566951004226,,,,
1935-02-27,,,,0.0014510985229503081,,,,
1935-02-28,,,,0.002769639719388104,,,,
1935-03-01,,,,0.002690606139885154,,,,
1935-03-04,,,,0.004042698644220127,,,,
1935-03-05,,,,0.015126154590183714,,,,
1935-03-06,,,,0.0010313910740466833,,,,
1935-03-07,,,,0.006314211572806863,,,,
1935-03-08,,,,0.0010284733118237001,,,,
1935-03-11,,,,0.013025417462197668,,,,
1935-03-12,,,,0.009263548173293447,,,,
1935-03-13,,,,0.0015104710226132034,,,,
1935-03-14,,,,0.007634409080482417,,,,
1935-03-15,,,,0.010059504458432103,,,,
1935-03-18,,,,0.0050028221919154025,,,,
1935-03-19,,,,0.006736836753246019,,,,
1935-03-20,,,,0.00043188276309219856,,,,
1935-03-21,,,,0.009570534372294132,,,,
1935-03-22,,,,0.006882591296128455,,,,
1935-03-25,,,,0.00683958607143255,,,,
1935-03-26,,,,0.0036744154089347397,,,,
1935-03-27,,,,0.00474206290181969,,,,
1935-03-28,,,,0.0002937924179352904,,,,
1935-04-01,,,,0.004861026092711327,,,,
1935-04-02,,,,0.00212360115664152,,,,
1935-04-03,,,,0.0010127149473083156,,,,
1935-04-04,,,,0.0050226741659331565,,,,
1935-04-05,,,,0.011998079819064738,,,,
1935-04-09,,,,0.008597105511354425,,,,
1935-04-10,,,,0.0020070533926023187,,,,
1935-04-11,,,,0.0025924487685906397,,,,
1935-04-12,,,,0.005296307580815989,,,,
1935-04-15,,,,0.009691532374551032,,,,
1935-04-16,,,,0.048260273454707965,,,,
1935-04-17,,,,0.02674973540702681,,,,
1935-04-18,,,,0.0030705795213466325,,,,
1935-04-22,,,,0.006503900079305001,,,,
1935-04-23,,,,0.0005916531168335805,,,,
1935-04-24,,,,0.002838966889593438,,,,
1935-04-25,,,,0.0028489194511270312,,,,
1935-04-26,,,,0.0009263688809089056,,,,
1935-04-29,,,,0.00018449287299636532,,,,
1935-04-30,,,,0.0027717655885315675,,,,
1935-05-01,,,,0.0012520356128245937,,,,
1935-05-02,,,,0.0009431622392311276,,,,
1935-05-03,,,,0.003966357088589046,,,,
1935-05-07,,,,0.0010335137947376776,,,,
1935-05-08,,,,0.007493334601005815,,,,
1935-05-09,,,,0.0009491519045754576,,,,
1935-05-10,,,,0.001516056712295556,,,,
1935-05-13,,,,0.0012511083128499373,,,,
1935-05-14,,,,0.0001299230662386282,,,,
1935-05-15,,,,0.00013185318191591994,,,,
1935-05-16,,,,0.019567590725615355,,,,
1935-05-17,,,,0.023414055526781385,,,,
1935-05-20,,,,0.002452791767883004,,,,
1935-05-21,,,,0.0018143654845080687,,,,
1935-05-22,,,,0.0016108391188925952,,,,
1935-05-23,,,,9.670560535454839e-05,,,,
1935-05-24,,,,0.0010443366033763943,,,,
1935-05-27,,,,0.00010084887935033511,,,,
1935-05-28,,,,0.0040765755578109925,,,,
1935-05-29,,,,0.00370991046133076,,,,
1935-05-31,,,,0.0025961485902771643,,,,
1935-06-03,,,,0.0021021106777476244,,,,
1935-06-04,,,,0.0061106085965142685,,,,
1935-06-05,,,,0.00017385089762928017,,,,
1935-06-06,,,,0.001668647510715667,,,,
1935-06-07,,,,0.0013861480220763896,,,,
1935-06-10,,,,0.0031982442521848514,,,,
1935-06-11,,,,0.00242794687254351,,,,
1935-06-12,,,,0.0017342726575384389,,,,
1935-06-13,,,,0.0014379166586613913,,,,
1935-06-14,,,,0.0025212967349448946,,,,
1935-06-18,,,,0.0014849821632938454,,,,
1935-06-19,,,,0.0012994656327626056,,,,
1935-06-20,,,,0.002172347044636245,,,,
1935-06-21,,,,0.006462495820147935,,,,
1935-06-24,,,,0.002377394235029653,,,,
1935-06-25,,,,0.004178746049251737,,,,
1935-06-26,,,,0.003394765756715563,,,,
1935-06-27,,,,0.0013941797696463698,,,,
1935-06-28,,,,0.002551750259072339,,,,
1935-07-01,,,,0.0010449202397097282,,,,
1935-07-02,,,,0.0001329521541492679,,,,
1935-07-03,,,,0.0017024159063845075,,,,
1935-07-05,,,,0.0036214031291833147,,,,
1935-07-08,,,,0.003942658019045924,,,,
1935-07-09,,,,0.001490229424162232,,,,
1935-07-10,,,,0.0024004547091077974,,,,
1935-07-11,,,,0.0034909995640914717,,,,
1935-07-12,,,,0.0031327050616104207,,,,
1935-07-15,,,,0.0005657307039214051,,,,
1935-07-16,,,,0.00014070059235172207,,,,
1935-07-17,,,,0.0018730602127158722,,,,
1935-07-18,,,,0.00024158234009358806,,,,
1935-07-19,,,,0.002739172515944665,,,,
1935-07-22,,,,0.006681596468849153,,,,
1935-07-23,,,,0.0002453690032590878,,,,
1935-07-24,,,,0.0026890162552862546,,,,
1935-07-25,,,,0.003913642211565784,,,,
1935-07-26,,,,0.0020124650923025226,,,,
1935-07-29,,,,0.009183852794618799,,,,
1935-07-30,,,,0.0035146586633428407,,,,
1935-07-31,,,,0.004942494182913564,,,,
1935-08-01,,,,0.0013538797616934515,,,,
1935-08-02,,,,0.003252186966490582,,,,
1935-08-05,,,,0.009292693694362688,,,,
1935-08-06,,,,0.000248021562418654,,,,
1935-08-07,,,,0.00025236801101451693,,,,
1935-08-08,,,,0.0012854877744493671,,,,
1935-08-09,,,,0.01016722449560772,,,,
1935-08-12,,,,0.00382994375103308,,,,
1935-08-13,,,,0.0023611050432105134,,,,
1935-08-15,,,,0.004831785662650141,,,,
1935-08-16,,,,0.035328272831168184,,,,
1935-08-19,,,,0.02287570664561249,,,,
1935-08-20,,,,0.0005341953802357592,,,,
1935-08-21,,,,0.0021443022405643426,,,,
1935-08-22,,,,0.0007752801336477658,,,,
1935-08-23,,,,0.0006231775631374215,,,,
1935-08-26,,,,0.0023042579765103466,,,,
1935-08-27,,,,0.008202456881515718,,,,
1935-08-28,,,,0.0004141113275320907,,,,
1935-08-29,,,,0.0016061923116216295,,,,
1935-08-30,,,,0.0016216633772958384,,,,
1935-09-03,,,,0.0006866008938500184,,,,
1935-09-04,,,,0.0037637479008412944,,,,
1935-09-05,,,,0.002711243731964082,,,,
1935-09-06,,,,0.004563955187307062,,,,
1935-09-09,,,,0.0027068045508815415,,,,
1935-09-10,,,,0.002458625755963787,,,,
1935-09-11,,,,0.001415899471777016,,,,
1935-09-12,,,,0.003662883467202302,,,,
1935-09-13,,,,0.00036862317621164624,,,,
1935-09-16,,,,0.004349804636061942,,,,
1935-09-17,,,,0.002081978767829346,,,,
1935-09-18,,,,0.0026717076385317524,,,,
1935-09-19,,,,0.006807184676171378,,,,
1935-09-20,,,,0.009225113536018917,,,,
1935-09-23,,,,0.003913759162259192,,,,
1935-09-24,,,,0.0039053562586612465,,,,
1935-09-25,,,,0.0012728060929428435,,,,
1935-09-27,,,,0.000801034629088606,,,,
1935-09-30,,,,0.0007232699014488117,,,,
1935-10-01,,,,0.0033168908413831865,,,,
1935-10-02,,,,0.011955245623790658,,,,
1935-10-03,,,,0.00482252380860834,,,,
1935-10-04,,,,0.002915418602442478,,,,
1935-10-07,,,,0.005113615325678924,,,,
1935-10-08,,,,0.0023741412216549368,,,,
1935-10-09,,,,0.001696408483704387,,,,
1935-10-10,,,,0.007147556114177379,,,,
1935-10-11,,,,0.00010937116901025094,,,,
1935-10-14,,,,0.003920074519894611,,,,
1935-10-15,,,,0.0023328419179799763,,,,
1935-10-16,,,,0.007586194634362309,,,,
1935-10-17,,,,0.003988215502900022,,,,
1935-10-18,,,,0.0011812727254587032,,,,
1935-10-21,,,,0.012296053069839875,,,,
1935-10-22,,,,0.0016300719898738865,,,,
1935-10-23,,,,0.002268460584165621,,,,
1935-10-24,,,,0.0005138968326785768,,,,
1935-10-25,,,,0.00360469565968731,,,,
1935-10-28,,,,0.0007394360497949264,,,,
1935-10-29,,,,0.0002072697767736136,,,,
1935-10-30,,,,0.002853613829918166,,,,
1935-10-31,,,,0.003130368097402774,,,,
1935-11-01,,,,0.004841492327661929,,,,
1935-11-04,,,,0.00010205634358294875,,,,
1935-11-06,,,,0.007999662793447543,,,,
1935-11-07,,,,0.0015533245516997501,,,,
1935-11-08,,,,0.003513224674070971,,,,
1935-11-12,,,,0.0036510515226820567,,,,
1935-11-13,,,,0.004978697945835742,,,,
1935-11-14,,,,0.0081031100564452,,,,
1935-11-15,,,,0.001454413701660413,,,,
1935-11-18,,,,0.0007826776801244612,,,,
1935-11-19,,,,0.00605095175850856,,,,
1935-11-20,,,,0.00579199672174085,,,,
1935-11-21,,,,0.004293157775667385,,,,
1935-11-22,,,,0.009704439829873245,,,,
1935-11-25,,,,0.0011307539701347442,,,,
1935-11-26,,,,0.006526609419981843,,,,
1935-11-27,,,,0.0032685556702273457,,,,
1935-11-29,,,,0.005186047278432637,,,,
1935-12-02,,,,0.006679464107216341,,,,
1935-12-03,,,,0.012379101244950409,,,,
1935-12-04,,,,0.0034618995719326237,,,,
1935-12-05,,,,0.0008869217309838331,,,,
1935-12-06,,,,0.0009030197290234946,,,,
1935-12-09,,,,0.005712629603697908,,,,
1935-12-10,,,,0.007891939628744871,,,,
1935-12-11,,,,0.0014903261880728825,,,,
1935-12-12,,,,0.006224282763797186,,,,
1935-12-13,,,,0.004142088992014112,,,,
1935-12-16,,,,0.017483636645811394,,,,
1935-12-17,,,,0.013472951438519608,,,,
1935-12-18,,,,0.0011070022611390405,,,,
1935-12-19,,,,0.0017513621979470125,,,,
1935-12-20,,,,0.002314347711362622,,,,
1935-12-23,,,,0.0023337398965988417,,,,
1935-12-24,,,,0.003969567152541881,,,,
1935-12-26,,,,0.0007363921329849525,,,,
1935-12-27,,,,0.0002034516584084096,,,,
1935-12-30,,,,0.006110307368160153,,,,
1935-12-31,,,,0.004054799536704055,,,,
1936-01-02,,,,0.0008652428221192473,,,,
1936-01-03,,,,0.00481069550322987,,,,
1936-01-06,,,,0.004585828228030399,,,,
1936-01-07,,,,0.006917911133236384,,,,
1936-01-08,,,,0.002436797735526781,,,,
1936-01-09,,,,0.0008844170491232444,,,,
1936-01-10,,,,0.003541857714359292,,,,
1936-01-13,,,,0.0019486112612233952,,,,
1936-01-14,,,,0.0025621232427520606,,,,
1936-01-15,,,,0.0030748960452340072,,,,
1936-01-16,,,,0.0019029583386007164,,,,
1936-01-17,,,,0.0005884264304839937,,,,
1936-01-20,,,,0.008455388334119586,,,,
1936-01-21,,,,0.0017153766737731486,,,,
1936-01-22,,,,0.010709304893859227,,,,
1936-01-23,,,,0.0051393286909963325,,,,
1936-01-24,,,,0.0020160885121285423,,,,
1936-01-27,,,,0.004848018673814015,,,,
1936-01-28,,,,0.00044901925475737057,,,,
1936-01-29,,,,0.004921617488391779,,,,
1936-01-30,,,,0.0024535772583420693,,,,
1936-01-31,,,,0.008402173258623108,,,,
1936-02-03,,,,0.004511779663376613,,,,
1936-02-04,,,,0.0005863462426739633,,,,
1936-02-05,,,,0.0017273965931251126,,,,
1936-02-06,,,,0.0004613360427879545,,,,
1936-02-07,,,,0.0025612700298113036,,,,
1936-02-10,,,,0.004029848317710272,,,,
1936-02-11,,,,0.007623400241552077,,,,
1936-02-13,,,,0.003204361560314786,,,,
1936-02-14,,,,0.0022019683618517676,,,,
1936-02-17,,,,0.0030354596593758242,,,,
1936-02-18,,,,0.006165412104385842,,,,
1936-02-19,,,,0.003867697313364103,,,,
1936-02-20,,,,0.009056167747114045,,,,
1936-02-21,,,,0.0014206363132529091,,,,
1936-02-24,,,,0.005485650413341685,,,,
1936-02-25,,,,0.01078846738502002,,,,
1936-02-26,,,,0.0026025197538315694,,,,
1936-02-27,,,,0.013344128340445488,,,,
1936-02-28,,,,0.003201005757835923,,,,
1936-03-02,,,,0.006133048450024918,,,,
1936-03-03,,,,0.007591573131813972,,,,
1936-03-04,,,,0.0011738316217602162,,,,
1936-03-05,,,,0.0004389999975761801,,,,
1936-03-06,,,,0.0019720630475188387,,,,
1936-03-09,,,,0.02264723691657747,,,,
1936-03-10,,,,0.007045840985637756,,,,
1936-03-11,,,,0.004634446657191329,,,,
1936-03-12,,,,0.013582734603998134,,,,
1936-03-13,,,,0.006774436294928055,,,,
1936-03-16,,,,0.01020896699508636,,,,
1936-03-17,,,,0.010309726322261233,,,,
1936-03-18,,,,0.0015990585413916012,,,,
1936-03-19,,,,0.005610292038398193,,,,
1936-03-20,,,,0.00045399743896180303,,,,
1936-03-23,,,,4.9550835975158216e-05,,,,
1936-03-24,,,,0.002273382023031932,,,,
1936-03-25,,,,0.003723979838520202,,,,
1936-03-26,,,,0.001401968114739094,,,,
1936-03-27,,,,0.007060816264491117,,,,
1936-03-30,,,,0.0001792466380267507,,,,
1936-03-31,,,,0.003259187211075636,,,,
1936-04-01,,,,0.008430287105572032,,,,
1936-04-02,,,,0.004433764612203648,,,,
1936-04-03,,,,0.0020555931380235636,,,,
1936-04-06,,,,0.0073866385441833235,,,,
1936-04-07,,,,0.0023671483762728106,,,,
1936-04-08,,,,4.6516908275365014e-05,,,,
1936-04-09,,,,0.0014751066362837595,,,,
1936-04-13,,,,0.0007082679740874337,,,,
1936-04-14,,,,0.010231881027917415,,,,
1936-04-15,,,,0.004667414025887365,,,,
1936-04-16,,,,0.0021596266340047857,,,,
1936-04-17,,,,0.002869856397181791,,,,
1936-04-20,,,,0.016228313589044894,,,,
1936-04-21,,,,0.0005053950993263032,,,,
1936-04-22,,,,0.00790334023049768,,,,
1936-04-23,,,,0.014155865066891546,,,,
1936-04-24,,,,0.0009808901908904225,,,,
1936-04-27,,,,0.014774112884022575,,,,
1936-04-28,,,,0.00047808954007218945,,,,
1936-04-29,,,,0.012400034124873009,,,,
1936-04-30,,,,0.007025495055556446,,,,
1936-05-01,,,,0.0027103453154658967,,,,
1936-05-04,,,,0.0013548837510578794,,,,
1936-05-05,,,,0.005785440921339909,,,,
1936-05-06,,,,0.0045054389654458574,,,,
1936-05-07,,,,0.007532376556239937,,,,
1936-05-08,,,,0.0004757384999025928,,,,
1936-05-11,,,,0.0010923755875092466,,,,
1936-05-13,,,,0.003225059455974274,,,,
1936-05-14,,,,0.009865424245669574,,,,
1936-05-18,,,,0.0029271530100424435,,,,
1936-05-19,,,,0.010469007762846403,,,,
1936-05-20,,,,0.004107796801270864,,,,
1936-05-21,,,,0.0014222457129296718,,,,
1936-05-22,,,,0.004494137416847337,,,,
1936-05-25,,,,0.004784726892419314,,,,
1936-05-26,,,,0.0060043017809332895,,,,
1936-05-27,,,,0.0007958384715651778,,,,
1936-05-28,,,,0.0036397902579246334,,,,
1936-05-29,,,,0.002948911507959355,,,,
1936-06-01,,,,0.0001875093410841173,,,,
1936-06-03,,,,0.0015295194049608884,,,,
1936-06-04,,,,0.007005449065822451,,,,
1936-06-05,,,,0.0002027647185226537,,,,
1936-06-08,,,,0.00742475137625574,,,,
1936-06-09,,,,0.004508335306457725,,,,
1936-06-10,,,,0.0021118326373453723,,,,
1936-06-11,,,,0.006952598578500892,,,,
1936-06-12,,,,0.005607462299641473,,,,
1936-06-15,,,,0.004858841506323038,,,,
1936-06-16,,,,0.0058659579476883945,,,,
1936-06-17,,,,0.0022230499554994785,,,,
1936-06-18,,,,0.002128828238030348,,,,
1936-06-19,,,,0.0029858916483439667,,,,
1936-06-22,,,,0.008216224633950331,,,,
1936-06-23,,,,0.0022676789444261904,,,,
1936-06-24,,,,0.00533298903319423,,,,
1936-06-25,,,,0.005450972710351321,,,,
1936-06-26,,,,0.001615032660277555,,,,
1936-06-29,,,,0.00200532741363393,,,,
1936-06-30,,,,0.001675719930125048,,,,
1936-07-01,,,,0.0019344684140946606,,,,
1936-07-02,,,,0.0005926393505394148,,,,
1936-07-03,,,,0.005071156923525176,,,,
1936-07-06,,,,0.0029044451599686545,,,,
1936-07-07,,,,0.004906557897672414,,,,
1936-07-08,,,,0.0028385424912166163,,,,
1936-07-09,,,,0.0068474003597798015,,,,
1936-07-10,,,,0.010677057242877607,,,,
1936-07-13,,,,0.0034351711841440285,,,,
1936-07-14,,,,0.006484704493471482,,,,
1936-07-15,,,,5.062786680404731e-05,,,,
1936-07-16,,,,0.0002082255392568611,,,,
1936-07-17,,,,0.0008277148080106663,,,,
1936-07-20,,,,0.006352027022842269,,,,
1936-07-21,,,,0.0035700253993146756,,,,
1936-07-22,,,,0.0037642721583349154,,,,
1936-07-23,,,,0.0020432802542007912,,,,
1936-07-24,,,,0.002238384608413512,,,,
1936-07-27,,,,0.012760534048252895,,,,
1936-07-28,,,,0.0009774073034973228,,,,
1936-07-29,,,,0.006093184945763026,,,,
1936-07-30,,,,0.0020089203771347804,,,,
1936-07-31,,,,0.006579099224041237,,,,
1936-08-03,,,,0.002037774109117867,,,,
1936-08-04,,,,0.001425924893929125,,,,
1936-08-05,,,,0.003908683173105346,,,,
1936-08-06,,,,0.003784769706384241,,,,
1936-08-07,,,,0.00839723738874567,,,,
1936-08-10,,,,0.004538162177630353,,,,
1936-08-11,,,,0.004730291330259595,,,,
1936-08-12,,,,0.0029385194334299036,,,,
1936-08-13,,,,0.0031457976771663686,,,,
1936-08-14,,,,0.008689885845259992,,,,
1936-08-17,,,,0.002735803170285245,,,,
1936-08-18,,,,5.33583426969754e-05,,,,
1936-08-19,,,,0.0035105391117673857,,,,
1936-08-20,,,,0.003716405151419515,,,,
1936-08-21,,,,0.021414888611461423,,,,
1936-08-24,,,,0.012444113982836406,,,,
1936-08-25,,,,0.00040846949480754054,,,,
1936-08-26,,,,0.004227005292078386,,,,
1936-08-27,,,,0.012318343334475668,,,,
1936-08-28,,,,0.0007363941567169476,,,,
1936-08-31,,,,0.002157737881644166,,,,
1936-09-01,,,,0.001261480557020568,,,,
1936-09-02,,,,0.0018582504778584456,,,,
1936-09-03,,,,0.002035819223224354,,,,
1936-09-04,,,,0.0022889957651509724,,,,
1936-09-08,,,,0.009880568039047886,,,,
1936-09-09,,,,0.004200854262038357,,,,
1936-09-10,,,,0.00019580210469464411,,,,
1936-09-11,,,,0.0017011343952625625,,,,
1936-09-14,,,,0.005552107491320042,,,,
1936-09-15,,,,0.0009779674194419293,,,,
1936-09-16,,,,0.03632659526111832,,,,
1936-09-17,,,,0.024691598000785867,,,,
1936-09-18,,,,0.003327116415466484,,,,
1936-09-21,,,,0.0026719988705490153,,,,
1936-09-22,,,,0.0011335905414595311,,,,
1936-09-23,,,,0.00169446861980587,,,,
1936-09-24,,,,0.0004836041487425353,,,,
1936-09-25,,,,0.006652604634893224,,,,
1936-09-28,,,,0.0056986299072789934,,,,
1936-09-29,,,,0.0015244754580560071,,,,
1936-09-30,,,,0.001079436323472384,,,,
1936-10-01,,,,0.0005130829493030098,,,,
1936-10-02,,,,0.00742161678515696,,,,
1936-10-05,,,,0.004109733751203875,,,,
1936-10-06,,,,0.0033865539633566393,,,,
1936-10-07,,,,0.0007431251677528653,,,,
1936-10-08,,,,0.0019795795334054994,,,,
1936-10-09,,,,0.001256778768018803,,,,
1936-10-13,,,,0.0020269353687158123,,,,
1936-10-14,,,,0.0019083216044047066,,,,
1936-10-15,,,,0.0006496572760193118,,,,
1936-10-16,,,,0.004759957377286177,,,,
1936-10-19,,,,0.002119506341802656,,,,
1936-10-20,,,,0.0003998545701838136,,,,
1936-10-21,,,,0.0016386341356713257,,,,
1936-10-22,,,,0.0037033622651814254,,,,
1936-10-23,,,,0.0011294922497089353,,,,
1936-10-26,,,,0.012289650932036978,,,,
1936-10-27,,,,0.007429113537962356,,,,
1936-10-28,,,,1.6921401549077927e-05,,,,
1936-10-29,,,,0.006841362393074787,,,,
1936-10-30,,,,0.0005504121562647435,,,,
1936-11-02,,,,0.0015017341425865225,,,,
1936-11-04,,,,0.006962186730067603,,,,
1936-11-05,,,,0.003294573146439374,,,,
1936-11-06,,,,0.0034446066144035985,,,,
1936-11-09,,,,0.007007050916077697,,,,
1936-11-10,,,,0.0015141201495529834,,,,
1936-11-12,,,,0.005470922087461347,,,,
1936-11-13,,,,0.005239867050133439,,,,
1936-11-16,,,,0.004310239590677509,,,,
1936-11-17,,,,0.0066095516473792665,,,,
1936-11-18,,,,0.003540647032860555,,,,
1936-11-19,,,,0.005898116543885827,,,,
1936-11-20,,,,0.004790664297058261,,,,
1936-11-23,,,,0.006919292497839948,,,,
1936-11-24,,,,0.008320872215492168,,,,
1936-11-25,,,,0.0024476741411729908,,,,
1936-11-27,,,,0.007052920111621601,,,,
1936-11-30,,,,0.0015835604547283714,,,,
1936-12-01,,,,0.0039610962050372015,,,,
1936-12-02,,,,0.005517502100507695,,,,
1936-12-03,,,,0.00243423629809864,,,,
1936-12-04,,,,0.0007637109664643902,,,,
1936-12-07,,,,0.002951749177317847,,,,
1936-12-08,,,,0.0016011595894221062,,,,
1936-12-09,,,,0.0022603854127631563,,,,
1936-12-10,,,,0.005192735123512453,,,,
1936-12-11,,,,0.0024156206982217225,,,,
1936-12-14,,,,0.005590138561378719,,,,
1936-12-16,,,,0.0008277737656581767,,,,
1936-12-17,,,,0.004218470038892045,,,,
1936-12-18,,,,0.005309096115535806,,,,
1936-12-21,,,,0.011962539595700324,,,,
1936-12-22,,,,0.006796685676185328,,,,
1936-12-23,,,,0.005339238559176448,,,,
1936-12-24,,,,0.0006792166412236771,,,,
1936-12-28,,,,0.0038576089558297415,,,,
1936-12-29,,,,0.0020663727763470204,,,,
1936-12-30,,,,0.008634369053368526,,,,
1936-12-31,,,,0.0028405575100020797,,,,
1937-01-04,,,,0.008332929402138827,,,,
1937-01-05,,,,0.004777276759925221,,,,
1937-01-06,,,,1.8543234823737893e-05,,,,
1937-01-07,,,,0.013111002834224707,,,,
1937-01-11,,,,0.0026082688595093504,,,,
1937-01-12,,,,9.054140449106301e-06,,,,
1937-01-13,,,,0.0006759398551580427,,,,
1937-01-14,,,,0.0013633212167819522,,,,
1937-01-15,,,,0.002412198390363454,,,,
1937-01-19,,,,0.004058467089836136,,,,
1937-01-20,,,,0.007524921030548352,,,,
1937-01-21,,,,0.003873904638715893,,,,
1937-01-22,,,,0.0030007272019549067,,,,
1937-01-25,,,,0.003405171331407454,,,,
1937-01-26,,,,0.009283656268384179,,,,
1937-01-27,,,,0.004691147207918897,,,,
1937-01-28,,,,0.000535717117073239,,,,
1937-01-29,,,,0.004772862525881924,,,,
1937-02-01,,,,0.0036713425444868425,,,,
1937-02-02,,,,0.004061135801716814,,,,
1937-02-03,,,,0.004449413639272895,,,,
1937-02-04,,,,0.0003707573919197923,,,,
1937-02-05,,,,0.010767626292721865,,,,
1937-02-08,,,,0.0073691926382795135,,,,
1937-02-09,,,,0.0027103494716624443,,,,
1937-02-10,,,,0.006260147772680612,,,,
1937-02-11,,,,0.005114026867550071,,,,
1937-02-15,,,,0.007849513649973222,,,,
1937-02-16,,,,0.0014526435167625405,,,,
1937-02-17,,,,0.0009115235904759612,,,,
1937-02-18,,,,0.0033732193411931633,,,,
1937-02-19,,,,0.005288253224898751,,,,
1937-02-23,,,,0.014910693760097841,,,,
1937-02-24,,,,0.0031912288926895095,,,,
1937-02-25,,,,0.002313027308387543,,,,
1937-02-26,,,,0.0018175748115978239,,,,
1937-03-01,,,,0.0007360230655503009,,,,
1937-03-02,,,,0.008967779794239301,,,,
1937-03-03,,,,0.007256270196461367,,,,
1937-03-04,,,,0.005898072950002955,,,,
1937-03-05,,,,0.008268882880355691,,,,
1937-03-08,,,,0.0019232060048628703,,,,
1937-03-09,,,,0.0005229987776801991,,,,
1937-03-10,,,,0.0043588388557549785,,,,
1937-03-11,,,,0.010405932689749835,,,,
1937-03-12,,,,0.0005236401520758939,,,,
1937-03-15,,,,0.007801991933585746,,,,
1937-03-16,,,,0.0028988465853637697,,,,
1937-03-17,,,,0.004195875383598715,,,,
1937-03-18,,,,0.01389802396503664,,,,
1937-03-19,,,,0.00017216094117404262,,,,
1937-03-22,,,,0.017869792633270726,,,,
1937-03-23,,,,0.00870704829492429,,,,
1937-03-24,,,,0.006446039678058185,,,,
1937-03-25,,,,0.0004705989065470088,,,,
1937-03-29,,,,0.0014470238050042477,,,,
1937-03-30,,,,0.010197127258075603,,,,
1937-03-31,,,,0.00077637571639239,,,,
1937-04-01,,,,0.006533527055134952,,,,
1937-04-02,,,,0.006918022071448187,,,,
1937-04-05,,,,0.003908405092325371,,,,
1937-04-06,,,,0.0050368227416794885,,,,
1937-04-07,,,,0.01799991266292701,,,,
1937-04-08,,,,0.00216907843353392,,,,
1937-04-09,,,,0.0009468536587937109,,,,
1937-04-12,,,,0.0018994110825224816,,,,
1937-04-13,,,,0.005398671070206364,,,,
1937-04-14,,,,0.00032694565117935077,,,,
1937-04-15,,,,0.0020686164873857313,,,,
1937-04-16,,,,0.0021108498044901227,,,,
1937-04-19,,,,0.0008288969618547128,,,,
1937-04-20,,,,0.0013678292365373144,,,,
1937-04-21,,,,0.007534618305027816,,,,
1937-04-22,,,,0.007162248161287535,,,,
1937-04-23,,,,0.011255769480443236,,,,
1937-04-26,,,,0.022725134769058655,,,,
1937-04-27,,,,0.007689283603209956,,,,
1937-04-28,,,,0.01237713884562284,,,,
1937-04-30,,,,0.01233235892464028,,,,
1937-05-03,,,,0.0008098769988201564,,,,
1937-05-04,,,,0.00666339635203811,,,,
1937-05-05,,,,0.0035081879583864226,,,,
1937-05-06,,,,0.002938038483942468,,,,
1937-05-07,,,,0.001468362837988648,,,,
1937-05-10,,,,0.009922599287797545,,,,
1937-05-11,,,,2.693444965040085e-05,,,,
1937-05-12,,,,0.002634888898274383,,,,
1937-05-13,,,,0.015130462727150528,,,,
1937-05-14,,,,0.004142038574286254,,,,
1937-05-17,,,,0.005042539718836152,,,,
1937-05-18,,,,0.006987505921575238,,,,
1937-05-19,,,,0.0009554700156614442,,,,
1937-05-20,,,,0.01132214190926464,,,,
1937-05-21,,,,2.5623241624878642e-05,,,,
1937-05-24,,,,0.004709357901779607,,,,
1937-05-25,,,,0.0053038861941437955,,,,
1937-05-26,,,,0.00040249978214716036,,,,
1937-05-27,,,,0.0005637567135681177,,,,
1937-06-01,,,,0.008179646166343889,,,,
1937-06-02,,,,0.002828856535137688,,,,
1937-06-03,,,,0.0005927101476218127,,,,
1937-06-04,,,,0.004875016442667796,,,,
1937-06-07,,,,0.0041089654722310485,,,,
1937-06-08,,,,0.0011849208267351893,,,,
1937-06-09,,,,0.003953788067155557,,,,
1937-06-10,,,,0.0028430106783782624,,,,
1937-06-11,,,,0.006253971457472663,,,,
1937-06-14,,,,0.01626490728301236,,,,
1937-06-15,,,,0.0038960391621728346,,,,
1937-06-16,,,,0.00458580847233604,,,,
1937-06-17,,,,0.006074925038476643,,,,
1937-06-18,,,,0.0032902542266786154,,,,
1937-06-21,,,,0.004593898872611927,,,,
1937-06-22,,,,0.0006486814916913284,,,,
1937-06-23,,,,0.0037158212310778116,,,,
1937-06-24,,,,0.0030974224156164066,,,,
1937-06-25,,,,0.002924941308703673,,,,
1937-06-28,,,,0.012376571048057028,,,,
1937-06-29,,,,0.0003588825641271186,,,,
1937-06-30,,,,0.007878486622238194,,,,
1937-07-01,,,,0.0018584005515225213,,,,
1937-07-02,,,,0.006756535801205802,,,,
1937-07-06,,,,0.016152615664313127,,,,
1937-07-07,,,,0.0029175390447828643,,,,
1937-07-08,,,,0.0005537241499644434,,,,
1937-07-09,,,,0.002021067056235077,,,,
1937-07-12,,,,0.005777481178377106,,,,
1937-07-13,,,,0.0036649112684821244,,,,
1937-07-14,,,,0.0004206381862784167,,,,
1937-07-15,,,,0.001993396785325537,,,,
1937-07-16,,,,0.0010007371818326247,,,,
1937-07-19,,,,0.008999363159979342,,,,
1937-07-20,,,,0.005326314297616913,,,,
1937-07-21,,,,0.0031975279216310956,,,,
1937-07-22,,,,0.001149848965632358,,,,
1937-07-23,,,,0.0017385104106133146,,,,
1937-07-26,,,,0.003209911577398837,,,,
1937-07-27,,,,0.00043976276623197485,,,,
1937-07-28,,,,0.007586998463774639,,,,
1937-07-29,,,,0.0016429757568908216,,,,
1937-07-30,,,,0.001236847311895259,,,,
1937-08-02,,,,0.008947335783890568,,,,
1937-08-03,,,,0.004023092926702161,,,,
1937-08-04,,,,0.002437818599367119,,,,
1937-08-05,,,,0.003209393918275977,,,,
1937-08-06,,,,0.0017112981782143504,,,,
1937-08-09,,,,0.006663654187188208,,,,
1937-08-10,,,,0.0007815805609123951,,,,
1937-08-11,,,,0.0007960528558606628,,,,
1937-08-12,,,,0.0026062275779282075,,,,
1937-08-13,,,,0.005242701337018844,,,,
1937-08-16,,,,0.003094272303674377,,,,
1937-08-17,,,,0.003144382229493044,,,,
1937-08-18,,,,0.005214081027613339,,,,
1937-08-19,,,,0.008336397785927605,,,,
1937-08-20,,,,0.005610807236376158,,,,
1937-08-23,,,,0.0008675463068508711,,,,
1937-08-24,,,,0.004237315955061051,,,,
1937-08-25,,,,0.004038006864783772,,,,
1937-08-26,,,,0.011238226377416892,,,,
1937-08-27,,,,0.009310874985179156,,,,
1937-08-30,,,,0.008113165902036847,,,,
1937-08-31,,,,0.0025568494583842463,,,,
1937-09-01,,,,0.01473186660363294,,,,
1937-09-02,,,,0.00818359322336369,,,,
1937-09-03,,,,0.0030813685651119994,,,,
1937-09-07,,,,0.025831492064034525,,,,
1937-09-08,,,,0.0022036430271153585,,,,
1937-09-09,,,,0.010767743200789142,,,,
1937-09-10,,,,0.021736421433485906,,,,
1937-09-13,,,,0.0008145044292677395,,,,
1937-09-14,,,,0.011332304317283352,,,,
1937-09-15,,,,0.001550689643252615,,,,
1937-09-16,,,,0.006554682109890292,,,,
1937-09-17,,,,0.007403762273813646,,,,
1937-09-20,,,,0.014969697884043695,,,,
1937-09-21,,,,0.0031073924940128576,,,,
1937-09-22,,,,0.001223645935983592,,,,
1937-09-23,,,,0.008190465078065125,,,,
1937-09-24,,,,0.014168120509209212,,,,
1937-09-27,,,,0.010153866107608336,,,,
1937-09-28,,,,0.00183780675456125,,,,
1937-09-29,,,,0.001399286859448896,,,,
1937-09-30,,,,0.0005882598403659491,,,,
1937-10-01,,,,0.0008307210532423504,,,,
1937-10-04,,,,0.0029668583475428063,,,,
1937-10-05,,,,0.01777209811986206,,,,
1937-10-06,,,,0.007059975637989595,,,,
1937-10-07,,,,0.0021551407173543776,,,,
1937-10-08,,,,0.007032143082780133,,,,
1937-10-11,,,,0.012418703019456682,,,,
1937-10-13,,,,0.00015381281616950302,,,,
1937-10-14,,,,0.005732600035740783,,,,
1937-10-15,,,,0.0031620290326540594,,,,
1937-10-18,,,,0.0276569565184468,,,,
1937-10-19,,,,0.007653958231890643,,,,
1937-10-20,,,,0.017827521809509285,,,,
1937-10-21,,,,0.004117963431588223,,,,
1937-10-22,,,,0.005675014762073738,,,,
1937-10-25,,,,0.002761773335535171,,,,
1937-10-26,,,,0.004603572705355861,,,,
1937-10-27,,,,0.0002505143088272384,,,,
1937-10-28,,,,0.005336872691966147,,,,
1937-10-29,,,,0.00538242562510816,,,,
1937-11-01,,,,0.004769681727514501,,,,
1937-11-03,,,,0.01028654008758046,,,,
1937-11-04,,,,0.001075612494191465,,,,
1937-11-08,,,,0.006647894123133734,,,,
1937-11-09,,,,0.004571823981401345,,,,
1937-11-10,,,,0.012101290287067933,,,,
1937-11-12,,,,0.000837894719892638,,,,
1937-11-15,,,,0.006928145723341592,,,,
1937-11-16,,,,0.0008867533358577218,,,,
1937-11-17,,,,0.0016833927408547323,,,,
1937-11-18,,,,0.004514154408268149,,,,
1937-11-19,,,,0.013297039952275196,,,,
1937-11-22,,,,0.005364365879924239,,,,
1937-11-23,,,,0.0037697242664569445,,,,
1937-11-24,,,,0.005486656532046792,,,,
1937-11-26,,,,0.010929543229070908,,,,
1937-11-29,,,,0.0057077443434355645,,,,
1937-11-30,,,,0.0028067501549588836,,,,
1937-12-01,,,,0.0026614326678653043,,,,
1937-12-02,,,,0.004280906231272018,,,,
1937-12-03,,,,0.0028372029119753213,,,,
1937-12-06,,,,0.004072888474490077,,,,
1937-12-07,,,,0.003732739587934035,,,,
1937-12-08,,,,0.0018874295611912132,,,,
1937-12-09,,,,0.004187070141892153,,,,
1937-12-10,,,,0.0022271409574425903,,,,
1937-12-13,,,,0.007638773292778925,,,,
1937-12-14,,,,0.0018517688722560902,,,,
1937-12-15,,,,0.0016393380888640537,,,,
1937-12-16,,,,0.0036581055098166343,,,,
1937-12-17,,,,0.0017018655832136411,,,,
1937-12-20,,,,0.0068973228987050045,,,,
1937-12-21,,,,0.0013964782880357693,,,,
1937-12-22,,,,0.004352264365544471,,,,
1937-12-23,,,,0.001290923327068549,,,,
1937-12-24,,,,0.0013204397599312094,,,,
1937-12-27,,,,0.00872396390248203,,,,
1937-12-28,,,,0.009164795803393468,,,,
1937-12-29,,,,0.0025947632536194513,,,,
1937-12-30,,,,0.0033413453775169803,,,,
1937-12-31,,,,0.0001719005243794251,,,,
1938-01-03,,,,0.0006799482459606659,,,,
1938-01-04,,,,0.011952502663952577,,,,
1938-01-05,,,,0.0015660926661760495,,,,
1938-01-06,,,,0.019518566797982816,,,,
1938-01-07,,,,0.008135572080333506,,,,
1938-01-10,,,,0.010867453788058987,,,,
1938-01-11,,,,0.0013540668573756476,,,,
1938-01-12,,,,0.0019847753792855967,,,,
1938-01-13,,,,0.0031786201731431587,,,,
1938-01-14,,,,0.0004611124345964395,,,,
1938-01-17,,,,0.0005289443274856121,,,,
1938-01-18,,,,0.0023644831291181508,,,,
1938-01-19,,,,0.0020086690532555703,,,,
1938-01-20,,,,0.004334429717841308,,,,
1938-01-21,,,,0.004567961761274952,,,,
1938-01-24,,,,0.0007941592973644004,,,,
1938-01-25,,,,0.0039048412434659636,,,,
1938-01-26,,,,0.009683906221217616,,,,
1938-01-27,,,,0.0033923869282340177,,,,
1938-01-28,,,,0.0020633667142827138,,,,
1938-01-31,,,,0.0032641769923960917,,,,
1938-02-01,,,,0.0047080523126185455,,,,
1938-02-02,,,,0.0035146186967088106,,,,
1938-02-03,,,,0.009755436164820783,,,,
1938-02-04,,,,0.004862190096200928,,,,
1938-02-07,,,,0.0003488889427912555,,,,
1938-02-08,,,,0.010352870686777083,,,,
1938-02-09,,,,0.0017868012530879956,,,,
1938-02-10,,,,0.0015228137598829307,,,,
1938-02-11,,,,0.0008849110296003374,,,,
1938-02-14,,,,0.0020595511631278937,,,,
1938-02-15,,,,0.003132283663603676,,,,
1938-02-16,,,,0.0004264992090439823,,,,
1938-02-17,,,,0.00707159385836617,,,,
1938-02-18,,,,0.003170151193448892,,,,
1938-02-21,,,,0.009066752093331626,,,,
1938-02-23,,,,0.007148150459012967,,,,
1938-02-24,,,,0.003935747292445493,,,,
1938-02-25,,,,0.0012963920405798877,,,,
1938-02-28,,,,0.0055437838838825835,,,,
1938-03-01,,,,0.002842909262094307,,,,
1938-03-02,,,,0.0026760995847497043,,,,
1938-03-03,,,,0.0027392469557689955,,,,
1938-03-04,,,,0.002804363049613678,,,,
1938-03-07,,,,0.0066369357280525836,,,,
1938-03-09,,,,0.00011115059020234162,,,,
1938-03-10,,,,0.0033184747228108967,,,,
1938-03-11,,,,0.005436996812607085,,,,
1938-03-14,,,,0.005782076891028322,,,,
1938-03-15,,,,0.009463876997960575,,,,
1938-03-16,,,,0.013467739790783884,,,,
1938-03-17,,,,0.0023756962253192477,,,,
1938-03-18,,,,0.009433575574465204,,,,
1938-03-21,,,,0.005242634246356217,,,,
1938-03-22,,,,0.008858747037349715,,,,
1938-03-23,,,,0.005613453254903583,,,,
1938-03-24,,,,0.0007182299694290133,,,,
1938-03-25,,,,0.015923217456008353,,,,
1938-03-28,,,,0.0022535269219345214,,,,
1938-03-29,,,,0.01607220981886062,,,,
1938-03-30,,,,0.003185094076286482,,,,
1938-03-31,,,,0.0035852416773009565,,,,
1938-04-01,,,,0.012740119692350348,,,,
1938-04-04,,,,0.009079767282804163,,,,
1938-04-05,,,,0.0061429038387916,,,,
1938-04-06,,,,0.00525677918565133,,,,
1938-04-07,,,,0.0017603615405212612,,,,
1938-04-08,,,,0.011117822520471306,,,,
1938-04-11,,,,0.00796350916974801,,,,
1938-04-12,,,,0.0022096837889572785,,,,
1938-04-13,,,,0.0010438417183894315,,,,
1938-04-14,,,,0.0022435997629319973,,,,
1938-04-18,,,,0.004879953350971409,,,,
1938-04-19,,,,0.006995521498191,,,,
1938-04-20,,,,0.0011357908810402271,,,,
1938-04-21,,,,0.0023283556065280234,,,,
1938-04-22,,,,0.007043622000247655,,,,
1938-04-25,,,,0.005680082121125878,,,,
1938-04-26,,,,0.006318631386982932,,,,
1938-04-27,,,,0.0031386910922332444,,,,
1938-04-28,,,,0.007736682026248731,,,,
1938-04-29,,,,0.00011837883965075197,,,,
1938-05-02,,,,0.00490458704313994,,,,
1938-05-03,,,,0.006859363061688254,,,,
1938-05-04,,,,0.0040256050186873405,,,,
1938-05-05,,,,0.0009595340579921002,,,,
1938-05-06,,,,0.012002063121958572,,,,
1938-05-09,,,,0.004689752109509607,,,,
1938-05-10,,,,0.004705613365074179,,,,
1938-05-11,,,,0.0013277348765023097,,,,
1938-05-12,,,,0.001410238647630179,,,,
1938-05-13,,,,0.004224889564785254,,,,
1938-05-16,,,,0.004591556901752155,,,,
1938-05-17,,,,0.0014472291343818895,,,,
1938-05-18,,,,0.0036830107466741097,,,,
1938-05-19,,,,0.0028778595662591793,,,,
1938-05-20,,,,0.004060665122865051,,,,
1938-05-23,,,,0.0018997589028748208,,,,
1938-05-24,,,,0.005130731110695782,,,,
1938-05-25,,,,0.004965123711007519,,,,
1938-05-26,,,,0.007533464924216863,,,,
1938-05-27,,,,0.00022764785191611183,,,,
1938-05-31,,,,0.00023191365254358976,,,,
1938-06-01,,,,0.009531176709142311,,,,
1938-06-02,,,,0.0008284602492233429,,,,
1938-06-03,,,,0.003641178980290484,,,,
1938-06-06,,,,0.010025591313782656,,,,
1938-06-07,,,,0.0011104477198386647,,,,
1938-06-08,,,,0.0007512384764824717,,,,
1938-06-09,,,,0.006326459965920185,,,,
1938-06-10,,,,0.004143072123639566,,,,
1938-06-13,,,,0.008575160357657104,,,,
1938-06-14,,,,0.003289914671489821,,,,
1938-06-15,,,,0.001088409040061353,,,,
1938-06-16,,,,0.002689883103258047,,,,
1938-06-17,,,,0.002781481095092886,,,,
1938-06-20,,,,0.01680537032802402,,,,
1938-06-21,,,,0.007429769720150555,,,,
1938-06-22,,,,0.007196538742051862,,,,
1938-06-23,,,,0.007789659956149551,,,,
1938-06-24,,,,0.0029218827830602687,,,,
1938-06-27,,,,0.00267620298294105,,,,
1938-06-28,,,,0.0001746385044552024,,,,
1938-06-29,,,,0.012238239794490716,,,,
1938-06-30,,,,0.0038315025046932742,,,,
1938-07-01,,,,0.008561021016600766,,,,
1938-07-05,,,,0.0015242365842361631,,,,
1938-07-06,,,,0.0037293024271549016,,,,
1938-07-07,,,,0.0011323901251977372,,,,
1938-07-08,,,,0.0048731758672612546,,,,
1938-07-11,,,,0.0039429236609119745,,,,
1938-07-12,,,,0.007782479305653818,,,,
1938-07-13,,,,0.0021571038590472895,,,,
1938-07-14,,,,0.002707199164447521,,,,
1938-07-15,,,,0.003973952912768298,,,,
1938-07-18,,,,0.008893626993741697,,,,
1938-07-19,,,,0.007817398180337741,,,,
1938-07-20,,,,0.003316790406499926,,,,
1938-07-21,,,,7.582699092896817e-05,,,,
1938-07-22,,,,7.688792889633717e-05,,,,
1938-07-25,,,,0.006204089566182583,,,,
1938-07-26,,,,0.004445663460621984,,,,
1938-07-27,,,,0.009372966892039284,,,,
1938-07-28,,,,0.005691185721272522,,,,
1938-07-29,,,,0.0036922841171714324,,,,
1938-08-01,,,,0.0019631556622306287,,,,
1938-08-02,,,,0.004012142090731471,,,,
1938-08-03,,,,0.0027868927943744803,,,,
1938-08-04,,,,0.0019536882536284987,,,,
1938-08-05,,,,0.007366628598363268,,,,
1938-08-08,,,,0.0016603682483968165,,,,
1938-08-09,,,,0.0020354004383601305,,,,
1938-08-10,,,,0.004247202422308796,,,,
1938-08-11,,,,0.008738948202120397,,,,
1938-08-12,,,,0.006822920153091765,,,,
1938-08-16,,,,0.00437716343711443,,,,
1938-08-17,,,,0.0003786353374250107,,,,
1938-08-18,,,,0.0001874577982198495,,,,
1938-08-19,,,,0.006272499736277776,,,,
1938-08-22,,,,0.0010547707089034702,,,,
1938-08-23,,,,0.008060368271171002,,,,
1938-08-24,,,,0.0007552034637941885,,,,
1938-08-25,,,,0.0027152114781733966,,,,
1938-08-26,,,,0.003420872957315309,,,,
1938-08-29,,,,0.019351262474027766,,,,
1938-08-30,,,,0.005052000727826381,,,,
1938-08-31,,,,0.0003637365956993241,,,,
1938-09-01,,,,0.0037824035769360243,,,,
1938-09-02,,,,0.00943517620469038,,,,
1938-09-06,,,,0.0009829949979468528,,,,
1938-09-07,,,,0.005038852869520211,,,,
1938-09-08,,,,0.0031763596846785132,,,,
1938-09-09,,,,0.007420827071300311,,,,
1938-09-12,,,,0.0009400061951629826,,,,
1938-09-13,,,,0.01962207970092107,,,,
1938-09-14,,,,0.001771707436509978,,,,
1938-09-15,,,,0.009879791660908827,,,,
1938-09-16,,,,0.006049780557403697,,,,
1938-09-19,,,,0.0016643045071702265,,,,
1938-09-20,,,,0.010121053730120512,,,,
1938-09-21,,,,0.0015725717990317406,,,,
1938-09-22,,,,0.005175784838956433,,,,
1938-09-23,,,,0.009905413743882294,,,,
1938-09-26,,,,0.008706374474494566,,,,
1938-09-27,,,,0.0007051242767390575,,,,
1938-09-28,,,,0.012985726575176354,,,,
1938-09-29,,,,0.010014967912197886,,,,
1938-09-30,,,,0.007579761091478618,,,,
1938-10-03,,,,0.0059980559732100746,,,,
1938-10-04,,,,0.0007833494436049296,,,,
1938-10-05,,,,0.008192920344224435,,,,
1938-10-06,,,,0.0007668205264001404,,,,
1938-10-07,,,,0.0004935506951369677,,,,
1938-10-10,,,,0.023029231127540715,,,,
1938-10-11,,,,0.018289569433114664,,,,
1938-10-13,,,,0.0064188447951802965,,,,
1938-10-14,,,,0.0013683720959024271,,,,
1938-10-17,,,,0.0012368417385105225,,,,
1938-10-18,,,,0.00286547835362315,,,,
1938-10-19,,,,0.0039230263136041275,,,,
1938-10-20,,,,0.003285759978756227,,,,
1938-10-21,,,,0.0005563567007100063,,,,
1938-10-24,,,,0.002463130457818109,,,,
1938-10-25,,,,0.00039170290626001236,,,,
1938-10-26,,,,0.0029252946599883714,,,,
1938-10-27,,,,0.0011298326033448772,,,,
1938-10-28,,,,0.003397191053322515,,,,
1938-10-31,,,,0.0004248181540176142,,,,
1938-11-01,,,,0.001256039394661215,,,,
1938-11-02,,,,0.0008284312112739747,,,,
1938-11-03,,,,0.0006426977562886858,,,,
1938-11-04,,,,0.00032225604383600404,,,,
1938-11-07,,,,0.00512851526147969,,,,
1938-11-09,,,,0.007070532128942504,,,,
1938-11-10,,,,0.0016786889289768223,,,,
1938-11-14,,,,0.005301498267374164,,,,
1938-11-15,,,,0.001548026174779128,,,,
1938-11-16,,,,0.007813719387284231,,,,
1938-11-17,,,,0.0030134836144873056,,,,
1938-11-18,,,,0.0058419972575299815,,,,
1938-11-21,,,,0.0007109168508484504,,,,
1938-11-22,,,,0.0023295618686083723,,,,
1938-11-23,,,,0.0005142748851857178,,,,
1938-11-25,,,,0.0002939703932130208,,,,
1938-11-28,,,,0.01032147251150962,,,,
1938-11-29,,,,0.001237193352633808,,,,
1938-11-30,,,,0.006900553974334527,,,,
1938-12-01,,,,0.0026610757298673004,,,,
1938-12-02,,,,0.0029587999061371248,,,,
1938-12-05,,,,0.0018315495787979599,,,,
1938-12-06,,,,0.0022833285730912366,,,,
1938-12-07,,,,0.0008161460183848807,,,,
1938-12-08,,,,0.0036612501461472167,,,,
1938-12-09,,,,0.0017004707559154166,,,,
1938-12-12,,,,0.003484992156612811,,,,
1938-12-13,,,,0.003219456628092455,,,,
1938-12-14,,,,0.006890001471882078,,,,
1938-12-15,,,,0.0005845103966910597,,,,
1938-12-16,,,,7.428601133424352e-05,,,,
1938-12-19,,,,0.00570166210234705,,,,
1938-12-20,,,,0.00043836949984120123,,,,
1938-12-21,,,,0.002088984663173662,,,,
1938-12-22,,,,0.0023214565372411005,,,,
1938-12-23,,,,0.0037454899409007348,,,,
1938-12-27,,,,0.00214856355004597,,,,
1938-12-28,,,,0.003248105721312106,,,,
1938-12-29,,,,0.0078715583652908,,,,
1938-12-30,,,,7.6485664850809e-05,,,,
1939-01-03,,,,0.0015988148491166937,,,,
1939-01-04,,,,0.004142481373009754,,,,
1939-01-05,,,,0.004819011155344011,,,,
1939-01-06,,,,8.1747763377242e-05,,,,
1939-01-09,,,,0.008285918080274002,,,,
1939-01-10,,,,0.00039001725353252884,,,,
1939-01-11,,,,0.0072459761851279645,,,,
1939-01-12,,,,0.002991842314953409,,,,
1939-01-13,,,,0.004326917685449418,,,,
1939-01-16,,,,0.00949664599426716,,,,
1939-01-17,,,,0.0028671986574675765,,,,
1939-01-18,,,,0.0005053415385147491,,,,
1939-01-19,,,,0.002619368003836924,,,,
1939-01-20,,,,0.0014716793477937736,,,,
1939-01-23,,,,0.026478347196403185,,,,
1939-01-24,,,,0.0012018733682773687,,,,
1939-01-25,,,,0.0018637628185191382,,,,
1939-01-26,,,,0.010788530204448523,,,,
1939-01-27,,,,0.009326361989608385,,,,
1939-01-30,,,,0.007989253053925657,,,,
1939-01-31,,,,0.003485401271527328,,,,
1939-02-01,,,,0.004610919562184642,,,,
1939-02-02,,,,0.006773264995375059,,,,
1939-02-03,,,,0.0019901411622809013,,,,
1939-02-06,,,,0.004344390396359685,,,,
1939-02-07,,,,0.0038750122399149912,,,,
1939-02-08,,,,0.004146550512837521,,,,
1939-02-09,,,,0.004755652267468249,,,,
1939-02-10,,,,0.000638817169790024,,,,
1939-02-14,,,,0.0006476710513632951,,,,
1939-02-15,,,,0.0003731383572678024,,,,
1939-02-16,,,,0.002682477066630284,,,,
1939-02-17,,,,0.002212247338437139,,,,
1939-02-20,,,,0.006994973034494568,,,,
1939-02-21,,,,0.00190101956509471,,,,
1939-02-23,,,,9.798406223055752e-05,,,,
1939-02-24,,,,0.00903799777873727,,,,
1939-02-27,,,,0.0024490840038788966,,,,
1939-02-28,,,,0.0018716905942237608,,,,
1939-03-02,,,,0.0004982517482013372,,,,
1939-03-03,,,,0.005381039125405707,,,,
1939-03-06,,,,0.002043263033511449,,,,
1939-03-07,,,,0.0016640767194585674,,,,
1939-03-08,,,,0.006772336196411738,,,,
1939-03-09,,,,0.0017561420548249287,,,,
1939-03-10,,,,0.0026365093992260506,,,,
1939-03-13,,,,0.005657655115805577,,,,
1939-03-14,,,,0.001394141036256992,,,,
1939-03-15,,,,0.01174312494315489,,,,
1939-03-16,,,,0.0008536135256875736,,,,
1939-03-17,,,,0.01210349742962373,,,,
1939-03-20,,,,0.008352113461172527,,,,
1939-03-21,,,,0.006695797018231901,,,,
1939-03-22,,,,0.013061564536593313,,,,
1939-03-23,,,,0.005173680704202212,,,,
1939-03-24,,,,0.004477610588223618,,,,
1939-03-27,,,,0.002372208872994205,,,,
1939-03-28,,,,0.004962179111870672,,,,
1939-03-29,,,,0.002702861210054259,,,,
1939-03-30,,,,0.013226640634702923,,,,
1939-03-31,,,,0.01688454713163241,,,,
1939-04-03,,,,0.008457995118120554,,,,
1939-04-04,,,,0.006957434264744876,,,,
1939-04-05,,,,0.0010192633772603947,,,,
1939-04-06,,,,0.012067518419761539,,,,
1939-04-10,,,,0.006620201706845602,,,,
1939-04-11,,,,0.0005316678383979871,,,,
1939-04-12,,,,0.008753064390337045,,,,
1939-04-13,,,,0.00253818641014618,,,,
1939-04-14,,,,0.004747139770131988,,,,
1939-04-17,,,,0.006028924403692977,,,,
1939-04-18,,,,0.005055264461713707,,,,
1939-04-19,,,,0.0038565927978556677,,,,
1939-04-20,,,,0.003829799752631474,,,,
1939-04-21,,,,0.0010428778787406113,,,,
1939-04-24,,,,0.005496728540435528,,,,
1939-04-25,,,,0.0004466475127827454,,,,
1939-04-26,,,,0.0033586379203201064,,,,
1939-04-27,,,,0.0036747003591174046,,,,
1939-04-28,,,,0.003113306303992134,,,,
1939-05-01,,,,0.0022003279584139673,,,,
1939-05-02,,,,0.004511400093768072,,,,
1939-05-03,,,,0.009479610162783354,,,,
1939-05-04,,,,0.0011635883989154865,,,,
1939-05-05,,,,0.001187936647544198,,,,
1939-05-08,,,,0.0004552097385208006,,,,
1939-05-09,,,,0.0064920237928688665,,,,
1939-05-10,,,,0.004484592300100215,,,,
1939-05-12,,,,0.00261465701049978,,,,
1939-05-15,,,,0.0011766147518952883,,,,
1939-05-16,,,,0.010816767065183803,,,,
1939-05-17,,,,0.0023506558735812842,,,,
1939-05-18,,,,0.0005028352307545641,,,,
1939-05-19,,,,0.00342891608497439,,,,
1939-05-22,,,,0.0063481987324877495,,,,
1939-05-23,,,,0.0020310508158920665,,,,
1939-05-24,,,,0.011467632764162615,,,,
1939-05-25,,,,0.0004657411472407443,,,,
1939-05-26,,,,0.0011644467397397495,,,,
1939-05-29,,,,0.005385022445864838,,,,
1939-05-31,,,,0.0016193232605498638,,,,
1939-06-01,,,,0.006257711212121841,,,,
1939-06-02,,,,0.0019278395229293502,,,,
1939-06-05,,,,0.0008579649319243061,,,,
1939-06-06,,,,0.005286375344850811,,,,
1939-06-07,,,,0.0001295170803888734,,,,
1939-06-08,,,,0.0009881195764230397,,,,
1939-06-09,,,,0.005809238102895705,,,,
1939-06-12,,,,0.005114256145587653,,,,
1939-06-13,,,,0.0029122512029889263,,,,
1939-06-14,,,,0.0018073370142624226,,,,
1939-06-15,,,,0.010933461887132637,,,,
1939-06-16,,,,0.0009298384495761045,,,,
1939-06-19,,,,0.005304304600443143,,,,
1939-06-20,,,,0.0036809880206414877,,,,
1939-06-22,,,,0.00267075161102979,,,,
1939-06-23,,,,0.001783733275473692,,,,
1939-06-26,,,,0.010606205734441789,,,,
1939-06-27,,,,0.0017928638327458842,,,,
1939-06-28,,,,0.00938597043189001,,,,
1939-06-29,,,,0.011057431568463399,,,,
1939-06-30,,,,0.0026380740126859233,,,,
1939-07-03,,,,0.005547719685184102,,,,
1939-07-05,,,,0.007920171722302744,,,,
1939-07-06,,,,0.00026694863458054906,,,,
1939-07-07,,,,0.0022859329939280714,,,,
1939-07-10,,,,0.001391032905943907,,,,
1939-07-11,,,,0.005567896973495126,,,,
1939-07-12,,,,0.009620864659243106,,,,
1939-07-13,,,,0.003291074511836655,,,,
1939-07-14,,,,0.0034278300708023833,,,,
1939-07-17,,,,0.020692020366224105,,,,
1939-07-18,,,,0.002789794883660952,,,,
1939-07-19,,,,0.005281976699707657,,,,
1939-07-20,,,,0.005011682043326557,,,,
1939-07-21,,,,0.0081040808804354,,,,
1939-07-24,,,,0.00112381681615432,,,,
1939-07-25,,,,0.0026171148896958073,,,,
1939-07-26,,,,0.003949199237538614,,,,
1939-07-27,,,,0.00011401836452144881,,,,
1939-07-28,,,,0.0012948690170592372,,,,
1939-07-31,,,,0.003489455023659421,,,,
1939-08-02,,,,0.004241504091525103,,,,
1939-08-03,,,,0.0013664837125622624,,,,
1939-08-04,,,,0.008261762650828083,,,,
1939-08-07,,,,0.002159590764153934,,,,
1939-08-08,,,,0.0009126794262769652,,,,
1939-08-09,,,,0.0034191313756715444,,,,
1939-08-10,,,,0.009518896932982353,,,,
1939-08-11,,,,0.0005460636412222214,,,,
1939-08-14,,,,0.008699259691323489,,,,
1939-08-15,,,,0.0040647929301897605,,,,
1939-08-16,,,,0.012052765596992619,,,,
1939-08-17,,,,0.00025570527919502024,,,,
1939-08-18,,,,0.009281639128750086,,,,
1939-08-21,,,,0.011657262372152845,,,,
1939-08-22,,,,0.007932941825428735,,,,
1939-08-23,,,,0.013027327641079972,,,,
1939-08-24,,,,0.000991418947082664,,,,
1939-08-25,,,,0.008439395716517676,,,,
1939-08-28,,,,0.0026690770994130157,,,,
1939-08-29,,,,0.011034541019151843,,,,
1939-08-30,,,,0.003966573835466894,,,,
1939-08-31,,,,0.006133163817971502,,,,
1939-09-01,,,,0.004018440714676136,,,,
1939-09-05,,,,0.0469735186771212,,,,
1939-09-06,,,,0.001979354296786223,,,,
1939-09-07,,,,0.0005018843742728386,,,,
1939-09-08,,,,0.0035513287831876366,,,,
1939-09-11,,,,0.00625489921862552,,,,
1939-09-12,,,,0.0027060093316966585,,,,
1939-09-13,,,,0.0025927095227923805,,,,
1939-09-14,,,,0.0008324705003586137,,,,
1939-09-15,,,,0.0001223595725856185,,,,
1939-09-18,,,,0.011967276772396436,,,,
1939-09-19,,,,0.009449708677591073,,,,
1939-09-20,,,,0.0001179871598886015,,,,
1939-09-21,,,,0.0014012221873239987,,,,
1939-09-22,,,,0.001871799441933705,,,,
1939-09-25,,,,0.000454133107807834,,,,
1939-09-26,,,,0.003083502359910308,,,,
1939-09-28,,,,0.0050655924124393325,,,,
1939-09-29,,,,0.0013927918872966706,,,,
1939-10-02,,,,0.0017791664510417777,,,,
1939-10-03,,,,0.0023022633029935926,,,,
1939-10-04,,,,0.000286344361896049,,,,
1939-10-05,,,,0.0005155911279833528,,,,
1939-10-06,,,,0.00037178110851252325,,,,
1939-10-09,,,,0.001542106621811932,,,,
1939-10-10,,,,0.0005451414226108517,,,,
1939-10-11,,,,0.001758208817681461,,,,
1939-10-13,,,,0.002344973027892303,,,,
1939-10-17,,,,0.00867980788631755,,,,
1939-10-18,,,,0.002096780393030796,,,,
1939-10-19,,,,0.00040292238081152966,,,,
1939-10-20,,,,0.0009163139966450921,,,,
1939-10-23,,,,0.001104233409876969,,,,
1939-10-24,,,,0.0005958279850601225,,,,
1939-10-25,,,,0.004846700102337829,,,,
1939-10-26,,,,0.003326947015496087,,,,
1939-10-27,,,,0.0015114766478621067,,,,
1939-10-30,,,,0.001542160217458371,,,,
1939-10-31,,,,0.003532209220423099,,,,
1939-11-01,,,,0.000179164799649197,,,,
1939-11-02,,,,0.000374991405927155,,,,
1939-11-03,,,,0.003037241484504013,,,,
1939-11-06,,,,0.0037464765894463857,,,,
1939-11-08,,,,0.0020054933889053065,,,,
1939-11-09,,,,0.005134966970333036,,,,
1939-11-10,,,,0.0016667896700639305,,,,
1939-11-13,,,,9.544517474743144e-05,,,,
1939-11-14,,,,0.0026813253833771395,,,,
1939-11-15,,,,0.003458520395493369,,,,
1939-11-16,,,,0.005076360125733261,,,,
1939-11-17,,,,0.0011957122477752914,,,,
1939-11-20,,,,0.0011064910358138205,,,,
1939-11-21,,,,0.002938707725796001,,,,
1939-11-22,,,,0.0005665767490260482,,,,
1939-11-24,,,,0.006592709527932889,,,,
1939-11-27,,,,0.0008269535608323132,,,,
1939-11-28,,,,0.0016850561986310377,,,,
1939-11-29,,,,0.005056625577872552,,,,
1939-11-30,,,,0.004770626208085056,,,,
1939-12-01,,,,0.003200304459458395,,,,
1939-12-04,,,,0.0002481604542884887,,,,
1939-12-05,,,,0.000645632949099231,,,,
1939-12-06,,,,0.00733276599037563,,,,
1939-12-07,,,,0.00012137509045082316,,,,
1939-12-08,,,,0.0038251177435390544,,,,
1939-12-11,,,,0.005112304044335758,,,,
1939-12-12,,,,0.001499279238827764,,,,
1939-12-13,,,,0.0076874652803158245,,,,
1939-12-14,,,,0.0006693214341254155,,,,
1939-12-15,,,,0.0013780113968105369,,,,
1939-12-18,,,,0.0011113304789950955,,,,
1939-12-19,,,,0.0011332270350415112,,,,
1939-12-20,,,,0.0018879251716437788,,,,
1939-12-21,,,,0.0002831532543517769,,,,
1939-12-22,,,,0.002392361162545982,,,,
1939-12-26,,,,0.0025617914767585553,,,,
1939-12-27,,,,0.0030748563888042817,,,,
1939-12-28,,,,0.004867405332223423,,,,
1939-12-29,,,,0.001555886917663755,,,,
1940-01-02,,,,0.007756942941483701,,,,
1940-01-03,,,,0.0061760575871240495,,,,
1940-01-04,,,,0.0016683497077554842,,,,
1940-01-05,,,,0.0031035237126365383,,,,
1940-01-08,,,,0.0001424738370773532,,,,
1940-01-09,,,,0.0056298608302933146,,,,
1940-01-10,,,,0.0006384687429411143,,,,
1940-01-11,,,,0.009755202883476704,,,,
1940-01-12,,,,0.011639641065121468,,,,
1940-01-15,,,,0.002729184163714854,,,,
1940-01-16,,,,0.003120606946492051,,,,
1940-01-17,,,,0.0001623455095500403,,,,
1940-01-18,,,,0.0008286189385529675,,,,
1940-01-19,,,,0.0006808891899527918,,,,
1940-01-22,,,,0.004497947066178775,,,,
1940-01-23,,,,0.0022919603061395486,,,,
1940-01-24,,,,0.008179106841245119,,,,
1940-01-25,,,,0.005509811917445528,,,,
1940-01-26,,,,0.00033946304932425423,,,,
1940-01-29,,,,0.00017496423619506579,,,,
1940-01-30,,,,0.003608796095219334,,,,
1940-01-31,,,,0.0020172421591924815,,,,
1940-02-02,,,,0.0001909609117989159,,,,
1940-02-05,,,,0.0009612852360304244,,,,
1940-02-06,,,,0.005539792037028934,,,,
1940-02-07,,,,0.004309981819840772,,,,
1940-02-08,,,,0.00842198912190541,,,,
1940-02-13,,,,0.0021163423591471684,,,,
1940-02-14,,,,0.0027471888986914713,,,,
1940-02-16,,,,0.00019626978499307567,,,,
1940-02-20,,,,0.0033704782472384733,,,,
1940-02-21,,,,0.001684203062130415,,,,
1940-02-23,,,,0.005610301489208598,,,,
1940-02-26,,,,0.004356338677389881,,,,
1940-02-27,,,,0.0010956451294891285,,,,
1940-02-28,,,,0.00022225422437935254,,,,
1940-02-29,,,,0.0011343769369075148,,,,
1940-03-01,,,,0.004663521893396452,,,,
1940-03-04,,,,0.0016593143215510079,,,,
1940-03-05,,,,0.0038370215822991142,,,,
1940-03-06,,,,0.006009159930902294,,,,
1940-03-07,,,,0.00023051915643298003,,,,
1940-03-08,,,,0.0033739721369537776,,,,
1940-03-11,,,,0.0024531728119345218,,,,
1940-03-12,,,,0.0017306967138240518,,,,
1940-03-13,,,,0.0012407491996804093,,,,
1940-03-14,,,,0.0020320273185596423,,,,
1940-03-15,,,,0.011452923111552273,,,,
1940-03-18,,,,0.005066325665939043,,,,
1940-03-19,,,,0.006432512165724564,,,,
1940-03-20,,,,0.0032930200917859016,,,,
1940-03-25,,,,0.005172817595483357,,,,
1940-03-26,,,,0.00444679615083701,,,,
1940-03-27,,,,0.01224151537839995,,,,
1940-03-28,,,,0.0019737794021621132,,,,
1940-03-29,,,,0.002525978485863601,,,,
1940-04-01,,,,0.0017821525637903661,,,,
1940-04-02,,,,0.0025788909859793,,,,
1940-04-03,,,,0.014354748607734573,,,,
1940-04-04,,,,0.005259359726789112,,,,
1940-04-05,,,,0.0026147235926830908,,,,
1940-04-08,,,,0.007521168916703184,,,,
1940-04-09,,,,0.009084565880736228,,,,
1940-04-10,,,,0.0075279330092081174,,,,
1940-04-11,,,,0.0023391876539588224,,,,
1940-04-12,,,,0.004737425641655249,,,,
1940-04-16,,,,0.012211674927790309,,,,
1940-04-17,,,,0.00023231296288202117,,,,
1940-04-18,,,,0.00839583309601083,,,,
1940-04-22,,,,0.006825007374444105,,,,
1940-04-23,,,,0.005986826846801849,,,,
1940-04-24,,,,0.003308727355377682,,,,
1940-04-25,,,,0.0002357741181997637,,,,
1940-04-26,,,,0.007831415000694739,,,,
1940-04-29,,,,0.0024484238842715574,,,,
1940-04-30,,,,0.004694732069041083,,,,
1940-05-01,,,,0.011593409871238955,,,,
1940-05-02,,,,0.004569389724412277,,,,
1940-05-03,,,,0.0009580941654162491,,,,
1940-05-06,,,,0.004127882535549316,,,,
1940-05-07,,,,0.0017296701332939995,,,,
1940-05-08,,,,0.0009986956943183352,,,,
1940-05-09,,,,0.0002510476375349122,,,,
1940-05-10,,,,0.027582937083871373,,,,
1940-05-13,,,,0.040621995712077405,,,,
1940-05-14,,,,0.03616405081760989,,,,
1940-05-15,,,,0.003160718883387095,,,,
1940-05-16,,,,0.003145488930965936,,,,
1940-05-17,,,,0.017531675596282856,,,,
1940-05-20,,,,0.005060091340022629,,,,
1940-05-21,,,,0.02145739864444504,,,,
1940-05-22,,,,0.0010940276795231507,,,,
1940-05-23,,,,0.0004704515293738187,,,,
1940-05-24,,,,0.0011909113323637568,,,,
1940-05-27,,,,0.007002564377453636,,,,
1940-05-28,,,,0.005842000592312729,,,,
1940-05-29,,,,0.0017660324904440452,,,,
1940-05-31,,,,0.00048046544653438603,,,,
1940-06-03,,,,0.005143068778431429,,,,
1940-06-04,,,,0.003871296817860852,,,,
1940-06-05,,,,0.004572551231033094,,,,
1940-06-06,,,,0.0042829684414986404,,,,
1940-06-07,,,,0.003881509765357432,,,,
1940-06-10,,,,0.011619235445622418,,,,
1940-06-11,,,,0.014390233388793187,,,,
1940-06-12,,,,0.013753220990885787,,,,
1940-06-13,,,,0.004903423482636073,,,,
1940-06-14,,,,0.0063237746238221735,,,,
1940-06-17,,,,0.0009028656112785677,,,,
1940-06-18,,,,0.0006484968206101624,,,,
1940-06-19,,,,0.00038834760424146566,,,,
1940-06-20,,,,0.003192824073529073,,,,
1940-06-24,,,,0.005251172240829708,,,,
1940-06-25,,,,0.008036813492949754,,,,
1940-06-26,,,,0.0016330695821669874,,,,
1940-06-27,,,,0.0027650601119690245,,,,
1940-06-28,,,,0.0036464832145838475,,,,
1940-07-01,,,,0.0031246667412804753,,,,
1940-07-02,,,,0.0005124667304011242,,,,
1940-07-03,,,,0.0007483582411105624,,,,
1940-07-05,,,,0.001684922512630229,,,,
1940-07-10,,,,0.0007906920255909305,,,,
1940-07-12,,,,0.000569534454595733,,,,
1940-07-15,,,,0.0008311225362960371,,,,
1940-07-16,,,,0.003593589500916515,,,,
1940-07-17,,,,0.0009306432398629541,,,,
1940-07-18,,,,0.00015538045035442632,,,,
1940-07-19,,,,0.003460232809691621,,,,
1940-07-23,,,,0.00016613871538538632,,,,
1940-07-24,,,,0.0032825489870704433,,,,
1940-07-25,,,,0.0009447112986467462,,,,
1940-07-26,,,,0.001737404778136391,,,,
1940-07-29,,,,0.004119577181072242,,,,
1940-07-30,,,,0.009610980815207719,,,,
1940-07-31,,,,0.0013865571581054663,,,,
1940-08-01,,,,0.0010325802455071504,,,,
1940-08-02,,,,0.0002736962078829907,,,,
1940-08-05,,,,0.0009653458597591196,,,,
1940-08-06,,,,0.004307210096967536,,,,
1940-08-09,,,,0.004006481328297691,,,,
1940-08-12,,,,0.004427631670953792,,,,
1940-08-13,,,,0.0159708367450418,,,,
1940-08-14,,,,0.003506357301736699,,,,
1940-08-15,,,,0.003474970168912151,,,,
1940-08-16,,,,0.006468577342460185,,,,
1940-08-19,,,,0.002700231369924732,,,,
1940-08-20,,,,0.004815766120593712,,,,
1940-08-21,,,,0.007284188643948025,,,,
1940-08-22,,,,0.004247877265489103,,,,
1940-08-23,,,,0.005163205606038694,,,,
1940-08-26,,,,0.0014200110751035253,,,,
1940-08-28,,,,0.005718958472959272,,,,
1940-08-29,,,,0.0019793437658429604,,,,
1940-08-30,,,,0.0074846074082097255,,,,
1940-09-03,,,,0.002272437943278186,,,,
1940-09-04,,,,0.009069789354867172,,,,
1940-09-05,,,,0.005887236901256327,,,,
1940-09-06,,,,0.003114658122465097,,,,
1940-09-09,,,,0.013473496861893381,,,,
1940-09-10,,,,0.00016600056575231974,,,,
1940-09-11,,,,0.0031091453246390307,,,,
1940-09-12,,,,0.0060538433917814135,,,,
1940-09-13,,,,0.000179542089563374,,,,
1940-09-16,,,,0.006124306206236793,,,,
1940-09-17,,,,0.0031056441017140667,,,,
1940-09-18,,,,0.0031213614044659954,,,,
1940-09-19,,,,0.0011398569737893732,,,,
1940-09-23,,,,0.013348348847267936,,,,
1940-09-24,,,,0.001489847723365635,,,,
1940-09-25,,,,0.0006940096426182036,,,,
1940-09-26,,,,0.0028041656919431026,,,,
1940-09-27,,,,0.007980524320345435,,,,
1940-09-30,,,,0.0031747830495387607,,,,
1940-10-01,,,,0.006204787965528645,,,,
1940-10-02,,,,0.0018721201226475025,,,,
1940-10-03,,,,0.00017169724262525613,,,,
1940-10-04,,,,0.0037999964641793247,,,,
1940-10-07,,,,0.002529437064291359,,,,
1940-10-08,,,,0.008013824730617139,,,,
1940-10-09,,,,0.0025874306011702346,,,,
1940-10-10,,,,0.0003223456081301332,,,,
1940-10-11,,,,0.004915429907213152,,,,
1940-10-14,,,,0.002204048604730605,,,,
1940-10-15,,,,0.004986223476390004,,,,
1940-10-16,,,,0.0016254261197433811,,,,
1940-10-17,,,,0.0021271637698846695,,,,
1940-10-18,,,,0.00033586304423352114,,,,
1940-10-21,,,,0.003322065063289713,,,,
1940-10-22,,,,0.0022282490935328645,,,,
1940-10-23,,,,0.004802814231462168,,,,
1940-10-24,,,,0.0034086417327765612,,,,
1940-10-28,,,,0.0039043588951700346,,,,
1940-10-29,,,,0.0007415370017234244,,,,
1940-10-30,,,,0.004513023944733033,,,,
1940-10-31,,,,0.008280009746095522,,,,
1940-11-04,,,,0.003945605730955892,,,,
1940-11-06,,,,0.0196998830134789,,,,
1940-11-07,,,,0.028543030820821325,,,,
1940-11-08,,,,0.005550136545528223,,,,
1940-11-12,,,,0.004438239601489422,,,,
1940-11-13,,,,0.003465459022600423,,,,
1940-11-14,,,,0.0008665076230696394,,,,
1940-11-15,,,,0.004319129540953342,,,,
1940-11-18,,,,0.0047670938148255005,,,,
1940-11-19,,,,0.0001486182690892339,,,,
1940-11-20,,,,0.009975433758576253,,,,
1940-11-26,,,,0.0010749824669295306,,,,
1940-11-27,,,,0.008031451773965446,,,,
1940-11-29,,,,0.00017373055240108153,,,,
1940-12-02,,,,0.0018762346310727265,,,,
1940-12-03,,,,0.001585347737065509,,,,
1940-12-05,,,,0.002983470578282237,,,,
1940-12-06,,,,0.0006449967573958336,,,,
1940-12-09,,,,0.0034234143538657757,,,,
1940-12-11,,,,0.0006654554885102181,,,,
1940-12-12,,,,0.001631118858623541,,,,
1940-12-13,,,,0.0006818499565669879,,,,
1940-12-16,,,,0.0052510580792526195,,,,
1940-12-17,,,,0.0018415550114826444,,,,
1940-12-18,,,,0.004930288505370065,,,,
1940-12-19,,,,0.0019119358691099212,,,,
1940-12-20,,,,0.0002238744365804239,,,,
1940-12-23,,,,0.001446203127550046,,,,
1940-12-24,,,,0.000779101059249992,,,,
1940-12-26,,,,0.0003871093746729661,,,,
1940-12-27,,,,0.002498564470137747,,,,
1940-12-30,,,,0.007069526936525626,,,,
1940-12-31,,,,0.00023136836941498357,,,,
1941-01-02,,,,0.005493245412621965,,,,
1941-01-03,,,,0.013447391784569922,,,,
1941-01-06,,,,0.0007420259713712624,,,,
1941-01-07,,,,0.0002172340750248052,,,,
1941-01-08,,,,0.0007649264901115576,,,,
1941-01-09,,,,0.0029868145257840517,,,,
1941-01-10,,,,0.0013372032188189594,,,,
1941-01-13,,,,0.002081675477747713,,,,
1941-01-14,,,,0.003269989408785264,,,,
1941-01-15,,,,0.005079961528139419,,,,
1941-01-16,,,,0.007515413216442826,,,,
1941-01-17,,,,0.0010073064778859566,,,,
1941-01-20,,,,0.002844618750685192,,,,
1941-01-21,,,,0.005986310493363928,,,,
1941-01-22,,,,0.003390830250282394,,,,
1941-01-23,,,,0.00043737618345339804,,,,
1941-01-24,,,,0.0015477032906533077,,,,
1941-01-27,,,,0.002211859921128076,,,,
1941-01-28,,,,0.00371873949862574,,,,
1941-01-29,,,,0.013748924881041928,,,,
1941-01-30,,,,0.011334645933490303,,,,
1941-01-31,,,,0.0015447377582519348,,,,
1941-02-03,,,,0.0068391612228848,,,,
1941-02-04,,,,0.00029029818961538506,,,,
1941-02-05,,,,0.011454211993280816,,,,
1941-02-06,,,,0.0021053606301027357,,,,
1941-02-07,,,,0.0016713046933070773,,,,
1941-02-10,,,,0.00044441316066014095,,,,
1941-02-11,,,,0.01072375745111301,,,,
1941-02-13,,,,0.008717769478068065,,,,
1941-02-14,,,,0.01962665191330405,,,,
1941-02-17,,,,0.006752103976347576,,,,
1941-02-18,,,,0.000984915941457347,,,,
1941-02-19,,,,0.004507893722881983,,,,
1941-02-20,,,,0.009818972877810847,,,,
1941-02-21,,,,0.0019506936822744824,,,,
1941-02-24,,,,0.004238691394539701,,,,
1941-02-25,,,,0.004785299195828672,,,,
1941-02-26,,,,0.0008153641764228197,,,,
1941-02-27,,,,0.003827108636359735,,,,
1941-02-28,,,,0.0020069326566562514,,,,
1941-03-03,,,,0.008633203919747685,,,,
1941-03-04,,,,0.0026261354462267096,,,,
1941-03-05,,,,0.003386718633962608,,,,
1941-03-06,,,,0.01115732709829701,,,,
1941-03-07,,,,0.002671184621131734,,,,
1941-03-10,,,,0.011246520478979881,,,,
1941-03-11,,,,0.004187433575111232,,,,
1941-03-13,,,,0.002648941155118799,,,,
1941-03-14,,,,0.00025695235563579644,,,,
1941-03-17,,,,0.0025913019458437157,,,,
1941-03-18,,,,0.002022957080465981,,,,
1941-03-19,,,,0.0033881994068249172,,,,
1941-03-20,,,,0.00026952863193174575,,,,
1941-03-21,,,,0.005349375113645352,,,,
1941-03-24,,,,0.0004433735297814365,,,,
1941-03-25,,,,0.0021888251532935603,,,,
1941-03-26,,,,0.0017363935599011811,,,,
1941-03-27,,,,0.00486345518104506,,,,
1941-03-28,,,,0.0043630384903844315,,,,
1941-03-31,,,,0.0009578160465692463,,,,
1941-04-01,,,,0.0003006937277214971,,,,
1941-04-02,,,,0.0023474863105608095,,,,
1941-04-03,,,,0.00992862135433049,,,,
1941-04-04,,,,0.0011227299031368214,,,,
1941-04-07,,,,0.005838273876172168,,,,
1941-04-08,,,,0.014023429366776734,,,,
1941-04-09,,,,0.008901886005057471,,,,
1941-04-10,,,,0.0004665418916180301,,,,
1941-04-14,,,,0.0044437415590818435,,,,
1941-04-15,,,,0.0018324930006201703,,,,
1941-04-17,,,,0.0032995136841371467,,,,
1941-04-18,,,,0.009781293866844624,,,,
1941-04-21,,,,0.0019410246280079713,,,,
1941-04-22,,,,0.003434037204465333,,,,
1941-04-23,,,,0.0077706804897166365,,,,
1941-04-24,,,,0.0024929065233651113,,,,
1941-04-25,,,,0.004851041253566782,,,,
1941-04-28,,,,0.0010862071502017762,,,,
1941-04-29,,,,0.0010986251249251182,,,,
1941-04-30,,,,0.009575108994575905,,,,
1941-05-01,,,,0.0005484009100257556,,,,
1941-05-02,,,,0.001901561379770087,,,,
1941-05-05,,,,0.00037321467461130185,,,,
1941-05-06,,,,0.012123026809495176,,,,
1941-05-07,,,,0.001978818496314133,,,,
1941-05-08,,,,0.0012777414830169027,,,,
1941-05-12,,,,0.008044447225123786,,,,
1941-05-14,,,,0.005098966373106421,,,,
1941-05-15,,,,0.012098257957205429,,,,
1941-05-16,,,,0.0011158808424012632,,,,
1941-05-19,,,,0.0034139994404450715,,,,
1941-05-20,,,,0.011820073278549113,,,,
1941-05-21,,,,0.0005157087490839479,,,,
1941-05-22,,,,0.00779486771152587,,,,
1941-05-26,,,,0.00796064687005605,,,,
1941-05-27,,,,0.004086045037646432,,,,
1941-05-29,,,,0.0005510238912785759,,,,
1941-06-02,,,,0.001333015842465303,,,,
1941-06-03,,,,0.008240915080691478,,,,
1941-06-04,,,,0.0005529414599855003,,,,
1941-06-05,,,,0.0026992222202925423,,,,
1941-06-06,,,,0.0005669491852492641,,,,
1941-06-09,,,,0.013130727633441194,,,,
1941-06-10,,,,0.01140725799597262,,,,
1941-06-12,,,,0.003166099273127337,,,,
1941-06-13,,,,0.001227825902237473,,,,
1941-06-16,,,,0.0027082222604415352,,,,
1941-06-17,,,,0.005523810105260511,,,,
1941-06-18,,,,0.00033406205751572286,,,,
1941-06-19,,,,0.0012852602981267786,,,,
1941-06-20,,,,0.008943473021213804,,,,
1941-06-23,,,,0.013941453429665341,,,,
1941-06-24,,,,0.0046725510454236506,,,,
1941-06-25,,,,0.0010225492052460784,,,,
1941-06-26,,,,0.0024658166453836615,,,,
1941-06-27,,,,0.0034035081203419543,,,,
1941-06-30,,,,0.0027212581408624027,,,,
1941-07-01,,,,0.0020217296148354225,,,,
1941-07-02,,,,0.004892285453782378,,,,
1941-07-03,,,,0.0011001137532590187,,,,
1941-07-07,,,,0.013414717673589793,,,,
1941-07-08,,,,0.013184497530198826,,,,
1941-07-10,,,,0.0016531448953775172,,,,
1941-07-11,,,,0.0018631855094260596,,,,
1941-07-14,,,,0.0010021502435745954,,,,
1941-07-15,,,,0.0017279505658412025,,,,
1941-07-16,,,,0.003390619648313361,,,,
1941-07-17,,,,0.004891439388335316,,,,
1941-07-18,,,,0.002524950774232972,,,,
1941-07-21,,,,0.015196042617797157,,,,
1941-07-22,,,,0.000474259271047187,,,,
1941-07-23,,,,0.0018667703377797677,,,,
1941-07-24,,,,0.004003990863838142,,,,
1941-07-25,,,,0.0012063059065808778,,,,
1941-07-28,,,,0.008967452214951238,,,,
1941-07-29,,,,0.0011941344394776877,,,,
1941-07-30,,,,0.0033602628001732377,,,,
1941-07-31,,,,0.0005055538806591169,,,,
1941-08-01,,,,0.0034608794010462687,,,,
1941-08-04,,,,0.0010647368471538086,,,,
1941-08-07,,,,0.0013314779962159736,,,,
1941-08-08,,,,0.008525379087279001,,,,
1941-08-11,,,,0.006862979938611399,,,,
1941-08-13,,,,0.0037826196035383604,,,,
1941-08-14,,,,0.002806404046583328,,,,
1941-08-15,,,,0.00798735183155525,,,,
1941-08-18,,,,0.007750471544200029,,,,
1941-08-19,,,,0.00035270165753869333,,,,
1941-08-20,,,,0.002805402079580268,,,,
1941-08-21,,,,0.0005802488505477409,,,,
1941-08-22,,,,0.0014292892087641599,,,,
1941-08-25,,,,0.0012270093456423355,,,,
1941-08-26,,,,0.006436425835681069,,,,
1941-08-27,,,,0.00037093711889682495,,,,
1941-08-28,,,,0.0021190424617448535,,,,
1941-08-29,,,,0.0006188594487838328,,,,
1941-09-02,,,,0.004875213273353581,,,,
1941-09-03,,,,0.006023739737059978,,,,
1941-09-04,,,,0.0024369571251036874,,,,
1941-09-05,,,,0.0024766503468759177,,,,
1941-09-08,,,,0.0013357807816278533,,,,
1941-09-09,,,,0.0025531143029061142,,,,
1941-09-10,,,,0.007393533173431086,,,,
1941-09-11,,,,0.010003654814402966,,,,
1941-09-15,,,,0.0004062887739143201,,,,
1941-09-16,,,,0.004219410826029561,,,,
1941-09-17,,,,0.016655090940371316,,,,
1941-09-18,,,,0.006594048823504146,,,,
1941-09-19,,,,0.008301727083950489,,,,
1941-09-22,,,,0.0005949494597709838,,,,
1941-09-23,,,,0.0029617528283246465,,,,
1941-09-24,,,,0.005838823732824549,,,,
1941-09-25,,,,0.011133527218563895,,,,
1941-09-26,,,,0.002312096187248364,,,,
1941-09-29,,,,0.002992435832695485,,,,
1941-09-30,,,,0.005640079449622354,,,,
1941-10-01,,,,0.0023537517503046433,,,,
1941-10-02,,,,0.002395158636204672,,,,
1941-10-03,,,,0.0006357658464621606,,,,
1941-10-06,,,,0.0006476032055780586,,,,
1941-10-07,,,,0.010933976226567693,,,,
1941-10-08,,,,0.001563186117584969,,,,
1941-10-09,,,,0.012769966677239853,,,,
1941-10-14,,,,0.005241969440237305,,,,
1941-10-15,,,,0.005319618058728245,,,,
1941-10-16,,,,0.012956616179830429,,,,
1941-10-17,,,,0.003189108538848441,,,,
1941-10-20,,,,0.007791418595124613,,,,
1941-10-21,,,,0.0075447346940156566,,,,
1941-10-22,,,,0.0032256573982257673,,,,
1941-10-23,,,,0.00040645624086998176,,,,
1941-10-24,,,,0.0040008893378353,,,,
1941-10-27,,,,0.014104924734735862,,,,
1941-10-28,,,,0.0006190651351193055,,,,
1941-10-29,,,,0.0023831593087965163,,,,
1941-10-31,,,,0.010647703674389213,,,,
1941-11-03,,,,0.007616997468873157,,,,
1941-11-05,,,,0.005642958376959209,,,,
1941-11-06,,,,0.006655802892065828,,,,
1941-11-07,,,,0.0023697269171190204,,,,
1941-11-10,,,,0.005967456483300041,,,,
1941-11-12,,,,0.019543016562109154,,,,
1941-11-13,,,,0.0038891260910388866,,,,
1941-11-14,,,,0.007119831775829664,,,,
1941-11-17,,,,0.0014093743361742333,,,,
1941-11-18,,,,0.0014374855382095686,,,,
1941-11-19,,,,0.006340140372092769,,,,
1941-11-21,,,,0.0028895448591142836,,,,
1941-11-24,,,,0.0012335405807791773,,,,
1941-11-25,,,,0.003985914196880156,,,,
1941-11-26,,,,0.006636317842122429,,,,
1941-11-27,,,,0.00497900299229664,,,,
1941-11-28,,,,0.0077189873227269615,,,,
1941-12-01,,,,0.00422399863935841,,,,
1941-12-02,,,,0.016821336152187925,,,,
1941-12-03,,,,0.007488270099349329,,,,
1941-12-04,,,,0.0011385319249055375,,,,
1941-12-05,,,,0.004458890887638154,,,,
1941-12-08,,,,0.027491764812887693,,,,
1941-12-09,,,,0.018823268616071566,,,,
1941-12-11,,,,0.008387503394888914,,,,
1941-12-12,,,,0.005192517846937908,,,,
1941-12-16,,,,0.001076250689257171,,,,
1941-12-17,,,,0.008638962762381087,,,,
1941-12-18,,,,0.004923464215870128,,,,
1941-12-22,,,,0.005773347837901279,,,,
1941-12-23,,,,0.0011824226013449307,,,,
1941-12-24,,,,0.0003680828889264889,,,,
1941-12-26,,,,0.001763285399261199,,,,
1941-12-29,,,,0.0033302822559990045,,,,
1941-12-30,,,,0.02614996237160605,,,,
1941-12-31,,,,0.0025363328642346726,,,,
1942-01-02,,,,0.010653809906968879,,,,
1942-01-05,,,,0.010006095691112615,,,,
1942-01-06,,,,0.0018193600845303802,,,,
1942-01-07,,,,0.002353822906130792,,,,
1942-01-08,,,,0.0059527378447789756,,,,
1942-01-09,,,,0.0014126638004613866,,,,
1942-01-12,,,,0.0003906069490943443,,,,
1942-01-13,,,,0.009373236810220559,,,,
1942-01-15,,,,0.000781140501562176,,,,
1942-01-16,,,,0.004087508600726115,,,,
1942-01-20,,,,0.0009528450283273536,,,,
1942-01-21,,,,0.007112311422216468,,,,
1942-01-23,,,,0.0014421457113532976,,,,
1942-01-26,,,,0.007266993376136076,,,,
1942-01-27,,,,0.0008525295148408133,,,,
1942-01-28,,,,0.0033022451174905217,,,,
1942-01-29,,,,0.0010209758578633191,,,,
1942-01-30,,,,0.0034323349886626136,,,,
1942-02-02,,,,0.0004528745609491328,,,,
1942-02-03,,,,0.0034199335575537584,,,,
1942-02-04,,,,0.004051927026371088,,,,
1942-02-05,,,,0.0010838963547816654,,,,
1942-02-06,,,,0.006184754939510323,,,,
1942-02-09,,,,0.006903155195916504,,,,
1942-02-10,,,,0.007626508267042563,,,,
1942-02-11,,,,0.0011460957678746655,,,,
1942-02-13,,,,0.0010176677117624043,,,,
1942-02-16,,,,0.0017066886198491113,,,,
1942-02-17,,,,0.010768385219306216,,,,
1942-02-18,,,,0.0005111786565318549,,,,
1942-02-19,,,,0.0010574263513060532,,,,
1942-02-20,,,,0.0019263105418656325,,,,
1942-02-24,,,,0.0032344437655138537,,,,
1942-02-25,,,,0.004117278298129526,,,,
1942-02-26,,,,0.004035094517643479,,,,
1942-02-27,,,,0.004751972332550115,,,,
1942-03-02,,,,0.008505688736610754,,,,
1942-03-03,,,,0.009101552316284102,,,,
1942-03-04,,,,0.006093711845563257,,,,
1942-03-05,,,,0.009002232636108934,,,,
1942-03-06,,,,0.01539337193919014,,,,
1942-03-09,,,,0.002408379099113856,,,,
1942-03-10,,,,0.003932047908895341,,,,
1942-03-11,,,,0.010987482829864875,,,,
1942-03-13,,,,0.00321842593204829,,,,
1942-03-16,,,,0.006038192988869261,,,,
1942-03-17,,,,0.01145161477032669,,,,
1942-03-18,,,,0.004998335352534714,,,,
1942-03-19,,,,0.0004998134169953721,,,,
1942-03-20,,,,0.005856953154741482,,,,
1942-03-23,,,,0.002413752621758189,,,,
1942-03-24,,,,0.004479201407625178,,,,
1942-03-25,,,,0.003920517501794497,,,,
1942-03-26,,,,0.0019178562625493214,,,,
1942-03-27,,,,0.005499851458231715,,,,
1942-03-30,,,,0.00039962691526807605,,,,
1942-03-31,,,,0.003486472930423025,,,,
1942-04-01,,,,0.0026552596819839898,,,,
1942-04-02,,,,0.004167073318052293,,,,
1942-04-06,,,,0.006394395649000668,,,,
1942-04-07,,,,0.0027632508544806356,,,,
1942-04-08,,,,0.0028193607435802255,,,,
1942-04-09,,,,0.009755140611304395,,,,
1942-04-10,,,,0.0005857993163590845,,,,
1942-04-13,,,,0.0013740022345181669,,,,
1942-04-14,,,,0.01011912278968326,,,,
1942-04-15,,,,0.001402162366933206,,,,
1942-04-16,,,,0.0004579933803476126,,,,
1942-04-17,,,,0.009631945601484435,,,,
1942-04-20,,,,0.007030347519328578,,,,
1942-04-21,,,,0.0012502409559078335,,,,
1942-04-22,,,,0.00142932124885739,,,,
1942-04-23,,,,0.016257407360825094,,,,
1942-04-24,,,,0.0029604779526983876,,,,
1942-04-27,,,,0.0006250005487307212,,,,
1942-04-28,,,,0.005527780183166857,,,,
1942-04-29,,,,0.011293538733430362,,,,
1942-04-30,,,,0.0035302129775651478,,,,
1942-05-01,,,,0.0035251182385449063,,,,
1942-05-04,,,,0.004293082336245348,,,,
1942-05-05,,,,0.0019716651716004327,,,,
1942-05-06,,,,0.0005991709821289048,,,,
1942-05-07,,,,0.007548572530856209,,,,
1942-05-11,,,,0.00825333663702234,,,,
1942-05-12,,,,0.004370745003033894,,,,
1942-05-13,,,,0.009836076282641023,,,,
1942-05-14,,,,0.0013577314334055743,,,,
1942-05-15,,,,0.006688343774708155,,,,
1942-05-18,,,,0.004260612705540026,,,,
1942-05-19,,,,0.0021194653908139954,,,,
1942-05-20,,,,0.0013810928778141154,,,,
1942-05-21,,,,0.009987648704617318,,,,
1942-05-22,,,,0.0005824648287811334,,,,
1942-05-25,,,,0.0021398641277894015,,,,
1942-05-26,,,,0.001227375654288083,,,,
1942-05-27,,,,0.012421484691571413,,,,
1942-05-28,,,,0.0011536197910371254,,,,
1942-05-29,,,,0.0020885276578730878,,,,
1942-06-01,,,,0.0027304524067095527,,,,
1942-06-02,,,,0.0005919859063065405,,,,
1942-06-03,,,,0.004385129769359941,,,,
1942-06-04,,,,0.00835131313300718,,,,
1942-06-05,,,,0.0011890820340863628,,,,
1942-06-08,,,,0.00748346405827726,,,,
1942-06-09,,,,0.005993768985234442,,,,
1942-06-10,,,,0.003691632877645539,,,,
1942-06-11,,,,0.0019965364887949803,,,,
1942-06-12,,,,0.0037897856456910223,,,,
1942-06-15,,,,0.004472153463997682,,,,
1942-06-16,,,,0.0004339471132822602,,,,
1942-06-17,,,,0.011131906013403851,,,,
1942-06-18,,,,0.002944676258565623,,,,
1942-06-19,,,,0.006967477922146186,,,,
1942-06-22,,,,0.011743302958583723,,,,
1942-06-24,,,,0.0029552744720476947,,,,
1942-06-25,,,,0.00043612708829151805,,,,
1942-06-26,,,,0.0004425980759629748,,,,
1942-06-29,,,,0.003749955289657551,,,,
1942-06-30,,,,0.0012779993004916933,,,,
1942-07-01,,,,0.00568389620942821,,,,
1942-07-02,,,,0.010641298813454353,,,,
1942-07-03,,,,0.00609753139178799,,,,
1942-07-06,,,,0.0068516212506652095,,,,
1942-07-07,,,,0.0013914059522656913,,,,
1942-07-08,,,,0.01657411558573107,,,,
1942-07-09,,,,0.006166473950207804,,,,
1942-07-10,,,,0.0005364667431260507,,,,
1942-07-13,,,,0.004941491365741506,,,,
1942-07-14,,,,0.006281317195502804,,,,
1942-07-15,,,,0.0003753932579834384,,,,
1942-07-16,,,,0.0005543429437378316,,,,
1942-07-17,,,,0.007383427443195757,,,,
1942-07-20,,,,0.0018977340209679254,,,,
1942-07-21,,,,0.0011578955205244718,,,,
1942-07-22,,,,0.0021294190139900756,,,,
1942-07-23,,,,0.00925364015750991,,,,
1942-07-24,,,,0.000405920935711613,,,,
1942-07-28,,,,0.0006016341449947286,,,,
1942-07-29,,,,0.01123268573172,,,,
1942-07-30,,,,0.0012181876975978414,,,,
1942-07-31,,,,0.004463152999950553,,,,
1942-08-03,,,,0.0004251702571583162,,,,
1942-08-04,,,,0.001438337834844834,,,,
1942-08-05,,,,0.006481382428133969,,,,
1942-08-06,,,,0.0006340469669846116,,,,
1942-08-07,,,,0.00216689805887999,,,,
1942-08-10,,,,0.0006523396499600979,,,,
1942-08-11,,,,0.0022300776223186493,,,,
1942-08-13,,,,0.002292655068089008,,,,
1942-08-14,,,,0.0032333929601411726,,,,
1942-08-17,,,,0.0060279528142714355,,,,
1942-08-18,,,,0.0069034730223130475,,,,
1942-08-19,,,,0.0006777763445893567,,,,
1942-08-20,,,,0.002537038570931697,,,,
1942-08-21,,,,0.0014241211599142337,,,,
1942-08-24,,,,0.0014436780615302495,,,,
1942-08-25,,,,0.0074770222370289605,,,,
1942-08-26,,,,0.010330613737017158,,,,
1942-08-27,,,,0.004260446879937206,,,,
1942-08-28,,,,0.0014381377101146376,,,,
1942-08-31,,,,0.0005007399291609793,,,,
1942-09-02,,,,0.000517134169136203,,,,
1942-09-03,,,,0.0007533221032193764,,,,
1942-09-04,,,,0.0007670187887177164,,,,
1942-09-08,,,,0.006790545038418671,,,,
1942-09-09,,,,0.003857496792887304,,,,
1942-09-10,,,,0.00599177956303659,,,,
1942-09-11,,,,0.003930241782947593,,,,
1942-09-14,,,,0.0005601123658326218,,,,
1942-09-15,,,,0.0038049216259346164,,,,
1942-09-16,,,,0.0005686974607353621,,,,
1942-09-17,,,,0.0008266274296875704,,,,
1942-09-18,,,,0.00731411281850421,,,,
1942-09-21,,,,0.0008263293550660738,,,,
1942-09-22,,,,0.002831205034439038,,,,
1942-09-23,,,,0.007394700668841932,,,,
1942-09-24,,,,0.011758520442871255,,,,
1942-09-25,,,,0.0037322813633914723,,,,
1942-09-28,,,,0.0007955741077427783,,,,
1942-09-29,,,,0.004079697958276807,,,,
1942-10-01,,,,0.007279616346328544,,,,
1942-10-02,,,,0.013835933327750325,,,,
1942-10-05,,,,0.007752456692774967,,,,
1942-10-07,,,,0.003631547293109462,,,,
1942-10-08,,,,0.013118008011889268,,,,
1942-10-09,,,,0.0034673234465019717,,,,
1942-10-13,,,,0.010550911445545447,,,,
1942-10-14,,,,0.0016908164960151414,,,,
1942-10-15,,,,0.01161324165482696,,,,
1942-10-16,,,,0.0032758054961426783,,,,
1942-10-20,,,,0.011090877947874955,,,,
1942-10-21,,,,0.0006763459537332064,,,,
1942-10-23,,,,0.002618791491302424,,,,
1942-10-26,,,,0.004345499639984948,,,,
1942-10-27,,,,0.008538131033806545,,,,
1942-10-28,,,,0.007399967067911463,,,,
1942-10-29,,,,0.00069184019857987,,,,
1942-10-30,,,,0.005284332381953257,,,,
1942-11-02,,,,0.011080848763714662,,,,
1942-11-04,,,,0.00345755135514717,,,,
1942-11-05,,,,0.0013837905222609964,,,,
1942-11-06,,,,0.010911911954441656,,,,
1942-11-09,,,,0.009600097872335947,,,,
1942-11-10,,,,0.006917493924271565,,,,
1942-11-12,,,,0.0013019102066878676,,,,
1942-11-13,,,,0.0051519035192763435,,,,
1942-11-16,,,,0.007868478199065788,,,,
1942-11-17,,,,0.010449781216464935,,,,
1942-11-18,,,,0.0030176341017684504,,,,
1942-11-19,,,,0.0006364579928724731,,,,
1942-11-20,,,,0.007549818813210585,,,,
1942-11-23,,,,0.009412415145323615,,,,
1942-11-24,,,,0.0014888212724259477,,,,
1942-11-25,,,,0.0032677844195271345,,,,
1942-11-27,,,,0.0022087363023569743,,,,
1942-11-30,,,,0.00425519138133843,,,,
1942-12-01,,,,0.000665017354852249,,,,
1942-12-02,,,,0.0023039244386638316,,,,
1942-12-03,,,,0.0023287853972795607,,,,
1942-12-07,,,,0.0035978873602940057,,,,
1942-12-08,,,,0.005362961617115975,,,,
1942-12-10,,,,0.00047832894972723954,,,,
1942-12-14,,,,0.004598245055268994,,,,
1942-12-15,,,,0.0015214750158500968,,,,
1942-12-16,,,,0.0078060319565093515,,,,
1942-12-17,,,,0.016928311794496317,,,,
1942-12-18,,,,0.000663956976808076,,,,
1942-12-22,,,,0.0006862231150101648,,,,
1942-12-23,,,,0.002389787807555675,,,,
1942-12-24,,,,0.003401998908770783,,,,
1942-12-28,,,,0.008654628107533329,,,,
1942-12-30,,,,0.01036958982363968,,,,
1942-12-31,,,,0.00044015675975835766,,,,
1943-01-04,,,,0.014066312608327664,,,,
1943-01-05,,,,0.0015551052466361488,,,,
1943-01-06,,,,0.00065625140986826,,,,
1943-01-07,,,,0.0013583691292193157,,,,
1943-01-08,,,,0.00042876144340948404,,,,
1943-01-11,,,,0.0033300740899508416,,,,
1943-01-12,,,,0.0026457557343097246,,,,
1943-01-13,,,,0.0014308680972545255,,,,
1943-01-14,,,,0.0054586596199177615,,,,
1943-01-15,,,,0.007480584743594953,,,,
1943-01-18,,,,0.0024346300781420563,,,,
1943-01-19,,,,0.009816867964221276,,,,
1943-01-20,,,,0.000435458316881016,,,,
1943-01-21,,,,0.014353792197622828,,,,
1943-01-22,,,,0.0006531540935565716,,,,
1943-01-25,,,,0.01169900893228074,,,,
1943-01-26,,,,0.004002423490120337,,,,
1943-01-27,,,,0.000638602765821083,,,,
1943-01-28,,,,0.00039583969722384305,,,,
1943-01-29,,,,0.007921529011504613,,,,
1943-02-01,,,,0.006919360852090715,,,,
1943-02-03,,,,0.007269239350113008,,,,
1943-02-04,,,,0.000646862756932681,,,,
1943-02-05,,,,0.006986965524869135,,,,
1943-02-08,,,,0.0006521777229951484,,,,
1943-02-09,,,,0.0070577978635758334,,,,
1943-02-10,,,,0.006083714568752296,,,,
1943-02-11,,,,0.0013416623322655677,,,,
1943-02-15,,,,0.012950334759329217,,,,
1943-02-16,,,,0.001556221789811517,,,,
1943-02-17,,,,0.0013069868768914989,,,,
1943-02-18,,,,0.013895162714413779,,,,
1943-02-19,,,,0.0014763015723593164,,,,
1943-02-23,,,,0.017173867436210247,,,,
1943-02-24,,,,0.004320555560647779,,,,
1943-02-25,,,,0.005163587440630669,,,,
1943-03-01,,,,0.003859374576505437,,,,
1943-03-02,,,,0.006356483535795924,,,,
1943-03-03,,,,0.010994396186360254,,,,
1943-03-04,,,,0.0011037103446308503,,,,
1943-03-05,,,,0.0035348198502862848,,,,
1943-03-08,,,,0.0029960149967161553,,,,
1943-03-09,,,,0.0046620736207730554,,,,
1943-03-10,,,,0.003849803321138901,,,,
1943-03-11,,,,0.008603953445294243,,,,
1943-03-12,,,,0.0027599919341456027,,,,
1943-03-15,,,,0.0005602239527545935,,,,
1943-03-16,,,,0.002243040557364996,,,,
1943-03-17,,,,0.006504848052131602,,,,
1943-03-18,,,,0.0014164487067324612,,,,
1943-03-19,,,,0.0022925476649235956,,,,
1943-03-22,,,,0.002941568772525272,,,,
1943-03-23,,,,0.0020978831879321005,,,,
1943-03-24,,,,0.002125664481481033,,,,
1943-03-25,,,,0.020161048082570864,,,,
1943-03-26,,,,0.006535472084642497,,,,
1943-03-29,,,,0.014300690466429629,,,,
1943-03-30,,,,0.006825751318994269,,,,
1943-03-31,,,,0.00048296964138800773,,,,
1943-04-01,,,,0.0002648617001125281,,,,
1943-04-02,,,,0.0019948726269255865,,,,
1943-04-05,,,,0.0017855948918588478,,,,
1943-04-06,,,,0.012559772652375885,,,,
1943-04-07,,,,0.004155009628818341,,,,
1943-04-08,,,,0.007102011660544316,,,,
1943-04-09,,,,0.03310700017485211,,,,
1943-04-12,,,,0.00020355239354185301,,,,
1943-04-13,,,,0.0003650939400430726,,,,
1943-04-14,,,,0.007352312227581827,,,,
1943-04-15,,,,0.003983745672083591,,,,
1943-04-16,,,,0.0014495886282314555,,,,
1943-04-19,,,,0.0024144113142099887,,,,
1943-04-20,,,,0.0020496914495664264,,,,
1943-04-21,,,,0.005888465579130953,,,,
1943-04-22,,,,0.001336670732776142,,,,
1943-04-29,,,,0.006248582637770367,,,,
1943-05-03,,,,0.013626199514144744,,,,
1943-05-04,,,,0.0019019711258301225,,,,
1943-05-05,,,,0.003655928542346503,,,,
1943-05-06,,,,0.0019418062724083224,,,,
1943-05-07,,,,0.00922964817171021,,,,
1943-05-10,,,,0.008858518297226965,,,,
1943-05-11,,,,0.0020614192542350567,,,,
1943-05-12,,,,0.0026643005437683117,,,,
1943-05-13,,,,0.001939004178027872,,,,
1943-05-14,,,,0.012736020187768062,,,,
1943-05-17,,,,0.0007592041979895483,,,,
1943-05-18,,,,0.004761513562055872,,,,
1943-05-19,,,,0.006480636421444711,,,,
1943-05-20,,,,0.001504872283152498,,,,
1943-05-24,,,,0.0015556591494149809,,,,
1943-05-25,,,,0.001395257918693933,,,,
1943-05-26,,,,0.005040087023679697,,,,
1943-05-27,,,,0.001413948261751535,,,,
1943-05-28,,,,0.0014337837568495042,,,,
1943-06-01,,,,0.007686041760443613,,,,
1943-06-02,,,,0.00020041085656037492,,,,
1943-06-03,,,,0.002703739735234204,,,,
1943-06-04,,,,0.0035723996375616896,,,,
1943-06-07,,,,0.0016910626982991831,,,,
1943-06-08,,,,0.004311188683648188,,,,
1943-06-09,,,,0.0021779040194726844,,,,
1943-06-10,,,,0.0008804426617870888,,,,
1943-06-11,,,,0.0038007907418381908,,,,
1943-06-14,,,,0.01336005173137286,,,,
1943-06-15,,,,0.0028021237228691297,,,,
1943-06-16,,,,0.0008731220217035448,,,,
1943-06-17,,,,0.0008860525809292858,,,,
1943-06-18,,,,0.0004387631721806546,,,,
1943-06-21,,,,0.003867341519844457,,,,
1943-06-22,,,,0.0009290624279626664,,,,
1943-06-23,,,,0.0018669253151927206,,,,
1943-06-24,,,,0.003820377178790126,,,,
1943-06-25,,,,0.01822921369342638,,,,
1943-06-28,,,,0.006521020585944544,,,,
1943-06-29,,,,0.0022864770318371595,,,,
1943-06-30,,,,0.00402375635433747,,,,
1943-07-01,,,,0.00020284667012724193,,,,
1943-07-02,,,,0.00041789106357984244,,,,
1943-07-06,,,,0.0008720765146849407,,,,
1943-07-07,,,,0.0011044865888045058,,,,
1943-07-08,,,,0.00021635055022125612,,,,
1943-07-09,,,,0.0029998432566940817,,,,
1943-07-12,,,,0.005139592499638631,,,,
1943-07-13,,,,0.005151067619311318,,,,
1943-07-14,,,,0.004458367421500405,,,,
1943-07-15,,,,0.004724874467583645,,,,
1943-07-16,,,,0.0018833694855879548,,,,
1943-07-19,,,,0.00022170034645759424,,,,
1943-07-20,,,,0.0056246654928996725,,,,
1943-07-21,,,,0.0017025807288036424,,,,
1943-07-23,,,,0.00023436528499112848,,,,
1943-07-26,,,,0.015183442887676764,,,,
1943-07-27,,,,0.02771511235251113,,,,
1943-07-28,,,,0.0021046235431816554,,,,
1943-07-29,,,,0.011351141007699753,,,,
1943-07-30,,,,0.012524606746445338,,,,
1943-08-02,,,,0.020210853102403472,,,,
1943-08-03,,,,0.0118292572720638,,,,
1943-08-04,,,,0.002864237346405382,,,,
1943-08-05,,,,0.001659351270571535,,,,
1943-08-06,,,,0.0053947663079232655,,,,
1943-08-09,,,,0.0012519555653373324,,,,
1943-08-10,,,,0.004965926801476458,,,,
1943-08-11,,,,0.0039760726399813515,,,,
1943-08-12,,,,0.003170569286786503,,,,
1943-08-13,,,,0.0050236009977908955,,,,
1943-08-16,,,,0.0012817423547255256,,,,
1943-08-17,,,,0.003120767093441169,,,,
1943-08-18,,,,0.0016528600227229701,,,,
1943-08-19,,,,0.0003274217712091797,,,,
1943-08-20,,,,0.004921407906827077,,,,
1943-08-23,,,,0.01068665073341445,,,,
1943-08-24,,,,0.004271511225814187,,,,
1943-08-25,,,,0.0006901935288729113,,,,
1943-08-26,,,,0.001735207686302211,,,,
1943-08-27,,,,0.004011201396300797,,,,
1943-08-31,,,,0.006697326119525236,,,,
1943-09-01,,,,0.0017830920538688456,,,,
1943-09-03,,,,0.0009086369361957353,,,,
1943-09-07,,,,0.0013106738873758085,,,,
1943-09-08,,,,0.003769982558485085,,,,
1943-09-09,,,,0.007109072367858652,,,,
1943-09-10,,,,0.0007577003468901859,,,,
1943-09-13,,,,0.0009490096974890793,,,,
1943-09-14,,,,0.0009668267846331994,,,,
1943-09-15,,,,0.0007985928918455203,,,,
1943-09-16,,,,0.0038308354152534327,,,,
1943-09-17,,,,0.006876704985082216,,,,
1943-09-20,,,,0.007375515738556076,,,,
1943-09-21,,,,0.00019018744515642678,,,,
1943-09-22,,,,0.0015827894685763537,,,,
1943-09-23,,,,0.006480701934917267,,,,
1943-09-27,,,,0.005996802138943768,,,,
1943-09-28,,,,0.001033765181128558,,,,
1943-09-29,,,,0.0014890900010646935,,,,
1943-09-30,,,,0.004091128324878258,,,,
1943-10-01,,,,0.00021475440507787405,,,,
1943-10-04,,,,0.004380577791806415,,,,
1943-10-05,,,,0.003102983301936763,,,,
1943-10-06,,,,0.00925666823742735,,,,
1943-10-07,,,,0.010518421921271115,,,,
1943-10-08,,,,0.0028813207822313016,,,,
1943-10-11,,,,0.0011057148272155856,,,,
1943-10-14,,,,0.003004760459047561,,,,
1943-10-15,,,,0.0051057739633472675,,,,
1943-10-18,,,,0.0009302823886688789,,,,
1943-10-19,,,,0.0037497183927884025,,,,
1943-10-20,,,,0.0023538393245592804,,,,
1943-10-21,,,,0.007587516289345848,,,,
1943-10-22,,,,0.0030926969761714117,,,,
1943-10-25,,,,0.0004696211379072016,,,,
1943-10-26,,,,0.0024397642341395256,,,,
1943-10-27,,,,0.004675049746037638,,,,
1943-10-28,,,,0.0019563247976842222,,,,
1943-10-29,,,,0.003492065624772994,,,,
1943-11-01,,,,0.0002596041187367119,,,,
1943-11-03,,,,0.010572006842591783,,,,
1943-11-04,,,,0.007329403420483457,,,,
1943-11-05,,,,0.006594392987325107,,,,
1943-11-08,,,,0.025071526628427026,,,,
1943-11-09,,,,0.002196550989319403,,,,
1943-11-10,,,,0.00679640111347251,,,,
1943-11-12,,,,0.007477065768954147,,,,
1943-11-15,,,,0.002372524542567983,,,,
1943-11-16,,,,0.0030802411822576253,,,,
1943-11-17,,,,0.004487690666226659,,,,
1943-11-18,,,,0.0016324160853880105,,,,
1943-11-19,,,,0.009249661581794667,,,,
1943-11-22,,,,0.0022288729023289926,,,,
1943-11-23,,,,0.002445287463520971,,,,
1943-11-24,,,,0.003852251417968522,,,,
1943-11-26,,,,0.00599932743563464,,,,
1943-11-29,,,,0.010991541409068885,,,,
1943-11-30,,,,0.0016594681312858686,,,,
1943-12-01,,,,0.007274164166958481,,,,
1943-12-02,,,,0.005710631154561156,,,,
1943-12-03,,,,0.0002548277828108452,,,,
1943-12-06,,,,0.002990219343003375,,,,
1943-12-07,,,,0.00643685754987585,,,,
1943-12-08,,,,0.007685917009195952,,,,
1943-12-09,,,,0.00440161801471786,,,,
1943-12-10,,,,0.0035950594258121033,,,,
1943-12-13,,,,0.0004484103944658004,,,,
1943-12-14,,,,0.0018268520982314452,,,,
1943-12-15,,,,0.00046583287398662093,,,,
1943-12-16,,,,0.003811983173328174,,,,
1943-12-17,,,,0.0038226853584314296,,,,
1943-12-20,,,,0.0052665728978392905,,,,
1943-12-21,,,,0.0018991872547759006,,,,
1943-12-22,,,,0.0004811985716971079,,,,
1943-12-23,,,,0.0004901333435745619,,,,
1943-12-24,,,,0.0010216446095964067,,,,
1943-12-27,,,,0.001269551128566273,,,,
1943-12-28,,,,0.008286947484271272,,,,
1943-12-30,,,,0.016017469237522588,,,,
1943-12-31,,,,0.0011709450360430492,,,,
1944-01-03,,,,0.0004745786715419668,,,,
1944-01-04,,,,0.010483630086597745,,,,
1944-01-05,,,,0.008638857517365378,,,,
1944-01-06,,,,0.0031797139121623567,,,,
1944-01-07,,,,0.001146097377195581,,,,
1944-01-10,,,,0.0011660735735422182,,,,
1944-01-11,,,,0.004544633750606502,,,,
1944-01-12,,,,0.0055017404315473115,,,,
1944-01-13,,,,0.0019201882939754197,,,,
1944-01-14,,,,0.0031936055656661107,,,,
1944-01-17,,,,0.002478302560994363,,,,
1944-01-18,,,,0.0019909019962701894,,,,
1944-01-19,,,,0.00026141018507605665,,,,
1944-01-21,,,,0.0010578818863016496,,,,
1944-01-24,,,,0.000523807940250575,,,,
1944-01-25,,,,0.0005332334028742509,,,,
1944-01-26,,,,0.009655558772968904,,,,
1944-01-27,,,,0.0013487484692373938,,,,
1944-01-28,,,,0.005253883271344324,,,,
1944-01-31,,,,0.002762171061984922,,,,
1944-02-01,,,,0.0013812353777461308,,,,
1944-02-02,,,,0.0022538292083495006,,,,
1944-02-03,,,,0.008326650071844768,,,,
1944-02-04,,,,0.008265273877183408,,,,
1944-02-07,,,,0.0031187025388608675,,,,
1944-02-08,,,,0.008965369447321377,,,,
1944-02-10,,,,0.0062621067986743,,,,
1944-02-11,,,,0.0005557757611490839,,,,
1944-02-15,,,,0.006419035154085959,,,,
1944-02-16,,,,0.0022986858422411167,,,,
1944-02-17,,,,0.006458273110269332,,,,
1944-02-18,,,,0.007541311039625066,,,,
1944-02-21,,,,0.0014380707442565868,,,,
1944-02-23,,,,0.008249068977420643,,,,
1944-02-24,,,,0.0011585862307738647,,,,
1944-02-25,,,,0.006701644153162797,,,,
1944-02-28,,,,0.007306741526555789,,,,
1944-02-29,,,,0.005739121869944466,,,,
1944-03-01,,,,0.0037656165889903446,,,,
1944-03-02,,,,0.00029903826779417036,,,,
1944-03-03,,,,0.001189467316284233,,,,
1944-03-06,,,,0.002105690275868826,,,,
1944-03-07,,,,0.00668482670163767,,,,
1944-03-08,,,,0.008428630056302615,,,,
1944-03-09,,,,0.0023450712203585676,,,,
1944-03-10,,,,0.0011950493616231118,,,,
1944-03-13,,,,0.012149583524617735,,,,
1944-03-14,,,,0.0014243949330661919,,,,
1944-03-15,,,,0.0046785494670466155,,,,
1944-03-16,,,,0.0002830909501896738,,,,
1944-03-17,,,,0.001185497607749135,,,,
1944-03-20,,,,0.009712425998784018,,,,
1944-03-21,,,,0.003836024765781483,,,,
1944-03-22,,,,0.0014709177136010092,,,,
1944-03-23,,,,0.011483903015692371,,,,
1944-03-24,,,,0.002033834645077431,,,,
1944-03-27,,,,0.0023419738691690967,,,,
1944-03-28,,,,0.010458843794011467,,,,
1944-03-29,,,,0.002320345561069528,,,,
1944-03-30,,,,0.006525051429037003,,,,
1944-03-31,,,,0.0005726774265940615,,,,
1944-04-03,,,,0.005061348119118979,,,,
1944-04-04,,,,0.0003053369701898075,,,,
1944-04-05,,,,0.0003097292033386311,,,,
1944-04-06,,,,0.004978704417295955,,,,
1944-04-10,,,,0.0012435645992156937,,,,
1944-04-12,,,,0.007366179844254448,,,,
1944-04-13,,,,0.0025441015423410965,,,,
1944-04-17,,,,0.0006477143435594006,,,,
1944-04-18,,,,0.02084829017966836,,,,
1944-04-19,,,,0.003243348754319061,,,,
1944-04-20,,,,0.007528810421123675,,,,
1944-04-21,,,,0.001186783026856688,,,,
1944-04-24,,,,0.011297455504915045,,,,
1944-04-25,,,,0.0011798341132323734,,,,
1944-04-26,,,,0.005607732521975928,,,,
1944-04-27,,,,0.003805861961098682,,,,
1944-04-28,,,,0.004693118692161176,,,,
1944-05-01,,,,0.007317044168791263,,,,
1944-05-02,,,,0.000562934019693241,,,,
1944-05-03,,,,0.006439134802823121,,,,
1944-05-04,,,,0.0014351232827517222,,,,
1944-05-05,,,,0.005600825123415389,,,,
1944-05-08,,,,0.00029207308175770505,,,,
1944-05-09,,,,0.0005815856171600961,,,,
1944-05-11,,,,0.0003073261892978525,,,,
1944-05-12,,,,0.008154290131835452,,,,
1944-05-15,,,,0.0006086314994082084,,,,
1944-05-16,,,,0.0003197030521958338,,,,
1944-05-17,,,,0.007085097652056882,,,,
1944-05-18,,,,0.0012688150411060673,,,,
1944-05-19,,,,0.0012865217458016241,,,,
1944-05-22,,,,0.000323159910439508,,,,
1944-05-23,,,,0.0033213129408239165,,,,
1944-05-24,,,,0.004356106393169794,,,,
1944-05-25,,,,0.0016656122747595126,,,,
1944-05-26,,,,0.0013615052058360494,,,,
1944-05-29,,,,0.004510494534101615,,,,
1944-05-31,,,,0.007675300407192759,,,,
1944-06-01,,,,0.0037715867394331045,,,,
1944-06-02,,,,0.0006710137549029476,,,,
1944-06-05,,,,0.007049022578673015,,,,
1944-06-06,,,,0.0077134130765821474,,,,
1944-06-07,,,,0.0006673545174077306,,,,
1944-06-08,,,,0.004900790243318243,,,,
1944-06-09,,,,0.0014019991638860464,,,,
1944-06-12,,,,0.02940541541993798,,,,
1944-06-13,,,,0.006715186119724933,,,,
1944-06-14,,,,0.001046277424658112,,,,
1944-06-15,,,,0.005148785113021287,,,,
1944-06-16,,,,0.00681043524434737,,,,
1944-06-19,,,,0.010055895021126825,,,,
1944-06-20,,,,0.001024400463251841,,,,
1944-06-21,,,,0.00212773964543545,,,,
1944-06-22,,,,0.0013308932168680987,,,,
1944-06-23,,,,0.0013486602271001247,,,,
1944-06-26,,,,0.006125274444961396,,,,
1944-06-27,,,,0.002761642804960558,,,,
1944-06-28,,,,0.00564988695470697,,,,
1944-06-29,,,,0.0005297032152532025,,,,
1944-06-30,,,,0.0028283488509775047,,,,
1944-07-03,,,,0.010716839736860417,,,,
1944-07-05,,,,0.005310972150927979,,,,
1944-07-06,,,,0.003932067025113002,,,,
1944-07-07,,,,0.0019406276223697678,,,,
1944-07-10,,,,0.008900598852264366,,,,
1944-07-11,,,,0.001379617044963684,,,,
1944-07-12,,,,0.0010946110854844703,,,,
1944-07-13,,,,0.004051926633031281,,,,
1944-07-14,,,,0.00023598236261383173,,,,
1944-07-17,,,,0.011279357499261997,,,,
1944-07-18,,,,0.00989967803900356,,,,
1944-07-19,,,,0.006845738725260047,,,,
1944-07-20,,,,0.00871861551705061,,,,
1944-07-21,,,,0.014203791053188895,,,,
1944-07-24,,,,0.00577499207789492,,,,
1944-07-25,,,,0.00707904668227861,,,,
1944-07-26,,,,0.001973000899253614,,,,
1944-07-28,,,,0.00514831488095997,,,,
1944-07-31,,,,0.00023273138314135395,,,,
1944-08-01,,,,0.005012857046703079,,,,
1944-08-02,,,,0.0018234302161283873,,,,
1944-08-03,,,,0.006148149795034768,,,,
1944-08-04,,,,0.009408413150374209,,,,
1944-08-07,,,,0.0042291062916152596,,,,
1944-08-08,,,,0.003702646251922555,,,,
1944-08-09,,,,0.004298186979818508,,,,
1944-08-10,,,,0.007551050673835998,,,,
1944-08-11,,,,0.0034223665957806046,,,,
1944-08-14,,,,0.0010361469134812494,,,,
1944-08-15,,,,0.0005114559198474542,,,,
1944-08-16,,,,0.004389100865203861,,,,
1944-08-17,,,,0.006068409103136047,,,,
1944-08-18,,,,0.004378275199195229,,,,
1944-08-21,,,,0.004685239189693338,,,,
1944-08-22,,,,0.007235409831602161,,,,
1944-08-23,,,,0.00107394440698082,,,,
1944-08-24,,,,0.00646385622551555,,,,
1944-08-25,,,,0.002229267633240593,,,,
1944-08-29,,,,0.0028872500938418788,,,,
1944-08-30,,,,0.0020269712385734334,,,,
1944-08-31,,,,0.004148925383245141,,,,
1944-09-01,,,,0.0029828994261312234,,,,
1944-09-05,,,,0.006978890044239505,,,,
1944-09-06,,,,0.02799057562771784,,,,
1944-09-07,,,,0.002655833360903564,,,,
1944-09-08,,,,0.001218899687703972,,,,
1944-09-11,,,,0.004781876841411488,,,,
1944-09-12,,,,0.004003650131874419,,,,
1944-09-13,,,,0.008786237350747335,,,,
1944-09-14,,,,0.00499121309389823,,,,
1944-09-15,,,,0.007101307152214491,,,,
1944-09-18,,,,0.005454351992271982,,,,
1944-09-19,,,,0.007631378654397321,,,,
1944-09-20,,,,0.0009417753951493984,,,,
1944-09-21,,,,0.002670454994753831,,,,
1944-09-22,,,,0.0017202160264021967,,,,
1944-09-25,,,,0.0077953023070904065,,,,
1944-09-26,,,,0.00194920705942741,,,,
1944-09-28,,,,0.0027851439170641546,,,,
1944-09-29,,,,0.003349262640464154,,,,
1944-10-02,,,,0.004155170939662595,,,,
1944-10-04,,,,0.005042043960413591,,,,
1944-10-05,,,,0.005839284818600233,,,,
1944-10-06,,,,0.0010243023818513948,,,,
1944-10-09,,,,0.006181031375166616,,,,
1944-10-10,,,,0.002667101255223815,,,,
1944-10-11,,,,0.005976449422700094,,,,
1944-10-13,,,,0.0002287688305125307,,,,
1944-10-16,,,,0.005502535097441142,,,,
1944-10-17,,,,0.00357186370618581,,,,
1944-10-18,,,,0.005279025890113507,,,,
1944-10-19,,,,0.0022043149052092944,,,,
1944-10-20,,,,0.001383804675220384,,,,
1944-10-23,,,,0.018753316755422418,,,,
1944-10-24,,,,0.0017747956290453443,,,,
1944-10-26,,,,0.007685907752486646,,,,
1944-10-27,,,,0.0010311297238750888,,,,
1944-10-30,,,,0.0002377065713903628,,,,
1944-10-31,,,,0.0010617529525121668,,,,
1944-11-01,,,,0.0035743734753988193,,,,
1944-11-02,,,,0.005268270368816841,,,,
1944-11-03,,,,0.0005228381485307953,,,,
1944-11-06,,,,0.0053465289590886676,,,,
1944-11-08,,,,0.0013787994659207369,,,,
1944-11-09,,,,0.0019715761551089275,,,,
1944-11-10,,,,0.00024670294935159713,,,,
1944-11-13,,,,0.009447079147065614,,,,
1944-11-14,,,,0.01364103466505567,,,,
1944-11-15,,,,0.002183381689046986,,,,
1944-11-16,,,,0.0002517502766086018,,,,
1944-11-17,,,,0.0014000846875454232,,,,
1944-11-20,,,,0.0037551895558444173,,,,
1944-11-21,,,,0.007273101073080216,,,,
1944-11-22,,,,0.00025060121817540253,,,,
1944-11-24,,,,0.005803582775948941,,,,
1944-11-27,,,,0.002902046385525736,,,,
1944-11-28,,,,0.000558683245748512,,,,
1944-11-29,,,,0.005690307433471203,,,,
1944-11-30,,,,0.0014634815888388143,,,,
1944-12-01,,,,0.002404384496755442,,,,
1944-12-04,,,,0.009568122715148245,,,,
1944-12-05,,,,0.0038478456894049033,,,,
1944-12-07,,,,0.0020978076897115406,,,,
1944-12-08,,,,0.008639017876323844,,,,
1944-12-11,,,,0.006620875816789252,,,,
1944-12-12,,,,0.0023674005626071874,,,,
1944-12-13,,,,0.0033166531833736684,,,,
1944-12-14,,,,0.0030345285667967665,,,,
1944-12-15,,,,0.01149317705309004,,,,
1944-12-18,,,,0.006819090942657068,,,,
1944-12-19,,,,0.002908042720157476,,,,
1944-12-20,,,,0.007751685982551111,,,,
1944-12-21,,,,0.0023297359018088124,,,,
1944-12-22,,,,0.0002476921540014288,,,,
1944-12-26,,,,0.007910530357348056,,,,
1944-12-27,,,,0.005111746365563557,,,,
1944-12-28,,,,0.01124910554532136,,,,
1944-12-29,,,,0.015054570551161594,,,,
1945-01-02,,,,0.003404236085941628,,,,
1945-01-03,,,,0.010687563190674534,,,,
1945-01-04,,,,0.0009745643228926706,,,,
1945-01-05,,,,0.0020592728264411256,,,,
1945-01-08,,,,0.009002502953534485,,,,
1945-01-09,,,,0.00019464345107931294,,,,
1945-01-10,,,,0.0073646224437360994,,,,
1945-01-11,,,,0.000476350903465005,,,,
1945-01-12,,,,0.00289189074650189,,,,
1945-01-15,,,,0.006973625678664377,,,,
1945-01-16,,,,0.0004872088511098356,,,,
1945-01-17,,,,0.006732494063151495,,,,
1945-01-18,,,,0.004549009556569431,,,,
1945-01-19,,,,0.010281719701320352,,,,
1945-01-22,,,,0.010768105457619106,,,,
1945-01-23,,,,0.006614476700205102,,,,
1945-01-24,,,,0.002513637530915128,,,,
1945-01-25,,,,0.005646401996575132,,,,
1945-01-26,,,,0.009487598332070656,,,,
1945-01-29,,,,0.005439254503867598,,,,
1945-01-30,,,,0.005700935016628457,,,,
1945-01-31,,,,0.0001916710327104136,,,,
1945-02-01,,,,0.0017223852397684391,,,,
1945-02-02,,,,0.007168514431972797,,,,
1945-02-05,,,,0.007085685769091372,,,,
1945-02-06,,,,0.0017021338143357067,,,,
1945-02-07,,,,0.0017260325290474436,,,,
1945-02-09,,,,0.006043456528884751,,,,
1945-02-13,,,,0.016855710133397026,,,,
1945-02-14,,,,0.004453562917867462,,,,
1945-02-15,,,,0.006640247126744673,,,,
1945-02-16,,,,0.0011418572082320434,,,,
1945-02-19,,,,0.00743732732504476,,,,
1945-02-20,,,,0.0030446612466819775,,,,
1945-02-21,,,,0.0011611696938833057,,,,
1945-02-23,,,,0.001918688106784708,,,,
1945-02-26,,,,0.004943852031082845,,,,
1945-02-27,,,,0.007674800289582394,,,,
1945-02-28,,,,0.006852039055868955,,,,
1945-03-01,,,,0.0008955441607464196,,,,
1945-03-02,,,,0.006464341304155115,,,,
1945-03-05,,,,0.0046359405467465906,,,,
1945-03-06,,,,0.004665120959989023,,,,
1945-03-07,,,,0.0001549440767786744,,,,
1945-03-08,,,,0.019680497713332485,,,,
1945-03-09,,,,0.019791651846004753,,,,
1945-03-12,,,,0.009578771658502124,,,,
1945-03-14,,,,0.0007104598293163511,,,,
1945-03-15,,,,0.0030762385285802215,,,,
1945-03-16,,,,0.0007258532659180863,,,,
1945-03-19,,,,0.0045844223946517135,,,,
1945-03-20,,,,0.011338131632704853,,,,
1945-03-21,,,,0.007459289030837093,,,,
1945-03-22,,,,0.00035699360089269796,,,,
1945-03-23,,,,0.003161833813014789,,,,
1945-03-26,,,,0.021014321093153085,,,,
1945-03-27,,,,0.0038979888789473895,,,,
1945-03-28,,,,0.0055110871286488975,,,,
1945-03-29,,,,0.0011983203606334301,,,,
1945-04-02,,,,0.008237450333714641,,,,
1945-04-03,,,,0.0006506814363267602,,,,
1945-04-04,,,,0.000854199146294097,,,,
1945-04-05,,,,0.005220378089712814,,,,
1945-04-06,,,,0.005082853441315823,,,,
1945-04-09,,,,0.001774341626660439,,,,
1945-04-10,,,,0.0023503038414423947,,,,
1945-04-11,,,,0.010787670312345033,,,,
1945-04-12,,,,0.0003168661024028215,,,,
1945-04-13,,,,0.007746090538505793,,,,
1945-04-16,,,,0.015095324368549986,,,,
1945-04-17,,,,0.0005863538288441363,,,,
1945-04-18,,,,0.0065622454659261436,,,,
1945-04-19,,,,0.00670958896957656,,,,
1945-04-20,,,,0.0007781748289208598,,,,
1945-04-23,,,,0.006612889542485738,,,,
1945-04-24,,,,0.0030790024174734954,,,,
1945-04-25,,,,0.0012937541908928719,,,,
1945-04-26,,,,0.0013146475974296504,,,,
1945-04-27,,,,0.0026920669753061435,,,,
1945-04-30,,,,0.006920844905951401,,,,
1945-05-01,,,,0.002380242976977102,,,,
1945-05-02,,,,0.0008291170978637642,,,,
1945-05-03,,,,0.004924480513174839,,,,
1945-05-04,,,,0.0022481157760650635,,,,
1945-05-07,,,,9.505626580057918e-05,,,,
1945-05-08,,,,0.0012049797009667678,,,,
1945-05-09,,,,0.008201218239223389,,,,
1945-05-10,,,,0.010303337064448614,,,,
1945-05-14,,,,0.00010486139817718938,,,,
1945-05-15,,,,0.0023405981368722086,,,,
1945-05-16,,,,0.00010598967423231808,,,,
1945-05-17,,,,0.004131583018772742,,,,
1945-05-18,,,,0.0053095199039503195,,,,
1945-05-21,,,,0.002643995441227573,,,,
1945-05-22,,,,0.00033423244066448776,,,,
1945-05-23,,,,0.00630632537527402,,,,
1945-05-25,,,,0.004969066062035679,,,,
1945-05-28,,,,0.01409222279178705,,,,
1945-05-29,,,,0.004044156100940384,,,,
1945-05-31,,,,0.005436236271206863,,,,
1945-06-01,,,,0.0006662347392380372,,,,
1945-06-04,,,,0.0006763924484420324,,,,
1945-06-05,,,,0.0009199042516955655,,,,
1945-06-06,,,,0.0039256626822670075,,,,
1945-06-07,,,,0.00010389035728231385,,,,
1945-06-08,,,,0.0021894138825271883,,,,
1945-06-11,,,,0.0022230257122561074,,,,
1945-06-12,,,,0.0013765192578333344,,,,
1945-06-13,,,,0.003963996447543905,,,,
1945-06-14,,,,0.0033420165061463117,,,,
1945-06-15,,,,0.0027194384181591347,,,,
1945-06-18,,,,0.0003710452285744748,,,,
1945-06-19,,,,0.0007820848158156693,,,,
1945-06-20,,,,0.004205267661100554,,,,
1945-06-21,,,,0.004918894596637401,,,,
1945-06-22,,,,0.0007972174234758399,,,,
1945-06-25,,,,0.004315109238937323,,,,
1945-06-26,,,,0.000812730577105111,,,,
1945-06-27,,,,0.0011157116987078573,,,,
1945-06-28,,,,0.02226226110880172,,,,
1945-06-29,,,,0.010205610075094426,,,,
1945-07-02,,,,0.009144966367756763,,,,
1945-07-05,,,,0.00984787199825709,,,,
1945-07-06,,,,0.002438340618775846,,,,
1945-07-09,,,,0.007181873207522228,,,,
1945-07-10,,,,0.003003253165323818,,,,
1945-07-11,,,,0.002676892078703039,,,,
1945-07-12,,,,0.0018865294158770813,,,,
1945-07-13,,,,0.0021502878991869873,,,,
1945-07-16,,,,0.006480562073297289,,,,
1945-07-17,,,,0.020028844505021678,,,,
1945-07-18,,,,0.0025040066510043186,,,,
1945-07-19,,,,0.005123505336525632,,,,
1945-07-23,,,,0.008220862125537397,,,,
1945-07-24,,,,0.0012380338298199542,,,,
1945-07-25,,,,0.007533602601121097,,,,
1945-07-26,,,,0.01650822119859722,,,,
1945-07-27,,,,0.0032309604476904023,,,,
1945-07-30,,,,0.007426927297240474,,,,
1945-07-31,,,,0.002653826060247396,,,,
1945-08-01,,,,0.0006127101659830129,,,,
1945-08-02,,,,0.0029182489868012696,,,,
1945-08-03,,,,0.0027648747254421673,,,,
1945-08-06,,,,0.0017116872902941452,,,,
1945-08-07,,,,0.010644083887610284,,,,
1945-08-08,,,,0.001172999551572586,,,,
1945-08-09,,,,0.012556241501728859,,,,
1945-08-10,,,,0.00028781288784005546,,,,
1945-08-13,,,,0.008507424657596135,,,,
1945-08-14,,,,0.004187497625051554,,,,
1945-08-17,,,,0.0038772263756004406,,,,
1945-08-20,,,,0.011219965848798372,,,,
1945-08-21,,,,0.0026513281212418994,,,,
1945-08-22,,,,0.004723444753577978,,,,
1945-08-23,,,,0.014434298222154135,,,,
1945-08-24,,,,0.00894637546253722,,,,
1945-08-27,,,,0.00957519692130852,,,,
1945-08-28,,,,0.001816087564192151,,,,
1945-08-29,,,,0.0006890761750925319,,,,
1945-08-30,,,,0.001871633050766992,,,,
1945-08-31,,,,0.006918429410413198,,,,
1945-09-05,,,,0.0005245760420637046,,,,
1945-09-06,,,,0.009404628453057435,,,,
1945-09-07,,,,0.00024671012680410435,,,,
1945-09-10,,,,0.0019063761196856073,,,,
1945-09-11,,,,0.004271831060597627,,,,
1945-09-12,,,,0.0028835042764824956,,,,
1945-09-14,,,,0.004135841395406296,,,,
1945-09-17,,,,0.016860890919981275,,,,
1945-09-18,,,,0.013428482101457645,,,,
1945-09-19,,,,0.005853223679359975,,,,
1945-09-20,,,,0.002112848135161998,,,,
1945-09-21,,,,0.003152997822415649,,,,
1945-09-24,,,,0.001499218955399502,,,,
1945-09-25,,,,0.00048216310389814765,,,,
1945-09-26,,,,0.00023534760948477093,,,,
1945-09-27,,,,0.0024656678487864846,,,,
1945-09-28,,,,0.008188497584178948,,,,
1945-10-01,,,,0.01201570488749556,,,,
1945-10-03,,,,0.0010805842666765434,,,,
1945-10-05,,,,0.0031348704993872413,,,,
1945-10-08,,,,0.004951163853285448,,,,
1945-10-09,,,,0.0013826761994520274,,,,
1945-10-10,,,,0.002311641050411749,,,,
1945-10-11,,,,0.0006995995575531384,,,,
1945-10-15,,,,3.85522435116033e-05,,,,
1945-10-17,,,,0.002938491063188781,,,,
1945-10-18,,,,0.002482557129757344,,,,
1945-10-19,,,,0.006200538521043368,,,,
1945-10-22,,,,0.005469129116084306,,,,
1945-10-23,,,,0.006188193465395513,,,,
1945-10-24,,,,0.012091241390578648,,,,
1945-10-25,,,,0.0033499084292248904,,,,
1945-10-26,,,,0.0033771804648754598,,,,
1945-10-29,,,,0.00890165390691101,,,,
1945-10-30,,,,0.003360799001918268,,,,
1945-10-31,,,,0.012458378429198176,,,,
1945-11-01,,,,0.009488877683761788,,,,
1945-11-02,,,,0.0002234591426707527,,,,
1945-11-05,,,,0.003144648835850828,,,,
1945-11-07,,,,0.008572851619174171,,,,
1945-11-08,,,,0.0024304342830425998,,,,
1945-11-09,,,,0.0004715863229453938,,,,
1945-11-13,,,,0.002500809712664342,,,,
1945-11-14,,,,0.003913954130439233,,,,
1945-11-15,,,,0.005599012975118837,,,,
1945-11-16,,,,0.00348432223456771,,,,
1945-11-19,,,,0.008470572346274368,,,,
1945-11-20,,,,0.0032457640221742116,,,,
1945-11-21,,,,0.01140559260941068,,,,
1945-11-23,,,,0.007384297412425349,,,,
1945-11-26,,,,0.0035904367888621685,,,,
1945-11-27,,,,0.00899699360493437,,,,
1945-11-28,,,,0.003718172638189174,,,,
1945-11-29,,,,0.0011075763075387981,,,,
1945-11-30,,,,0.006768429852713647,,,,
1945-12-03,,,,0.01071765684128282,,,,
1945-12-04,,,,0.0006407191500979629,,,,
1945-12-05,,,,0.00021547011548073803,,,,
1945-12-06,,,,0.003559697932741418,,,,
1945-12-07,,,,0.001355290976782564,,,,
1945-12-10,,,,0.005912946584379312,,,,
1945-12-11,,,,0.0015818312663553374,,,,
1945-12-12,,,,0.012187702063340525,,,,
1945-12-13,,,,0.0032916466542197323,,,,
1945-12-14,,,,0.0004637944729133073,,,,
1945-12-17,,,,0.016499159452734845,,,,
1945-12-18,,,,0.006274263200521737,,,,
1945-12-20,,,,0.004410534841736751,,,,
1945-12-21,,,,0.0002154815862776515,,,,
1945-12-26,,,,0.018196020146583797,,,,
1945-12-27,,,,0.004720061356646516,,,,
1945-12-28,,,,0.0007799885776102859,,,,
1945-12-31,,,,0.0015669031498125865,,,,
1946-01-02,,,,0.004126160820882065,,,,
1946-01-03,,,,0.0004160617287283791,,,,
1946-01-04,,,,0.001415587281395047,,,,
1946-01-07,,,,0.0029006500880489443,,,,
1946-01-08,,,,0.01539135825306605,,,,
1946-01-09,,,,0.009444612999367304,,,,
1946-01-10,,,,0.004032919651248476,,,,
1946-01-11,,,,0.001844106766702354,,,,
1946-01-14,,,,0.007103666750964363,,,,
1946-01-15,,,,0.0007358522810235228,,,,
1946-01-16,,,,0.00037027008150610483,,,,
1946-01-17,,,,0.0013258852837236645,,,,
1946-01-18,,,,0.0013463441604381456,,,,
1946-01-21,,,,0.021863745053197277,,,,
1946-01-22,,,,0.003737323196879279,,,,
1946-01-23,,,,0.006824451019739736,,,,
1946-01-24,,,,0.0013477659953512505,,,,
1946-01-25,,,,0.0008458629340292155,,,,
1946-01-28,,,,0.018081705996042526,,,,
1946-01-29,,,,0.00121212354824764,,,,
1946-01-30,,,,0.003241473068879545,,,,
1946-01-31,,,,-8.534212892931149e-06,,,,
1946-02-01,,,,0.0019060942098623813,,,,
1946-02-04,,,,0.0004718629187078328,,,,
1946-02-05,,,,0.0022918444288415837,,,,
1946-02-06,,,,0.004147893975021985,,,,
1946-02-08,,,,0.0004999114374652176,,,,
1946-02-11,,,,0.010601582308940464,,,,
1946-02-13,,,,0.008655934908139196,,,,
1946-02-14,,,,0.0033785041380518903,,,,
1946-02-15,,,,0.011552391994297181,,,,
1946-02-18,,,,0.0017560396776777991,,,,
1946-02-19,,,,0.02205858582751894,,,,
1946-02-20,,,,0.009287929945540015,,,,
1946-02-21,,,,0.009720895755793393,,,,
1946-02-25,,,,0.021925533645885554,,,,
1946-02-26,,,,0.0023139961924049848,,,,
1946-02-27,,,,0.008223203447480837,,,,
1946-02-28,,,,0.002884280774652736,,,,
1946-03-01,,,,0.001562631661621122,,,,
1946-03-04,,,,0.0028227307759960737,,,,
1946-03-05,,,,0.004275264930223937,,,,
1946-03-06,,,,0.001873290771447064,,,,
1946-03-07,,,,0.0035819479043826116,,,,
1946-03-08,,,,0.003583931705029611,,,,
1946-03-11,,,,0.0026835107857163796,,,,
1946-03-12,,,,0.0007928045132997714,,,,
1946-03-13,,,,0.0070156747129056915,,,,
1946-03-14,,,,0.001474232234256362,,,,
1946-03-15,,,,0.0049346284651017105,,,,
1946-03-18,,,,0.007609802684397307,,,,
1946-03-19,,,,0.0030353751885650294,,,,
1946-03-20,,,,0.003241397187769533,,,,
1946-03-21,,,,0.002983347345060072,,,,
1946-03-25,,,,0.00997649229033489,,,,
1946-03-26,,,,0.00012583296199425548,,,,
1946-03-27,,,,0.0028215596793421255,,,,
1946-03-28,,,,0.00040569638947667914,,,,
1946-03-29,,,,0.002794523932005829,,,,
1946-04-01,,,,0.00028188105071440944,,,,
1946-04-02,,,,1.404636929253487e-07,,,,
1946-04-03,,,,0.00872742462848242,,,,
1946-04-04,,,,0.00535569613036535,,,,
1946-04-05,,,,0.000972829544086757,,,,
1946-04-08,,,,0.001994923053115965,,,,
1946-04-09,,,,0.007229839469108539,,,,
1946-04-10,,,,0.0018404000278793378,,,,
1946-04-11,,,,0.0010018394693059015,,,,
1946-04-15,,,,0.0043387836283207346,,,,
1946-04-16,,,,0.007282490453192703,,,,
1946-04-17,,,,0.0007335691976207346,,,,
1946-04-18,,,,0.0015083890775664396,,,,
1946-04-22,,,,0.000447900631036624,,,,
1946-04-23,,,,0.0010837243678052419,,,,
1946-04-24,,,,0.0058943677192811236,,,,
1946-04-25,,,,0.003362746907502068,,,,
1946-04-26,,,,0.0009709084237469522,,,,
1946-04-29,,,,0.004298719464019927,,,,
1946-04-30,,,,0.0009848786833252087,,,,
1946-05-01,,,,0.0015032774523882544,,,,
1946-05-02,,,,0.0029033261701604304,,,,
1946-05-03,,,,0.0053930304094146385,,,,
1946-05-06,,,,0.006856481182502211,,,,
1946-05-07,,,,0.008489863088788827,,,,
1946-05-08,,,,0.0011911821238354005,,,,
1946-05-09,,,,0.0008630185235144353,,,,
1946-05-10,,,,0.010334127166022096,,,,
1946-05-13,,,,0.0013523677439906416,,,,
1946-05-14,,,,0.003965668792833375,,,,
1946-05-15,,,,0.00472322378759537,,,,
1946-05-16,,,,0.0035424605566103926,,,,
1946-05-17,,,,0.0012359620535309717,,,,
1946-05-20,,,,0.001080381616879434,,,,
1946-05-21,,,,0.0010956308656504565,,,,
1946-05-22,,,,0.0041074917303529305,,,,
1946-05-23,,,,0.0005469661152502792,,,,
1946-05-27,,,,0.005046097205539206,,,,
1946-05-28,,,,0.010490381356091774,,,,
1946-05-29,,,,0.001471769904587964,,,,
1946-05-31,,,,0.0024433885982166194,,,,
1946-06-03,,,,0.004790563878146913,,,,
1946-06-04,,,,0.004445080969355375,,,,
1946-06-05,,,,0.004102254351795207,,,,
1946-06-06,,,,0.0001803659712693905,,,,
1946-06-07,,,,-1.65903414152055e-05,,,,
1946-06-10,,,,0.0008055557877042092,,,,
1946-06-11,,,,0.00812801539527659,,,,
1946-06-12,,,,0.0012336805622570242,,,,
1946-06-13,,,,0.004201669446224648,,,,
1946-06-14,,,,0.00019208687870390722,,,,
1946-06-17,,,,0.0004131466172531238,,,,
1946-06-18,,,,0.01113651624740705,,,,
1946-06-19,,,,0.004460860449164617,,,,
1946-06-20,,,,0.01749517325054615,,,,
1946-06-21,,,,0.007587893081548495,,,,
1946-06-24,,,,0.0011641777075340834,,,,
1946-06-25,,,,0.004920347483021308,,,,
1946-06-26,,,,0.000990230511431291,,,,
1946-06-27,,,,0.011010998760524474,,,,
1946-06-28,,,,0.0011490601288180642,,,,
1946-07-01,,,,0.0038992351725046404,,,,
1946-07-02,,,,0.0001810500631892859,,,,
1946-07-03,,,,0.0013815786501020246,,,,
1946-07-05,,,,0.0022203148543301007,,,,
1946-07-08,,,,0.0026750990998781828,,,,
1946-07-09,,,,0.003782647107081308,,,,
1946-07-10,,,,0.000835987859904352,,,,
1946-07-11,,,,0.004060142918255867,,,,
1946-07-12,,,,0.004992323008827428,,,,
1946-07-15,,,,0.013876574673696174,,,,
1946-07-16,,,,0.00042543012766614493,,,,
1946-07-17,,,,0.003864837567186657,,,,
1946-07-18,,,,0.0010637233110080786,,,,
1946-07-19,,,,0.0023978961943937646,,,,
1946-07-22,,,,0.0019979090256976376,,,,
1946-07-23,,,,0.024318384406160184,,,,
1946-07-24,,,,0.0004044705175537878,,,,
1946-07-25,,,,0.0031780576732212762,,,,
1946-07-26,,,,0.0035798989890322057,,,,
1946-07-29,,,,0.0019936361833964742,,,,
1946-07-30,,,,0.0036124060322089853,,,,
1946-07-31,,,,0.0076271630483043295,,,,
1946-08-01,,,,0.0015662187820048084,,,,
1946-08-02,,,,1.2895464431417403e-06,,,,
1946-08-05,,,,0.00421704108816828,,,,
1946-08-06,,,,0.001832040029776054,,,,
1946-08-07,,,,0.00667107377954467,,,,
1946-08-08,,,,0.0028701200678901695,,,,
1946-08-09,,,,0.00226178006899861,,,,
1946-08-12,,,,0.0008416668416199106,,,,
1946-08-13,,,,0.005975898956126256,,,,
1946-08-14,,,,0.0010453396653264232,,,,
1946-08-15,,,,0.0088201095049089,,,,
1946-08-16,,,,0.006199863123664796,,,,
1946-08-19,,,,0.0010728804030105208,,,,
1946-08-20,,,,0.003968800778775956,,,,
1946-08-21,,,,0.0072676747062862335,,,,
1946-08-22,,,,0.0077486857583905,,,,
1946-08-23,,,,0.0004574102070436259,,,,
1946-08-26,,,,0.004737944667199835,,,,
1946-08-27,,,,0.025008954249612417,,,,
1946-08-28,,,,0.0072463392557048445,,,,
1946-08-29,,,,0.0008226013852043802,,,,
1946-08-30,,,,0.00422114537574925,,,,
1946-09-03,,,,0.06741435402285204,,,,
1946-09-04,,,,0.009544652832047579,,,,
1946-09-05,,,,0.01029388715048177,,,,
1946-09-06,,,,0.002664938743093694,,,,
1946-09-09,,,,0.015520789423286191,,,,
1946-09-10,,,,0.007706497478857853,,,,
1946-09-11,,,,0.008617534424608187,,,,
1946-09-12,,,,0.0004609016956042859,,,,
1946-09-13,,,,0.00516176604460779,,,,
1946-09-16,,,,0.0014640080292472972,,,,
1946-09-17,,,,0.0020927604880980654,,,,
1946-09-18,,,,0.008828163682010066,,,,
1946-09-19,,,,0.008843057450986281,,,,
1946-09-20,,,,0.00684981518099666,,,,
1946-09-23,,,,0.005165111873512013,,,,
1946-09-24,,,,0.005825376188222448,,,,
1946-09-25,,,,0.0069818442377100895,,,,
1946-09-26,,,,0.0029249948892312973,,,,
1946-09-27,,,,0.0028146293335311575,,,,
1946-09-30,,,,0.0027031806275919987,,,,
1946-10-01,,,,0.0006790655096401358,,,,
1946-10-02,,,,0.0013935296951497881,,,,
1946-10-03,,,,0.0003068729819094944,,,,
1946-10-04,,,,0.003309915363239644,,,,
1946-10-07,,,,0.0021672233114033257,,,,
1946-10-08,,,,0.0034805090766147754,,,,
1946-10-09,,,,0.008746028390190123,,,,
1946-10-10,,,,0.0044456456631063734,,,,
1946-10-11,,,,0.006341821753613173,,,,
1946-10-14,,,,0.0015178786431165783,,,,
1946-10-15,,,,0.012395073855225742,,,,
1946-10-16,,,,0.0010773583000471848,,,,
1946-10-17,,,,0.004466712156948271,,,,
1946-10-18,,,,0.0007235164504957593,,,,
1946-10-21,,,,0.0004495542920022649,,,,
1946-10-22,,,,0.0024304472008877505,,,,
1946-10-23,,,,0.002273893410187155,,,,
1946-10-24,,,,4.017981663436073e-05,,,,
1946-10-25,,,,0.0016949151771315756,,,,
1946-10-28,,,,0.006997687682557135,,,,
1946-10-29,,,,0.002940561081817709,,,,
1946-10-30,,,,0.0012474989439217802,,,,
1946-10-31,,,,0.012390490278931602,,,,
1946-11-01,,,,0.004894875084286302,,,,
1946-11-04,,,,0.005493228320597693,,,,
1946-11-06,,,,0.014103225340344144,,,,
1946-11-07,,,,0.0023598876678666172,,,,
1946-11-08,,,,0.0010986750409799127,,,,
1946-11-12,,,,0.0017551543822606128,,,,
1946-11-13,,,,0.002722174612810541,,,,
1946-11-14,,,,0.001591571588962974,,,,
1946-11-15,,,,0.003486221408424673,,,,
1946-11-18,,,,0.0033405167469824407,,,,
1946-11-19,,,,0.000135371184558637,,,,
1946-11-20,,,,0.002527430860121006,,,,
1946-11-21,,,,0.006009887826770826,,,,
1946-11-22,,,,0.0018956806328996303,,,,
1946-11-25,,,,0.004397797345041018,,,,
1946-11-26,,,,0.003346493289940731,,,,
1946-11-27,,,,0.002330957842971808,,,,
1946-11-29,,,,0.003109429782638533,,,,
1946-12-02,,,,0.006026823126168148,,,,
1946-12-03,,,,0.0010944227079003432,,,,
1946-12-04,,,,0.0058557095324369935,,,,
1946-12-05,,,,0.001965289442101457,,,,
1946-12-06,,,,0.0013754520805470496,,,,
1946-12-09,,,,0.016407518936244765,,,,
1946-12-11,,,,0.0007515595283866852,,,,
1946-12-12,,,,0.0049737763530915535,,,,
1946-12-13,,,,0.00028623302080918987,,,,
1946-12-16,,,,0.0015424616266512862,,,,
1946-12-17,,,,0.0014081622926781939,,,,
1946-12-18,,,,0.0005581346758791573,,,,
1946-12-19,,,,0.006076061915265014,,,,
1946-12-20,,,,0.0010720457515136104,,,,
1946-12-23,,,,0.0022425788141511305,,,,
1946-12-24,,,,0.0009503917158339313,,,,
1946-12-26,,,,0.004240879496838911,,,,
1946-12-27,,,,0.00043281791769164707,,,,
1946-12-30,,,,0.00044100459827921794,,,,
1946-12-31,,,,0.0035029911573873996,,,,
1947-01-02,,,,0.0027618162840777043,,,,
1947-01-03,,,,0.0015201724646868211,,,,
1947-01-06,,,,0.0051174075022403995,,,,
1947-01-07,,,,0.0034261487083000895,,,,
1947-01-08,,,,0.0024622380973882006,,,,
1947-01-09,,,,0.0006542253895090544,,,,
1947-01-10,,,,0.006050412200714195,,,,
1947-01-13,,,,0.013642310177638022,,,,
1947-01-14,,,,0.0018754996817753064,,,,
1947-01-15,,,,0.002933274612620345,,,,
1947-01-16,,,,5.7092582913135575e-05,,,,
1947-01-17,,,,0.00896362086454283,,,,
1947-01-20,,,,0.0013939483794063864,,,,
1947-01-21,,,,0.0014220777413670295,,,,
1947-01-22,,,,0.001960655351624589,,,,
1947-01-23,,,,0.004547554554036054,,,,
1947-01-24,,,,0.00037111153736480297,,,,
1947-01-27,,,,0.0039542483689183,,,,
1947-01-28,,,,0.003958324079942903,,,,
1947-01-29,,,,0.005596832051638503,,,,
1947-01-30,,,,0.001473997472887074,,,,
1947-01-31,,,,0.0016960053639925867,,,,
1947-02-03,,,,0.004391397745380264,,,,
1947-02-04,,,,0.000711602859918655,,,,
1947-02-05,,,,0.0027620248814842316,,,,
1947-02-06,,,,0.0019010778669434846,,,,
1947-02-07,,,,0.008772941057916827,,,,
1947-02-10,,,,0.0022183936252831004,,,,
1947-02-11,,,,0.002800116384504655,,,,
1947-02-13,,,,0.007158228132468952,,,,
1947-02-14,,,,0.002281179878644706,,,,
1947-02-17,,,,0.0003983353155495462,,,,
1947-02-19,,,,0.006804082785492253,,,,
1947-02-20,,,,0.0007858041559561644,,,,
1947-02-21,,,,0.002668528784331545,,,,
1947-02-24,,,,0.004739157116688806,,,,
1947-02-25,,,,0.0074817395734193565,,,,
1947-02-26,,,,0.006355233815769314,,,,
1947-02-27,,,,0.0066497280531390745,,,,
1947-02-28,,,,0.0017361936383471332,,,,
1947-03-03,,,,0.0006034644468231892,,,,
1947-03-05,,,,0.0069071871629792165,,,,
1947-03-06,,,,0.0020347168694412163,,,,
1947-03-07,,,,0.019454787238496488,,,,
1947-03-10,,,,0.005280182756002744,,,,
1947-03-11,,,,0.00462994172900117,,,,
1947-03-12,,,,0.003067216191094448,,,,
1947-03-13,,,,0.001343513222618519,,,,
1947-03-14,,,,0.005597493763220754,,,,
1947-03-17,,,,0.0012418705314734156,,,,
1947-03-18,,,,0.007183027209288689,,,,
1947-03-19,,,,0.0023800091400368382,,,,
1947-03-20,,,,0.00021882626328458276,,,,
1947-03-21,,,,0.006800153637381006,,,,
1947-03-24,,,,0.005275450821645171,,,,
1947-03-25,,,,0.0033783312751969013,,,,
1947-03-26,,,,0.00810541195994143,,,,
1947-03-27,,,,0.006306127268123115,,,,
1947-03-28,,,,0.0025253636683405687,,,,
1947-03-31,,,,0.006105245895121785,,,,
1947-04-01,,,,0.0020462274765454336,,,,
1947-04-02,,,,0.0002236127746078742,,,,
1947-04-03,,,,0.0014521519795058387,,,,
1947-04-07,,,,0.0052234217281945765,,,,
1947-04-08,,,,0.009093443823656271,,,,
1947-04-09,,,,0.0002397176253851112,,,,
1947-04-10,,,,7.7035902985937e-05,,,,
1947-04-11,,,,0.004603367050449022,,,,
1947-04-14,,,,0.02550692224022184,,,,
1947-04-15,,,,8.205237058298198e-05,,,,
1947-04-16,,,,0.005067045880434583,,,,
1947-04-17,,,,0.0006010142528741205,,,,
1947-04-18,,,,0.006793594765874215,,,,
1947-04-21,,,,0.01380765706969793,,,,
1947-04-22,,,,0.0036127375744406417,,,,
1947-04-23,,,,0.0004232453248839257,,,,
1947-04-24,,,,0.003087605208107981,,,,
1947-04-25,,,,0.003518910736075408,,,,
1947-04-28,,,,0.0005930625497237844,,,,
1947-04-29,,,,0.0008417156114072817,,,,
1947-04-30,,,,0.006658793964060552,,,,
1947-05-01,,,,0.0038677826787851003,,,,
1947-05-02,,,,0.00348873886165635,,,,
1947-05-05,,,,0.001974484154147347,,,,
1947-05-06,,,,0.005998661199761255,,,,
1947-05-07,,,,0.00022362778771601357,,,,
1947-05-08,,,,0.0030069260360087845,,,,
1947-05-09,,,,0.000886742681013555,,,,
1947-05-12,,,,0.006803206118648554,,,,
1947-05-13,,,,0.012676472179352357,,,,
1947-05-14,,,,0.0014536171524529196,,,,
1947-05-15,,,,0.005047008731583982,,,,
1947-05-16,,,,0.011295627971533807,,,,
1947-05-19,,,,0.007532314489667551,,,,
1947-05-20,,,,0.0021471835839319475,,,,
1947-05-21,,,,0.010416090598352693,,,,
1947-05-22,,,,0.0035853896566403623,,,,
1947-05-23,,,,0.007237319312183089,,,,
1947-05-26,,,,0.00520454710478061,,,,
1947-05-27,,,,0.0006196200590845787,,,,
1947-05-28,,,,0.008425220138463372,,,,
1947-05-29,,,,0.003913483402806217,,,,
1947-06-02,,,,0.005597089903379892,,,,
1947-06-03,,,,0.007476913755487779,,,,
1947-06-04,,,,0.0036392239374279044,,,,
1947-06-05,,,,0.00022513056474094914,,,,
1947-06-06,,,,0.004018188243684762,,,,
1947-06-09,,,,0.002987951932516541,,,,
1947-06-10,,,,0.005301297220645135,,,,
1947-06-11,,,,0.013240670276929793,,,,
1947-06-12,,,,0.002787838961014271,,,,
1947-06-13,,,,0.005690073448922353,,,,
1947-06-16,,,,0.0011802823079209105,,,,
1947-06-17,,,,0.002101316009543318,,,,
1947-06-19,,,,0.006714232632025113,,,,
1947-06-20,,,,0.0004485091708030694,,,,
1947-06-23,,,,0.002808528483236556,,,,
1947-06-24,,,,0.011706844478159116,,,,
1947-06-25,,,,0.004298428238810723,,,,
1947-06-26,,,,0.0019906753539284225,,,,
1947-06-30,,,,0.003238354528206907,,,,
1947-07-01,,,,0.009656071998036607,,,,
1947-07-02,,,,0.0005986774691176403,,,,
1947-07-03,,,,0.005945301831498885,,,,
1947-07-07,,,,5.332060693567202e-05,,,,
1947-07-08,,,,0.002038897014126369,,,,
1947-07-09,,,,0.005849954419816844,,,,
1947-07-10,,,,0.006116296959265615,,,,
1947-07-11,,,,0.00728040702318588,,,,
1947-07-14,,,,0.003219596737778288,,,,
1947-07-15,,,,0.001015494965353008,,,,
1947-07-16,,,,0.0002187166456410492,,,,
1947-07-17,,,,0.006840495850374808,,,,
1947-07-18,,,,0.003768422555597848,,,,
1947-07-21,,,,0.0018875963428647245,,,,
1947-07-22,,,,0.002587029356758727,,,,
1947-07-23,,,,0.00304209476422127,,,,
1947-07-24,,,,0.006954347337039827,,,,
1947-07-25,,,,0.0015104875978155608,,,,
1947-07-28,,,,0.00587743125327788,,,,
1947-07-29,,,,0.015035623633265641,,,,
1947-07-30,,,,0.0026701525451290065,,,,
1947-07-31,,,,0.009595975926101874,,,,
1947-08-01,,,,0.0012506277992266265,,,,
1947-08-04,,,,0.00711773303194936,,,,
1947-08-05,,,,0.0016797295699022094,,,,
1947-08-06,,,,0.0018708616149110463,,,,
1947-08-07,,,,0.0004755960730850153,,,,
1947-08-08,,,,0.008745971286198657,,,,
1947-08-11,,,,0.004040193893002303,,,,
1947-08-12,,,,0.00393038821019572,,,,
1947-08-13,,,,0.0035084294488480416,,,,
1947-08-14,,,,0.001970677418512916,,,,
1947-08-15,,,,0.004472402511798029,,,,
1947-08-18,,,,0.003331538353980712,,,,
1947-08-19,,,,0.0015921232485629285,,,,
1947-08-20,,,,0.002991823404844458,,,,
1947-08-21,,,,0.0014619822496120996,,,,
1947-08-22,,,,0.0005392969236833955,,,,
1947-08-25,,,,0.010305583754926075,,,,
1947-08-27,,,,0.0005541032549505617,,,,
1947-08-28,,,,0.0012439171729664862,,,,
1947-08-29,,,,0.004536810478429959,,,,
1947-09-02,,,,0.0020554054075470553,,,,
1947-09-03,,,,0.0017796762136244148,,,,
1947-09-04,,,,0.009461731776683734,,,,
1947-09-05,,,,0.00179868785498109,,,,
1947-09-08,,,,0.012128231742381576,,,,
1947-09-09,,,,0.001092627382944547,,,,
1947-09-10,,,,0.0066975989589967465,,,,
1947-09-11,,,,8.3954250890827e-05,,,,
1947-09-12,,,,0.002315896803308168,,,,
1947-09-15,,,,0.00287742932002723,,,,
1947-09-16,,,,0.006936508808147274,,,,
1947-09-17,,,,0.009901549170396286,,,,
1947-09-18,,,,0.002750129450730989,,,,
1947-09-19,,,,0.0002812462088891581,,,,
1947-09-22,,,,0.0007991043117057728,,,,
1947-09-23,,,,0.012822738852002925,,,,
1947-09-24,,,,0.0026095974617090976,,,,
1947-09-25,,,,0.0043551642452849555,,,,
1947-09-26,,,,0.002359571683327376,,,,
1947-09-29,,,,0.004304430967627153,,,,
1947-09-30,,,,0.008502461514094157,,,,
1947-10-01,,,,0.002121826099466322,,,,
1947-10-02,,,,8.293848155585018e-05,,,,
1947-10-03,,,,0.0032265635005809144,,,,
1947-10-06,,,,0.0016645503798552578,,,,
1947-10-08,,,,0.006282931731065978,,,,
1947-10-09,,,,0.005009457288430692,,,,
1947-10-10,,,,0.001175778166667421,,,,
1947-10-14,,,,0.013920078536762236,,,,
1947-10-15,,,,0.0016025980694918348,,,,
1947-10-16,,,,0.0008012170537388491,,,,
1947-10-17,,,,7.283761014981947e-05,,,,
1947-10-20,,,,0.010784200045885664,,,,
1947-10-21,,,,0.001304267139807864,,,,
1947-10-22,,,,0.003413184247289868,,,,
1947-10-23,,,,6.955197832756932e-05,,,,
1947-10-24,,,,0.010500914796106686,,,,
1947-10-27,,,,0.0011227413087176333,,,,
1947-10-28,,,,7.47410863949527e-05,,,,
1947-10-29,,,,0.0024609388209017938,,,,
1947-10-30,,,,0.008551059755962128,,,,
1947-10-31,,,,0.004994665062909591,,,,
1947-11-03,,,,0.0011688678764727616,,,,
1947-11-05,,,,0.006384974489215327,,,,
1947-11-07,,,,0.0014438466962244146,,,,
1947-11-10,,,,0.002964346146955523,,,,
1947-11-12,,,,0.0032218911904171484,,,,
1947-11-13,,,,0.008578298901915308,,,,
1947-11-14,,,,0.0012662924914748992,,,,
1947-11-18,,,,0.006138991930294501,,,,
1947-11-19,,,,0.0018856972513061456,,,,
1947-11-20,,,,0.003723368421251724,,,,
1947-11-21,,,,0.004596645672884773,,,,
1947-11-24,,,,0.005266817980596165,,,,
1947-11-25,,,,0.002212012358397522,,,,
1947-11-26,,,,0.00415053079664441,,,,
1947-11-28,,,,0.009348041967867744,,,,
1947-12-01,,,,0.005199606660716884,,,,
1947-12-02,,,,0.0007372491099360528,,,,
1947-12-03,,,,0.008704052142415111,,,,
1947-12-04,,,,0.005473929866333558,,,,
1947-12-05,,,,0.01460188028584444,,,,
1947-12-08,,,,0.008148528888611466,,,,
1947-12-09,,,,0.002498562402197658,,,,
1947-12-10,,,,0.0007099912495538339,,,,
1947-12-11,,,,0.0003475546304563971,,,,
1947-12-12,,,,0.006326192637499703,,,,
1947-12-15,,,,0.009905698087618214,,,,
1947-12-16,,,,0.0009159227220226503,,,,
1947-12-17,,,,0.0012928915544366103,,,,
1947-12-18,,,,0.0027622887734575514,,,,
1947-12-19,,,,0.0025652809766872928,,,,
1947-12-22,,,,0.004452396897456201,,,,
1947-12-23,,,,0.003209824568510414,,,,
1947-12-24,,,,0.00034934539083353755,,,,
1947-12-26,,,,0.00801547775437195,,,,
1947-12-29,,,,0.004803935040010758,,,,
1947-12-30,,,,0.011035048874582608,,,,
1947-12-31,,,,0.0043663570753644425,,,,
1948-01-02,,,,0.0019280420710981205,,,,
1948-01-05,,,,0.008396152380261014,,,,
1948-01-06,,,,0.0028012617178906378,,,,
1948-01-07,,,,0.004471943418124863,,,,
1948-01-08,,,,0.004474151180300709,,,,
1948-01-09,,,,0.0047331148030631655,,,,
1948-01-12,,,,0.0035180234017736104,,,,
1948-01-13,,,,0.013847919951464557,,,,
1948-01-15,,,,0.004088472300332119,,,,
1948-01-16,,,,0.00035922807408466387,,,,
1948-01-19,,,,0.010667287567308184,,,,
1948-01-20,,,,0.00011813411188905383,,,,
1948-01-21,,,,0.010668100190584517,,,,
1948-01-22,,,,0.007354345425453444,,,,
1948-01-23,,,,0.004213941921242299,,,,
1948-01-26,,,,0.0016844459409839643,,,,
1948-01-27,,,,0.0008024697664125276,,,,
1948-01-28,,,,0.009557170525860633,,,,
1948-01-29,,,,0.00973852029050363,,,,
1948-01-30,,,,0.0013387135230980875,,,,
1948-02-02,,,,0.0013545494145354789,,,,
1948-02-03,,,,0.005377686974149711,,,,
1948-02-04,,,,0.03909499539104526,,,,
1948-02-05,,,,0.008538337271886376,,,,
1948-02-06,,,,0.00025074556558505934,,,,
1948-02-09,,,,0.004869014216790133,,,,
1948-02-10,,,,0.017924076440586266,,,,
1948-02-11,,,,0.00023997313839585715,,,,
1948-02-13,,,,0.0010629449000563499,,,,
1948-02-16,,,,0.007607684683295008,,,,
1948-02-18,,,,9.167440058644989e-05,,,,
1948-02-19,,,,0.0010830447830588084,,,,
1948-02-20,,,,0.0023826757745111344,,,,
1948-02-24,,,,0.00140287269074913,,,,
1948-02-25,,,,0.002736658461371683,,,,
1948-02-26,,,,0.0037989108810981536,,,,
1948-02-27,,,,0.0020707992728502566,,,,
1948-03-01,,,,0.006082415716154426,,,,
1948-03-02,,,,0.0037203964079460853,,,,
1948-03-03,,,,9.801316758977678e-05,,,,
1948-03-04,,,,0.003955741310359403,,,,
1948-03-05,,,,0.0010410536716416534,,,,
1948-03-08,,,,0.003131950810725124,,,,
1948-03-09,,,,0.004161719276894182,,,,
1948-03-10,,,,0.0025771464664809526,,,,
1948-03-11,,,,0.0007910706218746325,,,,
1948-03-15,,,,0.0032029047735773982,,,,
1948-03-16,,,,0.011159065435848116,,,,
1948-03-17,,,,0.005206400661690122,,,,
1948-03-18,,,,0.003645341824784084,,,,
1948-03-19,,,,0.014262920096647033,,,,
1948-03-22,,,,0.017102580572590797,,,,
1948-03-24,,,,0.00023617117811442325,,,,
1948-03-25,,,,0.0021742038943487712,,,,
1948-03-29,,,,0.0019389787804839314,,,,
1948-03-30,,,,0.006984625768588249,,,,
1948-03-31,,,,0.008583833277474988,,,,
1948-04-01,,,,0.00131301364193785,,,,
1948-04-02,,,,0.000910376680849837,,,,
1948-04-05,,,,0.0009237659200104952,,,,
1948-04-06,,,,0.003974952876566388,,,,
1948-04-07,,,,0.001990034101457571,,,,
1948-04-08,,,,0.0014002117109213935,,,,
1948-04-09,,,,0.0005196552761755819,,,,
1948-04-12,,,,0.0002543720620220907,,,,
1948-04-13,,,,0.0005367836504938609,,,,
1948-04-14,,,,0.0007353581129688269,,,,
1948-04-15,,,,0.004398469215626227,,,,
1948-04-16,,,,0.0020030049039598333,,,,
1948-04-19,,,,0.0015394617034310066,,,,
1948-04-20,,,,0.0002736225562744134,,,,
1948-04-21,,,,0.003606273114635994,,,,
1948-04-22,,,,0.006691876208691261,,,,
1948-04-23,,,,0.004624082425979582,,,,
1948-04-26,,,,0.01199256561353881,,,,
1948-04-27,,,,6.807253600109874e-05,,,,
1948-04-28,,,,0.0005633383273494542,,,,
1948-04-29,,,,0.0022856182537354117,,,,
1948-04-30,,,,0.001810021243385384,,,,
1948-05-03,,,,0.005770474848098884,,,,
1948-05-04,,,,0.00028281578444285584,,,,
1948-05-05,,,,0.004492275103106698,,,,
1948-05-06,,,,0.006433060206960066,,,,
1948-05-07,,,,0.004283223085551495,,,,
1948-05-10,,,,0.004306287235275107,,,,
1948-05-11,,,,0.0021987982312906616,,,,
1948-05-12,,,,0.0006063578782161117,,,,
1948-05-13,,,,0.006105562594662739,,,,
1948-05-14,,,,0.020896022517656543,,,,
1948-05-17,,,,0.009926105051481058,,,,
1948-05-18,,,,0.009877382536431327,,,,
1948-05-19,,,,0.0006771880785222269,,,,
1948-05-20,,,,0.0036510498894497347,,,,
1948-05-21,,,,0.0014067944053919544,,,,
1948-05-24,,,,0.001426890632557665,,,,
1948-05-25,,,,0.0002439889436608514,,,,
1948-05-26,,,,0.006711396767371862,,,,
1948-05-28,,,,3.7058602416583885e-05,,,,
1948-06-01,,,,0.0019962973376178297,,,,
1948-06-02,,,,0.0005333176713987843,,,,
1948-06-03,,,,0.0017734235202366017,,,,
1948-06-04,,,,0.0063963578585838265,,,,
1948-06-07,,,,0.0022956853219089656,,,,
1948-06-08,,,,0.013935922457966807,,,,
1948-06-09,,,,0.002918744868883714,,,,
1948-06-10,,,,3.1760979253323206e-05,,,,
1948-06-11,,,,0.002010338744561974,,,,
1948-06-14,,,,0.0005326426788146684,,,,
1948-06-15,,,,0.004108037149249538,,,,
1948-06-16,,,,0.0023170911508198964,,,,
1948-06-17,,,,0.0007833176661588649,,,,
1948-06-18,,,,0.001322946053907367,,,,
1948-06-21,,,,0.008834060776545319,,,,
1948-06-22,,,,0.001316026654187749,,,,
1948-06-23,,,,0.00854670113496412,,,,
1948-06-24,,,,0.001831948186421071,,,,
1948-06-25,,,,0.002917484428931399,,,,
1948-06-28,,,,0.011525994764022775,,,,
1948-06-29,,,,0.003648575629350171,,,,
1948-06-30,,,,0.0021165308633746185,,,,
1948-07-01,,,,0.0018490790928127729,,,,
1948-07-02,,,,0.007521335871459159,,,,
1948-07-07,,,,0.002955475131616398,,,,
1948-07-08,,,,0.0005814415128656329,,,,
1948-07-09,,,,0.00555772276595391,,,,
1948-07-12,,,,0.0019363965055688038,,,,
1948-07-13,,,,0.005326056230694243,,,,
1948-07-14,,,,0.0006023290248764336,,,,
1948-07-15,,,,0.018011881256110897,,,,
1948-07-16,,,,0.01162109354451639,,,,
1948-07-19,,,,0.026348427812255916,,,,
1948-07-20,,,,0.009623732088792625,,,,
1948-07-21,,,,0.004809639445501466,,,,
1948-07-22,,,,0.004389381832008651,,,,
1948-07-23,,,,0.0020138774309589724,,,,
1948-07-26,,,,0.005797461396410907,,,,
1948-07-27,,,,0.0065007540870486505,,,,
1948-07-28,,,,0.004186897440635924,,,,
1948-07-29,,,,0.005063489748964136,,,,
1948-07-30,,,,0.008006845039591223,,,,
1948-08-03,,,,0.0017249850486202169,,,,
1948-08-04,,,,0.010203983338148448,,,,
1948-08-05,,,,0.0022279331373091862,,,,
1948-08-06,,,,0.0008656158430888243,,,,
1948-08-09,,,,0.006468366811460583,,,,
1948-08-10,,,,0.009051901853052158,,,,
1948-08-11,,,,0.0027447214894732994,,,,
1948-08-12,,,,0.0013397634999520582,,,,
1948-08-13,,,,0.00023553917538091267,,,,
1948-08-16,,,,0.0013798917714373214,,,,
1948-08-17,,,,0.008087242175816514,,,,
1948-08-19,,,,0.0018147183062989453,,,,
1948-08-20,,,,0.007183220459774685,,,,
1948-08-23,,,,0.008980343740900777,,,,
1948-08-24,,,,0.003095552736608848,,,,
1948-08-25,,,,0.0011096674452873267,,,,
1948-08-26,,,,0.0018346847131399285,,,,
1948-08-27,,,,0.002757071594818031,,,,
1948-08-30,,,,0.005701984517721373,,,,
1948-08-31,,,,0.0002464248234716271,,,,
1948-09-01,,,,0.008476393692837056,,,,
1948-09-02,,,,0.0032284353866479775,,,,
1948-09-03,,,,0.0009613939591645178,,,,
1948-09-07,,,,0.003297053138927698,,,,
1948-09-08,,,,0.012879463382591955,,,,
1948-09-09,,,,0.011488103363866981,,,,
1948-09-10,,,,0.0004948834608956883,,,,
1948-09-13,,,,0.005603273197712334,,,,
1948-09-14,,,,0.005037202964600082,,,,
1948-09-15,,,,0.0006933248840785004,,,,
1948-09-17,,,,0.0030507194174535564,,,,
1948-09-20,,,,0.013556329375511983,,,,
1948-09-21,,,,0.004649049322490499,,,,
1948-09-22,,,,0.0014314063580289868,,,,
1948-09-23,,,,0.0011757851278925925,,,,
1948-09-24,,,,0.0014761780813242979,,,,
1948-09-27,,,,0.019302980784726906,,,,
1948-09-28,,,,0.007013690146224342,,,,
1948-09-29,,,,0.007689142721682077,,,,
1948-09-30,,,,0.0022862662023594906,,,,
1948-10-01,,,,0.007200595969268787,,,,
1948-10-04,,,,0.007038003304186531,,,,
1948-10-05,,,,0.0010238109596570437,,,,
1948-10-06,,,,0.0004616542755850461,,,,
1948-10-07,,,,0.0033878665626530967,,,,
1948-10-08,,,,0.0010643713465638299,,,,
1948-10-13,,,,0.007874691575985665,,,,
1948-10-14,,,,0.001745033050267406,,,,
1948-10-15,,,,0.0006588261748075785,,,,
1948-10-18,,,,0.0026744890778073703,,,,
1948-10-19,,,,0.003583523623444608,,,,
1948-10-20,,,,0.0022691591258803207,,,,
1948-10-21,,,,0.0004933818148090364,,,,
1948-10-22,,,,0.011025322151629541,,,,
1948-10-25,,,,0.0011006514148435502,,,,
1948-10-26,,,,3.6620140205565824e-05,,,,
1948-10-27,,,,0.0006863007432182677,,,,
1948-10-28,,,,0.004835963256339758,,,,
1948-10-29,,,,0.0014322367122515949,,,,
1948-11-01,,,,0.008977087472695487,,,,
1948-11-03,,,,0.035058072954725704,,,,
1948-11-04,,,,0.006701420193397362,,,,
1948-11-05,,,,0.023091483470718814,,,,
1948-11-08,,,,0.0017622734391403517,,,,
1948-11-09,,,,0.014062831419534058,,,,
1948-11-10,,,,0.00015920251865574725,,,,
1948-11-12,,,,0.000910115296089416,,,,
1948-11-15,,,,0.006446913419689836,,,,
1948-11-16,,,,0.00015842597358674385,,,,
1948-11-17,,,,0.0010304698928436781,,,,
1948-11-18,,,,0.0009328366620985146,,,,
1948-11-19,,,,0.0012440373034376495,,,,
1948-11-22,,,,0.002896563851839591,,,,
1948-11-23,,,,0.00048250485817736476,,,,
1948-11-24,,,,0.008692567550502666,,,,
1948-11-29,,,,0.0037379901727733356,,,,
1948-11-30,,,,0.0011789060029327517,,,,
1948-12-01,,,,0.00848045096561189,,,,
1948-12-02,,,,0.0001825970684235241,,,,
1948-12-03,,,,0.004008150753398595,,,,
1948-12-06,,,,0.0030121093284615377,,,,
1948-12-07,,,,5.188542770747614e-05,,,,
1948-12-08,,,,0.001194636952610155,,,,
1948-12-09,,,,0.0008761653670793137,,,,
1948-12-10,,,,0.001451762148589824,,,,
1948-12-13,,,,0.0035872099035885985,,,,
1948-12-14,,,,0.0026750147133213402,,,,
1948-12-15,,,,0.002728713052981619,,,,
1948-12-16,,,,0.00020609482135492348,,,,
1948-12-17,,,,0.0011848401335929478,,,,
1948-12-20,,,,0.0002122745930550277,,,,
1948-12-21,,,,0.001763292903369216,,,,
1948-12-22,,,,6.387834011990128e-05,,,,
1948-12-24,,,,0.0037360434954994037,,,,
1948-12-27,,,,0.0022716605761261837,,,,
1948-12-28,,,,0.004399521903776293,,,,
1948-12-29,,,,0.008117901759496053,,,,
1948-12-31,,,,0.0031625158752562883,,,,
1949-01-03,,,,0.01046651904250362,,,,
1949-01-04,,,,0.00302228442925659,,,,
1949-01-05,,,,0.005153664465518586,,,,
1949-01-06,,,,0.013951600263337333,,,,
1949-01-07,,,,0.003899850785577574,,,,
1949-01-10,,,,0.003683831341914833,,,,
1949-01-11,,,,0.00021558774680420866,,,,
1949-01-12,,,,0.0010179000431259962,,,,
1949-01-13,,,,0.0030701484521273893,,,,
1949-01-14,,,,0.006021652462350167,,,,
1949-01-17,,,,0.005499287860230773,,,,
1949-01-19,,,,0.0021734500594839407,,,,
1949-01-20,,,,0.0021954461278124097,,,,
1949-01-21,,,,0.0011001648441285436,,,,
1949-01-24,,,,0.020454297168745136,,,,
1949-01-25,,,,0.012633104544540105,,,,
1949-01-26,,,,0.0012919623039824395,,,,
1949-01-27,,,,0.0013172403805157347,,,,
1949-01-28,,,,0.0017206152415483104,,,,
1949-01-31,,,,0.00044589711816569143,,,,
1949-02-01,,,,0.004360930104081362,,,,
1949-02-02,,,,5.898894236218652e-05,,,,
1949-02-03,,,,0.0010146981379974371,,,,
1949-02-04,,,,0.009128032225959629,,,,
1949-02-07,,,,0.013126956764580793,,,,
1949-02-08,,,,0.0021816392629829978,,,,
1949-02-09,,,,0.002870829994662888,,,,
1949-02-10,,,,0.007859123163424738,,,,
1949-02-11,,,,0.0006381538368193277,,,,
1949-02-14,,,,0.0017290976112821887,,,,
1949-02-15,,,,0.001328950028704655,,,,
1949-02-16,,,,0.003029407801105066,,,,
1949-02-17,,,,0.003887647669886595,,,,
1949-02-18,,,,0.001511753961710951,,,,
1949-02-21,,,,0.0019736426132076594,,,,
1949-02-23,,,,0.005976114354606465,,,,
1949-02-24,,,,0.007844063124945773,,,,
1949-02-25,,,,0.0016099789415936231,,,,
1949-02-28,,,,0.010637473883690076,,,,
1949-03-01,,,,0.0035394975166270722,,,,
1949-03-02,,,,0.001548038164358539,,,,
1949-03-03,,,,0.0006953747048580871,,,,
1949-03-04,,,,0.0005350721402048241,,,,
1949-03-07,,,,0.008307387560616131,,,,
1949-03-08,,,,0.0009641765780825788,,,,
1949-03-09,,,,0.0011536133861258491,,,,
1949-03-10,,,,8.127178447822435e-05,,,,
1949-03-11,,,,0.00659554058414115,,,,
1949-03-14,,,,0.0019113906084087754,,,,
1949-03-15,,,,0.003973937609800442,,,,
1949-03-16,,,,0.0026223380775598462,,,,
1949-03-17,,,,0.0020018751017968936,,,,
1949-03-18,,,,0.0012446345527906348,,,,
1949-03-21,,,,0.003244783432301335,,,,
1949-03-22,,,,0.004809287634561307,,,,
1949-03-23,,,,0.008755076304907664,,,,
1949-03-24,,,,0.0005781964267418048,,,,
1949-03-25,,,,0.003789741829340617,,,,
1949-03-28,,,,0.001615611105222235,,,,
1949-03-29,,,,0.014514198240331531,,,,
1949-03-30,,,,0.00026248972231868097,,,,
1949-03-31,,,,0.00696759826984161,,,,
1949-04-01,,,,0.005549077051822995,,,,
1949-04-04,,,,0.00153821985275989,,,,
1949-04-05,,,,0.0007687673320904699,,,,
1949-04-06,,,,0.0017836815539961028,,,,
1949-04-07,,,,8.876438363345221e-05,,,,
1949-04-08,,,,0.0016433752780898453,,,,
1949-04-11,,,,0.0006143063043602271,,,,
1949-04-12,,,,0.0016885567880371342,,,,
1949-04-13,,,,0.0003041255085354987,,,,
1949-04-14,,,,0.0014083749120407975,,,,
1949-04-18,,,,0.004009058265319217,,,,
1949-04-19,,,,0.0031216530203191633,,,,
1949-04-20,,,,0.002032195789386827,,,,
1949-04-21,,,,0.014254813153562858,,,,
1949-04-22,,,,0.0008680980667298943,,,,
1949-04-25,,,,0.0008845943539362303,,,,
1949-04-26,,,,0.0041158952824195405,,,,
1949-04-28,,,,0.0038319541645914683,,,,
1949-04-29,,,,0.0007031943226285639,,,,
1949-05-02,,,,0.003718923394655304,,,,
1949-05-03,,,,0.0037286778047691056,,,,
1949-05-04,,,,0.009795019733929107,,,,
1949-05-05,,,,0.0003283738078209443,,,,
1949-05-06,,,,0.0050752682788107635,,,,
1949-05-09,,,,0.0021353925017199116,,,,
1949-05-10,,,,0.0033923170284899003,,,,
1949-05-11,,,,0.00134888023602974,,,,
1949-05-12,,,,0.0007388639778855708,,,,
1949-05-13,,,,0.00011273087085448576,,,,
1949-05-16,,,,0.004645276164588988,,,,
1949-05-17,,,,0.0016613571401158898,,,,
1949-05-18,,,,0.002350207797405541,,,,
1949-05-19,,,,0.005741842220391927,,,,
1949-05-20,,,,0.004438611473384079,,,,
1949-05-23,,,,0.009976935239354088,,,,
1949-05-24,,,,0.005119358528142894,,,,
1949-05-25,,,,0.00424265565892047,,,,
1949-05-26,,,,0.0003945390131939025,,,,
1949-05-27,,,,0.0031868589447459615,,,,
1949-05-31,,,,0.02237247591017964,,,,
1949-06-01,,,,0.002840925405021259,,,,
1949-06-03,,,,0.005513436217933665,,,,
1949-06-06,,,,0.014726292657873525,,,,
1949-06-07,,,,0.0007738486857017964,,,,
1949-06-08,,,,0.005218616365480031,,,,
1949-06-10,,,,0.0073729889280973885,,,,
1949-06-13,,,,0.01643998181981972,,,,
1949-06-14,,,,0.005023738577662777,,,,
1949-06-15,,,,0.015163153835482134,,,,
1949-06-16,,,,0.0024509016263870457,,,,
1949-06-17,,,,0.0006707136024399533,,,,
1949-06-20,,,,0.010601925164069109,,,,
1949-06-21,,,,0.00011517538042234847,,,,
1949-06-22,,,,0.0018995398802590883,,,,
1949-06-23,,,,0.003354560380550749,,,,
1949-06-24,,,,0.0006596008143616635,,,,
1949-06-27,,,,0.00032395761276039786,,,,
1949-06-28,,,,0.006481309612463397,,,,
1949-06-29,,,,0.004641923969894452,,,,
1949-06-30,,,,0.003497686115502678,,,,
1949-07-01,,,,0.005201755840628155,,,,
1949-07-05,,,,0.004048070717494539,,,,
1949-07-06,,,,0.009681615005159346,,,,
1949-07-08,,,,0.00031885421969656165,,,,
1949-07-12,,,,0.005247939466702452,,,,
1949-07-13,,,,0.00921848890856478,,,,
1949-07-14,,,,0.00010057038571309836,,,,
1949-07-15,,,,0.0014445070952888903,,,,
1949-07-18,,,,0.0018183725636621397,,,,
1949-07-19,,,,0.007632178954603884,,,,
1949-07-20,,,,0.0012395178412482047,,,,
1949-07-21,,,,0.003802679790492256,,,,
1949-07-22,,,,0.0003321927059419077,,,,
1949-07-25,,,,0.0024862032710236273,,,,
1949-07-26,,,,0.006732593251937142,,,,
1949-07-28,,,,0.0009505376624054556,,,,
1949-08-01,,,,0.004504863852346278,,,,
1949-08-02,,,,0.0019983139459032076,,,,
1949-08-03,,,,0.0003587939446401202,,,,
1949-08-04,,,,0.0010162308132778918,,,,
1949-08-05,,,,0.014001733476829674,,,,
1949-08-08,,,,0.00934535197130346,,,,
1949-08-09,,,,0.008172950696402545,,,,
1949-08-10,,,,0.003644720629340956,,,,
1949-08-11,,,,0.0027241946805866045,,,,
1949-08-12,,,,0.003968732880537783,,,,
1949-08-15,,,,0.004003216030740455,,,,
1949-08-16,,,,0.001944422640362855,,,,
1949-08-17,,,,0.010090443516929679,,,,
1949-08-18,,,,0.0019020778986977916,,,,
1949-08-19,,,,0.0052476701736661685,,,,
1949-08-22,,,,0.0021859819289943845,,,,
1949-08-23,,,,0.012203273526610695,,,,
1949-08-24,,,,9.579882896964834e-05,,,,
1949-08-25,,,,0.0019184894819970994,,,,
1949-08-26,,,,0.0031730556140104832,,,,
1949-08-29,,,,0.009663355740992384,,,,
1949-08-30,,,,0.004969748520010901,,,,
1949-08-31,,,,9.634843529581019e-05,,,,
1949-09-01,,,,0.005050995734812858,,,,
1949-09-02,,,,0.0009640882570109758,,,,
1949-09-06,,,,0.0003505647451313009,,,,
1949-09-07,,,,0.005868720346662211,,,,
1949-09-08,,,,0.0013728500901920933,,,,
1949-09-09,,,,0.0003585107996996071,,,,
1949-09-12,,,,0.007352508111712114,,,,
1949-09-13,,,,0.01378241524715644,,,,
1949-09-14,,,,0.0003309119953119976,,,,
1949-09-15,,,,0.0071470021291171176,,,,
1949-09-16,,,,0.0025393362373065487,,,,
1949-09-19,,,,0.006557125723077233,,,,
1949-09-20,,,,0.0220366339832312,,,,
1949-09-21,,,,0.011260634181707533,,,,
1949-09-22,,,,0.004113290915508089,,,,
1949-09-23,,,,0.003114491397890543,,,,
1949-09-26,,,,0.0018160039075859765,,,,
1949-09-27,,,,0.00600982209532019,,,,
1949-09-28,,,,0.005826804131261355,,,,
1949-09-29,,,,0.004233071060614441,,,,
1949-09-30,,,,0.0018527802041895314,,,,
1949-10-03,,,,0.0006040381819969407,,,,
1949-10-04,,,,0.007625952537073101,,,,
1949-10-05,,,,0.0011303558429523067,,,,
1949-10-06,,,,0.0027646582495325918,,,,
1949-10-07,,,,6.727964759140927e-05,,,,
1949-10-10,,,,0.0008541508471816633,,,,
1949-10-11,,,,0.0073986547038555695,,,,
1949-10-14,,,,0.0031374193735648165,,,,
1949-10-17,,,,0.010056955115933876,,,,
1949-10-18,,,,0.005663580454094023,,,,
1949-10-19,,,,0.0045300068958620855,,,,
1949-10-20,,,,0.0014213566730689523,,,,
1949-10-21,,,,0.0025831665012481754,,,,
1949-10-24,,,,0.0006480802778393562,,,,
1949-10-25,,,,0.004177244718215141,,,,
1949-10-26,,,,0.005969030926592163,,,,
1949-10-27,,,,0.004772800069349311,,,,
1949-10-28,,,,0.0038608211080706414,,,,
1949-10-31,,,,0.0021070719327256943,,,,
1949-11-01,,,,0.009141152807575872,,,,
1949-11-02,,,,0.007145875554635978,,,,
1949-11-03,,,,0.0020654946289651505,,,,
1949-11-04,,,,0.004468564010159127,,,,
1949-11-07,,,,0.0027049189355512876,,,,
1949-11-09,,,,0.0006686518599108948,,,,
1949-11-10,,,,0.002170176099361288,,,,
1949-11-14,,,,0.0065671347817088735,,,,
1949-11-15,,,,0.017135969921158383,,,,
1949-11-16,,,,0.004616081658854677,,,,
1949-11-17,,,,0.006321372664278503,,,,
1949-11-18,,,,0.009643104959574737,,,,
1949-11-21,,,,0.0035607688334364407,,,,
1949-11-22,,,,0.003924254545993766,,,,
1949-11-23,,,,0.001724920844940175,,,,
1949-11-25,,,,0.004804478458115697,,,,
1949-11-28,,,,0.002573266951313279,,,,
1949-11-29,,,,0.0014605629672667976,,,,
1949-11-30,,,,0.0018247394206164559,,,,
1949-12-01,,,,0.00481764569102924,,,,
1949-12-02,,,,0.007202828769146843,,,,
1949-12-05,,,,0.007113532328767014,,,,
1949-12-06,,,,0.0008872417671529725,,,,
1949-12-07,,,,0.001829973512727799,,,,
1949-12-09,,,,0.00031929067958317154,,,,
1949-12-12,,,,0.008742934173131853,,,,
1949-12-13,,,,0.003698037370866516,,,,
1949-12-14,,,,0.001276006651494178,,,,
1949-12-15,,,,4.825554663719035e-05,,,,
1949-12-16,,,,0.0009606645561162424,,,,
1949-12-19,,,,0.0041927930364798836,,,,
1949-12-20,,,,0.00357327908248687,,,,
1949-12-21,,,,0.0023014755481690803,,,,
1949-12-22,,,,0.009336137836537865,,,,
1949-12-27,,,,0.0036238547498297835,,,,
1949-12-28,,,,0.0046951077301915015,,,,
1949-12-29,,,,0.0007179810525194503,,,,
1949-12-30,,,,0.006820626728144877,,,,
1950-01-03,,,,0.008422156037916788,,,,
1950-01-04,,,,0.01194397860493892,,,,
1950-01-05,,,,0.0044481048671031415,,,,
1950-01-06,,,,0.002574766110107969,,,,
1950-01-09,,,,0.005818178572294777,,,,
1950-01-10,,,,0.0028975181105191164,,,,
1950-01-11,,,,0.0032832372868021337,,,,
1950-01-12,,,,0.021352966576758434,,,,
1950-01-13,,,,0.004770834868193731,,,,
1950-01-16,,,,0.0023027422473594398,,,,
1950-01-17,,,,0.007474652713677178,,,,
1950-01-18,,,,0.00028795503738592655,,,,
1950-01-19,,,,0.0006121366545354581,,,,
1950-01-20,,,,0.0012040929862927486,,,,
1950-01-23,,,,0.0006300022967978778,,,,
1950-01-24,,,,0.003313427977981793,,,,
1950-01-25,,,,0.007005257505373011,,,,
1950-01-26,,,,0.000311731708655615,,,,
1950-01-27,,,,0.004980289155703155,,,,
1950-01-30,,,,0.011774444250768581,,,,
1950-01-31,,,,0.0012080450613489327,,,,
1950-02-02,,,,0.010339728515704739,,,,
1950-02-03,,,,0.002957738673185979,,,,
1950-02-06,,,,0.0012116482428443742,,,,
1950-02-07,,,,0.005119874514274135,,,,
1950-02-08,,,,0.0009055225668747415,,,,
1950-02-09,,,,0.0037084050964885677,,,,
1950-02-10,,,,0.002165449149687659,,,,
1950-02-14,,,,0.010977511463491369,,,,
1950-02-16,,,,0.004003399861260328,,,,
1950-02-17,,,,0.00936364721183062,,,,
1950-02-20,,,,0.002446543934943562,,,,
1950-02-21,,,,0.0015295649930658405,,,,
1950-02-23,,,,0.0018942583108334517,,,,
1950-02-24,,,,0.0038089422416905457,,,,
1950-02-28,,,,0.003551205780794357,,,,
1950-03-01,,,,0.000683031786646671,,,,
1950-03-02,,,,0.0003312802972794675,,,,
1950-03-03,,,,0.0034023321096021005,,,,
1950-03-06,,,,0.0013905005920859222,,,,
1950-03-07,,,,0.007946549733991693,,,,
1950-03-08,,,,0.0003417934156512086,,,,
1950-03-09,,,,0.007985342223057492,,,,
1950-03-10,,,,0.0007252456700101301,,,,
1950-03-13,,,,0.001434107784956363,,,,
1950-03-14,,,,0.008535684026618051,,,,
1950-03-15,,,,0.013188852667997747,,,,
1950-03-16,,,,0.001971072515789356,,,,
1950-03-17,,,,0.0023014987792543532,,,,
1950-03-20,,,,0.00032953583842049785,,,,
1950-03-21,,,,2.362349407559763e-05,,,,
1950-03-22,,,,0.006235014940362415,,,,
1950-03-23,,,,1.9758805175926617e-05,,,,
1950-03-27,,,,0.006752252469053407,,,,
1950-03-28,,,,0.004263809685797632,,,,
1950-03-29,,,,0.006040240173858233,,,,
1950-03-30,,,,0.00958473689668324,,,,
1950-03-31,,,,0.00034546751664323917,,,,
1950-04-03,,,,0.01627214732710835,,,,
1950-04-04,,,,0.000655626681998901,,,,
1950-04-05,,,,0.00454823221625109,,,,
1950-04-06,,,,0.009120210834287844,,,,
1950-04-10,,,,0.0038233959448773455,,,,
1950-04-11,,,,0.00608365878078376,,,,
1950-04-12,,,,0.011516034951562398,,,,
1950-04-13,,,,0.0018409352853606283,,,,
1950-04-14,,,,0.0009185857111903414,,,,
1950-04-17,,,,0.004717719524174708,,,,
1950-04-18,,,,0.008865880041315048,,,,
1950-04-19,,,,0.0006217277024518158,,,,
1950-04-20,,,,0.007238756763667548,,,,
1950-04-21,,,,0.0012519604040419946,,,,
1950-04-24,,,,0.007905366453523766,,,,
1950-04-26,,,,0.004121307116820002,,,,
1950-04-27,,,,0.005782344942748464,,,,
1950-04-28,,,,0.005766079223142556,,,,
1950-05-01,,,,0.015982098623903093,,,,
1950-05-02,,,,0.006103943566455113,,,,
1950-05-03,,,,0.008710850908903897,,,,
1950-05-04,,,,0.008248028041808252,,,,
1950-05-05,,,,0.005042209040850387,,,,
1950-05-08,,,,0.0022441745274038283,,,,
1950-05-10,,,,0.000572947398264051,,,,
1950-05-12,,,,0.006269098653053628,,,,
1950-05-15,,,,0.0041730381914900075,,,,
1950-05-16,,,,0.010207762422913555,,,,
1950-05-17,,,,0.004064048285696555,,,,
1950-05-18,,,,0.001747288691322289,,,,
1950-05-19,,,,0.00654183426450246,,,,
1950-05-22,,,,0.0044381101515404255,,,,
1950-05-23,,,,0.005948469999404216,,,,
1950-05-24,,,,0.000870157888999262,,,,
1950-05-26,,,,0.000897535436235472,,,,
1950-05-29,,,,0.002478043079363081,,,,
1950-05-31,,,,0.0031438905702833695,,,,
1950-06-01,,,,0.0002917016676185058,,,,
1950-06-02,,,,0.0006257215042625597,,,,
1950-06-05,,,,0.012212324735809271,,,,
1950-06-06,,,,0.016886974052338636,,,,
1950-06-07,,,,0.0022354243066348084,,,,
1950-06-08,,,,0.011436095829329885,,,,
1950-06-09,,,,0.006033913929770089,,,,
1950-06-12,,,,0.007145609411577546,,,,
1950-06-13,,,,0.007951090237311744,,,,
1950-06-14,,,,0.014248608907235035,,,,
1950-06-15,,,,0.0022243260772426003,,,,
1950-06-16,,,,0.001496226393357235,,,,
1950-06-19,,,,0.0022893092929819753,,,,
1950-06-20,,,,0.004408827624980851,,,,
1950-06-21,,,,0.008388269334140329,,,,
1950-06-22,,,,0.007707755273832773,,,,
1950-06-23,,,,0.0007353012533395434,,,,
1950-06-26,,,,0.053005446155688314,,,,
1950-06-27,,,,0.00570749306988424,,,,
1950-06-28,,,,0.005654240157257743,,,,
1950-06-29,,,,0.019551058999177955,,,,
1950-06-30,,,,0.006474554928746463,,,,
1950-07-03,,,,0.0011835320939492335,,,,
1950-07-05,,,,0.004310829198993728,,,,
1950-07-06,,,,0.0024159389656242185,,,,
1950-07-07,,,,0.00634220203786959,,,,
1950-07-10,,,,0.002051855952271444,,,,
1950-07-11,,,,0.007411054560869322,,,,
1950-07-12,,,,0.012600482917903319,,,,
1950-07-13,,,,0.004885761860814061,,,,
1950-07-14,,,,0.004867799106141139,,,,
1950-07-17,,,,0.005218553698860872,,,,
1950-07-18,,,,0.01067034462864101,,,,
1950-07-19,,,,0.00782524813626861,,,,
1950-07-20,,,,0.006260780865484709,,,,
1950-07-21,,,,0.00038093421419863234,,,,
1950-07-24,,,,0.0027337344114138065,,,,
1950-07-25,,,,0.006516568304894824,,,,
1950-07-26,,,,0.0008224308896065152,,,,
1950-07-27,,,,0.006033736695096996,,,,
1950-07-28,,,,0.004857670223099381,,,,
1950-07-31,,,,0.0037540785174686605,,,,
1950-08-01,,,,0.004561837528171264,,,,
1950-08-02,,,,0.001732504451464131,,,,
1950-08-03,,,,0.0008197211249415671,,,,
1950-08-04,,,,0.003874833343529386,,,,
1950-08-07,,,,0.007207956122622549,,,,
1950-08-08,,,,0.001082455341811659,,,,
1950-08-09,,,,0.0038556278165052748,,,,
1950-08-10,,,,0.003450443609667571,,,,
1950-08-11,,,,0.005478538067285973,,,,
1950-08-14,,,,-3.327069340951267e-06,,,,
1950-08-15,,,,0.0005755108980284994,,,,
1950-08-16,,,,0.0002900125188422006,,,,
1950-08-17,,,,0.005674668681253637,,,,
1950-08-18,,,,0.003851019247739389,,,,
1950-08-21,,,,0.0002880243218543129,,,,
1950-08-22,,,,0.0004416265258934619,,,,
1950-08-23,,,,0.00399838204043453,,,,
1950-08-24,,,,0.0007599501352871425,,,,
1950-08-25,,,,0.007708734034124212,,,,
1950-08-28,,,,0.00014544267411782663,,,,
1950-08-29,,,,-8.177728844433328e-06,,,,
1950-08-30,,,,0.0034098700839317463,,,,
1950-08-31,,,,0.0001540438088628394,,,,
1950-09-01,,,,0.004038335371358563,,,,
1950-09-05,,,,0.004048484185189418,,,,
1950-09-06,,,,0.004567861789321417,,,,
1950-09-07,,,,0.0013654837428429792,,,,
1950-09-08,,,,0.005216321524126649,,,,
1950-09-11,,,,0.004677645525312592,,,,
1950-09-12,,,,0.008780787041089432,,,,
1950-09-13,,,,0.007162215410805235,,,,
1950-09-14,,,,0.002677338705474451,,,,
1950-09-15,,,,0.003386036431898944,,,,
1950-09-18,,,,0.0023818993750319758,,,,
1950-09-19,,,,0.0018916066074063295,,,,
1950-09-20,,,,0.003335322347873426,,,,
1950-09-21,,,,0.005345910759906616,,,,
1950-09-22,,,,0.002120145656791687,,,,
1950-09-25,,,,0.0005203111271305931,,,,
1950-09-26,,,,0.010110378754264805,,,,
1950-09-27,,,,0.009341931409823423,,,,
1950-09-28,,,,-2.592380978617788e-05,,,,
1950-09-29,,,,0.0006836772161132578,,,,
1950-10-02,,,,0.008269827808179366,,,,
1950-10-03,,,,0.000859344567411774,,,,
1950-10-04,,,,0.011835851771346818,,,,
1950-10-05,,,,0.0035654981717382203,,,,
1950-10-06,,,,0.007571707104714132,,,,
1950-10-09,,,,0.003898542132205738,,,,
1950-10-10,,,,0.007382749813295824,,,,
1950-10-11,,,,0.0023656500951584744,,,,
1950-10-13,,,,0.0001468992885698486,,,,
1950-10-16,,,,0.004735078014739129,,,,
1950-10-17,,,,0.006014040272013008,,,,
1950-10-18,,,,0.003858490724640207,,,,
1950-10-19,,,,-3.8302180307546956e-05,,,,
1950-10-20,,,,0.001964611109032269,,,,
1950-10-24,,,,0.004077591956458484,,,,
1950-10-25,,,,0.0009106489976834653,,,,
1950-10-26,,,,0.016627102353054212,,,,
1950-10-27,,,,0.005242481891611919,,,,
1950-10-30,,,,0.005412268721344614,,,,
1950-10-31,,,,0.002629097092972632,,,,
1950-11-01,,,,0.0006902032718670323,,,,
1950-11-02,,,,0.00581488355050809,,,,
1950-11-03,,,,0.003961553273761722,,,,
1950-11-06,,,,0.017681030771659653,,,,
1950-11-08,,,,0.006315009207776458,,,,
1950-11-09,,,,0.007228378345616875,,,,
1950-11-10,,,,0.004508633952430025,,,,
1950-11-13,,,,0.001915246817069894,,,,
1950-11-14,,,,0.00474489772023857,,,,
1950-11-15,,,,0.0011388421558355857,,,,
1950-11-16,,,,0.003191220284306471,,,,
1950-11-17,,,,0.004439174444615215,,,,
1950-11-20,,,,0.002032886840778451,,,,
1950-11-21,,,,0.0015425221510524847,,,,
1950-11-22,,,,0.009546567086590902,,,,
1950-11-24,,,,0.00510716255250229,,,,
1950-11-27,,,,0.004603093737882602,,,,
1950-11-28,,,,0.021284794411399202,,,,
1950-11-29,,,,0.005598266924204542,,,,
1950-11-30,,,,0.003974832961762954,,,,
1950-12-01,,,,0.004286597337099923,,,,
1950-12-04,,,,0.02016288525468746,,,,
1950-12-05,,,,0.008307714361809576,,,,
1950-12-06,,,,0.003469000315625926,,,,
1950-12-07,,,,0.0011943279749069239,,,,
1950-12-11,,,,0.008634392575968205,,,,
1950-12-12,,,,0.0009259044345265044,,,,
1950-12-13,,,,0.00011799800970147808,,,,
1950-12-14,,,,0.006563390479660942,,,,
1950-12-15,,,,0.00266781235114802,,,,
1950-12-18,,,,0.014673783667853185,,,,
1950-12-19,,,,0.0025802616858331302,,,,
1950-12-20,,,,-2.752278679468101e-05,,,,
1950-12-21,,,,-2.813750274645597e-05,,,,
1950-12-22,,,,0.0021468782281735205,,,,
1950-12-26,,,,0.0039655386716396165,,,,
1950-12-27,,,,0.010304859635155676,,,,
1950-12-28,,,,0.0018350420850126797,,,,
1950-12-29,,,,0.0010463012287626097,,,,
1951-01-02,,,,0.009013321264615896,,,,
1951-01-03,,,,0.0019688430502682076,,,,
1951-01-04,,,,0.004560875894894373,,,,
1951-01-08,,,,0.003266116494518094,,,,
1951-01-09,,,,0.0030136697696492203,,,,
1951-01-10,,,,0.007410240815902212,,,,
1951-01-11,,,,0.009194068251123042,,,,
1951-01-12,,,,0.0020069406250434667,,,,
1951-01-15,,,,0.0049230750302615735,,,,
1951-01-16,,,,0.004096261115493192,,,,
1951-01-17,,,,0.002171252108452062,,,,
1951-01-18,,,,0.004046833576027878,,,,
1951-01-19,,,,0.0009610693288025583,,,,
1951-01-22,,,,0.0050266535189375005,,,,
1951-01-23,,,,0.0019902049724084443,,,,
1951-01-24,,,,0.0027708885392304645,,,,
1951-01-25,,,,0.003713050805398107,,,,
1951-01-26,,,,0.006632613125335729,,,,
1951-01-29,,,,0.011974700869535943,,,,
1951-01-30,,,,0.0016509261109945532,,,,
1951-01-31,,,,0.0021271937299250717,,,,
1951-02-01,,,,0.0028717186815292784,,,,
1951-02-02,,,,0.005269345568791811,,,,
1951-02-05,,,,0.006751784312286592,,,,
1951-02-06,,,,0.00216489119167643,,,,
1951-02-07,,,,0.0036876569126979486,,,,
1951-02-08,,,,0.0026474352350210647,,,,
1951-02-09,,,,0.002066868910394749,,,,
1951-02-13,,,,-7.014783855767023e-05,,,,
1951-02-14,,,,0.0016827931031939284,,,,
1951-02-15,,,,0.0036223198505677193,,,,
1951-02-16,,,,0.00379767350188537,,,,
1951-02-19,,,,0.009537976672705378,,,,
1951-02-20,,,,0.001071656253136541,,,,
1951-02-21,,,,0.0018756758811355842,,,,
1951-02-23,,,,0.0015714606836598791,,,,
1951-02-26,,,,-7.092008952361508e-05,,,,
1951-02-27,,,,0.005537649011442228,,,,
1951-02-28,,,,0.0009510868377594009,,,,
1951-03-01,,,,0.0013105701767083479,,,,
1951-03-02,,,,0.0023806494093522677,,,,
1951-03-05,,,,0.004742687327324293,,,,
1951-03-07,,,,0.0021095688949363226,,,,
1951-03-08,,,,0.0028725287292557136,,,,
1951-03-12,,,,0.00923565097314927,,,,
1951-03-13,,,,0.010583979774494687,,,,
1951-03-14,,,,0.0056102344041433095,,,,
1951-03-15,,,,0.0010398496559224123,,,,
1951-03-16,,,,0.012634283548083021,,,,
1951-03-19,,,,0.0025712433938912187,,,,
1951-03-20,,,,0.0011965609608948964,,,,
1951-03-21,,,,0.003901489392672236,,,,
1951-03-22,,,,0.0028289923485274532,,,,
1951-03-26,,,,0.00709217727404964,,,,
1951-03-27,,,,0.0005038092214896221,,,,
1951-03-28,,,,0.009091886094650245,,,,
1951-03-29,,,,0.002151991345714458,,,,
1951-03-30,,,,0.005162505011446251,,,,
1951-04-02,,,,0.0057260998758030335,,,,
1951-04-03,,,,0.002021497256348459,,,,
1951-04-04,,,,0.004903764103422738,,,,
1951-04-05,,,,0.010613528606579865,,,,
1951-04-06,,,,0.0006554302243963545,,,,
1951-04-09,,,,0.001247068910700379,,,,
1951-04-10,,,,0.0008929828150164318,,,,
1951-04-11,,,,0.00014245725224468347,,,,
1951-04-12,,,,0.006944573446691709,,,,
1951-04-13,,,,0.009547117091179723,,,,
1951-04-16,,,,0.0016259013799508663,,,,
1951-04-17,,,,0.0014329599600516954,,,,
1951-04-18,,,,0.001068225835151737,,,,
1951-04-19,,,,0.0032648593854843677,,,,
1951-04-23,,,,-8.854159003063538e-05,,,,
1951-04-24,,,,0.0034229481253757275,,,,
1951-04-25,,,,-8.930889270733635e-05,,,,
1951-04-26,,,,0.00750059707860652,,,,
1951-04-27,,,,0.00904769231895308,,,,
1951-04-30,,,,0.0011186792033262287,,,,
1951-05-01,,,,0.0036040454343706767,,,,
1951-05-02,,,,0.0032192532010887676,,,,
1951-05-03,,,,0.0074484363067427,,,,
1951-05-04,,,,0.0013875513353581214,,,,
1951-05-07,,,,0.005626144107922696,,,,
1951-05-08,,,,0.0005664897547055272,,,,
1951-05-09,,,,0.0007495207577815585,,,,
1951-05-10,,,,0.005377494063718862,,,,
1951-05-11,,,,0.007579287661433367,,,,
1951-05-14,,,,0.006223017393798675,,,,
1951-05-15,,,,0.01797058627776489,,,,
1951-05-16,,,,0.0025129692760888335,,,,
1951-05-17,,,,0.008351902533520219,,,,
1951-05-18,,,,0.015376086248298563,,,,
1951-05-21,,,,0.0016078507047830037,,,,
1951-05-22,,,,0.003511061374116394,,,,
1951-05-23,,,,0.007384694302962157,,,,
1951-05-24,,,,0.003980979249651486,,,,
1951-05-25,,,,0.0005418506529089873,,,,
1951-05-28,,,,0.006687939158709119,,,,
1951-05-29,,,,0.0049967375245351655,,,,
1951-05-31,,,,0.006127513401420065,,,,
1951-06-01,,,,0.0012920245618191245,,,,
1951-06-04,,,,0.009115026617872538,,,,
1951-06-05,,,,0.0030323357459907017,,,,
1951-06-06,,,,0.005386707131223223,,,,
1951-06-07,,,,0.0026367009578100306,,,,
1951-06-08,,,,0.002489662360885008,,,,
1951-06-11,,,,0.004296816721463175,,,,
1951-06-12,,,,0.0033315858431217198,,,,
1951-06-13,,,,0.000731308601291654,,,,
1951-06-14,,,,0.011413029983542388,,,,
1951-06-15,,,,0.0072938484945433285,,,,
1951-06-18,,,,-8.4037287969076e-05,,,,
1951-06-19,,,,0.0009170957299245151,,,,
1951-06-20,,,,0.004097535368445577,,,,
1951-06-21,,,,0.004950501273495501,,,,
1951-06-22,,,,0.009048385223523865,,,,
1951-06-25,,,,0.010169527780802339,,,,
1951-06-26,,,,-7.05061386988011e-05,,,,
1951-06-27,,,,0.002338034333380833,,,,
1951-06-28,,,,0.010695827361355315,,,,
1951-06-29,,,,0.005340798316929423,,,,
1951-07-02,,,,0.005192629164640129,,,,
1951-07-03,,,,0.004747325894039682,,,,
1951-07-05,,,,0.015917329634206914,,,,
1951-07-09,,,,0.0028339944315088606,,,,
1951-07-10,,,,0.0034338452779116573,,,,
1951-07-11,,,,0.0014152437140577947,,,,
1951-07-12,,,,0.0040741087489166,,,,
1951-07-13,,,,0.006356502117374359,,,,
1951-07-16,,,,0.009138499520830541,,,,
1951-07-17,,,,0.006594423364091119,,,,
1951-07-18,,,,0.0012322027850822656,,,,
1951-07-19,,,,0.0012545217642442414,,,,
1951-07-20,,,,0.0010589941082990292,,,,
1951-07-23,,,,0.008005361435167096,,,,
1951-07-24,,,,0.012360281272397518,,,,
1951-07-25,,,,0.004033911220932052,,,,
1951-07-26,,,,0.004945039186696684,,,,
1951-07-27,,,,0.0017113241005194155,,,,
1951-07-30,,,,0.003193644097762663,,,,
1951-07-31,,,,0.008235141453425717,,,,
1951-08-01,,,,0.0035567897950893415,,,,
1951-08-02,,,,0.010928523126011782,,,,
1951-08-03,,,,0.0006116201846031909,,,,
1951-08-06,,,,0.005271924655132241,,,,
1951-08-07,,,,0.00026036188463465033,,,,
1951-08-08,,,,0.0033996246633930037,,,,
1951-08-09,,,,0.0030690357977189546,,,,
1951-08-10,,,,0.001616795195991713,,,,
1951-08-13,,,,-9.90003505485336e-05,,,,
1951-08-14,,,,0.0035960057907300563,,,,
1951-08-15,,,,0.0030159731171045157,,,,
1951-08-16,,,,0.002651647410142138,,,,
1951-08-17,,,,0.002282959946409831,,,,
1951-08-20,,,,0.00013478718554444568,,,,
1951-08-21,,,,0.00382927657819014,,,,
1951-08-22,,,,0.003040617762903166,,,,
1951-08-23,,,,0.005768067047516932,,,,
1951-08-24,,,,0.0005593120619687761,,,,
1951-08-27,,,,0.0009949176402567195,,,,
1951-08-28,,,,0.0016172177801775053,,,,
1951-08-29,,,,0.0073495064273896085,,,,
1951-08-30,,,,0.006393148244282677,,,,
1951-08-31,,,,0.0011736787987055325,,,,
1951-09-05,,,,0.005676369221162471,,,,
1951-09-06,,,,0.0016555451291974978,,,,
1951-09-07,,,,0.0021331182584196427,,,,
1951-09-10,,,,0.003542772199642166,,,,
1951-09-11,,,,0.005265235415520729,,,,
1951-09-12,,,,0.004044806467923302,,,,
1951-09-13,,,,0.004546854059246405,,,,
1951-09-14,,,,0.0006198550708468804,,,,
1951-09-17,,,,0.0030281003415472477,,,,
1951-09-18,,,,0.001120541446137311,,,,
1951-09-20,,,,0.0006569088652477882,,,,
1951-09-21,,,,0.008276990767845147,,,,
1951-09-24,,,,0.004647515167384242,,,,
1951-09-25,,,,0.003365831262450892,,,,
1951-09-26,,,,0.000357507044028151,,,,
1951-09-27,,,,0.00634348787353994,,,,
1951-09-28,,,,0.00016677048939846582,,,,
1951-10-01,,,,0.010302179010879268,,,,
1951-10-02,,,,0.00791391728908014,,,,
1951-10-03,,,,0.006801980548614174,,,,
1951-10-04,,,,0.003117627117439452,,,,
1951-10-05,,,,0.0023385656203074867,,,,
1951-10-08,,,,0.001168350745050625,,,,
1951-10-09,,,,0.004780705087506394,,,,
1951-10-10,,,,0.0017079751168107519,,,,
1951-10-11,,,,0.004023786190407727,,,,
1951-10-15,,,,0.007212788008243233,,,,
1951-10-16,,,,0.0038179548184767466,,,,
1951-10-17,,,,0.0038482576018166238,,,,
1951-10-18,,,,0.0006966387018304221,,,,
1951-10-19,,,,0.018514758434741027,,,,
1951-10-22,,,,0.027088549518558113,,,,
1951-10-23,,,,0.003007045350070672,,,,
1951-10-24,,,,0.006932569956412008,,,,
1951-10-25,,,,0.002433103560568133,,,,
1951-10-26,,,,0.005605859590021555,,,,
1951-10-29,,,,0.004480310753680262,,,,
1951-10-30,,,,0.0009388893776050545,,,,
1951-10-31,,,,0.010922339786287394,,,,
1951-11-01,,,,0.00569440140976101,,,,
1951-11-02,,,,0.006268856590235695,,,,
1951-11-05,,,,0.003992988775657358,,,,
1951-11-07,,,,0.012684451767964454,,,,
1951-11-08,,,,0.0005113506850815277,,,,
1951-11-09,,,,0.010339912885066888,,,,
1951-11-13,,,,0.0010070769417453512,,,,
1951-11-14,,,,0.0017657899899148966,,,,
1951-11-15,,,,0.0001270126310927159,,,,
1951-11-16,,,,0.000513358116133059,,,,
1951-11-19,,,,0.003259610945060054,,,,
1951-11-20,,,,0.0017252376118402843,,,,
1951-11-21,,,,0.0013530141299899223,,,,
1951-11-23,,,,0.009627319339451473,,,,
1951-11-26,,,,0.0007190735166210196,,,,
1951-11-27,,,,0.00901550874551404,,,,
1951-11-28,,,,0.0017345609748747489,,,,
1951-11-29,,,,0.0019316129458292045,,,,
1951-11-30,,,,0.00812154613871283,,,,
1951-12-03,,,,0.004703077491730922,,,,
1951-12-04,,,,0.004699274246007379,,,,
1951-12-05,,,,0.0025382765892346818,,,,
1951-12-06,,,,0.01048230828815135,,,,
1951-12-07,,,,0.0010574930241475137,,,,
1951-12-10,,,,0.0010728753887470186,,,,
1951-12-11,,,,0.004557974774041782,,,,
1951-12-12,,,,0.0023206009179421836,,,,
1951-12-13,,,,0.00029050482007439963,,,,
1951-12-14,,,,0.0005523249792214608,,,,
1951-12-17,,,,0.0011511728629596163,,,,
1951-12-18,,,,0.002894817692280128,,,,
1951-12-19,,,,0.0029230120951328526,,,,
1951-12-21,,,,0.002384590345744063,,,,
1951-12-24,,,,0.0007731290052218698,,,,
1951-12-26,,,,0.004308619915996268,,,,
1951-12-27,,,,0.009194312177031316,,,,
1951-12-28,,,,0.0012215062955114877,,,,
1951-12-31,,,,0.003082590308216251,,,,
1952-01-02,,,,0.0007844534497248021,,,,
1952-01-03,,,,0.0031626093353691867,,,,
1952-01-04,,,,0.001281150327516667,,,,
1952-01-07,,,,0.00014851292329059147,,,,
1952-01-08,,,,0.004102792433495424,,,,
1952-01-09,,,,0.0036377976526451084,,,,
1952-01-10,,,,0.0053719252602594,,,,
1952-01-11,,,,0.0053708591263998086,,,,
1952-01-14,,,,0.008395702891290923,,,,
1952-01-15,,,,0.004605848631785733,,,,
1952-01-16,,,,0.0008295947957830689,,,,
1952-01-17,,,,0.00488426577772505,,,,
1952-01-18,,,,0.001858165613349454,,,,
1952-01-21,,,,0.01012625129811321,,,,
1952-01-22,,,,0.009337940161772014,,,,
1952-01-23,,,,0.005541011367221041,,,,
1952-01-24,,,,0.00031368435529481863,,,,
1952-01-25,,,,0.00014268288059111623,,,,
1952-01-28,,,,0.0023424326135578787,,,,
1952-01-29,,,,0.0016821635318361515,,,,
1952-01-30,,,,0.017259958355334358,,,,
1952-01-31,,,,0.0038576381792620905,,,,
1952-02-01,,,,0.006885386978535987,,,,
1952-02-04,,,,0.008048204909646698,,,,
1952-02-05,,,,0.0001379318354137059,,,,
1952-02-06,,,,0.00265075640578067,,,,
1952-02-07,,,,0.002980720669064183,,,,
1952-02-08,,,,0.005593804218082646,,,,
1952-02-11,,,,0.005885845952571861,,,,
1952-02-13,,,,0.008777241704355197,,,,
1952-02-14,,,,0.002037283856304373,,,,
1952-02-15,,,,0.00014775908228069164,,,,
1952-02-18,,,,0.005536764750539642,,,,
1952-02-19,,,,0.018401466051822503,,,,
1952-02-20,,,,0.011763371857394069,,,,
1952-02-21,,,,0.0024944530678658416,,,,
1952-02-25,,,,0.002510392254462667,,,,
1952-02-26,,,,0.0032409259308829427,,,,
1952-02-27,,,,0.0007736261098106411,,,,
1952-02-28,,,,0.004434588176064869,,,,
1952-02-29,,,,0.0010586361174625037,,,,
1952-03-03,,,,0.0007944633291087272,,,,
1952-03-04,,,,0.01774256838327696,,,,
1952-03-05,,,,0.0006939195046023638,,,,
1952-03-06,,,,0.0005472895211026512,,,,
1952-03-07,,,,0.0007171434927540604,,,,
1952-03-10,,,,0.004879284298564615,,,,
1952-03-11,,,,0.0003023808913944907,,,,
1952-03-12,,,,0.004292213002609377,,,,
1952-03-13,,,,0.00030476501181433946,,,,
1952-03-17,,,,0.007198828233285063,,,,
1952-03-18,,,,0.0019474639258389537,,,,
1952-03-19,,,,0.001980303013527325,,,,
1952-03-20,,,,0.002654894934377128,,,,
1952-03-21,,,,0.0012643490800697606,,,,
1952-03-25,,,,0.006487014386093893,,,,
1952-03-26,,,,0.00015101781264775584,,,,
1952-03-27,,,,0.00977412969568194,,,,
1952-03-28,,,,0.008466397263602259,,,,
1952-03-31,,,,0.008275829802887128,,,,
1952-04-01,,,,0.008414173204992399,,,,
1952-04-02,,,,0.0024013548277039254,,,,
1952-04-04,,,,0.004352414706628702,,,,
1952-04-07,,,,0.010067075036687462,,,,
1952-04-08,,,,0.004476539811708396,,,,
1952-04-09,,,,0.0007764048605663632,,,,
1952-04-10,,,,0.007371003925049089,,,,
1952-04-14,,,,0.007086076528574053,,,,
1952-04-15,,,,0.013538313324234363,,,,
1952-04-16,,,,0.0027749630172213577,,,,
1952-04-17,,,,0.007292820725772402,,,,
1952-04-18,,,,0.003450282743143025,,,,
1952-04-21,,,,0.007959978567995876,,,,
1952-04-22,,,,0.004525247950288728,,,,
1952-04-23,,,,0.004139055578405827,,,,
1952-04-24,,,,0.0019460026819501418,,,,
1952-04-25,,,,0.004451099332561894,,,,
1952-04-28,,,,-0.00013889492491254846,,,,
1952-04-29,,,,0.002478587556393707,,,,
1952-04-30,,,,0.007739593444247945,,,,
1952-05-01,,,,0.00679018255065125,,,,
1952-05-02,,,,0.017981678987700266,,,,
1952-05-05,,,,0.003595935336975061,,,,
1952-05-06,,,,-0.00012860143373882204,,,,
1952-05-07,,,,0.005363276229342524,,,,
1952-05-08,,,,0.0015505147351037546,,,,
1952-05-09,,,,0.0005582075836883636,,,,
1952-05-12,,,,0.003610180481896257,,,,
1952-05-13,,,,0.0007424072457340779,,,,
1952-05-14,,,,0.00416499024882687,,,,
1952-05-15,,,,0.0033123242458993683,,,,
1952-05-16,,,,0.001524448198232899,,,,
1952-05-19,,,,0.0017298018071241195,,,,
1952-05-20,,,,0.005540429488331078,,,,
1952-05-21,,,,0.001266200838225191,,,,
1952-05-22,,,,0.005586330208629159,,,,
1952-05-23,,,,0.0006221076896687981,,,,
1952-05-26,,,,0.0017823253850750209,,,,
1952-05-27,,,,0.0026059784859077057,,,,
1952-05-28,,,,0.001648835167539721,,,,
1952-05-29,,,,0.000345024804839884,,,,
1952-06-02,,,,0.0027351775255358467,,,,
1952-06-03,,,,0.0006847862673361216,,,,
1952-06-04,,,,0.008348240499659727,,,,
1952-06-05,,,,0.0071081544241079885,,,,
1952-06-06,,,,0.007530083084952632,,,,
1952-06-09,,,,0.004890552939840372,,,,
1952-06-10,,,,0.006755527872807427,,,,
1952-06-11,,,,0.003365655022763301,,,,
1952-06-13,,,,0.0024154413010513695,,,,
1952-06-16,,,,0.003307964491294187,,,,
1952-06-17,,,,0.0008793818833207257,,,,
1952-06-18,,,,0.0046708647280665,,,,
1952-06-19,,,,0.0036037529848015055,,,,
1952-06-20,,,,0.003634897484809604,,,,
1952-06-23,,,,0.0012631965719032611,,,,
1952-06-24,,,,0.0014804949826778121,,,,
1952-06-25,,,,0.002640282643411295,,,,
1952-06-26,,,,0.004402236104265444,,,,
1952-06-27,,,,0.00385060040649242,,,,
1952-06-30,,,,0.006818027027389385,,,,
1952-07-01,,,,0.008544026390192605,,,,
1952-07-02,,,,0.0030409165138738283,,,,
1952-07-03,,,,0.000158290519694532,,,,
1952-07-07,,,,0.004287613071888954,,,,
1952-07-08,,,,0.00016258809591004672,,,,
1952-07-09,,,,0.005566352948747371,,,,
1952-07-10,,,,0.002560018388889492,,,,
1952-07-11,,,,0.009455297591031565,,,,
1952-07-14,,,,0.0021354898779482835,,,,
1952-07-15,,,,0.006955120812748776,,,,
1952-07-17,,,,0.006221051946425275,,,,
1952-07-18,,,,0.011582909032414289,,,,
1952-07-21,,,,0.004941159991547949,,,,
1952-07-22,,,,0.0020799606514398865,,,,
1952-07-23,,,,0.005604081420608944,,,,
1952-07-24,,,,0.0067723094030849845,,,,
1952-07-25,,,,0.004220422606554927,,,,
1952-07-28,,,,0.0015201434336596085,,,,
1952-07-29,,,,0.002726090161225935,,,,
1952-07-30,,,,0.005757786399608618,,,,
1952-07-31,,,,0.0009585080707326603,,,,
1952-08-01,,,,0.0021940872710998626,,,,
1952-08-04,,,,0.0007814118645703851,,,,
1952-08-05,,,,0.0010004040098891254,,,,
1952-08-06,,,,0.0008051399932332507,,,,
1952-08-07,,,,0.004268650864394567,,,,
1952-08-08,,,,0.001037026880764479,,,,
1952-08-11,,,,0.001499574523687891,,,,
1952-08-12,,,,0.013617937805432493,,,,
1952-08-13,,,,0.00141483940913368,,,,
1952-08-15,,,,0.004684159025438832,,,,
1952-08-18,,,,0.01635975577963412,,,,
1952-08-19,,,,0.0025249554384668086,,,,
1952-08-20,,,,0.002770440684579578,,,,
1952-08-21,,,,0.000979543682090672,,,,
1952-08-22,,,,-0.00023490576287807827,,,,
1952-08-25,,,,0.0070436260205230024,,,,
1952-08-26,,,,0.0020410339712571357,,,,
1952-08-27,,,,0.006089932985616076,,,,
1952-08-28,,,,0.0010160824559514799,,,,
1952-08-29,,,,0.0029405485514342983,,,,
1952-09-02,,,,0.006821473575601402,,,,
1952-09-03,,,,0.005473101304044706,,,,
1952-09-04,,,,0.0001696704671072115,,,,
1952-09-05,,,,0.0014650035401497434,,,,
1952-09-08,,,,0.006081107151256773,,,,
1952-09-09,,,,0.015909788231802065,,,,
1952-09-10,,,,0.00982232043801804,,,,
1952-09-11,,,,0.0009672101108978442,,,,
1952-09-12,,,,0.00016963339068214943,,,,
1952-09-15,,,,0.01545564756697809,,,,
1952-09-16,,,,0.0037989247937079192,,,,
1952-09-17,,,,0.0020843422958190696,,,,
1952-09-18,,,,0.0036338193062675347,,,,
1952-09-19,,,,0.002723866474622834,,,,
1952-09-22,,,,0.0003782461202967442,,,,
1952-09-23,,,,0.0057819818289573405,,,,
1952-09-24,,,,0.004538600930456752,,,,
1952-09-25,,,,0.0003733433424431557,,,,
1952-09-26,,,,0.00439896333703914,,,,
1952-09-29,,,,0.002615140784260706,,,,
1952-09-30,,,,0.008241880142346251,,,,
1952-10-01,,,,0.0032587848259592604,,,,
1952-10-02,,,,0.0016553718457415058,,,,
1952-10-03,,,,0.0008155087996513075,,,,
1952-10-06,,,,0.003408540634886599,,,,
1952-10-07,,,,0.0021533249300139125,,,,
1952-10-08,,,,0.011084097631215817,,,,
1952-10-09,,,,0.00018021339040095313,,,,
1952-10-10,,,,0.0008238595156482319,,,,
1952-10-14,,,,0.004097583885645043,,,,
1952-10-15,,,,0.027254863858579607,,,,
1952-10-16,,,,0.007622487303112349,,,,
1952-10-17,,,,0.014802912188083467,,,,
1952-10-20,,,,0.003029004948512759,,,,
1952-10-21,,,,0.0025933220494191904,,,,
1952-10-22,,,,0.01310370709110139,,,,
1952-10-23,,,,0.0027322467424341452,,,,
1952-10-24,,,,0.007092136110466879,,,,
1952-10-27,,,,0.002205550147180523,,,,
1952-10-28,,,,0.0012707294556057712,,,,
1952-10-29,,,,0.00032071667151424045,,,,
1952-10-31,,,,0.017780121991750837,,,,
1952-11-03,,,,0.0028923230574725107,,,,
1952-11-05,,,,0.0024770521664077257,,,,
1952-11-06,,,,0.0038345467363364717,,,,
1952-11-07,,,,-0.00016564960224527999,,,,
1952-11-10,,,,0.00012754874330050137,,,,
1952-11-12,,,,0.005215874472730449,,,,
1952-11-13,,,,0.0021577573392434816,,,,
1952-11-14,,,,0.0012401027429195897,,,,
1952-11-17,,,,0.0017352126869689033,,,,
1952-11-18,,,,0.016777014252974454,,,,
1952-11-19,,,,0.006775397922436948,,,,
1952-11-20,,,,0.001838270015022686,,,,
1952-11-21,,,,0.00011642917267835715,,,,
1952-11-24,,,,0.006048184079867601,,,,
1952-11-25,,,,0.002334814438895227,,,,
1952-11-26,,,,0.006561076409802537,,,,
1952-11-28,,,,0.0056297580522493475,,,,
1952-12-01,,,,0.0002596609039313877,,,,
1952-12-02,,,,0.0020841340423821374,,,,
1952-12-03,,,,0.001040510610189802,,,,
1952-12-04,,,,0.0043373676113050525,,,,
1952-12-05,,,,-0.0001965550886703386,,,,
1952-12-08,,,,0.00602501536583037,,,,
1952-12-09,,,,0.007450815459080861,,,,
1952-12-10,,,,0.00169110094544357,,,,
1952-12-11,,,,0.0006002293198963544,,,,
1952-12-12,,,,0.0032088918809166306,,,,
1952-12-16,,,,0.000783700106236601,,,,
1952-12-17,,,,0.0011464830534440005,,,,
1952-12-18,,,,0.00012651330130584377,,,,
1952-12-19,,,,0.005556938270909629,,,,
1952-12-22,,,,0.007154611570435432,,,,
1952-12-23,,,,0.0053805037398086345,,,,
1952-12-24,,,,0.0002880047205637107,,,,
1952-12-26,,,,0.001356162489394086,,,,
1952-12-29,,,,0.007320432600534597,,,,
1952-12-30,,,,0.00942407718468613,,,,
1952-12-31,,,,0.0006479361621578079,,,,
1953-01-02,,,,0.0011915467652639056,,,,
1953-01-05,,,,0.005699059646585293,,,,
1953-01-06,,,,0.009364159284493022,,,,
1953-01-07,,,,0.005369791662754598,,,,
1953-01-08,,,,0.0016934091541075094,,,,
1953-01-09,,,,0.01285845495646889,,,,
1953-01-12,,,,0.010627477904817407,,,,
1953-01-13,,,,0.007059420071308439,,,,
1953-01-14,,,,0.0021831730216528996,,,,
1953-01-15,,,,0.0017247995692787257,,,,
1953-01-16,,,,0.005038767471368168,,,,
1953-01-19,,,,0.00012100404883193575,,,,
1953-01-20,,,,0.005814079756598883,,,,
1953-01-21,,,,0.0021270101138363994,,,,
1953-01-22,,,,0.0007917045985399879,,,,
1953-01-23,,,,0.002193179681051715,,,,
1953-01-26,,,,0.0022260087317656834,,,,
1953-01-27,,,,0.0008302387770415748,,,,
1953-01-28,,,,0.003545810536846597,,,,
1953-01-29,,,,0.003027054012802997,,,,
1953-01-30,,,,0.009113938030068117,,,,
1953-02-02,,,,0.0062006103661011195,,,,
1953-02-03,,,,0.0008214998136877776,,,,
1953-02-04,,,,0.006117775285048932,,,,
1953-02-05,,,,0.014228772761125415,,,,
1953-02-06,,,,0.017474474890114555,,,,
1953-02-09,,,,0.03652579275483977,,,,
1953-02-10,,,,0.001968312949928715,,,,
1953-02-11,,,,0.00018648084149444554,,,,
1953-02-13,,,,0.002794699179146544,,,,
1953-02-16,,,,0.0027102384316511486,,,,
1953-02-17,,,,0.0047636219275464225,,,,
1953-02-18,,,,0.0004266509623154645,,,,
1953-02-19,,,,0.0026165921973548504,,,,
1953-02-20,,,,0.0015939231723653853,,,,
1953-02-24,,,,0.003724969592028848,,,,
1953-02-25,,,,0.0051515658130049545,,,,
1953-02-26,,,,0.0009042568401045745,,,,
1953-02-27,,,,0.0015196075477762207,,,,
1953-03-02,,,,0.0005703815954879802,,,,
1953-03-03,,,,0.002058207803498607,,,,
1953-03-04,,,,0.007954604000369049,,,,
1953-03-05,,,,-0.0001590384804694233,,,,
1953-03-06,,,,0.0013539645370329594,,,,
1953-03-09,,,,9.605775156922262e-05,,,,
1953-03-10,,,,0.002569506881892657,,,,
1953-03-11,,,,0.0077284905511898075,,,,
1953-03-12,,,,-0.0001727327653333481,,,,
1953-03-13,,,,0.001400630892031507,,,,
1953-03-16,,,,0.0010198574084114877,,,,
1953-03-17,,,,0.003876156972492306,,,,
1953-03-18,,,,0.0033651158567590345,,,,
1953-03-19,,,,0.0005124457300442739,,,,
1953-03-20,,,,0.0013636750250626093,,,,
1953-03-23,,,,0.006525789949494981,,,,
1953-03-24,,,,0.005810996022269429,,,,
1953-03-25,,,,0.002660582777011534,,,,
1953-03-26,,,,0.006164958362473132,,,,
1953-03-27,,,,0.0011134786455449927,,,,
1953-03-30,,,,0.01641708098246605,,,,
1953-03-31,,,,0.012737817085639116,,,,
1953-04-01,,,,0.001285277902038206,,,,
1953-04-02,,,,0.0005080441941223065,,,,
1953-04-06,,,,0.025014640432411774,,,,
1953-04-07,,,,0.0029822042168698684,,,,
1953-04-08,,,,0.007144818739345811,,,,
1953-04-09,,,,0.0014448777247640051,,,,
1953-04-10,,,,0.0018175579296653775,,,,
1953-04-13,,,,0.0015023910812181475,,,,
1953-04-14,,,,0.002729388997479749,,,,
1953-04-15,,,,0.0031028527191793555,,,,
1953-04-16,,,,0.0015453842354719147,,,,
1953-04-17,,,,0.010415876776961867,,,,
1953-04-20,,,,0.0035084346477532824,,,,
1953-04-21,,,,0.0019260614247049378,,,,
1953-04-22,,,,0.007539191720053642,,,,
1953-04-23,,,,0.00983322737268199,,,,
1953-04-24,,,,-0.00012611265332843936,,,,
1953-04-27,,,,0.004785754729250276,,,,
1953-04-28,,,,0.006243295651817719,,,,
1953-04-29,,,,0.005395191805148574,,,,
1953-04-30,,,,0.0019288886030484828,,,,
1953-05-01,,,,0.003584410629157224,,,,
1953-05-04,,,,0.009556717308920644,,,,
1953-05-05,,,,0.0005782806402126175,,,,
1953-05-06,,,,0.0008261167216491587,,,,
1953-05-07,,,,0.003431926808106648,,,,
1953-05-11,,,,-0.00014462991281695499,,,,
1953-05-12,,,,0.006332985246882995,,,,
1953-05-13,,,,0.0008944353998046213,,,,
1953-05-14,,,,0.00504215346171736,,,,
1953-05-15,,,,0.00011072392194165993,,,,
1953-05-18,,,,0.0033482652267341965,,,,
1953-05-19,,,,0.0017602037980840048,,,,
1953-05-20,,,,0.009055921564972933,,,,
1953-05-21,,,,0.004694616378793732,,,,
1953-05-22,,,,0.0009175523594491858,,,,
1953-05-25,,,,0.0013456776518742742,,,,
1953-05-26,,,,0.004718253622289798,,,,
1953-05-27,,,,0.009434200597023485,,,,
1953-05-28,,,,0.007240993216369386,,,,
1953-05-29,,,,0.0027952147644885366,,,,
1953-06-01,,,,0.01620918245606962,,,,
1953-06-02,,,,0.0022455925778878246,,,,
1953-06-03,,,,0.0013177199766604365,,,,
1953-06-04,,,,0.005823506556823772,,,,
1953-06-05,,,,0.0019256400250800085,,,,
1953-06-08,,,,0.0030378339235529674,,,,
1953-06-09,,,,0.017084200324418757,,,,
1953-06-10,,,,0.0021046468708250795,,,,
1953-06-11,,,,0.007952508410438002,,,,
1953-06-12,,,,0.0022170624861204704,,,,
1953-06-15,,,,0.007586576384064176,,,,
1953-06-16,,,,0.002497626113494933,,,,
1953-06-17,,,,0.011571038330974993,,,,
1953-06-18,,,,0.00011571965263070869,,,,
1953-06-22,,,,0.004156751377466517,,,,
1953-06-23,,,,0.0057039867803540464,,,,
1953-06-24,,,,0.0008852441768905676,,,,
1953-06-25,,,,0.003396934865501811,,,,
1953-06-26,,,,0.0002602888546478759,,,,
1953-06-29,,,,0.0025198604913393334,,,,
1953-07-01,,,,0.0035890518790598403,,,,
1953-07-02,,,,0.002353634078829504,,,,
1953-07-03,,,,0.0015354536290039097,,,,
1953-07-06,,,,0.00027736495286987415,,,,
1953-07-07,,,,0.005039531077507319,,,,
1953-07-08,,,,0.0001245965698013606,,,,
1953-07-09,,,,0.0027637862315177584,,,,
1953-07-10,,,,0.0005763458675649603,,,,
1953-07-13,,,,0.010585729241298223,,,,
1953-07-14,,,,0.0036897317125146193,,,,
1953-07-15,,,,0.0025582993650853287,,,,
1953-07-16,,,,0.0007573701127157789,,,,
1953-07-17,,,,0.00723646025523083,,,,
1953-07-20,,,,0.005578928487518208,,,,
1953-07-21,,,,0.0024232117448927757,,,,
1953-07-22,,,,0.0007737034754549703,,,,
1953-07-23,,,,0.0012565184398892926,,,,
1953-07-27,,,,0.007451277124960237,,,,
1953-07-28,,,,0.0012986712327217533,,,,
1953-07-29,,,,0.006739751265701947,,,,
1953-07-30,,,,0.010524629580774573,,,,
1953-07-31,,,,0.011448260671743954,,,,
1953-08-03,,,,0.003368368922098982,,,,
1953-08-04,,,,0.0023515836354350175,,,,
1953-08-05,,,,0.004195405299427516,,,,
1953-08-06,,,,0.004853757085084748,,,,
1953-08-07,,,,0.0005853094955230412,,,,
1953-08-10,,,,0.0010609334076495888,,,,
1953-08-11,,,,0.0010793364460875013,,,,
1953-08-12,,,,0.0022279369988704766,,,,
1953-08-13,,,,0.0020851648515314613,,,,
1953-08-14,,,,0.005086223107535303,,,,
1953-08-17,,,,0.0026323067731341653,,,,
1953-08-18,,,,0.004695879877634277,,,,
1953-08-19,,,,0.0072956704918334435,,,,
1953-08-20,,,,0.0006598286658684478,,,,
1953-08-21,,,,0.0024159155930396315,,,,
1953-08-24,,,,0.01325756628435728,,,,
1953-08-25,,,,0.007666052220289756,,,,
1953-08-26,,,,0.0031611132458054655,,,,
1953-08-27,,,,0.003217012698734156,,,,
1953-08-28,,,,0.002236427389532129,,,,
1953-08-31,,,,0.021836728582858535,,,,
1953-09-01,,,,0.004047464066641171,,,,
1953-09-02,,,,0.005881711232584364,,,,
1953-09-03,,,,0.0019690038875664127,,,,
1953-09-04,,,,0.002183882212027286,,,,
1953-09-08,,,,0.0012628797171026242,,,,
1953-09-09,,,,0.0012768761794364587,,,,
1953-09-10,,,,0.011190290552099804,,,,
1953-09-11,,,,0.01238801163337618,,,,
1953-09-14,,,,0.019415574239195158,,,,
1953-09-15,,,,0.007430342803748473,,,,
1953-09-16,,,,0.003947422213172696,,,,
1953-09-17,,,,0.0019111491026166448,,,,
1953-09-18,,,,0.0046217384335283255,,,,
1953-09-21,,,,0.0026273346657123137,,,,
1953-09-22,,,,0.012994526157032473,,,,
1953-09-23,,,,0.0006656047223771988,,,,
1953-09-24,,,,-0.00011239035600326406,,,,
1953-09-25,,,,0.0018850739638258914,,,,
1953-09-28,,,,0.00553987815298952,,,,
1953-09-29,,,,0.0010823981178768954,,,,
1953-09-30,,,,0.0054102909541475655,,,,
1953-10-01,,,,0.00521935301299005,,,,
1953-10-02,,,,0.0035524059944906155,,,,
1953-10-05,,,,0.004232055603123555,,,,
1953-10-06,,,,0.00346094650949669,,,,
1953-10-07,,,,0.007485022975607554,,,,
1953-10-08,,,,0.0011150926872369904,,,,
1953-10-09,,,,0.00112996445767673,,,,
1953-10-13,,,,0.0035394170531474786,,,,
1953-10-14,,,,0.0041893374072317245,,,,
1953-10-15,,,,0.011122920726095374,,,,
1953-10-16,,,,0.007274043600133024,,,,
1953-10-19,,,,0.0002693830132640691,,,,
1953-10-20,,,,-0.00013903563939896728,,,,
1953-10-21,,,,0.0002778295957467783,,,,
1953-10-22,,,,0.004119745351708948,,,,
1953-10-23,,,,0.0015675640359324573,,,,
1953-10-26,,,,0.001433274804164543,,,,
1953-10-27,,,,0.0018991727160189377,,,,
1953-10-28,,,,0.0007442779368876276,,,,
1953-10-29,,,,0.012618130294071977,,,,
1953-10-30,,,,0.0014143032509746883,,,,
1953-11-02,,,,0.00465016795203826,,,,
1953-11-04,,,,0.00627255475125574,,,,
1953-11-05,,,,0.005100850227100523,,,,
1953-11-06,,,,0.0010031743919935831,,,,
1953-11-09,,,,0.0016228766373705464,,,,
1953-11-10,,,,0.012806863476194941,,,,
1953-11-12,,,,0.003288697519076967,,,,
1953-11-13,,,,0.002882163676577818,,,,
1953-11-16,,,,0.006701885523351128,,,,
1953-11-17,,,,0.005378590382404171,,,,
1953-11-18,,,,0.0011700282821715197,,,,
1953-11-19,,,,0.004313390884754892,,,,
1953-11-20,,,,0.001188130793021091,,,,
1953-11-23,,,,0.003319239893330867,,,,
1953-11-24,,,,0.005833863316265543,,,,
1953-11-25,,,,0.0002957835788251749,,,,
1953-11-27,,,,0.005902376744761997,,,,
1953-11-30,,,,0.004018049322969457,,,,
1953-12-01,,,,0.00029505995314564045,,,,
1953-12-02,,,,0.007445070052788619,,,,
1953-12-03,,,,0.0002916357601402989,,,,
1953-12-04,,,,-0.0001829420348805714,,,,
1953-12-07,,,,0.0011081491415013682,,,,
1953-12-08,,,,0.0035991886462798375,,,,
1953-12-09,,,,0.001137371028951718,,,,
1953-12-10,,,,0.002677531616173256,,,,
1953-12-11,,,,0.000658044384230772,,,,
1953-12-14,,,,0.003281601223098878,,,,
1953-12-15,,,,0.0003347350783885401,,,,
1953-12-16,,,,0.012696295277487465,,,,
1953-12-17,,,,0.0006456542672948795,,,,
1953-12-18,,,,0.0018622189238057887,,,,
1953-12-21,,,,0.001709170793427213,,,,
1953-12-22,,,,0.00968054605431233,,,,
1953-12-23,,,,0.003244044123611495,,,,
1953-12-24,,,,0.005037410392836396,,,,
1953-12-28,,,,0.004333293966837514,,,,
1953-12-29,,,,0.008068937206991065,,,,
1953-12-30,,,,0.010271131007202654,,,,
1953-12-31,,,,0.001823028672535976,,,,
1954-01-04,,,,0.006428296087903239,,,,
1954-01-05,,,,0.006885824238052785,,,,
1954-01-06,,,,0.0013087392461726536,,,,
1954-01-07,,,,0.0037015928038184767,,,,
1954-01-08,,,,0.0063061164981453284,,,,
1954-01-11,,,,0.006296640277136655,,,,
1954-01-12,,,,0.005961695318063665,,,,
1954-01-13,,,,0.00643882023778633,,,,
1954-01-14,,,,0.005378247136371303,,,,
1954-01-15,,,,0.011462362586022373,,,,
1954-01-19,,,,0.01163929744775217,,,,
1954-01-20,,,,0.0026364255245568237,,,,
1954-01-21,,,,0.0012332654865222917,,,,
1954-01-22,,,,0.0022248105804848106,,,,
1954-01-25,,,,0.003242688419813797,,,,
1954-01-26,,,,0.007278007257809816,,,,
1954-01-27,,,,0.003603007743095247,,,,
1954-01-28,,,,-0.00021954350747007103,,,,
1954-01-29,,,,0.002314662573548631,,,,
1954-02-01,,,,0.004246255846969718,,,,
1954-02-02,,,,0.0032239147762147583,,,,
1954-02-03,,,,0.003934183630423536,,,,
1954-02-04,,,,0.009220445263355867,,,,
1954-02-05,,,,0.004404683877221826,,,,
1954-02-08,,,,0.003243076234664776,,,,
1954-02-09,,,,0.002740041484075934,,,,
1954-02-10,,,,0.0011820090497174564,,,,
1954-02-11,,,,0.0038729199570679096,,,,
1954-02-12,,,,0.0024499892303291517,,,,
1954-02-15,,,,0.0039472199128533225,,,,
1954-02-16,,,,0.01219049676683173,,,,
1954-02-17,,,,0.0018572923450588855,,,,
1954-02-19,,,,0.002450540446652032,,,,
1954-02-23,,,,0.004481083088499534,,,,
1954-02-25,,,,0.003652393295470986,,,,
1954-02-26,,,,0.012648879568215298,,,,
1954-03-01,,,,0.00453090014123298,,,,
1954-03-02,,,,0.002957635894796985,,,,
1954-03-04,,,,0.004138840127601917,,,,
1954-03-05,,,,0.005279392226311157,,,,
1954-03-08,,,,0.0034648574193368534,,,,
1954-03-09,,,,0.0025374048365515,,,,
1954-03-10,,,,0.0025705757371176285,,,,
1954-03-11,,,,0.006054335326244456,,,,
1954-03-15,,,,0.00656755460474733,,,,
1954-03-16,,,,0.00013224283242001353,,,,
1954-03-17,,,,0.002659617334374953,,,,
1954-03-18,,,,0.005668199348874651,,,,
1954-03-19,,,,0.003890511767906019,,,,
1954-03-22,,,,0.0007367753563747197,,,,
1954-03-23,,,,0.011142550709728503,,,,
1954-03-24,,,,0.0071183026943821785,,,,
1954-03-25,,,,0.0024359998639255855,,,,
1954-03-26,,,,0.007307908774201106,,,,
1954-03-29,,,,0.0049196236055498105,,,,
1954-03-30,,,,0.0008830116619445884,,,,
1954-03-31,,,,0.013845502486505084,,,,
1954-04-01,,,,0.011866831638244727,,,,
1954-04-02,,,,0.0013213009609519943,,,,
1954-04-05,,,,0.0018791242020189268,,,,
1954-04-06,,,,0.013223283361501643,,,,
1954-04-07,,,,0.0043239966357275375,,,,
1954-04-08,,,,0.013066082328418605,,,,
1954-04-12,,,,0.008620911716339939,,,,
1954-04-13,,,,0.002662746410820349,,,,
1954-04-14,,,,0.009605058950324269,,,,
1954-04-15,,,,0.003611888468902269,,,,
1954-04-19,,,,0.008430746915841218,,,,
1954-04-20,,,,9.245563942065528e-05,,,,
1954-04-21,,,,0.004925877165962518,,,,
1954-04-22,,,,0.0011912975404580672,,,,
1954-04-23,,,,0.004148959440408336,,,,
1954-04-26,,,,0.00418597002262125,,,,
1954-04-27,,,,0.008089697372753854,,,,
1954-04-28,,,,0.001692186220393604,,,,
1954-04-29,,,,0.02005616217688315,,,,
1954-04-30,,,,0.0027860603038853226,,,,
1954-05-03,,,,0.0018335103196762358,,,,
1954-05-04,,,,0.002411193501502552,,,,
1954-05-05,,,,-0.0002541634356251278,,,,
1954-05-06,,,,0.009336057526105859,,,,
1954-05-07,,,,0.00557785591893527,,,,
1954-05-10,,,,0.0009793877903725762,,,,
1954-05-11,,,,0.00556278100545845,,,,
1954-05-12,,,,0.009716158671318698,,,,
1954-05-13,,,,0.006742373661943305,,,,
1954-05-14,,,,0.009818990109059518,,,,
1954-05-17,,,,0.0010310369322983147,,,,
1954-05-18,,,,-0.00025951429293347107,,,,
1954-05-19,,,,0.00537900346845284,,,,
1954-05-20,,,,0.0036992083314843238,,,,
1954-05-21,,,,0.0068520775636073325,,,,
1954-05-24,,,,-0.0002684146545230041,,,,
1954-05-25,,,,0.0027782722879301025,,,,
1954-05-26,,,,0.010176109989365956,,,,
1954-05-27,,,,0.00494808073410434,,,,
1954-05-28,,,,0.005477559919631148,,,,
1954-06-02,,,,0.0009712711705167064,,,,
1954-06-03,,,,7.019018547879071e-05,,,,
1954-06-04,,,,0.001927065099655548,,,,
1954-06-07,,,,0.004763127657693331,,,,
1954-06-08,,,,0.030089740770070657,,,,
1954-06-09,,,,0.006435473373345689,,,,
1954-06-10,,,,0.006188168686530239,,,,
1954-06-11,,,,0.007894981866930294,,,,
1954-06-14,,,,0.0008353378495624395,,,,
1954-06-15,,,,0.0068127291886396065,,,,
1954-06-16,,,,0.006746845304075442,,,,
1954-06-17,,,,0.0024706443975186444,,,,
1954-06-18,,,,0.002237861126066234,,,,
1954-06-21,,,,0.00013916740653967895,,,,
1954-06-22,,,,0.00014116371024277963,,,,
1954-06-23,,,,0.0012422607834911656,,,,
1954-06-24,,,,0.004237125657178322,,,,
1954-06-25,,,,0.0019302288243350546,,,,
1954-06-28,,,,0.002425474090704711,,,,
1954-06-29,,,,0.00515023411168564,,,,
1954-06-30,,,,0.008169474533540791,,,,
1954-07-02,,,,0.014058667649868488,,,,
1954-07-06,,,,0.011288741892882532,,,,
1954-07-07,,,,0.00011908148245119537,,,,
1954-07-09,,,,0.0065553452853083765,,,,
1954-07-12,,,,0.00040126007828003297,,,,
1954-07-13,,,,0.003304439615824932,,,,
1954-07-14,,,,0.0019478895960687854,,,,
1954-07-15,,,,0.003085969183912531,,,,
1954-07-16,,,,0.004545437304881663,,,,
1954-07-19,,,,0.0026790673084614624,,,,
1954-07-20,,,,0.004989447766726649,,,,
1954-07-21,,,,0.006607668017330639,,,,
1954-07-22,,,,0.008467900022790123,,,,
1954-07-23,,,,0.0008673438333924498,,,,
1954-07-26,,,,0.0005014236603430751,,,,
1954-07-27,,,,0.00628889254548754,,,,
1954-07-28,,,,0.001660259789002484,,,,
1954-07-29,,,,0.0036399149087958985,,,,
1954-07-30,,,,0.006842673176744935,,,,
1954-08-02,,,,0.003667963961840571,,,,
1954-08-03,,,,0.00203801826770242,,,,
1954-08-04,,,,0.0008480964728462058,,,,
1954-08-05,,,,0.004947880448707017,,,,
1954-08-06,,,,0.01554894095293328,,,,
1954-08-09,,,,0.00935317545703893,,,,
1954-08-10,,,,0.00849292983913299,,,,
1954-08-11,,,,0.011879177290352413,,,,
1954-08-12,,,,0.004112872509902421,,,,
1954-08-13,,,,0.0038680031955582897,,,,
1954-08-16,,,,0.01079705623839341,,,,
1954-08-17,,,,0.001757259563933136,,,,
1954-08-18,,,,0.0007081918996719746,,,,
1954-08-19,,,,0.0018101039885231917,,,,
1954-08-20,,,,0.001139734055882498,,,,
1954-08-23,,,,0.007104672574056964,,,,
1954-08-24,,,,0.004232984280092164,,,,
1954-08-25,,,,0.007432764428858831,,,,
1954-08-26,,,,0.002482450973236468,,,,
1954-08-27,,,,0.002587676837703975,,,,
1954-08-30,,,,0.010789300705046108,,,,
1954-08-31,,,,0.017762619175661677,,,,
1954-09-01,,,,0.006110452202742332,,,,
1954-09-02,,,,0.006672168099548862,,,,
1954-09-03,,,,0.006586003579446996,,,,
1954-09-07,,,,0.004374495107605934,,,,
1954-09-08,,,,9.300290746320983e-05,,,,
1954-09-09,,,,0.0010299764125920594,,,,
1954-09-10,,,,0.002945561377445467,,,,
1954-09-13,,,,0.008414993864153023,,,,
1954-09-14,,,,0.004478768551358894,,,,
1954-09-15,,,,-0.00023060187558317374,,,,
1954-09-16,,,,0.004896262760919959,,,,
1954-09-17,,,,0.007489125810989404,,,,
1954-09-20,,,,0.004171423382210968,,,,
1954-09-21,,,,0.006496818103589702,,,,
1954-09-22,,,,0.006150320184729992,,,,
1954-09-23,,,,0.005184243032761693,,,,
1954-09-24,,,,0.006489998881835757,,,,
1954-09-27,,,,0.0035937857620272073,,,,
1954-09-28,,,,0.004606117217237624,,,,
1954-09-29,,,,0.005907182872925567,,,,
1954-09-30,,,,0.005862832977844872,,,,
1954-10-01,,,,0.0003430603844640603,,,,
1954-10-04,,,,0.00531705373130777,,,,
1954-10-05,,,,0.004676480421704672,,,,
1954-10-06,,,,0.0037125828256693435,,,,
1954-10-07,,,,0.002028859119760923,,,,
1954-10-08,,,,0.0003564405287553359,,,,
1954-10-11,,,,0.008622999956066585,,,,
1954-10-12,,,,0.004054670572696003,,,,
1954-10-13,,,,2.125843911778603e-05,,,,
1954-10-14,,,,0.013098154062246934,,,,
1954-10-15,,,,0.005227663351589888,,,,
1954-10-18,,,,0.0033512866941121555,,,,
1954-10-19,,,,0.00205782060507256,,,,
1954-10-20,,,,0.008098565691628585,,,,
1954-10-21,,,,0.00100650958731309,,,,
1954-10-25,,,,0.0054537001105845915,,,,
1954-10-26,,,,0.0003652733863320125,,,,
1954-10-27,,,,0.002159631275788795,,,,
1954-10-28,,,,0.004588696175765366,,,,
1954-10-29,,,,0.006751475129120621,,,,
1954-11-01,,,,0.003269308235852756,,,,
1954-11-03,,,,0.022540832883313867,,,,
1954-11-04,,,,0.010669986688353929,,,,
1954-11-05,,,,0.00285112945454712,,,,
1954-11-08,,,,0.008383518368457289,,,,
1954-11-09,,,,0.003152361505794315,,,,
1954-11-10,,,,0.0003324431269057808,,,,
1954-11-11,,,,0.007877103019741462,,,,
1954-11-12,,,,0.0014751735428013438,,,,
1954-11-15,,,,0.0017539189876121812,,,,
1954-11-16,,,,0.0024019918929390504,,,,
1954-11-17,,,,0.0012379259378912275,,,,
1954-11-18,,,,0.005472351276575821,,,,
1954-11-19,,,,-0.00025786516549331287,,,,
1954-11-22,,,,0.0034360640781969354,,,,
1954-11-23,,,,0.013438656838283923,,,,
1954-11-24,,,,0.005024931170529882,,,,
1954-11-26,,,,0.00918612447995006,,,,
1954-11-29,,,,-8.965384871568176e-07,,,,
1954-11-30,,,,0.008542407002828606,,,,
1954-12-01,,,,0.006897498155445076,,,,
1954-12-02,,,,0.004870823680916209,,,,
1954-12-03,,,,0.008324455192575842,,,,
1954-12-06,,,,0.007075467252533053,,,,
1954-12-07,,,,0.003950903820047312,,,,
1954-12-08,,,,0.0014141860035087035,,,,
1954-12-09,,,,0.004591656453189713,,,,
1954-12-10,,,,0.0034493452143691083,,,,
1954-12-13,,,,0.00031502318792444575,,,,
1954-12-14,,,,0.006774052000704005,,,,
1954-12-15,,,,0.005580594295117147,,,,
1954-12-16,,,,0.010265099127371743,,,,
1954-12-17,,,,0.027562417266356175,,,,
1954-12-20,,,,0.012855244860796722,,,,
1954-12-21,,,,0.0006367621864611273,,,,
1954-12-22,,,,0.0006318789053855479,,,,
1954-12-23,,,,0.0002254007318889723,,,,
1954-12-27,,,,0.006359105688873313,,,,
1954-12-28,,,,0.0074607754534136966,,,,
1954-12-29,,,,0.006284396208400368,,,,
1954-12-31,,,,0.004826674358115385,,,,
1955-01-03,,,,0.01651792212476726,,,,
1955-01-04,,,,0.00638835930046881,,,,
1955-01-05,,,,0.01769624880900833,,,,
1955-01-06,,,,0.008430178282692416,,,,
1955-01-07,,,,0.004819448429459717,,,,
1955-01-10,,,,0.007845074475823673,,,,
1955-01-11,,,,0.0017411180618557424,,,,
1955-01-12,,,,0.0015931383882836997,,,,
1955-01-13,,,,0.0025247359758524116,,,,
1955-01-14,,,,0.002566357821280461,,,,
1955-01-17,,,,0.012877411138464662,,,,
1955-01-18,,,,0.0036074528579037994,,,,
1955-01-19,,,,0.002539662507824938,,,,
1955-01-20,,,,0.002745301506283472,,,,
1955-01-21,,,,0.00534391867513026,,,,
1955-01-24,,,,0.001107064384631488,,,,
1955-01-25,,,,-5.743960284098089e-06,,,,
1955-01-26,,,,0.007957166274782422,,,,
1955-01-27,,,,0.000373068935951219,,,,
1955-01-28,,,,0.0033962206124875925,,,,
1955-01-31,,,,0.007986605324316352,,,,
1955-02-01,,,,0.0013028740855403269,,,,
1955-02-02,,,,0.001884394367078966,,,,
1955-02-03,,,,0.003069616192753012,,,,
1955-02-04,,,,0.00975240221497155,,,,
1955-02-08,,,,0.009406931165259043,,,,
1955-02-09,,,,0.005089152870270702,,,,
1955-02-10,,,,0.005843678573297516,,,,
1955-02-11,,,,0.0009309564265257493,,,,
1955-02-14,,,,0.0047633793717107315,,,,
1955-02-16,,,,0.0021401069033388123,,,,
1955-02-17,,,,0.0009871432346232332,,,,
1955-02-18,,,,0.0005978242888821964,,,,
1955-02-21,,,,0.0006010843126010228,,,,
1955-02-23,,,,0.0004028410184401026,,,,
1955-02-24,,,,0.00401889078724511,,,,
1955-02-25,,,,0.0008451641791412661,,,,
1955-02-28,,,,0.0037067075203433384,,,,
1955-03-01,,,,0.0010919347664768634,,,,
1955-03-02,,,,0.0066891876343975025,,,,
1955-03-03,,,,0.002644825087157867,,,,
1955-03-04,,,,0.004691123929147285,,,,
1955-03-07,,,,0.0051571828552307965,,,,
1955-03-08,,,,0.015580631150830393,,,,
1955-03-09,,,,0.007325637510802679,,,,
1955-03-10,,,,0.004400551966627201,,,,
1955-03-11,,,,0.013008841606603356,,,,
1955-03-14,,,,0.017143427127776927,,,,
1955-03-15,,,,0.013689114658960283,,,,
1955-03-16,,,,0.0042844135167045974,,,,
1955-03-17,,,,0.002056232245750589,,,,
1955-03-18,,,,0.0006927074643156337,,,,
1955-03-21,,,,0.003859756339529765,,,,
1955-03-22,,,,0.003574651316678983,,,,
1955-03-23,,,,0.008075619044185425,,,,
1955-03-24,,,,0.004722624531275168,,,,
1955-03-25,,,,0.00016740268651943929,,,,
1955-03-28,,,,0.0021238254889508054,,,,
1955-03-29,,,,-7.0077992215156725e-06,,,,
1955-03-30,,,,0.005882021763512693,,,,
1955-03-31,,,,0.0007384550811090261,,,,
1955-04-01,,,,0.006591791937982294,,,,
1955-04-04,,,,0.0020360352586702825,,,,
1955-04-05,,,,0.002456337343869349,,,,
1955-04-06,,,,0.003247683630876064,,,,
1955-04-07,,,,0.00288573235910569,,,,
1955-04-11,,,,0.00154708880273228,,,,
1955-04-12,,,,0.00394116332934689,,,,
1955-04-13,,,,0.0005801201373957339,,,,
1955-04-14,,,,0.0011955056814767452,,,,
1955-04-15,,,,0.0030597712898924744,,,,
1955-04-18,,,,0.005991791730740262,,,,
1955-04-19,,,,0.0008040964560291344,,,,
1955-04-20,,,,0.0008161263018352182,,,,
1955-04-21,,,,0.0004015785135827324,,,,
1955-04-22,,,,0.006485072237251882,,,,
1955-04-25,,,,0.0017100894374292093,,,,
1955-04-26,,,,0.003929448045699239,,,,
1955-04-27,,,,0.004179515541531109,,,,
1955-04-28,,,,0.00935474836157415,,,,
1955-04-29,,,,0.005682007340201584,,,,
1955-05-02,,,,0.0012892331842668822,,,,
1955-05-03,,,,0.0072982890095153385,,,,
1955-05-04,,,,0.0010846065693704769,,,,
1955-05-05,,,,0.0035798325474183704,,,,
1955-05-06,,,,0.0011114117705172343,,,,
1955-05-09,,,,0.0004375982237963864,,,,
1955-05-10,,,,0.0016128041258341877,,,,
1955-05-11,,,,0.009959111755015453,,,,
1955-05-12,,,,0.004872348509758337,,,,
1955-05-13,,,,0.005166167195703124,,,,
1955-05-16,,,,0.009610452686865199,,,,
1955-05-17,,,,0.0009091271749760424,,,,
1955-05-18,,,,0.00682725134756089,,,,
1955-05-19,,,,0.004400222438071539,,,,
1955-05-20,,,,0.005336962479633862,,,,
1955-05-23,,,,0.005784468229197747,,,,
1955-05-24,,,,0.0002131335964425058,,,,
1955-05-25,,,,0.002835921867709727,,,,
1955-05-26,,,,0.00550120008673167,,,,
1955-05-27,,,,0.001413038676243085,,,,
1955-05-31,,,,0.00021828675812500932,,,,
1955-06-01,,,,0.0007167299932415011,,,,
1955-06-02,,,,0.0007274589690570585,,,,
1955-06-03,,,,0.008641347382411329,,,,
1955-06-06,,,,0.032355240718624015,,,,
1955-06-07,,,,0.004417027490367587,,,,
1955-06-08,,,,0.013049129779670125,,,,
1955-06-09,,,,0.0033771638055716748,,,,
1955-06-10,,,,0.0037634278583214198,,,,
1955-06-13,,,,0.006040730278307125,,,,
1955-06-14,,,,0.0004846045912088776,,,,
1955-06-15,,,,0.003474120187860388,,,,
1955-06-16,,,,0.0008480203983961058,,,,
1955-06-17,,,,0.0021187649020545105,,,,
1955-06-20,,,,0.0003243202203586456,,,,
1955-06-21,,,,0.00643706074389783,,,,
1955-06-22,,,,0.0012449925363901902,,,,
1955-06-23,,,,0.002385215756899556,,,,
1955-06-24,,,,0.0035517580050110535,,,,
1955-06-27,,,,0.00014033386649933864,,,,
1955-06-28,,,,0.004047431611917782,,,,
1955-06-29,,,,-5.019673537035318e-05,,,,
1955-06-30,,,,0.004326687044849561,,,,
1955-07-01,,,,0.002751192257154832,,,,
1955-07-05,,,,0.009682351496464035,,,,
1955-07-06,,,,0.029044438494133976,,,,
1955-07-07,,,,0.008872742847123447,,,,
1955-07-08,,,,0.0005378695547802249,,,,
1955-07-11,,,,0.0012955200411651517,,,,
1955-07-13,,,,0.0076937062427067035,,,,
1955-07-14,,,,-0.0002046372524768926,,,,
1955-07-15,,,,0.001968426815717261,,,,
1955-07-18,,,,0.00043646827721976133,,,,
1955-07-19,,,,0.003967928126549301,,,,
1955-07-20,,,,0.001725477070035867,,,,
1955-07-21,,,,0.006340140786642778,,,,
1955-07-22,,,,0.0054901260698616006,,,,
1955-07-25,,,,0.00745106641450365,,,,
1955-07-26,,,,0.0012279982609967601,,,,
1955-07-27,,,,0.0025587670118299424,,,,
1955-07-28,,,,0.0041125747866565445,,,,
1955-07-29,,,,-6.815889801668672e-05,,,,
1955-08-01,,,,0.009815634736930647,,,,
1955-08-02,,,,0.0012620177757063837,,,,
1955-08-03,,,,0.0006080337827560459,,,,
1955-08-04,,,,0.012252003422270815,,,,
1955-08-05,,,,0.0028879142223793603,,,,
1955-08-08,,,,0.003927345680883308,,,,
1955-08-09,,,,0.009162164161603172,,,,
1955-08-10,,,,-3.50445213572826e-05,,,,
1955-08-11,,,,0.006167397564640075,,,,
1955-08-12,,,,0.0009449399245773583,,,,
1955-08-15,,,,0.0004697982512080459,,,,
1955-08-16,,,,0.005130325113678552,,,,
1955-08-17,,,,0.00029272839560856166,,,,
1955-08-18,,,,0.0008458129386246821,,,,
1955-08-19,,,,0.0028221765202413626,,,,
1955-08-22,,,,0.0005051713198663898,,,,
1955-08-23,,,,0.010108705140804596,,,,
1955-08-24,,,,0.000648315804934144,,,,
1955-08-25,,,,0.003007166508959675,,,,
1955-08-26,,,,0.003035096549220836,,,,
1955-08-29,,,,0.00032309134257694903,,,,
1955-08-30,,,,0.0005162859817269103,,,,
1955-08-31,,,,0.004505147154839196,,,,
1955-09-01,,,,0.0031808579255339486,,,,
1955-09-02,,,,0.00398476662931094,,,,
1955-09-06,,,,0.004596442897696091,,,,
1955-09-07,,,,-5.348383563417058e-05,,,,
1955-09-08,,,,0.00011417520323941451,,,,
1955-09-09,,,,-0.00028918589771770553,,,,
1955-09-12,,,,0.005673275140246274,,,,
1955-09-13,,,,0.012056296074935174,,,,
1955-09-14,,,,0.0032467858611398177,,,,
1955-09-15,,,,0.004513168570470318,,,,
1955-09-16,,,,0.006287506661272802,,,,
1955-09-19,,,,0.0008973336275529331,,,,
1955-09-20,,,,0.00034185483560574855,,,,
1955-09-21,,,,0.004828445548917492,,,,
1955-09-23,,,,0.0045124922553635115,,,,
1955-09-26,,,,0.06366406269039417,,,,
1955-09-27,,,,0.009952245621843228,,,,
1955-09-28,,,,0.0070664187092790084,,,,
1955-09-29,,,,0.002620902100374412,,,,
1955-09-30,,,,0.0034720345784093965,,,,
1955-10-03,,,,0.011891383951859328,,,,
1955-10-04,,,,0.003067781690243851,,,,
1955-10-05,,,,0.001470980063319946,,,,
1955-10-06,,,,0.0028248688527690467,,,,
1955-10-07,,,,0.003194979543346383,,,,
1955-10-10,,,,0.012906226456337008,,,,
1955-10-11,,,,0.0035096845144871884,,,,
1955-10-12,,,,0.0073984629478297415,,,,
1955-10-13,,,,0.0012150164558719593,,,,
1955-10-14,,,,0.0016604437311939669,,,,
1955-10-17,,,,0.0011497575021742442,,,,
1955-10-18,,,,0.003010360863289002,,,,
1955-10-19,,,,0.004329998536102479,,,,
1955-10-20,,,,0.00540157171315396,,,,
1955-10-24,,,,0.0032488963065990493,,,,
1955-10-25,,,,0.002946647312722539,,,,
1955-10-26,,,,0.003678679689929876,,,,
1955-10-27,,,,0.00030420519325083926,,,,
1955-10-28,,,,7.631283775300215e-05,,,,
1955-10-31,,,,0.000209207411493832,,,,
1955-11-01,,,,0.0005741783799046499,,,,
1955-11-02,,,,0.0005711653540485766,,,,
1955-11-03,,,,0.010784964697168057,,,,
1955-11-04,,,,0.008200821953818386,,,,
1955-11-07,,,,0.0018989682643426513,,,,
1955-11-09,,,,0.00505234982433791,,,,
1955-11-10,,,,0.000987079545430754,,,,
1955-11-11,,,,0.005815514292622616,,,,
1955-11-14,,,,0.013362238580906656,,,,
1955-11-15,,,,0.0020234365176535507,,,,
1955-11-16,,,,0.003159371574910216,,,,
1955-11-17,,,,0.003430874919328344,,,,
1955-11-18,,,,0.00041739016514673457,,,,
1955-11-21,,,,0.003543840457810243,,,,
1955-11-22,,,,0.004865016915116149,,,,
1955-11-23,,,,0.0004069361346754735,,,,
1955-11-25,,,,0.0003183105760696967,,,,
1955-11-28,,,,0.00347426777433346,,,,
1955-11-29,,,,0.001904340675893832,,,,
1955-11-30,,,,0.00045798373091116007,,,,
1955-12-01,,,,0.0018601693837105096,,,,
1955-12-02,,,,0.000836638311311764,,,,
1955-12-05,,,,0.0030740439988446054,,,,
1955-12-07,,,,0.0018365716988154779,,,,
1955-12-08,,,,0.003343713847384906,,,,
1955-12-09,,,,0.0006144556215275731,,,,
1955-12-12,,,,0.006387679044136033,,,,
1955-12-13,,,,6.829678503984507e-05,,,,
1955-12-14,,,,0.005237316065387136,,,,
1955-12-15,,,,-4.44846708137412e-05,,,,
1955-12-16,,,,0.0006610909774339103,,,,
1955-12-19,,,,0.0014443472376251564,,,,
1955-12-20,,,,0.0008639072738710072,,,,
1955-12-21,,,,0.013362762129508493,,,,
1955-12-22,,,,0.005970715502656728,,,,
1955-12-23,,,,0.0009351740823017263,,,,
1955-12-27,,,,0.0039056187862817554,,,,
1955-12-28,,,,0.0023293427946187227,,,,
1955-12-29,,,,0.0011339436442233044,,,,
1955-12-30,,,,0.004674376922224995,,,,
1956-01-03,,,,0.004704909215634809,,,,
1956-01-04,,,,0.0022793084144256703,,,,
1956-01-05,,,,0.0005832397832243553,,,,
1956-01-06,,,,0.002653965507459646,,,,
1956-01-09,,,,0.010013054880188842,,,,
1956-01-10,,,,0.005390930097729477,,,,
1956-01-11,,,,0.003164590556335353,,,,
1956-01-12,,,,0.005623902551150452,,,,
1956-01-13,,,,0.0010834397235934018,,,,
1956-01-16,,,,0.008513562262629669,,,,
1956-01-17,,,,0.005014060507479458,,,,
1956-01-18,,,,0.004693451823660949,,,,
1956-01-19,,,,0.007247373256276155,,,,
1956-01-20,,,,0.008120759652733471,,,,
1956-01-23,,,,0.0016281598105498504,,,,
1956-01-24,,,,0.008789293842469546,,,,
1956-01-25,,,,0.0007524116775994188,,,,
1956-01-26,,,,0.004120083139210497,,,,
1956-01-27,,,,0.001649431146359508,,,,
1956-01-30,,,,0.002174812699311708,,,,
1956-01-31,,,,0.005156211601189476,,,,
1956-02-01,,,,0.0032179056640703856,,,,
1956-02-02,,,,0.002886497887013493,,,,
1956-02-03,,,,0.009406098790782668,,,,
1956-02-06,,,,8.842771879373655e-05,,,,
1956-02-07,,,,0.0033945932519927067,,,,
1956-02-08,,,,0.007472349812461191,,,,
1956-02-09,,,,0.00853127793372145,,,,
1956-02-10,,,,0.00012790477116581559,,,,
1956-02-13,,,,0.0008410680926118695,,,,
1956-02-14,,,,0.0026674120774876926,,,,
1956-02-15,,,,0.010984947189348,,,,
1956-02-16,,,,0.0036144010111625307,,,,
1956-02-17,,,,0.011976734519326702,,,,
1956-02-20,,,,0.0009493941974916482,,,,
1956-02-21,,,,0.0014460819000224243,,,,
1956-02-23,,,,0.006270931065622252,,,,
1956-02-24,,,,0.005868636570492957,,,,
1956-02-27,,,,0.0006231610061376863,,,,
1956-02-28,,,,0.002322049863747439,,,,
1956-02-29,,,,0.0013377402201733965,,,,
1956-03-01,,,,0.0030978890104034866,,,,
1956-03-02,,,,0.004375803739260205,,,,
1956-03-05,,,,0.004032206893373882,,,,
1956-03-06,,,,0.00011977673145262378,,,,
1956-03-07,,,,0.0003057120871764501,,,,
1956-03-08,,,,0.0015794641121680533,,,,
1956-03-09,,,,0.010510000742620266,,,,
1956-03-12,,,,0.007382101931292039,,,,
1956-03-13,,,,0.0010184690742024705,,,,
1956-03-14,,,,0.008151173101549928,,,,
1956-03-15,,,,0.007847207167561331,,,,
1956-03-16,,,,0.0022086090222549694,,,,
1956-03-19,,,,0.0076813139078608554,,,,
1956-03-20,,,,0.004553587493319044,,,,
1956-03-21,,,,0.011352555677754488,,,,
1956-03-22,,,,0.008011337307846275,,,,
1956-03-23,,,,0.0014183263414263027,,,,
1956-03-26,,,,0.0033965475540507213,,,,
1956-03-27,,,,0.006222190926399821,,,,
1956-03-28,,,,0.004061381126271151,,,,
1956-03-29,,,,0.00027938929939574735,,,,
1956-04-02,,,,0.003444204289022758,,,,
1956-04-03,,,,0.002808832818809354,,,,
1956-04-04,,,,0.004429365189249221,,,,
1956-04-05,,,,0.003959692631647032,,,,
1956-04-06,,,,0.004675813862481952,,,,
1956-04-09,,,,0.004196105114205523,,,,
1956-04-10,,,,0.012452826542381048,,,,
1956-04-11,,,,0.006293184509556142,,,,
1956-04-12,,,,0.004887649053581887,,,,
1956-04-13,,,,0.0009996012262913345,,,,
1956-04-16,,,,-0.00029984823064678706,,,,
1956-04-17,,,,0.00029651651654248205,,,,
1956-04-18,,,,0.0033038604087433266,,,,
1956-04-19,,,,0.0029685847268087384,,,,
1956-04-20,,,,0.003156186241692808,,,,
1956-04-23,,,,0.0018709909160634344,,,,
1956-04-24,,,,0.007441829880888252,,,,
1956-04-25,,,,0.0030816214681885987,,,,
1956-04-26,,,,0.0074855538700919905,,,,
1956-04-27,,,,0.009317569763858453,,,,
1956-04-30,,,,0.006932389672388604,,,,
1956-05-01,,,,0.0038894050955318215,,,,
1956-05-02,,,,-0.0003178599593995173,,,,
1956-05-03,,,,0.0027823933101244975,,,,
1956-05-04,,,,0.0028111523021665343,,,,
1956-05-07,,,,0.005476716480971345,,,,
1956-05-08,,,,0.003707165914549082,,,,
1956-05-09,,,,0.0013324646002920582,,,,
1956-05-10,,,,0.015715650380255426,,,,
1956-05-11,,,,0.0005018347206729624,,,,
1956-05-14,,,,0.004783221785557967,,,,
1956-05-15,,,,0.009364905005587943,,,,
1956-05-16,,,,0.0059711378669508675,,,,
1956-05-17,,,,0.010518406282235646,,,,
1956-05-18,,,,0.0038580999596023115,,,,
1956-05-21,,,,0.007338540160701412,,,,
1956-05-22,,,,0.013665665048710212,,,,
1956-05-23,,,,0.004166728371246804,,,,
1956-05-24,,,,0.007609244031486852,,,,
1956-05-25,,,,-8.825141804223153e-05,,,,
1956-05-28,,,,0.009705262736641424,,,,
1956-05-29,,,,0.018826763556427227,,,,
1956-05-31,,,,0.0010501411223307157,,,,
1956-06-01,,,,0.005807393504370568,,,,
1956-06-04,,,,0.003956759032466746,,,,
1956-06-05,,,,-0.00024877709506506703,,,,
1956-06-06,,,,0.0035674318437396817,,,,
1956-06-07,,,,0.005605578861453197,,,,
1956-06-08,,,,0.01389243404257949,,,,
1956-06-11,,,,0.008679686374705816,,,,
1956-06-12,,,,0.009604286488872509,,,,
1956-06-13,,,,0.0005065069873074072,,,,
1956-06-14,,,,0.0014465823221934341,,,,
1956-06-15,,,,0.0005245312296821871,,,,
1956-06-18,,,,0.0028927143461642277,,,,
1956-06-19,,,,0.0003857278279531821,,,,
1956-06-20,,,,0.0026354475698500235,,,,
1956-06-21,,,,0.004760231046999576,,,,
1956-06-22,,,,0.0020435402039054662,,,,
1956-06-25,,,,0.0027386547442731094,,,,
1956-06-26,,,,0.004756380912990475,,,,
1956-06-27,,,,0.005418170553697326,,,,
1956-06-28,,,,0.000565304099755471,,,,
1956-06-29,,,,0.002475998729333324,,,,
1956-07-02,,,,0.0004535760012073222,,,,
1956-07-03,,,,0.00637270306815554,,,,
1956-07-05,,,,0.007871266365607744,,,,
1956-07-06,,,,0.0036352212639072638,,,,
1956-07-09,,,,0.003145900532362313,,,,
1956-07-10,,,,0.004560518465220524,,,,
1956-07-11,,,,0.002142028688489319,,,,
1956-07-12,,,,0.0016904206066705961,,,,
1956-07-13,,,,0.0020247176286189504,,,,
1956-07-16,,,,0.007131817022538415,,,,
1956-07-17,,,,0.0025681439674454507,,,,
1956-07-18,,,,-7.854865992159326e-05,,,,
1956-07-19,,,,-0.00013485890642326545,,,,
1956-07-20,,,,5.0859819468385e-05,,,,
1956-07-23,,,,0.0001085172124727701,,,,
1956-07-25,,,,0.0016346003936448554,,,,
1956-07-26,,,,0.000253547277421876,,,,
1956-07-27,,,,0.007866027967602229,,,,
1956-07-30,,,,0.001323672457495515,,,,
1956-07-31,,,,0.007419437408818714,,,,
1956-08-01,,,,0.00409676140716174,,,,
1956-08-02,,,,-0.00015198966333229661,,,,
1956-08-06,,,,0.014016496698414477,,,,
1956-08-07,,,,0.0034081981607324446,,,,
1956-08-08,,,,0.0034361014814873487,,,,
1956-08-09,,,,0.0005152849015690674,,,,
1956-08-10,,,,0.00440218444440906,,,,
1956-08-13,,,,0.010203367189024112,,,,
1956-08-14,,,,0.011364482009954047,,,,
1956-08-15,,,,0.018773854229380823,,,,
1956-08-16,,,,0.0016155600644279222,,,,
1956-08-17,,,,0.0007860611849538532,,,,
1956-08-20,,,,0.00970629723419559,,,,
1956-08-21,,,,0.00594737980144458,,,,
1956-08-22,,,,0.007903451545780711,,,,
1956-08-23,,,,0.009593866153164852,,,,
1956-08-24,,,,0.0006001519473670132,,,,
1956-08-27,,,,0.004678111404591637,,,,
1956-08-28,,,,0.0013079272410827414,,,,
1956-08-29,,,,0.0034319108064958977,,,,
1956-08-30,,,,0.007227093098431407,,,,
1956-08-31,,,,0.009724130611304168,,,,
1956-09-04,,,,0.006051945295773607,,,,
1956-09-05,,,,0.0017525708483089376,,,,
1956-09-06,,,,0.000915906866244655,,,,
1956-09-07,,,,0.004804721505236099,,,,
1956-09-10,,,,0.004159870133126102,,,,
1956-09-11,,,,0.0029708746150349736,,,,
1956-09-12,,,,0.0057518522159769395,,,,
1956-09-13,,,,0.017395280253494246,,,,
1956-09-14,,,,0.018647175251112303,,,,
1956-09-17,,,,0.001401196699087964,,,,
1956-09-18,,,,0.0043941717310875435,,,,
1956-09-19,,,,0.008083776512013927,,,,
1956-09-20,,,,0.00025069914293519624,,,,
1956-09-21,,,,0.005300864610892081,,,,
1956-09-24,,,,0.0025410253671789562,,,,
1956-09-25,,,,0.009902788791347109,,,,
1956-09-26,,,,0.0006904986032763041,,,,
1956-09-27,,,,0.00324042354063707,,,,
1956-09-28,,,,0.0037838909352057234,,,,
1956-10-01,,,,0.01037154574436614,,,,
1956-10-02,,,,0.012869735261141426,,,,
1956-10-03,,,,0.010901794596396331,,,,
1956-10-04,,,,-0.00021824306239908952,,,,
1956-10-05,,,,0.0019107647026059247,,,,
1956-10-08,,,,9.369287535498867e-05,,,,
1956-10-09,,,,0.003168685903749662,,,,
1956-10-10,,,,0.00915495378774082,,,,
1956-10-11,,,,0.00023535078262420758,,,,
1956-10-12,,,,0.0023964883336360307,,,,
1956-10-15,,,,0.0018638466135010225,,,,
1956-10-16,,,,0.003401701429094108,,,,
1956-10-17,,,,0.005295087149782946,,,,
1956-10-18,,,,0.0008419625539149726,,,,
1956-10-19,,,,0.0013593977876517665,,,,
1956-10-22,,,,-5.474521954122424e-05,,,,
1956-10-23,,,,0.001573133141871553,,,,
1956-10-24,,,,0.0029313500166801947,,,,
1956-10-25,,,,0.0011268990214232623,,,,
1956-10-26,,,,0.006794988831531066,,,,
1956-10-29,,,,0.0017660871941803128,,,,
1956-10-30,,,,0.00028310585655110134,,,,
1956-10-31,,,,0.013537354451948685,,,,
1956-11-01,,,,0.015320945180358729,,,,
1956-11-02,,,,0.006525000629110813,,,,
1956-11-05,,,,0.008806147768454297,,,,
1956-11-07,,,,0.006850907600963946,,,,
1956-11-08,,,,0.005289775102194605,,,,
1956-11-09,,,,0.005498664181715354,,,,
1956-11-12,,,,0.0018374153912174857,,,,
1956-11-13,,,,0.0030875479923515533,,,,
1956-11-14,,,,0.0037523203238416015,,,,
1956-11-15,,,,0.004281715601319532,,,,
1956-11-16,,,,-8.340453987703982e-05,,,,
1956-11-19,,,,0.0069850457122919265,,,,
1956-11-20,,,,0.006236397521990355,,,,
1956-11-21,,,,0.003376819709330948,,,,
1956-11-23,,,,0.007403179491289829,,,,
1956-11-26,,,,0.004162390169253676,,,,
1956-11-27,,,,0.00025001942623185806,,,,
1956-11-28,,,,0.007819264243496162,,,,
1956-11-29,,,,0.0006248102636342868,,,,
1956-11-30,,,,0.011583350099198001,,,,
1956-12-03,,,,0.014024145281638926,,,,
1956-12-04,,,,0.0018516126941116374,,,,
1956-12-05,,,,0.007812337138796033,,,,
1956-12-06,,,,0.005733076588216302,,,,
1956-12-07,,,,0.0029467927027518937,,,,
1956-12-10,,,,0.003297190840128993,,,,
1956-12-11,,,,0.004533887686217124,,,,
1956-12-12,,,,0.005044776159391527,,,,
1956-12-13,,,,0.005226587302375503,,,,
1956-12-14,,,,0.000215509142475261,,,,
1956-12-19,,,,0.0015343723783752348,,,,
1956-12-20,,,,0.005610783983025097,,,,
1956-12-21,,,,0.004487745167645068,,,,
1956-12-26,,,,-9.259077288288986e-05,,,,
1956-12-27,,,,0.000441336447939134,,,,
1956-12-28,,,,0.0031208982836036635,,,,
1956-12-31,,,,0.0014366922724340415,,,,
1957-01-02,,,,0.007895371549952249,,,,
1957-01-03,,,,0.006459903764198643,,,,
1957-01-04,,,,0.0005832656707170599,,,,
1957-01-07,,,,0.003923206794197221,,,,
1957-01-08,,,,0.0027502330050050983,,,,
1957-01-09,,,,0.001368391167970104,,,,
1957-01-10,,,,0.0015364739755576117,,,,
1957-01-11,,,,0.0014117145185397974,,,,
1957-01-14,,,,0.005755866446874064,,,,
1957-01-15,,,,0.012630152063256033,,,,
1957-01-16,,,,0.00045809685407721164,,,,
1957-01-17,,,,-5.827652949763832e-05,,,,
1957-01-18,,,,0.010736759425896834,,,,
1957-01-21,,,,0.004237592495362958,,,,
1957-01-22,,,,0.0020014816727693652,,,,
1957-01-23,,,,0.0060409007403858855,,,,
1957-01-24,,,,0.002552924568645186,,,,
1957-01-25,,,,0.0037492663021008285,,,,
1957-01-28,,,,0.00613816395887568,,,,
1957-01-29,,,,0.003823436642305277,,,,
1957-01-30,,,,0.0034320294088535327,,,,
1957-01-31,,,,0.003478509527797417,,,,
1957-02-01,,,,0.0017402938655399476,,,,
1957-02-04,,,,0.0015701261962181093,,,,
1957-02-05,,,,0.013021860604534781,,,,
1957-02-06,,,,0.001151558814834132,,,,
1957-02-07,,,,0.003838324073445855,,,,
1957-02-08,,,,0.005997432490789577,,,,
1957-02-11,,,,0.015603653311705743,,,,
1957-02-12,,,,0.003380504094979698,,,,
1957-02-13,,,,0.012888667437145325,,,,
1957-02-14,,,,0.000704480481792442,,,,
1957-02-15,,,,0.009491319930237557,,,,
1957-02-18,,,,0.0006818727531480635,,,,
1957-02-19,,,,0.0001105594794782609,,,,
1957-02-20,,,,0.0021883003638776643,,,,
1957-02-21,,,,0.002615621941410085,,,,
1957-02-25,,,,0.0016958786761112439,,,,
1957-02-26,,,,0.0009096378591778296,,,,
1957-02-27,,,,0.0005491473468822893,,,,
1957-02-28,,,,0.002805682730387128,,,,
1957-03-01,,,,0.009485953948836365,,,,
1957-03-04,,,,0.005890846479900771,,,,
1957-03-05,,,,0.002672463603171416,,,,
1957-03-06,,,,-0.00028767086966920364,,,,
1957-03-07,,,,0.00014479989333654415,,,,
1957-03-08,,,,0.0026173386195386616,,,,
1957-03-11,,,,0.005805648806044313,,,,
1957-03-12,,,,0.00036561497755299916,,,,
1957-03-13,,,,0.005720937313281082,,,,
1957-03-14,,,,0.00012000357357796821,,,,
1957-03-15,,,,0.00015633782024704936,,,,
1957-03-18,,,,0.004133498881287363,,,,
1957-03-19,,,,0.0037114964564752754,,,,
1957-03-20,,,,0.0008006144307892049,,,,
1957-03-21,,,,-0.00032858292615350974,,,,
1957-03-22,,,,0.0008632075462398271,,,,
1957-03-25,,,,0.00395127218024285,,,,
1957-03-26,,,,0.00013693519956582662,,,,
1957-03-27,,,,0.003792361298281692,,,,
1957-03-28,,,,0.001603509350463091,,,,
1957-03-29,,,,0.0014159882957244679,,,,
1957-04-01,,,,0.000140786295135191,,,,
1957-04-02,,,,0.006546874649869705,,,,
1957-04-03,,,,0.002415696461094104,,,,
1957-04-04,,,,0.0022291746848954745,,,,
1957-04-05,,,,0.0006609338084714196,,,,
1957-04-08,,,,0.0023016241432895685,,,,
1957-04-09,,,,0.010081161493484153,,,,
1957-04-10,,,,0.004266391318817675,,,,
1957-04-15,,,,0.00045491691011579743,,,,
1957-04-16,,,,0.0012322804737137844,,,,
1957-04-17,,,,0.0009725839673923167,,,,
1957-04-18,,,,0.008588143556196361,,,,
1957-04-22,,,,0.0012360349090268872,,,,
1957-04-23,,,,0.004051544993444549,,,,
1957-04-24,,,,0.001260646468564117,,,,
1957-04-25,,,,0.004200381435710929,,,,
1957-04-26,,,,0.0013480479365600767,,,,
1957-04-29,,,,0.005993354139946834,,,,
1957-04-30,,,,-0.0004468223250028144,,,,
1957-05-01,,,,0.007560562218238949,,,,
1957-05-02,,,,0.01011422424361834,,,,
1957-05-03,,,,0.001042090848602323,,,,
1957-05-06,,,,0.001636423167390634,,,,
1957-05-07,,,,0.0037120245034480436,,,,
1957-05-08,,,,0.004561965026197894,,,,
1957-05-09,,,,0.0007241718644004423,,,,
1957-05-10,,,,0.006171874424885281,,,,
1957-05-13,,,,0.007973800948879945,,,,
1957-05-14,,,,0.005865541313849867,,,,
1957-05-15,,,,0.003981658289149708,,,,
1957-05-16,,,,0.004915435394283575,,,,
1957-05-17,,,,0.003134613407825124,,,,
1957-05-20,,,,0.00530949988027828,,,,
1957-05-21,,,,0.00019199228383104074,,,,
1957-05-22,,,,0.005492286128227927,,,,
1957-05-23,,,,-0.0004983727035037033,,,,
1957-05-24,,,,0.0010674209907798517,,,,
1957-05-27,,,,0.013322515298044416,,,,
1957-05-28,,,,0.0022825018255136892,,,,
1957-05-29,,,,0.011922324327085277,,,,
1957-05-31,,,,0.008474325053906655,,,,
1957-06-03,,,,0.0013125086821282367,,,,
1957-06-04,,,,0.0021946982536384953,,,,
1957-06-05,,,,-0.00010853268115947405,,,,
1957-06-06,,,,0.014912691656215478,,,,
1957-06-07,,,,0.0006456982034314355,,,,
1957-06-10,,,,0.0006555954477154018,,,,
1957-06-11,,,,0.0003820741084270863,,,,
1957-06-12,,,,0.002403507404650941,,,,
1957-06-13,,,,0.0018519340835539942,,,,
1957-06-14,,,,-0.0004934784980051317,,,,
1957-06-17,,,,0.001908908904711846,,,,
1957-06-18,,,,0.005691567479590917,,,,
1957-06-19,,,,0.009307557993933702,,,,
1957-06-20,,,,0.008152616829833535,,,,
1957-06-21,,,,0.0077292510837957944,,,,
1957-06-24,,,,0.010232090827248243,,,,
1957-06-25,,,,0.009619743370798895,,,,
1957-06-26,,,,0.001251971686249251,,,,
1957-06-27,,,,0.00395513048005442,,,,
1957-06-28,,,,0.0023176697771431468,,,,
1957-07-01,,,,0.0009455187686776199,,,,
1957-07-02,,,,0.012614790519948314,,,,
1957-07-03,,,,0.014313850988231815,,,,
1957-07-05,,,,0.0050700997368244875,,,,
1957-07-08,,,,0.004589657172155118,,,,
1957-07-10,,,,0.0018716955109427643,,,,
1957-07-11,,,,0.0032773329946521623,,,,
1957-07-12,,,,0.005063654447290075,,,,
1957-07-15,,,,0.0006025106360130555,,,,
1957-07-16,,,,0.006323067697636504,,,,
1957-07-17,,,,0.007603023069131726,,,,
1957-07-18,,,,0.0009414836497648552,,,,
1957-07-19,,,,0.0006163960478747598,,,,
1957-07-22,,,,0.0025966235207622265,,,,
1957-07-23,,,,0.001731365885931628,,,,
1957-07-24,,,,0.0006429936103758791,,,,
1957-07-26,,,,0.00419415328200273,,,,
1957-07-29,,,,0.014934266746108163,,,,
1957-07-31,,,,-0.00010688561356478068,,,,
1957-08-01,,,,0.0029496127927649066,,,,
1957-08-02,,,,0.0027107725765976257,,,,
1957-08-05,,,,0.01162705342722482,,,,
1957-08-06,,,,0.01595106724947893,,,,
1957-08-07,,,,0.00861584848405357,,,,
1957-08-08,,,,0.002902731103742045,,,,
1957-08-09,,,,-0.00015117608592012235,,,,
1957-08-12,,,,0.014864758055658712,,,,
1957-08-13,,,,0.00040361668767825823,,,,
1957-08-14,,,,0.013815826945553942,,,,
1957-08-15,,,,-0.00012648879683680543,,,,
1957-08-16,,,,0.0013230944288957546,,,,
1957-08-19,,,,0.022186714980872484,,,,
1957-08-20,,,,0.007635432268617182,,,,
1957-08-21,,,,0.003643479248770468,,,,
1957-08-22,,,,0.006599760556755984,,,,
1957-08-23,,,,0.013406852148247805,,,,
1957-08-26,,,,0.01239236908280138,,,,
1957-08-27,,,,0.013934489328568604,,,,
1957-08-28,,,,9.579145258786374e-05,,,,
1957-08-29,,,,0.0030606418401792203,,,,
1957-08-30,,,,0.01373696190920309,,,,
1957-09-03,,,,0.00331060863194907,,,,
1957-09-04,,,,0.006423807450323386,,,,
1957-09-05,,,,0.0037362431242017316,,,,
1957-09-06,,,,0.0022272931091558744,,,,
1957-09-09,,,,0.006921568485799687,,,,
1957-09-10,,,,0.007174349281723527,,,,
1957-09-11,,,,0.006672425527994407,,,,
1957-09-12,,,,0.009553508897216914,,,,
1957-09-13,,,,0.00011907311750813876,,,,
1957-09-16,,,,0.0035890569920211234,,,,
1957-09-17,,,,0.0006235125285858996,,,,
1957-09-18,,,,0.0004529331385180922,,,,
1957-09-19,,,,0.0050369247264031546,,,,
1957-09-20,,,,0.012865725825400626,,,,
1957-09-23,,,,0.017723558946541405,,,,
1957-09-24,,,,0.004464288069550947,,,,
1957-09-26,,,,0.006722295396630295,,,,
1957-09-27,,,,0.00013104508638265932,,,,
1957-09-30,,,,0.0020519243900479337,,,,
1957-10-01,,,,0.005631640880301404,,,,
1957-10-02,,,,0.0055396972270109176,,,,
1957-10-03,,,,0.0002789798896209267,,,,
1957-10-04,,,,0.0059201469075400755,,,,
1957-10-07,,,,0.009922955324490161,,,,
1957-10-08,,,,0.004574815570079679,,,,
1957-10-09,,,,0.00030357319151739804,,,,
1957-10-10,,,,0.018671960990433625,,,,
1957-10-11,,,,0.00013819930584122182,,,,
1957-10-14,,,,0.004803861527410606,,,,
1957-10-15,,,,0.006969358309385234,,,,
1957-10-16,,,,0.005460256546888564,,,,
1957-10-17,,,,0.01132088247316912,,,,
1957-10-18,,,,0.005182400313388052,,,,
1957-10-21,,,,0.020037065467086487,,,,
1957-10-22,,,,0.0025096298724512586,,,,
1957-10-23,,,,0.027934192967010503,,,,
1957-10-24,,,,9.537725339465658e-05,,,,
1957-10-25,,,,0.0012841417987535203,,,,
1957-10-28,,,,0.0019164290535861762,,,,
1957-10-29,,,,0.003062485938741595,,,,
1957-10-30,,,,0.0038110699604420473,,,,
1957-10-31,,,,0.00021404331612524073,,,,
1957-11-01,,,,0.0076448108781398995,,,,
1957-11-04,,,,0.0007407667161412439,,,,
1957-11-06,,,,0.00048790639623415695,,,,
1957-11-07,,,,0.0028606326967569257,,,,
1957-11-08,,,,0.006181303857655584,,,,
1957-11-11,,,,-2.2379228229563206e-05,,,,
1957-11-12,,,,0.007757601569031717,,,,
1957-11-13,,,,0.0005315799625016623,,,,
1957-11-14,,,,0.00138549705145081,,,,
1957-11-15,,,,0.01302735543888078,,,,
1957-11-18,,,,0.004167821778272003,,,,
1957-11-19,,,,0.002917053704896129,,,,
1957-11-20,,,,0.0011995659117274846,,,,
1957-11-21,,,,0.007423876336812974,,,,
1957-11-22,,,,0.004933841337007659,,,,
1957-11-25,,,,0.0038312815742994268,,,,
1957-11-26,,,,0.014390087180063514,,,,
1957-11-27,,,,0.014612901352308251,,,,
1957-11-29,,,,0.0051595387194936,,,,
1957-12-02,,,,0.00398600817901949,,,,
1957-12-03,,,,-0.00015041876769834143,,,,
1957-12-04,,,,0.001745868907808036,,,,
1957-12-05,,,,9.535660895233645e-05,,,,
1957-12-06,,,,0.0024192600505149463,,,,
1957-12-09,,,,0.0047111766766409074,,,,
1957-12-10,,,,0.0044130007619306135,,,,
1957-12-11,,,,0.0004934949965720947,,,,
1957-12-12,,,,0.00023113350421461078,,,,
1957-12-13,,,,0.002104717770784513,,,,
1957-12-16,,,,0.008068779529748245,,,,
1957-12-17,,,,0.00933879510812111,,,,
1957-12-18,,,,0.00038790106441482873,,,,
1957-12-19,,,,0.005507989955369126,,,,
1957-12-20,,,,0.004215013799122303,,,,
1957-12-24,,,,0.00025716857138293977,,,,
1957-12-26,,,,0.005441423124571041,,,,
1957-12-27,,,,0.0018285573774370102,,,,
1957-12-30,,,,0.002737365416644627,,,,
1957-12-31,,,,0.00574970118533834,,,,
1958-01-02,,,,0.004651329410316626,,,,
1958-01-03,,,,0.007546984981491525,,,,
1958-01-06,,,,0.002536146830314448,,,,
1958-01-07,,,,0.004314331145201863,,,,
1958-01-08,,,,-2.760638391325523e-05,,,,
1958-01-09,,,,0.003367267867666277,,,,
1958-01-10,,,,0.005530700322670388,,,,
1958-01-13,,,,0.0014856005449310596,,,,
1958-01-14,,,,0.0024274332594920135,,,,
1958-01-15,,,,0.004624683056896168,,,,
1958-01-16,,,,0.0007344435955775003,,,,
1958-01-17,,,,0.0002722258696463388,,,,
1958-01-20,,,,0.003640368196826907,,,,
1958-01-21,,,,0.0006117894009000585,,,,
1958-01-22,,,,0.0014428216788106637,,,,
1958-01-23,,,,0.0022898511317753873,,,,
1958-01-24,,,,0.005518817499931042,,,,
1958-01-27,,,,0.0018122924935235396,,,,
1958-01-28,,,,0.0002902250685738144,,,,
1958-01-29,,,,0.0039424486476266505,,,,
1958-01-30,,,,0.003279122573325993,,,,
1958-01-31,,,,-5.434038431933793e-05,,,,
1958-02-03,,,,0.005709849384988155,,,,
1958-02-04,,,,0.0071139851496561535,,,,
1958-02-05,,,,0.0045620492112070695,,,,
1958-02-06,,,,0.0013904032632336073,,,,
1958-02-07,,,,0.006508814269007333,,,,
1958-02-10,,,,0.004341502972488585,,,,
1958-02-11,,,,0.006617599116658585,,,,
1958-02-12,,,,0.0031231707636115006,,,,
1958-02-13,,,,-0.00023912764906599786,,,,
1958-02-14,,,,0.00706086105154572,,,,
1958-02-17,,,,0.0039313124028291175,,,,
1958-02-18,,,,0.0007142539588706967,,,,
1958-02-19,,,,0.0001567050014744271,,,,
1958-02-20,,,,0.004521322825921618,,,,
1958-02-21,,,,0.00036416834623847864,,,,
1958-02-24,,,,0.0044626608811597235,,,,
1958-02-25,,,,0.0005851798640182306,,,,
1958-02-26,,,,0.006074301963731841,,,,
1958-02-27,,,,0.004768821274100424,,,,
1958-02-28,,,,0.0029107719277343173,,,,
1958-03-03,,,,0.005703704534328892,,,,
1958-03-04,,,,0.004177067854114393,,,,
1958-03-05,,,,0.0020624135483805492,,,,
1958-03-06,,,,0.010897925444574704,,,,
1958-03-07,,,,0.00095913151003253,,,,
1958-03-10,,,,0.002431432885738386,,,,
1958-03-11,,,,0.00583142960310996,,,,
1958-03-12,,,,0.0018425686173272812,,,,
1958-03-13,,,,0.0005662370559946304,,,,
1958-03-14,,,,0.002553242233782301,,,,
1958-03-17,,,,0.006113447368488029,,,,
1958-03-18,,,,0.00304059491789397,,,,
1958-03-19,,,,0.0039576979937445715,,,,
1958-03-20,,,,-7.413065410646594e-05,,,,
1958-03-21,,,,0.006561003703433805,,,,
1958-03-24,,,,0.0030982898544255383,,,,
1958-03-25,,,,0.0029265271857911233,,,,
1958-03-26,,,,0.0029668063880738905,,,,
1958-03-27,,,,0.0027731608635194163,,,,
1958-03-28,,,,0.00015923086575210402,,,,
1958-03-31,,,,0.0021325334499357603,,,,
1958-04-01,,,,0.0038958460884115373,,,,
1958-04-02,,,,0.00794389203894251,,,,
1958-04-03,,,,0.0026828206886981964,,,,
1958-04-07,,,,0.003486178098130499,,,,
1958-04-08,,,,0.0019781560787540484,,,,
1958-04-09,,,,0.005112860558743415,,,,
1958-04-10,,,,0.0006971861855609677,,,,
1958-04-11,,,,0.0004446102941228456,,,,
1958-04-14,,,,0.006324384539191287,,,,
1958-04-15,,,,0.010763594061748505,,,,
1958-04-16,,,,0.008051768406937545,,,,
1958-04-17,,,,0.0031800687326009156,,,,
1958-04-18,,,,0.011055505763068282,,,,
1958-04-21,,,,0.004753358076551374,,,,
1958-04-22,,,,0.002856068902863157,,,,
1958-04-24,,,,0.007916468262821748,,,,
1958-04-25,,,,0.0048331655859739356,,,,
1958-04-28,,,,0.0031539391010779317,,,,
1958-04-29,,,,0.005191218272508763,,,,
1958-04-30,,,,0.010449598080851443,,,,
1958-05-01,,,,0.0018398129360806086,,,,
1958-05-02,,,,0.0030935924044281104,,,,
1958-05-05,,,,0.001884353997779324,,,,
1958-05-06,,,,0.004936221601453644,,,,
1958-05-07,,,,0.001703967382390973,,,,
1958-05-08,,,,0.0009166494671236032,,,,
1958-05-09,,,,0.001974383374275314,,,,
1958-05-12,,,,0.008666576760223468,,,,
1958-05-13,,,,0.003040540849391178,,,,
1958-05-14,,,,0.012776139623209653,,,,
1958-05-15,,,,0.004881792644433062,,,,
1958-05-16,,,,-9.937475563763791e-05,,,,
1958-05-19,,,,0.0027240195382514957,,,,
1958-05-20,,,,0.008898066192713766,,,,
1958-05-21,,,,0.001187620476977242,,,,
1958-05-22,,,,0.005248391954239483,,,,
1958-05-23,,,,0.0016781610453877427,,,,
1958-05-26,,,,0.00018815027017309057,,,,
1958-05-27,,,,0.0012446775920645758,,,,
1958-05-28,,,,0.000956428911093027,,,,
1958-05-29,,,,0.005861277819700992,,,,
1958-06-02,,,,0.005306736335626396,,,,
1958-06-03,,,,0.003412233363719894,,,,
1958-06-04,,,,0.00042314009545488365,,,,
1958-06-05,,,,0.0007088636770117788,,,,
1958-06-06,,,,0.001855551651805493,,,,
1958-06-09,,,,0.0016443748550282657,,,,
1958-06-10,,,,0.002251438852933107,,,,
1958-06-11,,,,-0.00043211307941013957,,,,
1958-06-12,,,,0.0070758552907116325,,,,
1958-06-13,,,,0.00732310377914752,,,,
1958-06-16,,,,0.004005628437795257,,,,
1958-06-17,,,,0.006796314230601197,,,,
1958-06-18,,,,0.011100197780012954,,,,
1958-06-19,,,,0.02046984448638773,,,,
1958-06-20,,,,0.00527988400379109,,,,
1958-06-23,,,,0.0036096540779281708,,,,
1958-06-24,,,,0.003895374604928594,,,,
1958-06-25,,,,0.002137835961082642,,,,
1958-06-26,,,,0.004701910577581061,,,,
1958-06-27,,,,0.0008962444280327251,,,,
1958-06-30,,,,0.008156054241300914,,,,
1958-07-01,,,,0.0003810054107177032,,,,
1958-07-02,,,,0.0003868372478070878,,,,
1958-07-03,,,,0.0032878898388616225,,,,
1958-07-07,,,,0.0033218703178097427,,,,
1958-07-08,,,,0.005564915041092967,,,,
1958-07-09,,,,0.0036772453658455704,,,,
1958-07-10,,,,0.003928260865873088,,,,
1958-07-11,,,,0.007510127623645066,,,,
1958-07-14,,,,0.01533338512893823,,,,
1958-07-15,,,,0.00042022004930493824,,,,
1958-07-16,,,,0.0029092912999526266,,,,
1958-07-17,,,,0.007029639543644492,,,,
1958-07-18,,,,0.0049347123930774785,,,,
1958-07-21,,,,0.013596359149245035,,,,
1958-07-22,,,,0.001297069288990035,,,,
1958-07-23,,,,-8.420943464344281e-05,,,,
1958-07-24,,,,0.005524357855270051,,,,
1958-07-25,,,,0.007266530591976571,,,,
1958-07-28,,,,0.003782611648406389,,,,
1958-07-29,,,,0.004379268177381363,,,,
1958-07-30,,,,0.0025865005549675344,,,,
1958-07-31,,,,0.0018640678931146526,,,,
1958-08-01,,,,0.007009922133163314,,,,
1958-08-04,,,,0.01081303754061141,,,,
1958-08-05,,,,0.004368720752300478,,,,
1958-08-06,,,,0.006846263842643893,,,,
1958-08-07,,,,0.006936690876738597,,,,
1958-08-08,,,,0.006178570898329359,,,,
1958-08-11,,,,0.0020357663796322827,,,,
1958-08-12,,,,0.010309605479463385,,,,
1958-08-13,,,,0.0012729977104191915,,,,
1958-08-14,,,,0.0017745389563196396,,,,
1958-08-15,,,,0.009705656537162599,,,,
1958-08-18,,,,0.0063157835801363315,,,,
1958-08-19,,,,0.0012723410447445297,,,,
1958-08-20,,,,-0.00014818588189702666,,,,
1958-08-21,,,,0.006922537077052672,,,,
1958-08-22,,,,0.0017837719728556395,,,,
1958-08-25,,,,-0.00040351167040613713,,,,
1958-08-26,,,,0.0033384835448262693,,,,
1958-08-27,,,,-0.00041726271317633836,,,,
1958-08-28,,,,0.0060664844826561455,,,,
1958-08-29,,,,0.00162772120617735,,,,
1958-09-02,,,,0.005805878824507021,,,,
1958-09-03,,,,0.003985831719361229,,,,
1958-09-04,,,,0.0017310027967930356,,,,
1958-09-05,,,,0.0030826451276875686,,,,
1958-09-08,,,,0.003578356641062146,,,,
1958-09-09,,,,0.008217363021134592,,,,
1958-09-10,,,,0.0036336415575313327,,,,
1958-09-11,,,,0.008157191440195645,,,,
1958-09-12,,,,0.002547052738453038,,,,
1958-09-15,,,,0.010816419783709293,,,,
1958-09-16,,,,0.009421177537788802,,,,
1958-09-18,,,,6.954329874665417e-05,,,,
1958-09-19,,,,-0.00019253337198393578,,,,
1958-09-22,,,,0.004956584038295381,,,,
1958-09-23,,,,0.008863843015230154,,,,
1958-09-24,,,,0.005049125587755334,,,,
1958-09-25,,,,0.005164082521488985,,,,
1958-09-26,,,,0.0016452263715399354,,,,
1958-09-29,,,,0.004874034720904097,,,,
1958-09-30,,,,0.004368990702205729,,,,
1958-10-01,,,,0.0017788029305780126,,,,
1958-10-02,,,,0.004455816938383732,,,,
1958-10-03,,,,0.004771962341072824,,,,
1958-10-06,,,,0.018783893049801898,,,,
1958-10-08,,,,-0.00012245818449862234,,,,
1958-10-09,,,,-0.0001239935378533302,,,,
1958-10-10,,,,0.008131318530236476,,,,
1958-10-13,,,,0.0052227328755769095,,,,
1958-10-14,,,,0.00901730849175466,,,,
1958-10-15,,,,0.016740384092604726,,,,
1958-10-16,,,,0.007466086236016268,,,,
1958-10-17,,,,0.010966883917821323,,,,
1958-10-20,,,,0.003775208798504609,,,,
1958-10-22,,,,0.0040764895958042115,,,,
1958-10-23,,,,0.0018847643105707427,,,,
1958-10-24,,,,0.0032555451042012595,,,,
1958-10-27,,,,0.00849386479960879,,,,
1958-10-28,,,,0.0029367450592868035,,,,
1958-10-29,,,,0.010385906696426556,,,,
1958-10-30,,,,0.0037310247368855668,,,,
1958-10-31,,,,0.000693615310896481,,,,
1958-11-03,,,,0.004493247349337098,,,,
1958-11-05,,,,0.009909361283457846,,,,
1958-11-06,,,,0.008560475591923201,,,,
1958-11-07,,,,0.0037742363947315598,,,,
1958-11-10,,,,0.006094385839558142,,,,
1958-11-11,,,,0.0082705527107683,,,,
1958-11-12,,,,0.0008741848114274541,,,,
1958-11-13,,,,0.00446768270284955,,,,
1958-11-14,,,,0.005036353632775937,,,,
1958-11-17,,,,0.002650483702511714,,,,
1958-11-18,,,,0.0021073970101210065,,,,
1958-11-19,,,,0.0009133654382130116,,,,
1958-11-20,,,,-0.00044450547490119615,,,,
1958-11-21,,,,0.011484531063670898,,,,
1958-11-24,,,,0.014435030492754497,,,,
1958-11-25,,,,0.02035795228880855,,,,
1958-11-26,,,,0.015241950023455818,,,,
1958-11-28,,,,0.00896174201844408,,,,
1958-12-01,,,,0.00286490776412351,,,,
1958-12-02,,,,0.0034371219843534165,,,,
1958-12-03,,,,0.0006636412206895119,,,,
1958-12-04,,,,-0.0001493358887917661,,,,
1958-12-05,,,,0.0012515363493482068,,,,
1958-12-09,,,,0.005729459112674713,,,,
1958-12-10,,,,0.010549751176517578,,,,
1958-12-11,,,,0.0015729713950896277,,,,
1958-12-12,,,,0.0019354451887135342,,,,
1958-12-15,,,,0.0020670837415937486,,,,
1958-12-16,,,,0.0029630881242212236,,,,
1958-12-17,,,,0.005631724332904369,,,,
1958-12-18,,,,0.0035206972698152757,,,,
1958-12-19,,,,0.0011425110915536235,,,,
1958-12-22,,,,0.006211416992553763,,,,
1958-12-23,,,,0.0049355009772542235,,,,
1958-12-24,,,,0.01193615362034238,,,,
1958-12-29,,,,0.010314906641196993,,,,
1958-12-30,,,,0.0026581188974504535,,,,
1958-12-31,,,,0.004207920420512011,,,,
1959-01-02,,,,0.003390239237295513,,,,
1959-01-05,,,,0.0032545749465415544,,,,
1959-01-06,,,,0.0009368860701786823,,,,
1959-01-07,,,,0.012067839266488155,,,,
1959-01-08,,,,0.008033107633023224,,,,
1959-01-09,,,,0.00560442894390113,,,,
1959-01-12,,,,-0.0003452727193904196,,,,
1959-01-13,,,,0.004941127480517499,,,,
1959-01-14,,,,0.0020103602864543087,,,,
1959-01-15,,,,0.003063209552327947,,,,
1959-01-16,,,,6.563089373317878e-05,,,,
1959-01-19,,,,0.002000212440857933,,,,
1959-01-20,,,,0.0001635238396070158,,,,
1959-01-21,,,,0.005233022977866189,,,,
1959-01-22,,,,0.0009761289485132074,,,,
1959-01-23,,,,-1.8025813603302972e-05,,,,
1959-01-26,,,,0.00400608573838234,,,,
1959-01-27,,,,-0.0003936056184090923,,,,
1959-01-28,,,,0.011581952618923374,,,,
1959-01-29,,,,0.00017405775644259132,,,,
1959-01-30,,,,0.004099853944781238,,,,
1959-02-02,,,,0.004211462602001261,,,,
1959-02-03,,,,0.0007480892998291696,,,,
1959-02-04,,,,0.003931301639209572,,,,
1959-02-05,,,,0.00455680617549655,,,,
1959-02-06,,,,0.008329472729824898,,,,
1959-02-09,,,,0.015058216225050823,,,,
1959-02-10,,,,0.01295944353939517,,,,
1959-02-11,,,,-1.0959530854041158e-06,,,,
1959-02-12,,,,0.005761708086423324,,,,
1959-02-13,,,,0.006773125418027669,,,,
1959-02-16,,,,0.0008544720994603796,,,,
1959-02-17,,,,0.003378159521762559,,,,
1959-02-18,,,,-0.00035383831278628584,,,,
1959-02-19,,,,0.021005551906036653,,,,
1959-02-20,,,,-0.00016178319373135532,,,,
1959-02-24,,,,0.0003668263136635554,,,,
1959-02-25,,,,0.0034985383270232898,,,,
1959-02-26,,,,0.0010989256583467959,,,,
1959-02-27,,,,0.0006326519915244059,,,,
1959-03-02,,,,0.004723886443973745,,,,
1959-03-03,,,,0.008005254504140174,,,,
1959-03-04,,,,0.0011075582560192807,,,,
1959-03-05,,,,0.0007972592940207295,,,,
1959-03-06,,,,0.00337969471015211,,,,
1959-03-09,,,,0.0007333928291871675,,,,
1959-03-10,,,,0.002200589638936768,,,,
1959-03-11,,,,0.00015273087657884235,,,,
1959-03-12,,,,0.0038470665162923844,,,,
1959-03-13,,,,0.0006852878543283253,,,,
1959-03-16,,,,0.010690530742896628,,,,
1959-03-17,,,,0.007480007901805866,,,,
1959-03-18,,,,0.001954058011390785,,,,
1959-03-19,,,,0.0005874139768896205,,,,
1959-03-20,,,,0.00033422062768571404,,,,
1959-03-23,,,,0.009095461044268798,,,,
1959-03-24,,,,0.0010488536811334075,,,,
1959-03-25,,,,0.0011494068651894662,,,,
1959-03-26,,,,0.0019033844631645277,,,,
1959-03-30,,,,0.005477987124199927,,,,
1959-03-31,,,,-0.00011439016045258436,,,,
1959-04-01,,,,0.004188287640139681,,,,
1959-04-02,,,,0.005350180248177423,,,,
1959-04-03,,,,0.00782270015242214,,,,
1959-04-06,,,,0.0024206503865832714,,,,
1959-04-07,,,,0.0019715617963318704,,,,
1959-04-08,,,,0.0049016763352206045,,,,
1959-04-09,,,,0.000460911021133374,,,,
1959-04-10,,,,0.00037443547184445327,,,,
1959-04-13,,,,0.0035993164559864127,,,,
1959-04-14,,,,0.005043957786633083,,,,
1959-04-15,,,,0.004439269416021697,,,,
1959-04-16,,,,0.008949822371309991,,,,
1959-04-17,,,,0.009147271014716124,,,,
1959-04-20,,,,0.004256657063840167,,,,
1959-04-21,,,,0.0008491251183721067,,,,
1959-04-22,,,,0.007258970270718589,,,,
1959-04-23,,,,0.002237353912600174,,,,
1959-04-24,,,,0.006567364966617479,,,,
1959-04-27,,,,0.0029467509187145868,,,,
1959-04-28,,,,0.004096512067355488,,,,
1959-04-29,,,,0.0043262572832521605,,,,
1959-04-30,,,,0.0017000361664228707,,,,
1959-05-01,,,,0.0005828617317638667,,,,
1959-05-05,,,,0.0014585470378556922,,,,
1959-05-06,,,,0.0026802901014419903,,,,
1959-05-07,,,,0.0157095479584871,,,,
1959-05-08,,,,0.008285854344571514,,,,
1959-05-11,,,,0.012069751028450985,,,,
1959-05-13,,,,-0.0004220219427831283,,,,
1959-05-14,,,,0.0071533791596752406,,,,
1959-05-15,,,,0.0037183669601594674,,,,
1959-05-18,,,,-0.0001338348406504391,,,,
1959-05-19,,,,0.0027241351391118543,,,,
1959-05-20,,,,0.004263119065693011,,,,
1959-05-21,,,,0.0003597309939464252,,,,
1959-05-22,,,,0.0032335561010680726,,,,
1959-05-25,,,,0.002754795682638253,,,,
1959-05-26,,,,0.0015327465562234408,,,,
1959-05-27,,,,0.0014443715612637554,,,,
1959-05-28,,,,0.0036253922021692395,,,,
1959-05-29,,,,0.0056158784059982285,,,,
1959-06-01,,,,0.0007186494794578648,,,,
1959-06-02,,,,0.008483427315320355,,,,
1959-06-03,,,,-0.0002661028167977882,,,,
1959-06-04,,,,0.013353051666741673,,,,
1959-06-05,,,,0.0021620968826192182,,,,
1959-06-08,,,,0.01560169011120892,,,,
1959-06-09,,,,0.007595867989672282,,,,
1959-06-10,,,,0.015818337507214248,,,,
1959-06-11,,,,0.0005026297128609981,,,,
1959-06-12,,,,0.00014977865660952921,,,,
1959-06-15,,,,0.00518953299407704,,,,
1959-06-16,,,,0.007643844606836764,,,,
1959-06-17,,,,0.00920917638975211,,,,
1959-06-18,,,,0.0004176196296529159,,,,
1959-06-19,,,,0.0008785503882515266,,,,
1959-06-23,,,,-0.0001233398803852193,,,,
1959-06-24,,,,0.004926425219351712,,,,
1959-06-25,,,,0.005488945748257438,,,,
1959-06-26,,,,0.0041380477942325545,,,,
1959-06-29,,,,0.006823676126339152,,,,
1959-06-30,,,,0.0012778575528605458,,,,
1959-07-01,,,,0.008960878401984482,,,,
1959-07-02,,,,0.00518921029273964,,,,
1959-07-06,,,,0.006323757785692803,,,,
1959-07-07,,,,0.006114507060379347,,,,
1959-07-08,,,,-0.0002468672391883021,,,,
1959-07-09,,,,0.000808739716611967,,,,
1959-07-10,,,,0.0008214043151877971,,,,
1959-07-13,,,,0.009449318647829488,,,,
1959-07-14,,,,0.002041456745050508,,,,
1959-07-15,,,,0.00013609166655173223,,,,
1959-07-16,,,,0.00319737363831714,,,,
1959-07-17,,,,0.0040283460852168365,,,,
1959-07-20,,,,0.005267344803864185,,,,
1959-07-21,,,,0.00940692646727196,,,,
1959-07-22,,,,0.003267491701376749,,,,
1959-07-23,,,,0.0005333169997998974,,,,
1959-07-24,,,,5.371919897242297e-05,,,,
1959-07-27,,,,0.006878593908582983,,,,
1959-07-28,,,,0.0054058513160295234,,,,
1959-07-29,,,,0.005413861637455898,,,,
1959-07-30,,,,0.002085713518812105,,,,
1959-07-31,,,,-0.00048417290335361354,,,,
1959-08-03,,,,0.003489888689627563,,,,
1959-08-04,,,,0.0017454824739480727,,,,
1959-08-05,,,,0.00627809522860266,,,,
1959-08-06,,,,0.0009075331064601645,,,,
1959-08-07,,,,0.007648315904503555,,,,
1959-08-10,,,,0.026439223331140245,,,,
1959-08-11,,,,0.012743415911927779,,,,
1959-08-12,,,,0.001979873297866842,,,,
1959-08-13,,,,0.001358090480824882,,,,
1959-08-14,,,,0.0017900002039535747,,,,
1959-08-17,,,,0.0017380635497346016,,,,
1959-08-18,,,,0.00916499946088216,,,,
1959-08-19,,,,0.005658484095112434,,,,
1959-08-20,,,,0.014360642147986605,,,,
1959-08-21,,,,0.0006709382767169334,,,,
1959-08-24,,,,0.003075410163147632,,,,
1959-08-25,,,,0.0014158089062846087,,,,
1959-08-26,,,,0.0007773642615321068,,,,
1959-08-27,,,,0.007956869084325463,,,,
1959-08-28,,,,-0.00021180759630776342,,,,
1959-09-01,,,,0.012040039960732347,,,,
1959-09-02,,,,0.0002836711163482972,,,,
1959-09-03,,,,0.010643691954851028,,,,
1959-09-04,,,,0.004016375263258756,,,,
1959-09-08,,,,0.013372625199394734,,,,
1959-09-09,,,,0.006130640613035675,,,,
1959-09-10,,,,0.004462915685668648,,,,
1959-09-11,,,,0.006215196401875923,,,,
1959-09-14,,,,0.0063571384348414875,,,,
1959-09-15,,,,0.004670186382497882,,,,
1959-09-16,,,,0.00013951064080418486,,,,
1959-09-17,,,,0.004819125720014644,,,,
1959-09-18,,,,0.003395680905327463,,,,
1959-09-21,,,,0.015351558412777739,,,,
1959-09-22,,,,0.001843468899147031,,,,
1959-09-23,,,,0.010711786563213786,,,,
1959-09-24,,,,0.014389350547990634,,,,
1959-09-25,,,,0.00046917639438204793,,,,
1959-09-28,,,,0.0055382775025783655,,,,
1959-09-29,,,,0.004639306227242383,,,,
1959-09-30,,,,0.008651177011023662,,,,
1959-10-01,,,,0.0004007203996618124,,,,
1959-10-02,,,,0.0032608512011846748,,,,
1959-10-05,,,,0.0006227719158943188,,,,
1959-10-06,,,,0.0004883151670020923,,,,
1959-10-07,,,,0.0019857185238087377,,,,
1959-10-08,,,,0.0017200538405683211,,,,
1959-10-09,,,,0.002447978998560131,,,,
1959-10-12,,,,0.0044933213899160775,,,,
1959-10-13,,,,0.0022322799471767587,,,,
1959-10-14,,,,0.006869951264319951,,,,
1959-10-15,,,,0.0020485572320110743,,,,
1959-10-16,,,,0.006897312456353239,,,,
1959-10-19,,,,0.004803081617058102,,,,
1959-10-20,,,,0.005345532212347236,,,,
1959-10-21,,,,0.0015168938979370418,,,,
1959-10-22,,,,0.008813589015986547,,,,
1959-10-23,,,,0.008702989702464383,,,,
1959-10-26,,,,0.005540285128882072,,,,
1959-10-27,,,,0.007072302080580795,,,,
1959-10-28,,,,0.00012745531044951061,,,,
1959-10-29,,,,0.0005252389144703714,,,,
1959-10-30,,,,0.0012550977585021811,,,,
1959-11-02,,,,0.00151858741550241,,,,
1959-11-04,,,,0.002208977715761228,,,,
1959-11-05,,,,0.00047705851640419863,,,,
1959-11-06,,,,0.0042500932491100155,,,,
1959-11-09,,,,0.0014293057205193957,,,,
1959-11-10,,,,5.7805572593887364e-05,,,,
1959-11-11,,,,-0.00038763930594546575,,,,
1959-11-12,,,,0.005485531581540782,,,,
1959-11-13,,,,0.005532479554664926,,,,
1959-11-16,,,,0.011288032586706246,,,,
1959-11-17,,,,0.0023147000366448207,,,,
1959-11-18,,,,0.010488257538666014,,,,
1959-11-19,,,,0.0005772698947406891,,,,
1959-11-20,,,,-2.6533517555557423e-05,,,,
1959-11-23,,,,0.001401084428384266,,,,
1959-11-24,,,,0.00431407662809825,,,,
1959-11-25,,,,0.0010561494663706835,,,,
1959-11-27,,,,0.0041982666356965405,,,,
1959-11-30,,,,0.010116433479409322,,,,
1959-12-01,,,,0.00688972477571347,,,,
1959-12-02,,,,0.0014599088998974183,,,,
1959-12-03,,,,0.0017443332645568541,,,,
1959-12-04,,,,0.001586364632018192,,,,
1959-12-07,,,,0.0014243843295606022,,,,
1959-12-08,,,,0.006486068021925431,,,,
1959-12-09,,,,0.006553494219291349,,,,
1959-12-10,,,,0.00032123061750959347,,,,
1959-12-11,,,,0.002311600944069674,,,,
1959-12-14,,,,0.0024310452521464666,,,,
1959-12-15,,,,0.0023739672538757133,,,,
1959-12-16,,,,0.0007327961943688063,,,,
1959-12-17,,,,0.0018496002873805767,,,,
1959-12-18,,,,0.005001819920999659,,,,
1959-12-21,,,,0.0007548812095623477,,,,
1959-12-22,,,,0.0010872636263648825,,,,
1959-12-23,,,,0.0034067299044909113,,,,
1959-12-24,,,,0.0001558768040808676,,,,
1959-12-28,,,,6.182314618145039e-05,,,,
1959-12-29,,,,0.006286684282459172,,,,
1959-12-30,,,,0.009514526179418722,,,,
1959-12-31,,,,0.0018408156840680609,,,,
1960-01-04,,,,-0.0002824796850888287,,,,
1960-01-05,,,,0.009763568764963516,,,,
1960-01-06,,,,0.0051601456229153865,,,,
1960-01-07,,,,0.008995096383281583,,,,
1960-01-08,,,,0.003593616133865038,,,,
1960-01-11,,,,0.014987233710253988,,,,
1960-01-12,,,,0.006708745794918212,,,,
1960-01-13,,,,0.006131354827202776,,,,
1960-01-14,,,,0.005667427650774198,,,,
1960-01-15,,,,5.962142260448688e-05,,,,
1960-01-18,,,,0.009417713546833946,,,,
1960-01-19,,,,0.01184670501919757,,,,
1960-01-20,,,,0.003498189559400753,,,,
1960-01-21,,,,0.002102639147068261,,,,
1960-01-22,,,,0.0027079799239597187,,,,
1960-01-25,,,,0.01150307127216876,,,,
1960-01-26,,,,0.0009348423430350128,,,,
1960-01-27,,,,0.0024086608409141577,,,,
1960-01-28,,,,0.01139352076902191,,,,
1960-01-29,,,,0.009806703029468487,,,,
1960-02-01,,,,0.006175121478235716,,,,
1960-02-02,,,,0.015742103451877727,,,,
1960-02-03,,,,0.008162216282917868,,,,
1960-02-04,,,,0.0005681474536647684,,,,
1960-02-05,,,,0.004705452722156355,,,,
1960-02-08,,,,0.011238550735698419,,,,
1960-02-09,,,,0.008400776206273322,,,,
1960-02-10,,,,0.005527333804246239,,,,
1960-02-11,,,,0.004933332193534423,,,,
1960-02-12,,,,0.00425316666314385,,,,
1960-02-15,,,,0.004654177082232655,,,,
1960-02-16,,,,0.007322164121832382,,,,
1960-02-17,,,,0.004694117192343341,,,,
1960-02-18,,,,0.01277805021722104,,,,
1960-02-19,,,,0.006517145799020238,,,,
1960-02-23,,,,0.004449359948927562,,,,
1960-02-24,,,,0.0029249418067110265,,,,
1960-02-25,,,,0.002578445495231448,,,,
1960-02-26,,,,0.0032501294108350765,,,,
1960-02-29,,,,0.00038907928870861227,,,,
1960-03-01,,,,0.0015664711345036773,,,,
1960-03-02,,,,0.00636362841775916,,,,
1960-03-03,,,,0.014140444149578263,,,,
1960-03-04,,,,0.003189204581415316,,,,
1960-03-07,,,,0.008942799240959252,,,,
1960-03-08,,,,0.00894673026034583,,,,
1960-03-09,,,,0.00906383580353397,,,,
1960-03-10,,,,0.0031139806058246623,,,,
1960-03-11,,,,0.006210288974619301,,,,
1960-03-14,,,,0.0008019096337346433,,,,
1960-03-15,,,,0.006341147324666261,,,,
1960-03-16,,,,0.004313990273731074,,,,
1960-03-17,,,,0.0010229781248326934,,,,
1960-03-18,,,,0.0003186498698686938,,,,
1960-03-21,,,,0.0004885088056324423,,,,
1960-03-22,,,,0.0031804699860377983,,,,
1960-03-23,,,,0.00707850802156803,,,,
1960-03-24,,,,0.0034680041560159252,,,,
1960-03-28,,,,0.0017610955940199843,,,,
1960-03-29,,,,0.001101956452405647,,,,
1960-03-30,,,,0.0018258260206156472,,,,
1960-03-31,,,,0.005439447476850449,,,,
1960-04-01,,,,0.0010729295186529086,,,,
1960-04-04,,,,0.0014537117692847803,,,,
1960-04-05,,,,0.0028578883120504166,,,,
1960-04-06,,,,0.020942372292917594,,,,
1960-04-07,,,,-0.0003364494861803664,,,,
1960-04-08,,,,0.0018280574388646503,,,,
1960-04-11,,,,0.0033331313995806186,,,,
1960-04-12,,,,0.0016425313196335729,,,,
1960-04-14,,,,0.0016923194811906165,,,,
1960-04-18,,,,0.0022342105111295566,,,,
1960-04-19,,,,0.007789854759207404,,,,
1960-04-20,,,,0.011773311348492231,,,,
1960-04-21,,,,0.0020208386433372355,,,,
1960-04-22,,,,0.002635766503509896,,,,
1960-04-25,,,,0.009478951054808433,,,,
1960-04-26,,,,0.0025808130460169055,,,,
1960-04-28,,,,0.008210098261491699,,,,
1960-04-29,,,,0.003077852041596389,,,,
1960-05-02,,,,0.004033682708900748,,,,
1960-05-03,,,,0.012251842758009815,,,,
1960-05-04,,,,0.0030561290881586842,,,,
1960-05-05,,,,0.0028088508077862757,,,,
1960-05-06,,,,0.0016391926685240393,,,,
1960-05-09,,,,0.00034949887702691974,,,,
1960-05-10,,,,0.006563191043235569,,,,
1960-05-11,,,,0.0021751484093724,,,,
1960-05-12,,,,0.00457581558276392,,,,
1960-05-13,,,,0.0076734665400212555,,,,
1960-05-16,,,,0.000607272216422214,,,,
1960-05-17,,,,0.003266952384507062,,,,
1960-05-18,,,,7.154325322069372e-05,,,,
1960-05-19,,,,0.0039056270093206515,,,,
1960-05-20,,,,0.00035949825703465076,,,,
1960-05-23,,,,-1.6094253891386602e-05,,,,
1960-05-24,,,,0.0008487169291509782,,,,
1960-05-25,,,,0.00027274545479138193,,,,
1960-05-26,,,,0.00018436711267273294,,,,
1960-05-27,,,,-1.6929216547171575e-05,,,,
1960-05-31,,,,0.0012265896148073805,,,,
1960-06-01,,,,0.0006122063266465055,,,,
1960-06-02,,,,0.004468716156825689,,,,
1960-06-03,,,,0.0014776802531640382,,,,
1960-06-06,,,,0.013675116450543721,,,,
1960-06-07,,,,0.010293464943663578,,,,
1960-06-08,,,,0.00837844181421481,,,,
1960-06-09,,,,0.0015007790652747624,,,,
1960-06-10,,,,0.00025734321495806116,,,,
1960-06-13,,,,-0.00023995777251543184,,,,
1960-06-14,,,,0.0012756014509300124,,,,
1960-06-15,,,,0.006621973967341571,,,,
1960-06-16,,,,0.001084873082528648,,,,
1960-06-17,,,,0.0008957585210928172,,,,
1960-06-20,,,,0.005534788239795471,,,,
1960-06-21,,,,0.0007036858619323803,,,,
1960-06-22,,,,0.002963790527098826,,,,
1960-06-23,,,,0.006023202553217976,,,,
1960-06-24,,,,0.0012540662388995346,,,,
1960-06-27,,,,0.007303073829645988,,,,
1960-06-28,,,,0.00811132375838396,,,,
1960-06-30,,,,7.585787807182939e-05,,,,
1960-07-01,,,,0.0024115989772124954,,,,
1960-07-05,,,,0.0005271614453848686,,,,
1960-07-06,,,,0.0014518851691426883,,,,
1960-07-07,,,,0.006244183484783519,,,,
1960-07-08,,,,0.002502502808791332,,,,
1960-07-11,,,,0.011536522359171447,,,,
1960-07-12,,,,0.013574135107962081,,,,
1960-07-13,,,,0.0028520531512855967,,,,
1960-07-14,,,,-0.00023949448235411662,,,,
1960-07-15,,,,0.0011842056803358948,,,,
1960-07-18,,,,0.007491133209331607,,,,
1960-07-20,,,,0.0016852647076267028,,,,
1960-07-21,,,,0.011477630032730102,,,,
1960-07-22,,,,0.008247109050853095,,,,
1960-07-25,,,,0.011869647540690833,,,,
1960-07-26,,,,0.006639392747040684,,,,
1960-07-27,,,,0.007019815323544092,,,,
1960-07-28,,,,0.008070966519355207,,,,
1960-07-29,,,,0.019193059122777387,,,,
1960-08-01,,,,-0.0001924407911416046,,,,
1960-08-02,,,,0.00865159998435258,,,,
1960-08-03,,,,0.005520564661843116,,,,
1960-08-04,,,,0.0025653798959997085,,,,
1960-08-05,,,,0.009614450748632184,,,,
1960-08-08,,,,0.000875574630058196,,,,
1960-08-09,,,,0.005211342681946243,,,,
1960-08-10,,,,0.0035731932205427352,,,,
1960-08-11,,,,0.0032306268160668494,,,,
1960-08-12,,,,0.006346497969190936,,,,
1960-08-15,,,,0.0006054565608825739,,,,
1960-08-16,,,,0.0014441348996539862,,,,
1960-08-17,,,,0.0016499952736328365,,,,
1960-08-18,,,,0.0002549615354277787,,,,
1960-08-19,,,,0.0032382245096998653,,,,
1960-08-22,,,,0.0028779736678855926,,,,
1960-08-23,,,,0.010353414428300246,,,,
1960-08-24,,,,0.005445178059747387,,,,
1960-08-25,,,,0.004981670036914408,,,,
1960-08-26,,,,0.0032914600030746442,,,,
1960-08-29,,,,0.002753229724855256,,,,
1960-08-30,,,,0.011358915383280068,,,,
1960-08-31,,,,0.0016633347194085436,,,,
1960-09-01,,,,0.0018753174034511298,,,,
1960-09-02,,,,0.0014172023387120833,,,,
1960-09-06,,,,0.00968498393817964,,,,
1960-09-07,,,,0.013165139376531245,,,,
1960-09-08,,,,0.0006227635294946227,,,,
1960-09-09,,,,0.0063605115507316505,,,,
1960-09-12,,,,0.0069243676981274975,,,,
1960-09-13,,,,0.0014707609493549928,,,,
1960-09-14,,,,0.007035705047224202,,,,
1960-09-15,,,,0.003850530619090917,,,,
1960-09-16,,,,0.0018026183892877576,,,,
1960-09-19,,,,0.024112031269625876,,,,
1960-09-20,,,,0.0020028231572337975,,,,
1960-09-21,,,,0.008907259923118993,,,,
1960-09-22,,,,0.003136100965197784,,,,
1960-09-23,,,,0.0073073124813219075,,,,
1960-09-26,,,,0.013652593181576338,,,,
1960-09-27,,,,0.0016749059710785676,,,,
1960-09-28,,,,0.007259888063170254,,,,
1960-09-29,,,,0.0018305774591215523,,,,
1960-09-30,,,,0.014477520536106165,,,,
1960-10-03,,,,0.002158062231231346,,,,
1960-10-04,,,,0.005399683240788002,,,,
1960-10-05,,,,0.005730139878115114,,,,
1960-10-06,,,,0.004582921524868764,,,,
1960-10-07,,,,0.004257344882230651,,,,
1960-10-10,,,,0.0012152757916279867,,,,
1960-10-11,,,,0.0007692512046311215,,,,
1960-10-12,,,,0.0008466312300475739,,,,
1960-10-13,,,,0.006197254215323598,,,,
1960-10-14,,,,0.00407822583938839,,,,
1960-10-17,,,,0.0033687224793640287,,,,
1960-10-18,,,,0.004223681369318521,,,,
1960-10-19,,,,0.0013663093789366325,,,,
1960-10-20,,,,0.0061843660530368555,,,,
1960-10-21,,,,0.002073060779932754,,,,
1960-10-24,,,,0.017056868111115654,,,,
1960-10-25,,,,0.0076584340069525934,,,,
1960-10-26,,,,0.013063500895046638,,,,
1960-10-27,,,,0.007883976842569591,,,,
1960-10-28,,,,0.002757188776642578,,,,
1960-10-31,,,,6.49538830547199e-05,,,,
1960-11-01,,,,0.007650154454375179,,,,
1960-11-02,,,,0.003587958589016194,,,,
1960-11-03,,,,0.0025926230135921258,,,,
1960-11-04,,,,0.006394516132992241,,,,
1960-11-07,,,,0.0025817584419540983,,,,
1960-11-09,,,,0.003041909998582398,,,,
1960-11-10,,,,0.015369173452574091,,,,
1960-11-11,,,,0.007235606175123402,,,,
1960-11-14,,,,0.0035031134306698457,,,,
1960-11-15,,,,0.0025485925554020565,,,,
1960-11-16,,,,0.0012771293984670193,,,,
1960-11-17,,,,0.0018543099012193534,,,,
1960-11-18,,,,0.003371503089504787,,,,
1960-11-21,,,,0.0011230949396109507,,,,
1960-11-22,,,,0.0027928797225732285,,,,
1960-11-23,,,,0.0007194379740175838,,,,
1960-11-25,,,,0.004446663526636829,,,,
1960-11-28,,,,0.001248437386100046,,,,
1960-11-29,,,,0.002787513106894942,,,,
1960-11-30,,,,0.004217626978078364,,,,
1960-12-01,,,,0.0034904480426273155,,,,
1960-12-02,,,,0.0009393667984186094,,,,
1960-12-05,,,,0.0010264790597393349,,,,
1960-12-06,,,,0.002114631518663566,,,,
1960-12-07,,,,0.008587922857844554,,,,
1960-12-08,,,,0.0015957503225608224,,,,
1960-12-09,,,,0.007664909263384534,,,,
1960-12-12,,,,0.002712958235799956,,,,
1960-12-13,,,,-2.3773010046434656e-05,,,,
1960-12-14,,,,0.0003887363576372082,,,,
1960-12-15,,,,0.0024152861452751183,,,,
1960-12-16,,,,0.008342366632699888,,,,
1960-12-19,,,,0.0008941941151536187,,,,
1960-12-20,,,,0.0003986341001374821,,,,
1960-12-21,,,,0.007414427366433468,,,,
1960-12-22,,,,0.002451834241354018,,,,
1960-12-23,,,,0.0003161733455262055,,,,
1960-12-27,,,,0.0008497094990177419,,,,
1960-12-28,,,,0.004085698002209581,,,,
1960-12-29,,,,0.004293712250202944,,,,
1960-12-30,,,,0.0005063276114601567,,,,
1961-01-03,,,,0.009660973587028967,,,,
1961-01-04,,,,0.013626666518492862,,,,
1961-01-05,,,,0.0029858195695697427,,,,
1961-01-06,,,,0.0026015774234808375,,,,
1961-01-09,,,,0.00649851418108309,,,,
1961-01-10,,,,0.0021845245246638594,,,,
1961-01-11,,,,0.0023874567739708003,,,,
1961-01-12,,,,0.002594784856621313,,,,
1961-01-13,,,,0.0044131805874734024,,,,
1961-01-16,,,,4.8533399282182585e-05,,,,
1961-01-17,,,,0.0004939586696507351,,,,
1961-01-18,,,,0.0001299025159281672,,,,
1961-01-19,,,,0.0010754897213358908,,,,
1961-01-20,,,,0.003009553704663762,,,,
1961-01-23,,,,0.005765699174519882,,,,
1961-01-24,,,,0.0024676929009649303,,,,
1961-01-25,,,,0.0009199689925575523,,,,
1961-01-26,,,,0.0011346416748704887,,,,
1961-01-27,,,,0.011964548810572668,,,,
1961-01-30,,,,0.013669191759549127,,,,
1961-01-31,,,,0.0032068398587738393,,,,
1961-02-01,,,,0.0016044202796712127,,,,
1961-02-02,,,,0.00694401131044053,,,,
1961-02-03,,,,0.0011759898457594908,,,,
1961-02-06,,,,0.008483103225995449,,,,
1961-02-07,,,,0.001715078613533715,,,,
1961-02-08,,,,0.009904752599532846,,,,
1961-02-09,,,,0.003168414464173512,,,,
1961-02-10,,,,0.00930365587424228,,,,
1961-02-13,,,,0.006144840683866773,,,,
1961-02-14,,,,0.0042195086608526645,,,,
1961-02-15,,,,0.008571201791591663,,,,
1961-02-16,,,,0.006126627647213387,,,,
1961-02-17,,,,0.0032262289665517807,,,,
1961-02-20,,,,0.003316197876601803,,,,
1961-02-21,,,,9.959384543421158e-05,,,,
1961-02-23,,,,0.003590921473282664,,,,
1961-02-24,,,,0.004000573595386854,,,,
1961-02-27,,,,0.007980208393282357,,,,
1961-02-28,,,,0.0019535943559106893,,,,
1961-03-01,,,,-0.0001590770524071669,,,,
1961-03-02,,,,0.0073797032582580205,,,,
1961-03-03,,,,0.0012355240760511487,,,,
1961-03-06,,,,0.001253882829538895,,,,
1961-03-07,,,,0.011069616315233425,,,,
1961-03-08,,,,0.00021661860578735384,,,,
1961-03-09,,,,0.00047260676606566493,,,,
1961-03-10,,,,3.0256837932164084e-05,,,,
1961-03-13,,,,0.0028386538052432592,,,,
1961-03-14,,,,0.005194233796164654,,,,
1961-03-15,,,,0.0030692595298445475,,,,
1961-03-16,,,,0.012132403477947099,,,,
1961-03-17,,,,0.003676144721605553,,,,
1961-03-20,,,,0.01590873358357569,,,,
1961-03-21,,,,0.0017975204380717552,,,,
1961-03-22,,,,0.00038095636114717884,,,,
1961-03-23,,,,0.002756000712949352,,,,
1961-03-24,,,,0.0016778663625867864,,,,
1961-03-27,,,,0.0009549543444885846,,,,
1961-03-28,,,,-0.0001060258804516863,,,,
1961-03-29,,,,0.009871332899586123,,,,
1961-03-30,,,,0.001761161352905401,,,,
1961-04-03,,,,0.009581176021472248,,,,
1961-04-04,,,,0.0004415603515953218,,,,
1961-04-05,,,,0.0034262001873203206,,,,
1961-04-06,,,,0.0021641433031845013,,,,
1961-04-07,,,,0.006055453375520455,,,,
1961-04-10,,,,0.010325367697471867,,,,
1961-04-11,,,,0.001005155683589516,,,,
1961-04-12,,,,0.005581807630343079,,,,
1961-04-13,,,,0.0005854033587415833,,,,
1961-04-14,,,,0.0014150384306298256,,,,
1961-04-17,,,,0.04456029081340886,,,,
1961-04-18,,,,0.029282820961378256,,,,
1961-04-19,,,,0.00339438757366641,,,,
1961-04-20,,,,-0.0002453656992178928,,,,
1961-04-21,,,,0.0002919266907654153,,,,
1961-04-24,,,,0.012988588613689452,,,,
1961-04-25,,,,0.007987439636458819,,,,
1961-04-26,,,,0.0019286675868209666,,,,
1961-04-27,,,,0.0006480807731666503,,,,
1961-04-28,,,,0.0012177172389635134,,,,
1961-05-01,,,,0.0011456015141479668,,,,
1961-05-02,,,,0.004180836674395053,,,,
1961-05-03,,,,0.004866345287774714,,,,
1961-05-04,,,,0.0021576258819155634,,,,
1961-05-05,,,,0.000422544879460255,,,,
1961-05-08,,,,0.000901154806820609,,,,
1961-05-09,,,,0.00023496920858380113,,,,
1961-05-10,,,,0.00041839015769469745,,,,
1961-05-11,,,,7.601189763420063e-06,,,,
1961-05-12,,,,0.0007793725226431954,,,,
1961-05-15,,,,0.003168271270214911,,,,
1961-05-16,,,,0.00232237110832256,,,,
1961-05-17,,,,0.0030110601990881135,,,,
1961-05-18,,,,0.004241303297355488,,,,
1961-05-19,,,,0.0027356175170999805,,,,
1961-05-22,,,,0.004560047072202744,,,,
1961-05-23,,,,0.0017311660661867593,,,,
1961-05-24,,,,0.00468326513492975,,,,
1961-05-25,,,,0.0027254080422445997,,,,
1961-05-26,,,,0.004600782507780831,,,,
1961-05-31,,,,0.0011202713915558083,,,,
1961-06-02,,,,0.0016523313583454511,,,,
1961-06-05,,,,0.003938175983754834,,,,
1961-06-06,,,,0.0021583685085740075,,,,
1961-06-07,,,,0.015823549761479466,,,,
1961-06-08,,,,0.011872694752105261,,,,
1961-06-09,,,,-0.0001053735833689773,,,,
1961-06-12,,,,0.005621127112135627,,,,
1961-06-13,,,,0.003819947871414802,,,,
1961-06-14,,,,0.0016821211101961419,,,,
1961-06-15,,,,0.003214894880722878,,,,
1961-06-16,,,,0.005921550515688529,,,,
1961-06-19,,,,0.007069345655174883,,,,
1961-06-20,,,,0.00652933470255877,,,,
1961-06-21,,,,-0.00010733420472759657,,,,
1961-06-22,,,,0.002710417360503669,,,,
1961-06-23,,,,0.002795275819576849,,,,
1961-06-26,,,,0.008440958353474366,,,,
1961-06-28,,,,0.0010755116556539915,,,,
1961-06-29,,,,0.0006630202361990618,,,,
1961-06-30,,,,0.0011103370391092164,,,,
1961-07-03,,,,0.0071347084684576945,,,,
1961-07-05,,,,0.005034897826961239,,,,
1961-07-06,,,,0.0018798433074225418,,,,
1961-07-07,,,,0.00027691804972861166,,,,
1961-07-10,,,,0.0005517247118001958,,,,
1961-07-11,,,,1.2662839056695476e-05,,,,
1961-07-12,,,,0.00490355543972524,,,,
1961-07-13,,,,0.006229013078844619,,,,
1961-07-14,,,,0.005458414845823235,,,,
1961-07-17,,,,0.006657631265276578,,,,
1961-07-18,,,,0.005128085553931697,,,,
1961-07-19,,,,0.003653255309299204,,,,
1961-07-20,,,,-0.0003720168292907367,,,,
1961-07-21,,,,0.0016744900233545766,,,,
1961-07-24,,,,-0.00038444349568042844,,,,
1961-07-25,,,,0.004894800722048177,,,,
1961-07-26,,,,0.008651459433259033,,,,
1961-07-27,,,,0.010757611711848683,,,,
1961-07-28,,,,0.0008856464907862233,,,,
1961-07-31,,,,0.00018640591237256902,,,,
1961-08-01,,,,0.008301722244695582,,,,
1961-08-02,,,,0.005830941350658601,,,,
1961-08-03,,,,0.004454842341368372,,,,
1961-08-04,,,,0.005043104855566522,,,,
1961-08-07,,,,-0.00013819037923515576,,,,
1961-08-08,,,,0.0016397164788168816,,,,
1961-08-09,,,,0.0008918086545128742,,,,
1961-08-10,,,,0.0025918402463738304,,,,
1961-08-11,,,,0.0011010899475820686,,,,
1961-08-14,,,,0.0049484792768298555,,,,
1961-08-15,,,,0.0023340931063170972,,,,
1961-08-16,,,,0.002245445349401576,,,,
1961-08-17,,,,0.005462852097907368,,,,
1961-08-18,,,,0.002270271378112077,,,,
1961-08-21,,,,0.001652360398963501,,,,
1961-08-22,,,,-0.000457287658512026,,,,
1961-08-23,,,,0.007344898993866289,,,,
1961-08-24,,,,0.006122048779196249,,,,
1961-08-25,,,,0.0007041256147752895,,,,
1961-08-28,,,,-0.00012518968144327762,,,,
1961-08-29,,,,0.002227129007977738,,,,
1961-08-30,,,,0.0038600950594670468,,,,
1961-08-31,,,,0.0038839757037062565,,,,
1961-09-01,,,,0.001447658437242694,,,,
1961-09-05,,,,0.0037526309211971575,,,,
1961-09-06,,,,0.008333803706773469,,,,
1961-09-07,,,,0.0015942926374468598,,,,
1961-09-08,,,,0.008084236745946613,,,,
1961-09-11,,,,0.010289533675502657,,,,
1961-09-12,,,,0.011100691446904273,,,,
1961-09-13,,,,0.00020401719666401173,,,,
1961-09-14,,,,0.0077070013581539126,,,,
1961-09-15,,,,0.0013734063325752568,,,,
1961-09-18,,,,0.007089524869595143,,,,
1961-09-19,,,,0.01869244255706451,,,,
1961-09-20,,,,0.012788545483793162,,,,
1961-09-21,,,,-9.949552900904554e-05,,,,
1961-09-22,,,,0.0035915448020315257,,,,
1961-09-25,,,,0.013540280301122917,,,,
1961-09-26,,,,-0.0003674265039220291,,,,
1961-09-27,,,,0.009252707357121205,,,,
1961-09-28,,,,0.0009981899991158983,,,,
1961-09-29,,,,0.0015651439076619915,,,,
1961-10-02,,,,4.289880812605002e-05,,,,
1961-10-03,,,,0.0002937057716835391,,,,
1961-10-04,,,,0.005990340835657707,,,,
1961-10-05,,,,0.007953004555721066,,,,
1961-10-06,,,,0.01099730946195984,,,,
1961-10-09,,,,0.012789865929683581,,,,
1961-10-10,,,,0.0016948697290535464,,,,
1961-10-11,,,,0.0002893930396570835,,,,
1961-10-12,,,,-0.00012922370876383355,,,,
1961-10-13,,,,0.00134532966620688,,,,
1961-10-16,,,,0.0023248671875393985,,,,
1961-10-17,,,,-0.00024343181742788038,,,,
1961-10-18,,,,0.004267680703704816,,,,
1961-10-19,,,,0.00286493303847262,,,,
1961-10-20,,,,0.0061571448400837125,,,,
1961-10-23,,,,0.00032084795894670186,,,,
1961-10-24,,,,0.000878718043526648,,,,
1961-10-25,,,,0.004783969616693264,,,,
1961-10-26,,,,0.001221194078334959,,,,
1961-10-27,,,,0.0015106490768389375,,,,
1961-10-30,,,,0.0006468177618034629,,,,
1961-10-31,,,,0.0025263360352233075,,,,
1961-11-01,,,,0.0011352480041447314,,,,
1961-11-02,,,,0.005472685217683951,,,,
1961-11-03,,,,0.005145706778201338,,,,
1961-11-06,,,,0.00803618442548211,,,,
1961-11-08,,,,0.012962718900106342,,,,
1961-11-09,,,,0.0011850329506545296,,,,
1961-11-10,,,,0.003946905046440963,,,,
1961-11-13,,,,0.002453693834692879,,,,
1961-11-14,,,,0.005427754419222085,,,,
1961-11-15,,,,-0.0004611302942906472,,,,
1961-11-16,,,,0.0004611026032165905,,,,
1961-11-20,,,,0.0009829863828506055,,,,
1961-11-21,,,,0.0003359646328633931,,,,
1961-11-22,,,,0.0009952231426056794,,,,
1961-11-24,,,,0.0017109201458020615,,,,
1961-11-27,,,,-0.0005152928421264287,,,,
1961-11-28,,,,0.001392959669852075,,,,
1961-11-29,,,,0.0005203994783003383,,,,
1961-11-30,,,,0.006504742786471606,,,,
1961-12-01,,,,0.007554390266396888,,,,
1961-12-04,,,,0.0033845304499855082,,,,
1961-12-05,,,,0.0010633879377461857,,,,
1961-12-06,,,,0.0003683961682485549,,,,
1961-12-07,,,,0.004993187560044572,,,,
1961-12-08,,,,0.005575129943509062,,,,
1961-12-11,,,,0.005767776315108122,,,,
1961-12-12,,,,0.003910838000842393,,,,
1961-12-13,,,,0.0016734922634005596,,,,
1961-12-14,,,,0.010078719418626524,,,,
1961-12-15,,,,-0.000180807285085342,,,,
1961-12-18,,,,0.004282225018591864,,,,
1961-12-19,,,,0.00900903742725572,,,,
1961-12-20,,,,0.002196581580416068,,,,
1961-12-21,,,,0.004472121125239979,,,,
1961-12-22,,,,0.00020316118723390317,,,,
1961-12-26,,,,0.0013547791354965016,,,,
1961-12-27,,,,0.011476726896895606,,,,
1961-12-28,,,,6.405862867721342e-06,,,,
1961-12-29,,,,0.002243426054868494,,,,
1962-01-02,,,,0.010865890311242944,,,,
1962-01-11,,,,-0.013319498210532023,,,,
1962-01-15,,,,-0.00445534955689766,,,,
1962-01-16,,,,-0.0005241162536527478,,,,
1962-01-29,,,,-0.001614852695036742,,,,
1962-02-09,,,,-0.005782825850751278,,,,
1962-02-13,,,,-0.006938250667197867,,,,
1962-03-05,,,,-0.005627878968348483,,,,
1962-03-19,,,,-0.004278316899700697,,,,
1962-03-26,,,,0.00480997943207362,,,,
1962-04-23,,,,-0.008289149667330954,,,,
1962-04-25,,,,0.009141968166560299,,,,
1962-05-07,,,,-0.003850164951599561,,,,
1962-05-08,,,,0.007716144472283818,,,,
1962-05-17,,,,-0.0016480642071691988,,,,
1962-05-18,,,,-0.005999602049645035,,,,
1962-05-21,,,,-0.004245767837843153,,,,
1962-05-22,,,,0.011559223211572375,,,,
1962-06-08,,,,-0.0029407897043794468,,,,
1962-06-11,,,,0.0019027239473431632,,,,
1962-06-20,,,,0.0012241465916971953,,,,
1962-07-06,,,,-0.00023845094793415359,,,,
1962-07-17,,,,0.002709206612567228,,,,
1962-07-23,,,,-0.0023565236268623868,,,,
1962-07-24,,,,0.0011566665569984432,,,,
1962-08-02,,,,-0.003920329477819071,,,,
1962-08-06,,,,-0.0011351559877229554,,,,
1962-08-13,,,,-0.0022509216689202117,,,,
1962-08-14,,,,0.002886015760367254,,,,
1962-08-27,,,,-0.00393274262676209,,,,
1962-08-28,,,,0.004345116258068768,,,,
1962-08-31,,,,0.00028159898199679837,,,,
1962-09-13,,,,-0.004461096966831752,,,,
1962-10-04,,,,-0.0004874792932583742,,,,
1962-10-08,,,,-0.003059755516203174,,,,
1962-10-10,,,,-0.002313454723599025,,,,
1962-10-12,,,,-0.0023499424619025404,,,,
1962-10-15,,,,0.00036037869968338486,,,,
1962-11-01,,,,0.0008405646613494841,,,,
1962-11-14,,,,0.0006352652695130664,,,,
1962-11-16,,,,-0.004252354336934273,,,,
1962-12-10,,,,0.001770750070765319,,,,
1962-12-12,,,,0.0001663317501868669,,,,
1962-12-18,,,,0.0005995386865572937,,,,
1962-12-27,,,,-0.005169621188566003,,,,
1962-12-28,,,,-0.0038455911012496838,,,,
1962-12-31,,,,-0.0023261287023256323,,,,
1963-01-11,,,,-0.0068588600086391645,,,,
1963-01-14,,,,0.000818724701918182,,,,
1963-01-23,,,,-0.002970100923682735,,,,
1963-01-24,,,,-0.0027381593528040603,,,,
1963-02-04,,,,0.0018239899889759186,,,,
1963-02-18,,,,-0.00430669123005641,,,,
1963-02-20,,,,0.0012194361901082015,,,,
1963-03-07,,,,0.0027492933870437784,,,,
1963-03-11,,,,-0.004489470880591331,,,,
1963-03-13,,,,-0.0016701461621844826,,,,
1963-03-20,,,,0.0011364470311399986,,,,
1963-03-22,,,,-0.001724499393534048,,,,
1963-04-10,,,,-0.005383219692413854,,,,
1963-04-19,,,,-0.0029171092296324105,,,,
1963-04-30,,,,-0.0059723025965343806,,,,
1963-05-03,,,,-0.011370847895984698,,,,
1963-05-06,,,,0.005208341583495561,,,,
1963-05-24,,,,-0.005741134496060598,,,,
1963-06-12,,,,-0.0009163350342267242,,,,
1963-06-18,,,,-0.002140661075156884,,,,
1963-07-01,,,,0.0011657141754875056,,,,
1963-07-08,,,,0.00040381417701121087,,,,
1963-07-17,,,,-0.012865861583836928,,,,
1963-07-29,,,,-0.002714827880501451,,,,
1963-07-30,,,,0.005177855299151251,,,,
1963-08-20,,,,-0.005419259639695034,,,,
1963-08-22,,,,-0.005058824899395954,,,,
1963-08-27,,,,0.0006696419618054637,,,,
1963-08-30,,,,-0.0021754859490255283,,,,
1963-09-16,,,,-0.012833424410306594,,,,
1963-10-03,,,,0.0024257909957670566,,,,
1963-10-07,,,,-0.005253973055278558,,,,
1963-10-10,,,,0.003452957363281717,,,,
1963-11-04,,,,-2.427585783022507e-05,,,,
1963-11-08,,,,-0.0028218426015150797,,,,
1963-11-12,,,,0.0048206886652042745,,,,
1963-11-13,,,,-0.0014678716941886308,,,,
1963-11-29,,,,0.003437519499438595,,,,
1963-12-04,,,,-0.0021077330986932386,,,,
1963-12-10,,,,-0.004085477322130563,,,,
1963-12-13,,,,-0.0027182973049452836,,,,
1963-12-16,,,,-0.0012442284113779796,,,,
1963-12-30,,,,-0.004175958873061005,,,,
1963-12-31,,,,0.00041779134910126936,,,,
1964-01-13,,,,-0.005864631985613971,,,,
1964-01-14,,,,-0.004749844108245776,,,,
1964-01-24,,,,-0.006309401184101621,,,,
1964-01-29,,,,-0.000319376175076459,,,,
1964-02-05,,,,-0.004718399871454566,,,,
1964-02-07,,,,-0.00189056677931411,,,,
1964-02-13,,,,-0.0065448848462684815,,,,
1964-02-27,,,,-0.010303518256372228,,,,
1964-03-09,,,,-0.006294906740445948,,,,
1964-03-23,,,,-0.0007251811627425831,,,,
1964-04-07,,,,-0.005071718881796702,,,,
1964-04-10,,,,-0.010190801165233262,,,,
1964-04-13,,,,-0.008943110500576938,,,,
1964-04-23,,,,-0.015518357848924674,,,,
1964-05-11,,,,0.0016344924423764577,,,,
1964-05-25,,,,-0.013581959230089018,,,,
1964-06-11,,,,-0.0029663375046695938,,,,
1964-06-22,,,,-0.003212276097530427,,,,
1964-07-01,,,,0.0031887900121245222,,,,
1964-07-21,,,,-0.0026775523180459335,,,,
1964-07-24,,,,-0.010967371275218353,,,,
1964-07-27,,,,-0.0007733779369899151,,,,
1964-07-30,,,,-0.005742026257559458,,,,
1964-08-11,,,,-0.00929467621055863,,,,
1964-08-12,,,,-0.002302053932921306,,,,
1964-08-17,,,,-0.009575453470458671,,,,
1964-08-19,,,,-0.006480017842413429,,,,
1964-08-27,,,,-0.0017098178704877563,,,,
1964-08-31,,,,-0.0062607728710372765,,,,
1964-09-08,,,,-0.004212412877284584,,,,
1964-09-22,,,,-0.009744813693368213,,,,
1964-10-01,,,,-0.005611528700372999,,,,
1964-10-02,,,,-0.004997759450739396,,,,
1964-10-13,,,,-0.0025833991115054447,,,,
1964-10-26,,,,-0.010719121065290884,,,,
1964-10-28,,,,-0.0024851469934172544,,,,
1964-10-30,,,,-0.007998505495379527,,,,
1964-11-10,,,,0.0016798787135316538,,,,
1964-11-25,,,,-0.007992188192914721,,,,
1964-12-07,,,,-8.896127312888963e-05,,,,
1964-12-17,,,,-0.0017654040496462562,,,,
1964-12-18,,,,6.822621501087092e-05,,,,
1964-12-22,,,,-0.004965933274268451,,,,
1965-01-11,,,,-0.01026859765547948,,,,
1965-01-12,,,,-0.00497041897139157,,,,
1965-01-13,,,,-0.0038051782308051382,,,,
1965-01-21,,,,-0.006153917983905217,,,,
1965-02-15,,,,-0.008157323595264073,,,,
1965-03-03,,,,-0.010918102454074305,,,,
1965-03-04,,,,-0.0024167247856496468,,,,
1965-03-10,,,,-0.004756821086209135,,,,
1965-03-11,,,,-0.0044310819226822725,,,,
1965-03-25,,,,-0.004230223542195965,,,,
1965-03-31,,,,-0.00910995475004865,,,,
1965-04-01,,,,-0.00814938816688653,,,,
1965-04-05,,,,-0.009182315587793902,,,,
1965-04-08,,,,0.0026508385412467666,,,,
1965-04-26,,,,-0.009881023397343269,,,,
1965-04-28,,,,-0.007376923887280221,,,,
1965-05-12,,,,-0.0022980712068259605,,,,
1965-06-02,,,,0.014657661429706573,,,,
1965-06-22,,,,-0.0060992272198012775,,,,
1965-06-23,,,,0.0008558388122272846,,,,
1965-07-02,,,,0.004532199276646658,,,,
1965-07-07,,,,-0.0012090845152549555,,,,
1965-07-08,,,,0.0019837304162666955,,,,
1965-07-13,,,,-0.0037449427288910432,,,,
1965-07-20,,,,0.006888742103893079,,,,
1965-08-05,,,,-0.00438404640329543,,,,
1965-08-06,,,,-0.0030386859816995894,,,,
1965-08-12,,,,-0.0018420185522778497,,,,
1965-08-24,,,,-0.006084454019906413,,,,
1965-08-31,,,,-0.0077254814246910325,,,,
1965-09-17,,,,-0.0008965605431612666,,,,
1965-09-28,,,,0.003168996289093264,,,,
1965-10-08,,,,-0.004995993380344373,,,,
1965-11-11,,,,-0.01631159535649419,,,,
1965-11-24,,,,-0.016697367233046725,,,,
1965-12-10,,,,-0.0058527161842735695,,,,
1965-12-13,,,,-0.009501976552057142,,,,
1965-12-30,,,,-0.004727960545181821,,,,
1965-12-31,,,,-0.005855603659081404,,,,
1966-01-07,,,,-0.012905171007599785,,,,
1966-01-26,,,,-0.010831654207981609,,,,
1966-01-28,,,,-0.005637259747070669,,,,
1966-02-14,,,,-0.006050530231501696,,,,
1966-02-15,,,,-0.0009280726734509886,,,,
1966-02-17,,,,-0.0011396036181807246,,,,
1966-03-10,,,,-0.00413980338575857,,,,
1966-03-18,,,,-0.0016145774675004785,,,,
1966-03-24,,,,-0.008440680915751488,,,,
1966-04-20,,,,-0.003985703110245373,,,,
1966-04-21,,,,-0.005365235319632882,,,,
1966-04-22,,,,-0.0074192668209297,,,,
1966-05-12,,,,0.006761443778991184,,,,
1966-05-16,,,,0.003851612835071466,,,,
1966-05-25,,,,-0.008827072932324816,,,,
1966-05-26,,,,-0.004455483586734448,,,,
1966-05-27,,,,-0.00814910950407244,,,,
1966-05-31,,,,0.0027877041509095446,,,,
1966-06-09,,,,0.00024169270051628393,,,,
1966-06-20,,,,-0.0067105468936278665,,,,
1966-06-21,,,,-0.004033283841346259,,,,
1966-07-05,,,,-0.003525474239725114,,,,
1966-07-06,,,,0.006966156826617585,,,,
1966-07-11,,,,-0.006932148385428895,,,,
1966-07-19,,,,0.0007519259120632164,,,,
1966-08-11,,,,-0.003967290475456512,,,,
1966-09-07,,,,0.0013155705102746854,,,,
1966-09-08,,,,-0.002575356204898874,,,,
1966-09-19,,,,-0.002216154843834927,,,,
1966-09-21,,,,0.006783215522219115,,,,
1966-09-26,,,,-0.006072353291922572,,,,
1966-10-19,,,,-0.007601878809284517,,,,
1966-10-21,,,,-0.007077887664363557,,,,
1966-10-24,,,,-0.0018030530995793025,,,,
1966-10-28,,,,-0.003945540198439363,,,,
1966-10-31,,,,-0.005696909042564495,,,,
1966-11-02,,,,-0.0026937202505804294,,,,
1966-11-03,,,,-0.002276355767671108,,,,
1966-11-04,,,,-0.006973416624999894,,,,
1966-11-09,,,,-0.0012028362513701219,,,,
1966-11-14,,,,-0.0010650045563640486,,,,
1966-11-30,,,,-0.0049187524192944206,,,,
1966-12-06,,,,-0.0001430842244682833,,,,
1966-12-19,,,,-0.003533247526559622,,,,
1966-12-27,,,,-0.0005688569174387807,,,,
1966-12-30,,,,-0.008683401279857268,,,,
1967-01-11,,,,-0.0012655423012344,,,,
1967-01-20,,,,-0.010217293063913082,,,,
1967-01-23,,,,-0.0014147331226022442,,,,
1967-02-01,,,,-0.0047015928057651465,,,,
1967-02-02,,,,-0.004261250298292711,,,,
1967-02-08,,,,0.0018592193455178297,,,,
1967-02-20,,,,-0.002280809116807147,,,,
1967-03-08,,,,-0.006711109850104275,,,,
1967-03-10,,,,-0.002652916992234171,,,,
1967-03-29,,,,-0.007232490059572351,,,,
1967-03-30,,,,-0.007719718837479544,,,,
1967-03-31,,,,-0.0023443730675831217,,,,
1967-04-13,,,,-0.001597729154140928,,,,
1967-05-03,,,,-0.0070081685481904075,,,,
1967-05-12,,,,-0.011866547931854021,,,,
1967-05-18,,,,-0.0027499383947403254,,,,
1967-05-19,,,,-0.0015012623781240845,,,,
1967-05-31,,,,0.009800113103911866,,,,
1967-06-09,,,,-0.0023527201652129553,,,,
1967-06-12,,,,-0.0023822982430158793,,,,
1967-06-15,,,,-0.006934059774564036,,,,
1967-06-20,,,,2.999341716324138e-05,,,,
1967-06-21,,,,0.0024567757032946565,,,,
1967-06-22,,,,0.0020038573524712115,,,,
1967-06-23,,,,-0.0002095267543882305,,,,
1967-06-26,,,,0.00339916325744785,,,,
1967-06-27,,,,0.0032425993399115326,,,,
1967-06-28,,,,-0.0004257050105527208,,,,
1967-06-29,,,,0.004632786595637472,,,,
1967-06-30,,,,0.0019856318603900663,,,,
1967-07-03,,,,-0.0032611881839486627,,,,
1967-07-14,,,,-0.0056907315721636265,,,,
1967-07-31,,,,-0.006654700045261723,,,,
1967-08-07,,,,-0.0060443345556239324,,,,
1967-08-09,,,,-0.007400953538047714,,,,
1967-08-17,,,,-0.008074407454542217,,,,
1967-08-18,,,,-0.008630202573312743,,,,
1967-08-31,,,,-0.0012482330212228957,,,,
1967-09-05,,,,-0.0007917665112208045,,,,
1967-09-21,,,,-0.002208997714133907,,,,
1967-09-29,,,,-0.008179969394021405,,,,
1967-10-02,,,,-0.004368253362946786,,,,
1967-10-30,,,,-0.007917027291761842,,,,
1967-11-13,,,,-0.01239072326833643,,,,
1967-11-28,,,,-0.003964417921487223,,,,
1967-12-01,,,,-0.0055630475840057585,,,,
1967-12-13,,,,-0.006016422630172701,,,,
1967-12-14,,,,-0.00718090494392701,,,,
1967-12-20,,,,-0.004056244306193026,,,,
1967-12-27,,,,-0.0021959487996964944,,,,
1968-01-02,,,,-0.003879506911478093,,,,
1968-01-11,,,,-0.009402250740427238,,,,
1968-01-15,,,,-0.008223521546474889,,,,
1968-01-29,,,,-0.014459565013762884,,,,
1968-01-31,,,,-0.0012568408053485434,,,,
1968-02-06,,,,-0.010161554933663578,,,,
1968-02-07,,,,-0.007580708346550237,,,,
1968-02-08,,,,0.008398802331195077,,,,
1968-02-16,,,,0.0038316108721132463,,,,
1968-03-01,,,,-0.0025373829852317876,,,,
1968-03-04,,,,0.007978414600303007,,,,
1968-03-14,,,,0.011145000892165077,,,,
1968-03-21,,,,0.0012192033402061342,,,,
1968-04-18,,,,-0.00304447857310357,,,,
1968-04-29,,,,0.0006960530118889928,,,,
1968-05-01,,,,-0.002076714883541781,,,,
1968-05-09,,,,-0.0014904839478012773,,,,
1968-05-16,,,,-0.0029260865408886976,,,,
1968-05-24,,,,-0.00799317252119348,,,,
1968-06-10,,,,-0.005214153198623492,,,,
1968-07-02,,,,-0.006374612194174656,,,,
1968-07-16,,,,-0.0029097127913080886,,,,
1968-07-30,,,,-0.008498286991069927,,,,
1968-08-01,,,,-0.004608709420263955,,,,
1968-08-05,,,,-0.006670785675516839,,,,
1968-08-06,,,,-0.003149188541824938,,,,
1968-08-08,,,,-0.008406841960894484,,,,
1968-08-27,,,,-0.0060136284201212625,,,,
1968-09-03,,,,-0.00290228333722471,,,,
1968-09-19,,,,-0.007669957649491508,,,,
1968-10-08,,,,-0.011364859489318794,,,,
1968-10-18,,,,-0.003493899185874154,,,,
1968-11-12,,,,-0.00039935824568392876,,,,
1968-12-12,,,,-0.016033571834701603,,,,
1968-12-26,,,,-0.011774413280809871,,,,
1969-01-16,,,,-0.004160770359868836,,,,
1969-01-21,,,,-0.0079845080266035,,,,
1969-01-22,,,,-0.005791760614709937,,,,
1969-01-23,,,,-0.002157714740923216,,,,
1969-02-05,,,,-0.00608700083775281,,,,
1969-02-13,,,,-0.00995420412159901,,,,
1969-02-28,,,,-0.0113008612073865,,,,
1969-03-03,,,,-0.00862649708832815,,,,
1969-03-04,,,,0.0023135469073104773,,,,
1969-03-13,,,,-0.0008284972092077014,,,,
1969-03-17,,,,-0.006129949368035894,,,,
1969-04-03,,,,-0.0011922496433656078,,,,
1969-05-13,,,,-0.004648619740000285,,,,
1969-05-19,,,,0.002305366349172118,,,,
1969-05-27,,,,0.00247020979498512,,,,
1969-06-26,,,,-0.00847386767528227,,,,
1969-06-30,,,,-0.005874500579056078,,,,
1969-07-10,,,,0.009904112630530686,,,,
1969-07-25,,,,0.001988306272330838,,,,
1969-08-06,,,,-0.0011364781958636866,,,,
1969-08-07,,,,-0.00614753919780979,,,,
1969-08-11,,,,-0.0007627238840965286,,,,
1969-08-20,,,,-0.0013176429667477699,,,,
1969-09-02,,,,-0.00019671986577257918,,,,
1969-09-19,,,,-0.003437834887017355,,,,
1969-09-25,,,,-0.0004446077383082965,,,,
1969-10-02,,,,-0.0031126535973263034,,,,
1969-10-28,,,,-0.0019887600572836284,,,,
1969-11-07,,,,-0.0011312441116828385,,,,
1969-11-12,,,,-0.0052848677023984245,,,,
1969-11-17,,,,-0.0009110042972325363,,,,
1969-12-12,,,,-0.00737244954694695,,,,
1969-12-15,,,,-0.006360883833508043,,,,
1969-12-16,,,,0.0026808804663369526,,,,
1969-12-18,,,,0.0029779182176101404,,,,
1969-12-29,,,,-0.0034281348673167664,,,,
1970-01-08,,,,-0.007576674110026813,,,,
1970-01-12,,,,0.0009874775853848505,,,,
1970-01-22,,,,-0.00668648226263396,,,,
1970-02-06,,,,-0.003463684761263676,,,,
1970-02-09,,,,0.0008380951024721455,,,,
1970-02-13,,,,-0.006375483403563255,,,,
1970-02-17,,,,-0.006191320830700274,,,,
1970-03-06,,,,-0.0008690421044085009,,,,
1970-03-09,,,,0.0031030496115436986,,,,
1970-03-10,,,,-0.008439539911854282,,,,
1970-03-12,,,,-0.0025546406149566953,,,,
1970-03-13,,,,-0.013318240091923055,,,,
1970-03-19,,,,-0.005535839132965491,,,,
1970-03-20,,,,-0.002244295439899248,,,,
1970-04-01,,,,-0.0014448811807281955,,,,
1970-04-02,,,,-0.005074473013881936,,,,
1970-04-09,,,,-0.006340873600858943,,,,
1970-04-16,,,,0.00697216633978453,,,,
1970-05-08,,,,-0.005052735376628355,,,,
1970-05-11,,,,0.0007829239569446525,,,,
1970-05-12,,,,0.003782086809819298,,,,
1970-06-03,,,,-0.0012594893924607843,,,,
1970-06-09,,,,-0.006088549213018607,,,,
1970-06-11,,,,0.002496296633487636,,,,
1970-06-12,,,,0.00033248143237016157,,,,
1970-06-26,,,,-0.0011568903654554338,,,,
1970-06-29,,,,0.0011005026139797025,,,,
1970-06-30,,,,-0.007295505557402442,,,,
1970-07-06,,,,0.004162594553432961,,,,
1970-07-15,,,,0.0009477568824314996,,,,
1970-07-28,,,,-0.0035276214239591203,,,,
1970-08-06,,,,-0.003740386645002578,,,,
1970-08-12,,,,-0.002174804714437545,,,,
1970-09-01,,,,-0.00017478248956967962,,,,
1970-09-02,,,,-0.004164370884162474,,,,
1970-09-11,,,,-0.0038974608487318788,,,,
1970-09-16,,,,-0.002912772104669671,,,,
1970-09-25,,,,0.0047287683655862145,,,,
1970-10-02,,,,0.003539131620549267,,,,
1970-10-13,,,,-0.004207339787986279,,,,
1970-10-14,,,,-0.0046575251543797954,,,,
1970-10-15,,,,-0.001928293547036458,,,,
1970-10-19,,,,0.005770102802833171,,,,
1970-10-23,,,,-0.002809450173571782,,,,
1970-10-28,,,,-0.003199619805986063,,,,
1970-11-09,,,,-0.0010869093764122033,,,,
1970-11-18,,,,-4.3540651188952336e-05,,,,
1970-11-19,,,,-0.005633438748412044,,,,
1970-12-09,,,,-0.007022843662276436,,,,
1970-12-10,,,,-0.0016188218623025914,,,,
1970-12-14,,,,-0.004063714391940721,,,,
1970-12-16,,,,-0.00872362086947202,,,,
1970-12-18,,,,-0.004772291826941492,,,,
1970-12-28,,,,-0.0004664995916103511,,,,
1970-12-29,,,,0.006268832679191844,,,,
1971-01-20,,,,-0.006675034751823936,,,,
1971-02-03,,,,-0.013460346459627454,,,,
1971-02-05,,,,-0.004951820926709595,,,,
1971-02-12,,,,-0.001548716627304527,,,,
1971-02-16,,,,-0.004822605218355834,,,,
1971-02-25,,,,-0.005160458036047661,,,,
1971-03-02,,,,-0.006866813203708783,,,,
1971-03-03,,,,-0.008389163722910466,,,,
1971-03-04,,,,0.004169122380744859,,,,
1971-03-09,,,,-0.0004168953490827653,,,,
1971-03-22,,,,-0.003759580340541516,,,,
1971-03-23,,,,-0.0028727818461423927,,,,
1971-03-30,,,,-0.006822871103941664,,,,
1971-04-01,,,,-0.009701875939482692,,,,
1971-04-02,,,,-0.006492842262323304,,,,
1971-04-19,,,,-0.0032443506686938572,,,,
1971-05-06,,,,-0.015554154401181063,,,,
1971-05-11,,,,-0.008075884234192303,,,,
1971-05-24,,,,0.003264063134057147,,,,
1971-05-28,,,,-0.007281135396402337,,,,
1971-06-25,,,,-0.0048966560536379935,,,,
1971-06-28,,,,-0.0051099918499953045,,,,
1971-07-06,,,,-0.006473397402864498,,,,
1971-07-22,,,,-0.004699269269844327,,,,
1971-08-09,,,,0.0008450197921517753,,,,
1971-09-01,,,,-0.005503457071434309,,,,
1971-09-03,,,,0.006373482418640828,,,,
1971-09-17,,,,-0.0036121874360201963,,,,
1971-09-20,,,,-0.0037358111548653062,,,,
1971-09-30,,,,-0.0020674639961247264,,,,
1971-10-12,,,,-0.0010293385085490825,,,,
1971-10-26,,,,-0.0020881710504345717,,,,
1971-10-27,,,,0.006048014686485894,,,,
1971-11-09,,,,-0.005283570422582255,,,,
1971-11-26,,,,0.007469581452440639,,,,
1971-12-10,,,,0.0054271590156316826,,,,
1971-12-13,,,,0.001808065901387332,,,,
1971-12-14,,,,0.002203054902375852,,,,
1971-12-15,,,,0.006724843379325803,,,,
1971-12-16,,,,0.009347358961256306,,,,
1971-12-17,,,,0.0036860822382678805,,,,
1971-12-20,,,,0.009871103811343413,,,,
1971-12-21,,,,0.0015036034749187465,,,,
1971-12-22,,,,0.004650573748644288,,,,
1971-12-23,,,,0.003252291708632099,,,,
1971-12-27,,,,0.001235558682738317,,,,
1971-12-28,,,,0.0076782395998098735,,,,
1971-12-29,,,,0.001634393858051949,,,,
1971-12-30,,,,0.0032621232209186332,,,,
1971-12-31,,,,0.002088697056401089,,,,
1972-01-03,,,,0.0032592644414738588,,,,
1972-01-12,,,,-0.006792235379430044,,,,
1972-01-18,,,,-0.0022891634200611025,,,,
1972-01-27,,,,0.0012966008445614758,,,,
1972-02-02,,,,0.0005120668397026922,,,,
1972-02-07,,,,-0.005334640731649328,,,,
1972-02-09,,,,0.002824692308638545,,,,
1972-02-24,,,,-0.008842346034913483,,,,
1972-03-09,,,,-0.009424041034806896,,,,
1972-03-10,,,,-0.0026816331136910315,,,,
1972-03-15,,,,-0.005784110921958273,,,,
1972-03-16,,,,-0.005145118491166443,,,,
1972-03-27,,,,-0.004405720639777512,,,,
1972-04-14,,,,-0.006078788387024029,,,,
1972-04-28,,,,-0.0034116638194372187,,,,
1972-05-09,,,,0.007248639890128628,,,,
1972-05-16,,,,-0.009300141201829927,,,,
1972-05-18,,,,0.00564821450927526,,,,
1972-05-30,,,,-0.005908155816155361,,,,
1972-06-02,,,,-0.008695491888046731,,,,
1972-06-29,,,,-0.004437769306891278,,,,
1972-07-05,,,,0.0011305592802100621,,,,
1972-07-21,,,,-0.0009490969104836781,,,,
1972-07-31,,,,-0.00793096209558075,,,,
1972-08-01,,,,0.0032301762611478633,,,,
1972-08-10,,,,-0.006458011297229097,,,,
1972-08-29,,,,-0.008127035263290127,,,,
1972-08-31,,,,-0.003409704456282859,,,,
1972-09-06,,,,0.001956122922405837,,,,
1972-09-11,,,,0.0015296557040121396,,,,
1972-09-21,,,,-0.007810490409709827,,,,
1972-10-10,,,,-0.0056182855273940015,,,,
1972-10-20,,,,0.003874178810232244,,,,
1972-10-31,,,,0.0033186746412181074,,,,
1972-11-14,,,,0.0013477536558310205,,,,
1972-11-17,,,,-0.001399318913129589,,,,
1972-11-20,,,,-0.007502863366815433,,,,
1972-11-21,,,,-0.0010412968519072545,,,,
1972-11-30,,,,-0.005545119238494031,,,,
1972-12-05,,,,-0.006709564899714057,,,,
1972-12-06,,,,-0.005103333241867955,,,,
1972-12-14,,,,-0.0057987680327414035,,,,
1972-12-27,,,,-4.9213854099818775e-05,,,,
1973-01-09,,,,-0.007508592914935696,,,,
1973-01-31,,,,-0.00835841020811758,,,,
1973-02-01,,,,0.002714806967727519,,,,
1973-02-06,,,,-0.00787910792904948,,,,
1973-02-20,,,,-0.0011261616337423644,,,,
1973-02-21,,,,-0.0013138207953241508,,,,
1973-03-09,,,,-0.002008078065946417,,,,
1973-03-12,,,,-0.0060028594137348365,,,,
1973-03-13,,,,-0.0031015811108459465,,,,
1973-04-04,,,,-0.0023939793576526406,,,,
1973-04-05,,,,-0.0033200581098114163,,,,
1973-04-06,,,,0.0005155342117356091,,,,
1973-04-16,,,,-0.0017082931902845668,,,,
1973-04-18,,,,-0.0023788647827454297,,,,
1973-05-07,,,,-0.004359602392335578,,,,
1973-05-08,,,,-0.010556040486350214,,,,
1973-05-18,,,,0.008345933793878593,,,,
1973-05-30,,,,0.00466540867298061,,,,
1973-06-04,,,,0.0018033883224678345,,,,
1973-06-05,,,,0.0033935099379588957,,,,
1973-06-21,,,,0.001555907739340357,,,,
1973-07-02,,,,0.004427749356816002,,,,
1973-07-09,,,,-0.0008434244324147576,,,,
1973-07-23,,,,-0.0031616623631048895,,,,
1973-07-24,,,,-0.009490354734733244,,,,
1973-07-30,,,,-0.003430277358413983,,,,
1973-08-06,,,,-0.006761647636054263,,,,
1973-08-20,,,,-0.0018594402697994913,,,,
1973-08-21,,,,0.0013838088861112374,,,,
1973-08-31,,,,-0.007167654758987749,,,,
1973-09-14,,,,0.0023348081765800547,,,,
1973-10-01,,,,-0.0057798476184846796,,,,
1973-10-02,,,,-0.0019016092128791681,,,,
1973-10-16,,,,-0.006712477283658767,,,,
1973-10-25,,,,-0.011666010283039327,,,,
1973-11-05,,,,0.005976551081246796,,,,
1973-11-26,,,,0.011915373668207352,,,,
1973-12-18,,,,0.003363105612919472,,,,
1973-12-26,,,,0.009638026156709997,,,,
1974-01-16,,,,0.0016410708069733867,,,,
1974-01-17,,,,0.0047353894717492425,,,,
1974-01-24,,,,-0.004481228191879576,,,,
1974-01-28,,,,-0.002101285666496238,,,,
1974-01-29,,,,-0.003263256300853058,,,,
1974-01-30,,,,0.0009619918540332719,,,,
1974-02-08,,,,0.00039317538593874814,,,,
1974-03-04,,,,-0.004351714331160708,,,,
1974-03-18,,,,0.0008556409525441116,,,,
1974-03-20,,,,-0.004119665181593189,,,,
1974-03-21,,,,-0.005713029992811674,,,,
1974-04-09,,,,-0.0029754877100783583,,,,
1974-04-15,,,,-0.006476083103241891,,,,
1974-05-06,,,,-0.0038182156815835034,,,,
1974-05-07,,,,-0.0013165443211017298,,,,
1974-05-16,,,,-0.0006920543234194167,,,,
1974-05-29,,,,0.005815514133315868,,,,
1974-06-12,,,,-0.002176182046021918,,,,
1974-06-13,,,,-0.002154669238937359,,,,
1974-06-17,,,,0.004592267428833678,,,,
1974-06-20,,,,0.0011052085072726433,,,,
1974-07-08,,,,0.015600231461309306,,,,
1974-07-17,,,,-0.0011107450272617432,,,,
1974-07-30,,,,-0.0018769602980387478,,,,
1974-08-05,,,,-0.0009456442355186897,,,,
1974-08-15,,,,0.002526183643384854,,,,
1974-08-30,,,,0.006429150100016792,,,,
1974-09-11,,,,-0.0001193266544490759,,,,
1974-09-12,,,,0.009113664422698913,,,,
1974-09-25,,,,-0.008242676416592353,,,,
1974-09-27,,,,0.004909769170651143,,,,
1974-10-21,,,,0.0005330132303986799,,,,
1974-10-28,,,,-0.0031441629145801397,,,,
1974-10-29,,,,0.010254604534145104,,,,
1974-11-12,,,,0.0016627080750335685,,,,
1974-11-25,,,,-0.0032265417775192433,,,,
1974-12-02,,,,0.005813645224826385,,,,
1974-12-17,,,,-0.0011613568740335397,,,,
1974-12-19,,,,-0.0022078385643249927,,,,
1974-12-20,,,,3.4709329292592865e-06,,,,
1974-12-23,,,,0.0023698344165201278,,,,
1974-12-26,,,,0.0009421241453631051,,,,
1975-01-15,,,,-0.0036075111680018194,,,,
1975-01-17,,,,0.001768357229086772,,,,
1975-01-21,,,,-0.005104797245441165,,,,
1975-02-10,,,,-0.004812447280944158,,,,
1975-02-11,,,,-0.005139997490784333,,,,
1975-02-24,,,,0.0016459309898009672,,,,
1975-02-25,,,,0.008372476744410983,,,,
1975-02-28,,,,-0.0005809783541933178,,,,
1975-03-13,,,,-0.0058458210922430085,,,,
1975-03-14,,,,0.002965313646257964,,,,
1975-03-20,,,,-0.0013434217071302912,,,,
1975-03-24,,,,0.00726668106690917,,,,
1975-04-08,,,,-0.001124181308047995,,,,
1975-04-23,,,,0.002869815873627021,,,,
1975-04-24,,,,-0.002745327819807965,,,,
1975-04-30,,,,0.0031621875094167877,,,,
1975-05-09,,,,0.0022851966812424004,,,,
1975-05-13,,,,-0.0009247275963832752,,,,
1975-05-22,,,,-0.0061793717527961894,,,,
1975-05-27,,,,-0.004972473435844721,,,,
1975-05-28,,,,-0.0009539094659163343,,,,
1975-06-06,,,,-0.0050924100315975105,,,,
1975-06-11,,,,-0.004979782297965653,,,,
1975-06-12,,,,-0.0007672240844194605,,,,
1975-06-19,,,,0.006652833153525764,,,,
1975-06-30,,,,-0.0038362784027816724,,,,
1975-07-01,,,,-0.004369564210421805,,,,
1975-07-03,,,,-0.0045701817820719805,,,,
1975-07-09,,,,0.005637122905649155,,,,
1975-07-21,,,,-0.0006197929053999292,,,,
1975-08-04,,,,0.0024743193477746233,,,,
1975-08-05,,,,0.0037243777627476242,,,,
1975-08-11,,,,-0.009808181858533667,,,,
1975-08-15,,,,-0.0002544206954631758,,,,
1975-08-28,,,,0.012795452699310603,,,,
1975-09-08,,,,-0.005471246175245761,,,,
1975-09-16,,,,0.0014445989247991579,,,,
1975-10-01,,,,-0.015305527410172864,,,,
1975-10-03,,,,0.011350999294267044,,,,
1975-10-16,,,,-0.00498225522959954,,,,
1975-10-28,,,,0.00041866138168802875,,,,
1975-10-31,,,,-0.002628149962607469,,,,
1975-11-03,,,,0.001715985412926041,,,,
1975-11-04,,,,-0.005538398433172362,,,,
1975-11-05,,,,0.0005180795224820958,,,,
1975-11-17,,,,-0.0013897026019469045,,,,
1975-11-26,,,,-0.001698695288199714,,,,
1975-11-28,,,,-0.003190134743882629,,,,
1975-12-01,,,,-0.002153236578012011,,,,
1975-12-11,,,,-0.00513532239814182,,,,
1975-12-12,,,,-0.0036768397524577574,,,,
1975-12-15,,,,-0.00148786324723302,,,,
1975-12-26,,,,0.003104340171851245,,,,
1976-01-23,,,,0.0028182223500536493,,,,
1976-02-03,,,,-0.011305035744922972,,,,
1976-02-12,,,,-0.0013649425542458654,,,,
1976-02-17,,,,-0.000533115968167944,,,,
1976-03-03,,,,-0.0030762310012560907,,,,
1976-03-08,,,,0.0019659150487165073,,,,
1976-03-19,,,,-0.006825522762291672,,,,
1976-03-22,,,,-0.004482598605484795,,,,
1976-03-23,,,,0.005161251954860884,,,,
1976-03-30,,,,-0.00038365424060488707,,,,
1976-04-19,,,,0.0016259049910504135,,,,
1976-04-27,,,,-0.007931986631560252,,,,
1976-05-06,,,,-0.006401255891854215,,,,
1976-05-07,,,,0.001073911477434646,,,,
1976-05-14,,,,0.0031558001193951243,,,,
1976-05-18,,,,-0.004468124553695343,,,,
1976-05-19,,,,-0.007840488919778647,,,,
1976-06-02,,,,-0.007960049460975692,,,,
1976-06-10,,,,0.0001412008666619765,,,,
1976-06-24,,,,-0.001397053499439553,,,,
1976-06-25,,,,-0.005940623414651274,,,,
1976-06-28,,,,-0.002503521297035332,,,,
1976-07-09,,,,0.001586286820205453,,,,
1976-07-22,,,,-0.007240472827789148,,,,
1976-07-23,,,,-0.0040547518662013724,,,,
1976-07-26,,,,-0.006077933835978197,,,,
1976-08-09,,,,-0.00448996952995278,,,,
1976-08-10,,,,0.003564779681366178,,,,
1976-08-30,,,,0.0012079491357267255,,,,
1976-08-31,,,,0.003618130331323715,,,,
1976-09-07,,,,0.003424831832699707,,,,
1976-09-10,,,,-0.00788017319682194,,,,
1976-09-15,,,,-0.010340859622923526,,,,
1976-09-27,,,,-0.0014384104957483631,,,,
1976-10-01,,,,0.0035363158494158813,,,,
1976-10-05,,,,0.0015290378626373652,,,,
1976-10-18,,,,-0.0007624625875527302,,,,
1976-10-19,,,,-0.0076807926692318285,,,,
1976-10-29,,,,0.0030742907948369392,,,,
1976-11-15,,,,-0.0008852117428853108,,,,
1976-11-24,,,,-0.007858928344504724,,,,
1976-11-29,,,,-0.002859549955282471,,,,
1976-12-01,,,,-0.0024346349300087802,,,,
1976-12-14,,,,-0.0029031867576617735,,,,
1976-12-27,,,,0.005020499061019514,,,,
1976-12-30,,,,-0.003282737197777543,,,,
1977-01-03,,,,-0.004635434596422094,,,,
1977-01-28,,,,-0.007066720232634555,,,,
1977-01-31,,,,-0.01021396748488973,,,,
1977-02-01,,,,0.00045277867167696045,,,,
1977-02-02,,,,-0.007886228794432038,,,,
1977-02-03,,,,0.00011167198320759139,,,,
1977-02-04,,,,-0.00799603863572467,,,,
1977-02-08,,,,-0.004259087457369318,,,,
1977-02-22,,,,-0.008071135175014768,,,,
1977-02-24,,,,0.0018318789181153757,,,,
1977-03-01,,,,0.006738600870306651,,,,
1977-03-08,,,,-0.0031968418660335853,,,,
1977-03-17,,,,-0.0071252626493281575,,,,
1977-03-29,,,,0.001209105412351948,,,,
1977-03-30,,,,0.004771338216362071,,,,
1977-04-06,,,,-0.008600410606612105,,,,
1977-04-07,,,,-0.0036968041479311874,,,,
1977-04-20,,,,-0.005056733961603233,,,,
1977-04-29,,,,-0.0038580243820487844,,,,
1977-05-02,,,,5.3583311976012886e-05,,,,
1977-05-03,,,,0.0011681878269066603,,,,
1977-05-04,,,,-0.0005601917116111165,,,,
1977-05-10,,,,-0.0038290371069808725,,,,
1977-06-10,,,,-0.0022963361336648122,,,,
1977-07-05,,,,-0.005718199593741613,,,,
1977-07-06,,,,0.00013189346075453227,,,,
1977-07-27,,,,0.012882646741790307,,,,
1977-08-03,,,,-0.0029404537876108476,,,,
1977-08-25,,,,0.007666350185033244,,,,
1977-09-02,,,,-0.0017518423955802233,,,,
1977-09-08,,,,0.0002680835788647105,,,,
1977-09-21,,,,0.001313435639553925,,,,
1977-10-06,,,,-0.004724362701810319,,,,
1977-10-07,,,,-0.006958414218177147,,,,
1977-10-10,,,,-0.0039924353540006135,,,,
1977-10-11,,,,0.004939519675506346,,,,
1977-11-01,,,,0.0059339826569661455,,,,
1977-11-04,,,,0.004333212338330677,,,,
1977-11-09,,,,-0.0004795883807664057,,,,
1977-11-21,,,,-0.005654554099387651,,,,
1977-12-02,,,,-0.0045364500278120504,,,,
1977-12-05,,,,-0.0021496022050426127,,,,
1977-12-06,,,,0.010546085218764472,,,,
1977-12-19,,,,0.0022189707889749507,,,,
1978-01-16,,,,-0.0021209352964723545,,,,
1978-01-23,,,,0.0016019935586171032,,,,
1978-02-07,,,,0.004997028909808447,,,,
1978-03-07,,,,-0.0026006285825741723,,,,
1978-03-23,,,,-0.0045944954484823455,,,,
1978-03-27,,,,-0.0007778710023621558,,,,
1978-03-28,,,,-0.0005833328785780119,,,,
1978-03-31,,,,-0.0032186522141528255,,,,
1978-04-24,,,,0.005729682758806044,,,,
1978-05-10,,,,-0.007112443124384564,,,,
1978-05-11,,,,0.0040587996963972455,,,,
1978-05-25,,,,-0.008197514596150252,,,,
1978-05-30,,,,-0.007575111518500259,,,,
1978-06-22,,,,-0.004890659974499879,,,,
1978-06-23,,,,-0.00325162844136749,,,,
1978-07-03,,,,-0.0023339811817278825,,,,
1978-07-05,,,,0.0030813242692751502,,,,
1978-07-14,,,,0.008534685568731052,,,,
1978-07-25,,,,0.002377252451645,,,,
1978-07-27,,,,-0.004530271520832927,,,,
1978-08-15,,,,-0.004228189871697657,,,,
1978-08-16,,,,0.0018776574367341049,,,,
1978-08-28,,,,0.0023546678806886895,,,,
1978-08-30,,,,-0.005661659977542367,,,,
1978-09-13,,,,-0.003319569878455756,,,,
1978-09-25,,,,-0.007016215091146004,,,,
1978-09-26,,,,0.00188823540145794,,,,
1978-10-03,,,,-0.008128942578271046,,,,
1978-10-16,,,,0.01383868532465057,,,,
1978-10-25,,,,-0.0017652466970646628,,,,
1978-11-07,,,,0.005718226073340379,,,,
1978-11-08,,,,-0.008061809117598647,,,,
1978-11-13,,,,0.004857032208282508,,,,
1978-11-20,,,,0.0010343598478468527,,,,
1978-11-22,,,,-0.0025165882593084056,,,,
1978-11-27,,,,-0.0014896480853504829,,,,
1978-12-11,,,,-0.002729238040340707,,,,
1978-12-13,,,,0.0012171840597321997,,,,
1978-12-15,,,,-0.0010979595177279065,,,,
1978-12-28,,,,-0.001028921854369957,,,,
1979-01-10,,,,-0.0012325723504518218,,,,
1979-01-19,,,,-0.004678055809598244,,,,
1979-01-22,,,,-0.005206241831955299,,,,
1979-01-30,,,,-0.0006800983957641515,,,,
1979-02-07,,,,0.002295058632741429,,,,
1979-02-12,,,,-0.0028227887317612333,,,,
1979-02-16,,,,-0.0042815439432053026,,,,
1979-02-20,,,,0.001141576551808652,,,,
1979-02-27,,,,0.009327984485049484,,,,
1979-03-27,,,,0.006073491847564817,,,,
1979-04-10,,,,-0.0024760996628768557,,,,
1979-04-16,,,,0.0032750498480721923,,,,
1979-04-30,,,,-0.007497986300141362,,,,
1979-05-02,,,,-0.0054691512698051056,,,,
1979-05-03,,,,-0.005476833733781504,,,,
1979-05-14,,,,-0.0016658159018296747,,,,
1979-05-25,,,,-0.0027006735200370284,,,,
1979-05-29,,,,-0.006795270325397315,,,,
1979-06-04,,,,-0.004485352793577496,,,,
1979-06-21,,,,-0.0016417538545512465,,,,
1979-06-25,,,,-0.002235133017366407,,,,
1979-06-27,,,,0.0013213403268319112,,,,
1979-07-17,,,,-0.0005145344129218179,,,,
1979-07-23,,,,-0.00600257190575772,,,,
1979-07-30,,,,-0.004342144892958525,,,,
1979-07-31,,,,0.0013287560946979471,,,,
1979-08-06,,,,-0.011012347614267223,,,,
1979-08-24,,,,-0.00568895846887574,,,,
1979-08-27,,,,-0.0003400870572005639,,,,
1979-08-29,,,,-0.0066927480615291525,,,,
1979-09-14,,,,0.0017003419060685914,,,,
1979-10-02,,,,0.0029808591666825625,,,,
1979-10-17,,,,-0.007300014857123474,,,,
1979-10-18,,,,-0.007042610015349335,,,,
1979-10-19,,,,0.009484161879665944,,,,
1979-10-30,,,,0.007925595876923146,,,,
1979-11-05,,,,0.0004974835353618968,,,,
1979-11-07,,,,0.006352590685157025,,,,
1979-11-26,,,,0.011193278823941501,,,,
1979-12-13,,,,-0.00682863036475269,,,,
1979-12-26,,,,-0.0027924239436321724,,,,
1980-01-02,,,,0.012295555870127687,,,,
1980-01-21,,,,0.0021905648236621076,,,,
1980-02-14,,,,0.005631832384344908,,,,
1980-02-19,,,,-0.003359958601793795,,,,
1980-02-20,,,,0.004756485346861363,,,,
1980-02-26,,,,-0.00860365771725087,,,,
1980-03-24,,,,0.012508722761335201,,,,
1980-04-02,,,,-0.003256541392695532,,,,
1980-04-03,,,,-0.0037267278107526954,,,,
1980-04-07,,,,0.005667972976213562,,,,
1980-04-14,,,,0.001639666146773003,,,,
1980-04-15,,,,-0.006709074599571725,,,,
1980-04-30,,,,-0.007153558153362782,,,,
1980-05-05,,,,0.0003589260985075081,,,,
1980-05-15,,,,-0.005015875751645654,,,,
1980-05-19,,,,-0.0015115745157185006,,,,
1980-05-21,,,,-0.0056555120918479725,,,,
1980-06-04,,,,0.005114492127005834,,,,
1980-06-10,,,,0.0004782393366798488,,,,
1980-06-23,,,,-0.002658663809442485,,,,
1980-07-25,,,,9.03466246005037e-05,,,,
1980-07-28,,,,-0.0035545704380254613,,,,
1980-08-06,,,,-0.010670603049759964,,,,
1980-08-07,,,,0.007967934963712234,,,,
1980-08-18,,,,0.007105738360457461,,,,
1980-08-20,,,,-0.0017184681123620827,,,,
1980-08-26,,,,-0.008565013326773077,,,,
1980-09-15,,,,-0.005598451953650384,,,,
1980-09-30,,,,-9.495120565111097e-05,,,,
1980-10-09,,,,-0.00370874116366841,,,,
1980-10-10,,,,-0.000365498605194686,,,,
1980-10-23,,,,0.005175824994485055,,,,
1980-11-10,,,,-0.0030350691726481155,,,,
1980-11-11,,,,0.003102949699941469,,,,
1980-11-25,,,,-0.00044937234775684683,,,,
1980-12-01,,,,0.007705759378109613,,,,
1980-12-15,,,,-0.002457501202677526,,,,
1980-12-16,,,,-0.008380329125366147,,,,
1980-12-22,,,,0.0069838729855732475,,,,
1980-12-29,,,,0.0005492658053829135,,,,
1981-01-14,,,,-0.003821854047732954,,,,
1981-01-20,,,,0.008505983453385393,,,,
1981-01-26,,,,-0.004205358474363463,,,,
1981-02-05,,,,-0.0007311866395268045,,,,
1981-02-11,,,,-0.001140266233395551,,,,
1981-03-12,,,,0.010604473912156855,,,,
1981-03-23,,,,0.001659882054644064,,,,
1981-03-31,,,,0.00026778391454868706,,,,
1981-04-08,,,,-0.005245930825797476,,,,
1981-04-09,,,,-0.00757607140442822,,,,
1981-05-05,,,,-0.004353524083405055,,,,
1981-05-11,,,,0.006619381049208214,,,,
1981-06-04,,,,-0.0030976840896484044,,,,
1981-06-05,,,,-0.0004092056590360268,,,,
1981-06-09,,,,-0.004702721509530087,,,,
1981-06-10,,,,-0.006904583040029656,,,,
1981-06-23,,,,-0.0016983512522408854,,,,
1981-06-25,,,,-0.0073959843717964265,,,,
1981-06-29,,,,-0.0014571895744835283,,,,
1981-07-13,,,,-0.005853695233867271,,,,
1981-07-14,,,,-0.006264460776202563,,,,
1981-07-30,,,,-0.001039209608680276,,,,
1981-08-10,,,,-0.003878817724302503,,,,
1981-08-14,,,,1.0556425111901612e-05,,,,
1981-08-21,,,,0.0040428823306896695,,,,
1981-09-03,,,,0.007939347397093373,,,,
1981-09-17,,,,0.004137448659565557,,,,
1981-10-12,,,,-0.003079826242104792,,,,
1981-10-13,,,,-0.003296946218451997,,,,
1981-10-19,,,,-0.003332317625020156,,,,
1981-11-09,,,,-0.004060153752544225,,,,
1981-11-19,,,,-0.005491085949764098,,,,
1981-12-10,,,,-0.0024648607402632575,,,,
1981-12-11,,,,-0.0021129916978252315,,,,
1981-12-17,,,,-0.003485817419461555,,,,
1981-12-28,,,,-0.005292109501160305,,,,
1982-01-25,,,,-0.005479037873605723,,,,
1982-02-11,,,,-0.005310166636540315,,,,
1982-02-16,,,,-0.002127812185573539,,,,
1982-03-01,,,,-0.0075462196295628375,,,,
1982-03-12,,,,-0.0015551667464515394,,,,
1982-03-17,,,,-0.0033137245502590377,,,,
1982-03-18,,,,0.0008536327959804316,,,,
1982-03-22,,,,0.006771210892649632,,,,
1982-03-30,,,,-0.0036163899304264215,,,,
1982-03-31,,,,-0.007147999305216086,,,,
1982-04-13,,,,-0.006597201534550194,,,,
1982-04-16,,,,-0.0007255934628923761,,,,
1982-04-22,,,,0.008276756672198658,,,,
1982-05-03,,,,-0.0001574452560580072,,,,
1982-05-17,,,,0.008588275789537735,,,,
1982-06-02,,,,-0.0007015618227344144,,,,
1982-06-21,,,,-0.003534124996466719,,,,
1982-07-08,,,,-0.004370150586389999,,,,
1982-07-26,,,,0.005238196993206076,,,,
1982-08-11,,,,0.0014109795557970396,,,,
1982-08-12,,,,-0.004874621972794216,,,,
1982-08-25,,,,0.004443351028527285,,,,
1982-09-08,,,,-0.0020634611316109807,,,,
1982-09-10,,,,0.0034980195177457584,,,,
1982-09-17,,,,0.004337270516558914,,,,
1982-09-21,,,,0.009493346287408538,,,,
1982-09-27,,,,-0.002314989956501204,,,,
1982-10-18,,,,0.0071428861748022736,,,,
1982-10-28,,,,0.002700836821533822,,,,
1982-11-01,,,,0.004448453735813066,,,,
1982-11-08,,,,0.002466146978290042,,,,
1982-11-19,,,,0.0012461166354191357,,,,
1982-11-26,,,,0.0029188966944996794,,,,
1982-12-14,,,,0.006646440778864853,,,,
1982-12-30,,,,0.0010301127850255833,,,,
1983-01-03,,,,0.00649539516773729,,,,
1983-01-14,,,,-0.001233342047669455,,,,
1983-01-18,,,,0.0006789548750023162,,,,
1983-01-19,,,,0.0007310223290641159,,,,
1983-01-27,,,,0.006968957909136987,,,,
1983-02-16,,,,0.002381490235166803,,,,
1983-02-17,,,,-0.0002678844629095089,,,,
1983-02-22,,,,0.006430725687350368,,,,
1983-03-07,,,,-0.0003070059833376982,,,,
1983-03-14,,,,-0.0008395757585012656,,,,
1983-03-15,,,,-5.2119635407121755e-05,,,,
1983-03-16,,,,0.0021193400323650403,,,,
1983-03-18,,,,6.74670222481981e-05,,,,
1983-04-05,,,,0.0012392450761408672,,,,
1983-04-18,,,,0.0040152216886952296,,,,
1983-05-05,,,,0.0023483704957913947,,,,
1983-05-06,,,,0.007379583178440391,,,,
1983-05-11,,,,0.003230668015218494,,,,
1983-05-23,,,,-0.010696960472456668,,,,
1983-06-06,,,,-0.004404239929439001,,,,
1983-06-24,,,,-0.0015973006517839314,,,,
1983-06-27,,,,0.007490373256730646,,,,
1983-07-01,,,,0.004191927602570161,,,,
1983-07-14,,,,0.0010837840332605592,,,,
1983-07-25,,,,0.0014633500666663263,,,,
1983-08-03,,,,0.0012594119080597086,,,,
1983-08-08,,,,0.006878273685965168,,,,
1983-08-12,,,,-0.00028607673477197874,,,,
1983-08-31,,,,0.005289052961137951,,,,
1983-09-02,,,,0.0011108906116509445,,,,
1983-09-15,,,,0.0009313005498098612,,,,
1983-09-29,,,,0.0011375496068393048,,,,
1983-10-05,,,,0.00419365373800062,,,,
1983-10-10,,,,-0.011230146363853501,,,,
1983-11-08,,,,0.0001782678133653113,,,,
1983-11-09,,,,0.009483225888872555,,,,
1983-11-28,,,,0.0007842243582988028,,,,
1983-12-07,,,,-0.0006477206621265876,,,,
1983-12-20,,,,0.0013757594240306895,,,,
1983-12-27,,,,0.008516832948821825,,,,
1984-01-12,,,,-0.0023495849051752213,,,,
1984-01-13,,,,-0.00850828932152481,,,,
1984-02-03,,,,0.008556935786551766,,,,
1984-02-13,,,,0.002355917338428842,,,,
1984-02-17,,,,-0.004350087024828269,,,,
1984-03-12,,,,0.005298140219106188,,,,
1984-03-15,,,,0.0007514806575486436,,,,
1984-03-22,,,,0.009090427490649592,,,,
1984-04-02,,,,-0.007945272824080087,,,,
1984-04-23,,,,0.0012983374433569647,,,,
1984-04-30,,,,-0.0016623337563015988,,,,
1984-05-03,,,,0.0008422363688333855,,,,
1984-05-17,,,,0.006746856211858809,,,,
1984-06-08,,,,-0.00014024998737129066,,,,
1984-06-25,,,,-0.000618947657748275,,,,
1984-06-26,,,,0.005571706247413214,,,,
1984-07-03,,,,0.002077192427312537,,,,
1984-07-05,,,,0.0015764918963422773,,,,
1984-07-20,,,,0.003809865592425677,,,,
1984-07-31,,,,-0.0032270525610633553,,,,
1984-08-14,,,,-0.004322154808652415,,,,
1984-08-20,,,,0.0009223421665847984,,,,
1984-08-27,,,,0.0024832159664954553,,,,
1984-09-13,,,,0.013636105878737325,,,,
1984-10-05,,,,-0.0030575894363138612,,,,
1984-10-23,,,,0.0005554654343326218,,,,
1984-10-25,,,,0.002187918436304681,,,,
1984-10-30,,,,0.007161214110184558,,,,
1984-11-16,,,,0.007573039290736277,,,,
1984-11-30,,,,0.0007722422921148291,,,,
1984-12-03,,,,0.000634761125948181,,,,
1984-12-12,,,,-0.000656369229826968,,,,
1984-12-27,,,,0.0023488511051544835,,,,
1985-01-18,,,,-0.000533826845352551,,,,
1985-01-21,,,,0.017539002210753104,,,,
1985-02-04,,,,0.0027800665949666028,,,,
1985-02-07,,,,0.0010054572718271083,,,,
1985-02-11,,,,0.005195946115133645,,,,
1985-02-20,,,,-0.0013010375792102849,,,,
1985-03-01,,,,0.009335558826337168,,,,
1985-03-27,,,,0.0029999747102591083,,,,
1985-04-02,,,,-0.0008131251741397382,,,,
1985-04-10,,,,0.003625362829523105,,,,
1985-04-15,,,,0.0015272820897807003,,,,
1985-04-25,,,,0.0065314899729797616,,,,
1985-05-14,,,,0.0015465194029547521,,,,
1985-05-28,,,,-0.002984063568507418,,,,
1985-05-30,,,,-0.004007900793367918,,,,
1985-06-11,,,,-0.0016442456161161261,,,,
1985-06-12,,,,0.006743253740692256,,,,
1985-06-21,,,,0.015882294278197245,,,,
1985-07-03,,,,0.0018822863807213984,,,,
1985-07-05,,,,0.0018931389770394944,,,,
1985-07-12,,,,0.0013553199966011423,,,,
1985-07-31,,,,0.0041636452982829275,,,,
1985-08-08,,,,0.004871431568343661,,,,
1985-08-30,,,,-0.0017892998698851672,,,,
1985-09-17,,,,0.0065748707634838725,,,,
1985-10-01,,,,0.01588189198209043,,,,
1985-10-11,,,,0.007399460344887056,,,,
1985-10-22,,,,0.003286085761937202,,,,
1985-11-01,,,,0.006904213690828209,,,,
1985-11-21,,,,0.010677713055797644,,,,
1985-12-04,,,,0.015635150244865493,,,,
1985-12-20,,,,0.003069588201710598,,,,
1985-12-27,,,,0.0075749146725840166,,,,
1986-01-28,,,,0.007510798945080616,,,,
1986-02-06,,,,0.0011966020003972508,,,,
1986-02-11,,,,-0.001668569029692306,,,,
1986-02-12,,,,-0.0019028994986560078,,,,
1986-02-25,,,,-0.0019617416211519315,,,,
1986-02-26,,,,-0.0017533510305252878,,,,
1986-02-27,,,,0.007565147106515063,,,,
1986-03-07,,,,-0.00020782566236560022,,,,
1986-03-20,,,,-0.0003816113027331522,,,,
1986-04-15,,,,0.0003472365330997225,,,,
1986-04-16,,,,0.011883452151069767,,,,
1986-05-13,,,,0.0016709763850467389,,,,
1986-05-20,,,,0.007772989239442637,,,,
1986-06-04,,,,-0.0010113902647991531,,,,
1986-06-09,,,,0.013412505877336358,,,,
1986-06-13,,,,0.011401528293233164,,,,
1986-06-27,,,,9.080679073963829e-05,,,,
1986-06-30,,,,0.002773662596387167,,,,
1986-07-22,,,,0.004365727582030344,,,,
1986-08-01,,,,0.002557012130932077,,,,
1986-08-15,,,,0.0006360140702983257,,,,
1986-09-11,,,,0.030100058479730303,,,,
1986-09-22,,,,0.005664028291277587,,,,
1986-09-24,,,,0.0006107651419304224,,,,
1986-10-13,,,,-0.0017238416316195978,,,,
1986-10-14,,,,-0.0010980610163766568,,,,
1986-10-23,,,,0.006908017929785276,,,,
1986-11-10,,,,-0.003865988648524175,,,,
1986-11-12,,,,-0.0018346554905040772,,,,
1986-11-26,,,,0.0011695907727826273,,,,
1986-11-28,,,,0.0004775956120722384,,,,
1986-12-01,,,,-0.002814791026350809,,,,
1986-12-15,,,,-0.0035031163125047254,,,,
1986-12-29,,,,0.005876258465641325,,,,
1987-01-14,,,,0.005449139412226728,,,,
1987-01-27,,,,0.007801454040884552,,,,
1987-02-04,,,,0.004122086472886757,,,,
1987-02-09,,,,0.004094682655895678,,,,
1987-02-23,,,,0.004432245289714623,,,,
1987-03-04,,,,0.010957305458473942,,,,
1987-03-25,,,,-0.0008402243689600371,,,,
1987-04-07,,,,0.007818389079130588,,,,
1987-04-30,,,,0.003230358156496733,,,,
1987-05-04,,,,-0.0009278463431844028,,,,
1987-05-07,,,,-0.0029288104699568217,,,,
1987-05-15,,,,0.010692102597019424,,,,
1987-05-28,,,,-0.0003224446667207997,,,,
1987-06-05,,,,-0.003343040270445968,,,,
1987-06-08,,,,0.0027134008387116985,,,,
1987-06-10,,,,-0.0031621671537422897,,,,
1987-06-12,,,,0.00491243202646504,,,,
1987-06-22,,,,0.005214090947921643,,,,
1987-06-30,,,,0.005897854677248844,,,,
1987-07-13,,,,-0.0017960147824104137,,,,
1987-07-23,,,,-0.0016732962038719405,,,,
1987-07-27,,,,0.003017556405400689,,,,
1987-08-03,,,,-0.0002619565780398688,,,,
1987-08-24,,,,0.002028189582212938,,,,
1987-09-18,,,,-0.002961710466860013,,,,
1987-09-21,,,,-0.014271806939850076,,,,
1987-10-01,,,,0.009116739687752689,,,,
1987-10-05,,,,-0.0018349670469432215,,,,
1987-11-03,,,,-0.0010250869128476715,,,,
1987-11-05,,,,0.0020145574703697286,,,,
1987-11-16,,,,-0.001855779525341259,,,,
1987-11-24,,,,0.0024359897059345196,,,,
1987-11-27,,,,0.00280793132196509,,,,
1987-12-14,,,,0.005774599499208607,,,,
1987-12-22,,,,-0.0015119548108677525,,,,
1987-12-28,,,,0.005484975277939207,,,,
1988-01-19,,,,0.0005733354071328506,,,,
1988-02-05,,,,-0.002490813467144984,,,,
1988-02-12,,,,-0.00033348211808503184,,,,
1988-02-25,,,,-0.006165137071155595,,,,
1988-02-29,,,,0.00622046658987807,,,,
1988-03-04,,,,-0.0007678479628795211,,,,
1988-03-16,,,,-0.005857599503087176,,,,
1988-04-08,,,,0.0032896623158396483,,,,
1988-04-12,,,,0.0013744367349927224,,,,
1988-04-19,,,,5.748851707834354e-05,,,,
1988-04-28,,,,0.0013371641174411784,,,,
1988-04-29,,,,0.0014537853054838736,,,,
1988-05-03,,,,0.0023944470746255146,,,,
1988-05-13,,,,0.003643878665121585,,,,
1988-05-27,,,,5.854901347861285e-05,,,,
1988-06-14,,,,0.004256298717008643,,,,
1988-06-24,,,,0.0007978828249521178,,,,
1988-07-12,,,,0.004418023964715377,,,,
1988-07-21,,,,0.003960582156073603,,,,
1988-07-27,,,,0.004115340283701564,,,,
1988-08-02,,,,-0.0020178947093945454,,,,
1988-08-15,,,,0.006262189143763271,,,,
1988-08-24,,,,0.00800291027934201,,,,
1988-08-29,,,,0.005118961964193367,,,,
1988-09-13,,,,-0.0032029289854414653,,,,
1988-09-22,,,,0.000588143022027368,,,,
1988-10-07,,,,0.01645870358981357,,,,
1988-10-26,,,,0.0010637711695005493,,,,
1988-11-04,,,,0.007367097684634863,,,,
1988-11-16,,,,0.010622311796266803,,,,
1988-11-29,,,,0.005050004528669276,,,,
1988-12-02,,,,0.0010684344113720938,,,,
1988-12-22,,,,-0.003426021983043511,,,,
1988-12-23,,,,-0.0005429236612521467,,,,
1989-01-10,,,,-0.0004487015358298151,,,,
1989-01-16,,,,-0.00045276986667908175,,,,
1989-01-17,,,,-7.787993334453295e-06,,,,
1989-01-18,,,,0.007596979133821023,,,,
1989-02-06,,,,8.083579222017181e-05,,,,
1989-02-17,,,,0.004575758129956668,,,,
1989-03-01,,,,0.00126318029544513,,,,
1989-03-06,,,,0.009982337419392617,,,,
1989-03-08,,,,-0.003487322296323921,,,,
1989-03-10,,,,0.0025795562456959447,,,,
1989-03-23,,,,-0.0070534495995977185,,,,
1989-03-30,,,,-0.0010946732722569806,,,,
1989-04-06,,,,-0.00028006326899011213,,,,
1989-04-11,,,,0.0011569960779862654,,,,
1989-04-27,,,,0.005942236971673624,,,,
1989-05-01,,,,-0.002082326571521134,,,,
1989-05-05,,,,-0.002898348526812392,,,,
1989-05-17,,,,0.0031385055372465127,,,,
1989-05-26,,,,0.005048057688857581,,,,
1989-06-09,,,,-0.0023521457329645505,,,,
1989-06-20,,,,-0.0023113028441244516,,,,
1989-07-07,,,,0.008222384606364474,,,,
1989-07-31,,,,0.007409789068911586,,,,
1989-08-04,,,,-0.000537216183908926,,,,
1989-09-01,,,,0.004875939397476584,,,,
1989-09-13,,,,0.004869437033993351,,,,
1989-09-20,,,,-0.0003358212643790529,,,,
1989-09-21,,,,-0.004598217137220924,,,,
1989-10-06,,,,0.0025647637469028437,,,,
1989-10-26,,,,0.005740524825764827,,,,
1989-11-02,,,,0.0018339085323124487,,,,
1989-11-17,,,,0.0006795163098775544,,,,
1989-11-29,,,,0.0013113318482661106,,,,
1989-12-05,,,,0.0011859480628261272,,,,
1989-12-21,,,,0.0018385371674900478,,,,
1989-12-27,,,,0.0015738093285843713,,,,
1990-01-22,,,,0.015349241547745878,,,,
1990-02-02,,,,0.001678626869895762,,,,
1990-02-06,,,,0.0013552943194755388,,,,
1990-03-01,,,,-0.001939892140418848,,,,
1990-03-02,,,,0.002029256011630385,,,,
1990-03-05,,,,-0.004209293293495008,,,,
1990-03-08,,,,0.0026294776618217323,,,,
1990-03-16,,,,0.006260213327630752,,,,
1990-03-26,,,,-0.0003083748989504838,,,,
1990-04-10,,,,0.0001211351066389001,,,,
1990-04-11,,,,-0.001643359423912882,,,,
1990-04-12,,,,0.002824777157435287,,,,
1990-04-26,,,,-1.0463389903530179e-05,,,,
1990-05-02,,,,0.003749440433026109,,,,
1990-05-09,,,,0.0016370824115048354,,,,
1990-05-21,,,,0.00748616927271936,,,,
1990-05-25,,,,0.007808585131676122,,,,
1990-06-01,,,,0.0025711633518694875,,,,
1990-06-18,,,,0.008539205109865895,,,,
1990-06-29,,,,0.0004222191455193767,,,,
1990-07-02,,,,0.0005597388590637911,,,,
1990-07-05,,,,0.008390414680958625,,,,
1990-07-26,,,,-0.002629020660804778,,,,
1990-08-10,,,,0.003732679853319885,,,,
1990-08-16,,,,0.013408599836017084,,,,
1990-08-29,,,,0.0027135357955950894,,,,
1990-09-12,,,,0.0002915650674975572,,,,
1990-10-09,,,,0.010405656928008952,,,,
1990-10-18,,,,0.006584064553457851,,,,
1990-10-24,,,,-0.0009330688568808522,,,,
1990-10-25,,,,0.0007252638986620283,,,,
1990-11-06,,,,-0.004929270762852658,,,,
1990-11-14,,,,0.001115912068164606,,,,
1990-11-26,,,,-0.0025349953816940812,,,,
1990-12-14,,,,0.0033458565024215305,,,,
1990-12-20,,,,-0.00153900545963224,,,,
1991-01-14,,,,0.0021131483270176435,,,,
1991-01-28,,,,-0.0018238082846360776,,,,
1991-01-29,,,,-0.00022045370953844903,,,,
1991-02-11,,,,0.015020022606636279,,,,
1991-02-20,,,,0.002798350586533534,,,,
1991-02-22,,,,-0.0020910330113947917,,,,
1991-03-05,,,,0.0073341031313705635,,,,
1991-03-08,,,,-0.004393021166727079,,,,
1991-03-21,,,,-0.004239655360475992,,,,
1991-03-25,,,,0.0024870987171684926,,,,
1991-04-01,,,,0.005274696305332773,,,,
1991-04-16,,,,0.008610495820926226,,,,
1991-04-19,,,,0.006347184803002993,,,,
1991-05-03,,,,-0.0019054005097350311,,,,
1991-05-06,,,,-0.0024424821032845235,,,,
1991-05-21,,,,0.0026832268782828227,,,,
1991-05-23,,,,-0.0012249951257725798,,,,
1991-06-11,,,,0.002126710330166348,,,,
1991-07-03,,,,0.006024944065575909,,,,
1991-07-18,,,,0.004667814644599084,,,,
1991-07-29,,,,0.0025210762745646316,,,,
1991-08-01,,,,-0.0019432181026387669,,,,
1991-08-02,,,,-0.0021468205309066253,,,,
1991-08-23,,,,0.003322260447564587,,,,
1991-08-27,,,,-0.0007317010618252696,,,,
1991-09-10,,,,0.006237280536182719,,,,
1991-10-02,,,,-0.0011860556850045913,,,,
1991-10-14,,,,0.011203441733123412,,,,
1991-10-21,,,,0.003642574829156393,,,,
1991-11-01,,,,0.00033559703476984106,,,,
1991-11-12,,,,0.007206168769970265,,,,
1991-11-26,,,,0.001255586476662137,,,,
1991-11-29,,,,0.0012269613760580791,,,,
1991-12-02,,,,0.008873014075851874,,,,
1991-12-04,,,,-0.00047883592302548134,,,,
1991-12-17,,,,0.0030373511245711596,,,,
1991-12-30,,,,0.014376773030680528,,,,
1992-01-14,,,,0.008720296077343296,,,,
1992-01-29,,,,-0.011714991156843671,,,,
1992-02-12,,,,0.005031131159491149,,,,
1992-03-03,,,,-0.002265132204934972,,,,
1992-03-04,,,,0.00502944284203891,,,,
1992-03-10,,,,0.0021970190058199146,,,,
1992-03-20,,,,0.001155914510418978,,,,
1992-03-31,,,,-0.0020540419532598764,,,,
1992-04-14,,,,0.012378631159373623,,,,
1992-04-23,,,,0.00013927538818127845,,,,
1992-04-28,,,,-0.0014331395170004326,,,,
1992-05-07,,,,0.0008861299660069494,,,,
1992-05-08,,,,-0.002135759685109478,,,,
1992-05-14,,,,0.005716887415679377,,,,
1992-06-09,,,,0.004397792382985742,,,,
1992-06-19,,,,0.0018307500242283022,,,,
1992-06-24,,,,-0.0013643742572597274,,,,
1992-06-25,,,,-0.004628138328108136,,,,
1992-07-14,,,,0.003692784039608045,,,,
1992-07-16,,,,-0.0011784487520027954,,,,
1992-07-28,,,,0.01202873484381983,,,,
1992-08-19,,,,0.004025964769674412,,,,
1992-08-31,,,,-0.003157287906454624,,,,
1992-09-01,,,,0.0015327126766920011,,,,
1992-09-14,,,,0.012571264823884638,,,,
1992-09-25,,,,0.007465542783121323,,,,
1992-10-16,,,,-0.009094044566278877,,,,
1992-10-22,,,,-0.0011296849648705842,,,,
1992-10-30,,,,0.0025192817825558404,,,,
1992-11-20,,,,0.007265643130561113,,,,
1992-12-14,,,,-0.005858797807027918,,,,
1992-12-28,,,,-0.0006875848071219368,,,,
1993-01-19,,,,0.0019855023962362245,,,,
1993-01-29,,,,-0.004895155533812581,,,,
1993-03-04,,,,0.0005590754719337764,,,,
1993-03-10,,,,0.0010926491390303096,,,,
1993-03-17,,,,0.005240903710698417,,,,
1993-04-06,,,,-0.001535199463307549,,,,
1993-04-19,,,,0.00016777043982115188,,,,
1993-04-29,,,,-0.005039066696049726,,,,
1993-05-07,,,,0.0010586380372030225,,,,
1993-05-17,,,,-0.005665916888858212,,,,
1993-05-26,,,,0.008868547249393989,,,,
1993-06-15,,,,0.0019393404283402085,,,,
1993-06-23,,,,0.003869919337237983,,,,
1993-07-01,,,,0.0023762388027992343,,,,
1993-07-13,,,,-0.0028854534044625317,,,,
1993-07-22,,,,0.0029615843929837967,,,,
1993-08-05,,,,-0.0008656964167896802,,,,
1993-08-09,,,,0.0032741077684583426,,,,
1993-08-16,,,,0.0053439283199275605,,,,
1993-09-14,,,,0.004093492914760667,,,,
1993-09-27,,,,0.008729300706673883,,,,
1993-09-29,,,,0.0018913326354060211,,,,
1993-10-12,,,,-0.003156949485385258,,,,
1993-10-14,,,,0.014924679042447748,,,,
1993-10-27,,,,0.00010293259739681113,,,,
1993-10-28,,,,0.009079701252354688,,,,
1993-11-01,,,,-0.005872536310664161,,,,
1993-11-12,,,,0.00047224172526952833,,,,
1993-11-26,,,,-0.00026749117186708086,,,,
1993-11-29,,,,0.0009217515692613404,,,,
1993-12-08,,,,-0.0030330418204481723,,,,
1993-12-09,,,,0.0034555847819759053,,,,
1993-12-21,,,,0.00030081696270086036,,,,
1994-01-19,,,,-0.0035996308550791225,,,,
1994-01-21,,,,-0.001754775483708868,,,,
1994-02-10,,,,0.004577618466019709,,,,
1994-02-17,,,,-0.009700807337212436,,,,
1994-02-28,,,,0.0009046698518127786,,,,
1994-03-15,,,,-0.002628232413561628,,,,
1994-03-24,,,,0.01072039729357469,,,,
1994-04-07,,,,0.0018257086996213213,,,,
1994-04-12,,,,-0.005518006433712359,,,,
1994-04-18,,,,-0.011028320014569456,,,,
1994-04-28,,,,0.002687208976101064,,,,
1994-05-06,,,,0.005617777327903731,,,,
1994-05-17,,,,0.0066529633734921665,,,,
1994-05-27,,,,-0.003398843663769318,,,,
1994-06-03,,,,0.0029681068258723534,,,,
1994-07-05,,,,-0.000715390551805917,,,,
1994-07-06,,,,-0.002497560658709477,,,,
1994-07-14,,,,0.007411862155230741,,,,
1994-07-18,,,,0.001480160018337305,,,,
1994-07-20,,,,0.005075831153874273,,,,
1994-08-09,,,,-0.0027483440487376855,,,,
1994-08-18,,,,0.003379241826693227,,,,
1994-09-07,,,,-0.0031110433344267918,,,,
1994-09-08,,,,0.0012379106841952556,,,,
1994-09-15,,,,0.01476543004152817,,,,
1994-09-27,,,,0.0021249458417941704,,,,
1994-10-07,,,,0.0008193541023589097,,,,
1994-10-13,,,,0.0017074031444626536,,,,
1994-10-18,,,,0.0007762631320625748,,,,
1994-10-27,,,,0.004044776001144988,,,,
1994-11-01,,,,0.007510331678975561,,,,
1994-11-04,,,,0.008125015456023293,,,,
1994-11-17,,,,0.001234862018268619,,,,
1994-12-14,,,,0.0063926339025013774,,,,
1994-12-20,,,,-0.0012316625171569767,,,,
1994-12-21,,,,0.001906292410098296,,,,
1994-12-23,,,,-0.0034960263331927205,,,,
1994-12-30,,,,0.0021521272683093016,,,,
1995-01-13,,,,0.00975054899177206,,,,
1995-01-25,,,,0.0007825112976655295,,,,
1995-02-08,,,,-0.0010121459939830667,,,,
1995-02-22,,,,0.004292717405216178,,,,
1995-03-03,,,,-0.00643115135348227,,,,
1995-03-06,,,,-0.0074557665249627295,,,,
1995-03-10,,,,0.015594085655296722,,,,
1995-03-21,,,,0.0001477453108097429,,,,
1995-04-04,,,,0.008444554343420067,,,,
1995-04-13,,,,0.005246729721770823,,,,
1995-04-26,,,,-0.0042659917909503055,,,,
1995-04-28,,,,-0.009571793427781463,,,,
1995-05-12,,,,0.0010938163958051684,,,,
1995-06-07,,,,0.0038730193294483693,,,,
1995-06-09,,,,0.0075596206003362134,,,,
1995-06-21,,,,-0.0036182934075629477,,,,
1995-07-05,,,,-0.00028654437080525696,,,,
1995-07-27,,,,0.002088547593466701,,,,
1995-08-07,,,,0.000300972106854137,,,,
1995-08-31,,,,0.00011871202961050811,,,,
1995-09-01,,,,0.002861838216431351,,,,
1995-09-07,,,,-0.00132157062836165,,,,
1995-09-21,,,,0.002562336299207509,,,,
1995-10-05,,,,-0.00737207188640992,,,,
1995-10-17,,,,0.004119907060535557,,,,
1995-11-06,,,,4.246903080230126e-05,,,,
1995-11-20,,,,0.0006020211111938004,,,,
1995-11-27,,,,0.0016330421330891442,,,,
1995-12-13,,,,0.003790819541966005,,,,
1995-12-26,,,,0.0007931133647605432,,,,
1995-12-27,,,,-0.0005401696195872174,,,,
1995-12-28,,,,-0.0009729148022511158,,,,
1996-01-09,,,,0.012871872012520932,,,,
1996-01-19,,,,0.004859966711076038,,,,
1996-01-23,,,,-0.003095446020216338,,,,
1996-02-20,,,,0.009071129406783908,,,,
1996-03-07,,,,-0.002859469611442235,,,,
1996-03-08,,,,0.020742755313790297,,,,
1996-03-22,,,,-0.0014089050517157205,,,,
1996-03-25,,,,-0.0026842673011792744,,,,
1996-04-03,,,,-0.003854429236170235,,,,
1996-04-08,,,,0.0127615569170625,,,,
1996-04-17,,,,0.0004142461013056561,,,,
1996-04-30,,,,-0.0036162386677186485,,,,
1996-05-17,,,,0.0018105494564329536,,,,
1996-05-22,,,,0.0032157222525783934,,,,
1996-06-11,,,,-0.0013962867853370897,,,,
1996-06-26,,,,0.0042965744533062815,,,,
1996-07-03,,,,-7.207208388338239e-05,,,,
1996-07-26,,,,0.002314647578162998,,,,
1996-07-29,,,,9.01420103745801e-05,,,,
1996-07-30,,,,-0.005365796236290653,,,,
1996-08-06,,,,-0.0036781630658872556,,,,
1996-08-09,,,,-0.0026338554081851606,,,,
1996-08-21,,,,-0.00013569863192986785,,,,
1996-09-05,,,,0.004296759596140949,,,,
1996-09-19,,,,-0.0014213428398786947,,,,
1996-09-26,,,,-0.003686091434841281,,,,
1996-10-04,,,,0.008942993527972357,,,,
1996-10-08,,,,0.0007591236366906219,,,,
1996-10-28,,,,-0.011075165762221229,,,,
1996-10-31,,,,0.002244711582933777,,,,
1996-11-12,,,,0.00024618053170959967,,,,
1996-11-29,,,,-0.0010629127206308897,,,,
1996-12-02,,,,-0.0027610152955367113,,,,
1996-12-26,,,,0.004998381903559615,,,,
1996-12-30,,,,0.0008768001501663588,,,,
1997-01-14,,,,0.006057260817698997,,,,
1997-01-21,,,,0.0024171053108852218,,,,
1997-02-04,,,,0.0017767379134153197,,,,
1997-02-18,,,,0.003498089378459867,,,,
1997-03-07,,,,0.00039020292013628756,,,,
1997-03-12,,,,0.00592841869213979,,,,
1997-03-24,,,,0.0038849840448736744,,,,
1997-04-04,,,,-0.012503582606407828,,,,
1997-04-11,,,,0.018361539296124038,,,,
1997-05-07,,,,0.005975496890881014,,,,
1997-05-20,,,,-0.009092674946258627,,,,
1997-05-30,,,,-0.0008406061147585888,,,,
1997-06-12,,,,0.009578269666531742,,,,
1997-06-17,,,,-0.0026391222682737646,,,,
1997-07-02,,,,0.006944926332393329,,,,
1997-07-09,,,,0.002655654262943699,,,,
1997-07-14,,,,-0.003944287953553531,,,,
1997-07-24,,,,-0.004365509784445586,,,,
1997-07-29,,,,-0.005097607729969765,,,,
1997-08-06,,,,0.004049669775621644,,,,
1997-08-27,,,,-0.0014563832819436085,,,,
1997-09-02,,,,0.013282381916461744,,,,
1997-09-04,,,,-0.0025262313620222606,,,,
1997-09-05,,,,-0.0022464035650523887,,,,
1997-09-09,,,,-0.0020913702697907,,,,
1997-09-18,,,,-0.0020194097233774866,,,,
1997-09-24,,,,0.002024088829760896,,,,
1997-10-03,,,,0.002591875675844914,,,,
1997-10-13,,,,-0.002039904705159802,,,,
1997-10-14,,,,-0.002461250701856794,,,,
1997-10-23,,,,0.009790886296847798,,,,
1997-11-03,,,,0.007027390710707307,,,,
1997-11-05,,,,0.00030948687316120733,,,,
1997-11-07,,,,0.0024512189055783578,,,,
1997-11-12,,,,0.005453363461091257,,,,
1997-11-24,,,,0.0031588043677608256,,,,
1997-11-26,,,,-0.0014023192530990603,,,,
1997-11-28,,,,-0.0006780877975801184,,,,
1997-12-09,,,,0.001572500927839337,,,,
1997-12-29,,,,0.006785887769411384,,,,
1998-01-16,,,,0.0015577353211696707,,,,
1998-02-02,,,,0.007120539315636826,,,,
1998-02-12,,,,-0.004496928828672813,,,,
1998-03-12,,,,-0.003691113911145619,,,,
1998-04-06,,,,-0.003947538677525364,,,,
1998-04-15,,,,0.001988873276004907,,,,
1998-04-21,,,,0.0008303613553080579,,,,
1998-05-04,,,,0.0002756862055263112,,,,
1998-05-14,,,,-0.0018478253629118098,,,,
1998-06-09,,,,-0.0012986323050303312,,,,
1998-06-19,,,,-0.005668237932848842,,,,
1998-07-06,,,,0.005038850034201881,,,,
1998-07-16,,,,0.001187635848303819,,,,
1998-07-20,,,,-0.001327272733365772,,,,
1998-08-04,,,,0.021864890188868023,,,,
1998-08-11,,,,0.006484107284110805,,,,
1998-08-20,,,,0.0014764266574410752,,,,
1998-08-21,,,,0.003991241543121747,,,,
1998-09-16,,,,0.0020699719036860716,,,,
1998-09-21,,,,-0.0038241856370632857,,,,
1998-10-12,,,,0.004193678471727508,,,,
1998-10-14,,,,0.0013908921616475492,,,,
1998-10-20,,,,-0.0005685277646952073,,,,
1998-11-04,,,,0.0010275894453368095,,,,
1998-11-16,,,,0.00332696375672579,,,,
1998-11-25,,,,-0.002074424185370966,,,,
1998-11-27,,,,0.0017545657833816922,,,,
1998-11-30,,,,0.009043999660126341,,,,
1998-12-10,,,,0.004114627143508747,,,,
1998-12-21,,,,0.005118201275410893,,,,
1998-12-28,,,,-0.0018749430667205607,,,,
1999-01-26,,,,0.006880473013933567,,,,
1999-02-02,,,,0.003455280280798433,,,,
1999-02-11,,,,0.010556766128252702,,,,
1999-03-04,,,,0.00570234101704642,,,,
1999-03-09,,,,-0.0013488825465834875,,,,
1999-03-17,,,,0.0016416299562651234,,,,
1999-04-05,,,,0.009993456123982069,,,,
1999-04-19,,,,0.00869987548710225,,,,
1999-04-27,,,,-0.0005570161265037504,,,,
1999-05-10,,,,-0.0024745269836414755,,,,
1999-05-14,,,,0.010305991913561775,,,,
1999-05-21,,,,0.003339816900132955,,,,
1999-06-03,,,,0.0006930405690306824,,,,
1999-06-04,,,,0.009299044746994974,,,,
1999-06-15,,,,-0.0006430981305984855,,,,
1999-07-06,,,,-0.0015693355116199587,,,,
1999-07-08,,,,-0.0009299825295507804,,,,
1999-07-12,,,,-0.00211684949602082,,,,
1999-08-10,,,,0.00695678232928132,,,,
1999-08-17,,,,0.005478005267450063,,,,
1999-09-02,,,,0.0003914398990074325,,,,
1999-09-14,,,,0.002122272810603047,,,,
1999-09-21,,,,0.009945503581046693,,,,
1999-10-08,,,,0.0030484850739381122,,,,
1999-10-12,,,,0.008270798599283688,,,,
1999-10-26,,,,-0.007970428407029457,,,,
1999-11-02,,,,-0.006880930971132725,,,,
1999-11-04,,,,0.0005460156392768087,,,,
1999-11-12,,,,-0.009168000245913804,,,,
1999-11-16,,,,0.007863068407665865,,,,
1999-12-14,,,,0.002775800696447222,,,,
1999-12-23,,,,0.007915081089027083,,,,
1999-12-29,,,,-1.336998256614859e-05,,,,
1999-12-30,,,,-0.0017438439346506866,,,,
2000-01-13,,,,0.0023036862641228903,,,,
2000-01-19,,,,-0.0018620332234078934,,,,
2000-01-20,,,,0.0010165864173028285,,,,
2000-01-27,,,,-0.005617186371062769,,,,
2000-02-07,,,,-0.0014115915281896593,,,,
2000-02-08,,,,0.004896594082513007,,,,
2000-03-01,,,,0.0031422972467368368,,,,
2000-03-02,,,,-0.0008775120931725782,,,,
2000-03-03,,,,0.007887904159885011,,,,
2000-03-23,,,,0.005580092388770223,,,,
2000-03-28,,,,0.0027471177424165274,,,,
2000-04-10,,,,-0.004442376136386926,,,,
2000-04-20,,,,-0.0025233908043533204,,,,
2000-04-24,,,,-0.0019676321797882264,,,,
2000-05-03,,,,0.007265773543971535,,,,
2000-05-05,,,,0.0027233914956844235,,,,
2000-05-09,,,,0.0011516447945498216,,,,
2000-06-01,,,,0.003515605209270818,,,,
2000-06-06,,,,0.0016394174682908885,,,,
2000-06-15,,,,-0.0031828216927078786,,,,
2000-06-22,,,,0.004529895752580464,,,,
2000-06-28,,,,-0.002832115202032664,,,,
2000-07-11,,,,-0.0020694132843779266,,,,
2000-07-14,,,,0.0025593196657743814,,,,
2000-07-26,,,,0.004119620083190249,,,,
2000-08-07,,,,0.005788837672490962,,,,
2000-08-16,,,,-0.0054016725539042625,,,,
2000-08-25,,,,-0.002308307879609697,,,,
2000-08-28,,,,-9.194010338560982e-05,,,,
2000-09-29,,0.009460076976571018,,,,,,
2000-10-03,,-0.00011855816292898181,,-0.009299241790212808,,,,
2000-10-04,,0.006427117821927346,,,,,,
2000-10-06,,-0.0003239620416178322,,0.010928015397225398,,,,
2000-10-09,,-0.0011857253610603941,,,,,,
2000-10-10,,0.0055805239752809216,,,,,,
2000-10-11,,0.00871116810516237,,,,,,
2000-10-12,,0.00948030886934188,,,,,,
2000-10-13,,0.006316601251104066,,,,,,
2000-10-16,,-0.001078183695975046,,,,,,
2000-10-17,,0.006069464128978101,,0.005689240267106938,,,,
2000-10-18,,0.0004983436716562312,,,,,,
2000-10-19,,0.003556119216905379,,,,,,
2000-10-23,,0.007322340654027469,,,,,,
2000-10-24,,-0.004302386764298924,,,,,,
2000-10-26,,0.005506833976925126,,,,,,
2000-10-27,,0.0016652365274272217,,,,,,
2000-10-30,,-0.0011687519781287455,,,,,,
2000-11-01,,0.0028692744047675144,,,,,,
2000-11-02,,0.012639891863530017,,-0.0006810333888291534,,,,
2000-11-03,,0.004877096740839496,,-0.001975337547860262,,,,
2000-11-06,,0.0026720872939303333,,,,,,
2000-11-07,,0.00691276617624003,,-0.0015770297205799082,,,,
2000-11-08,,0.002260886721796091,,,,,,
2000-11-09,,0.0005655428876104294,,,,,,
2000-11-10,,0.007474762390351525,,,,,,
2000-11-13,,0.005951785498927401,,,,,,
2000-11-15,,-5.2849330659543605e-05,,,,,,
2000-11-16,,0.0010711692237285702,,,,,,
2000-11-20,,-0.0009825814953556915,,,,,,
2000-11-21,,0.0018720337406975204,,,,,,
2000-11-22,,-0.0012624159966270216,,,,,,
2000-11-27,,0.0156640678223579,,,,,,
2000-11-28,,-0.0009152107407579473,,0.0018897729709794072,,,,
2000-11-29,,0.016544431120749645,,,,,,
2000-12-08,,,,0.005034727877786668,,,,
2000-12-12,,-0.0020443260247116103,,,,,,
2000-12-13,,,,-0.006706455604580379,,,,
2000-12-19,,-0.00037646111115675153,,,,,,
2000-12-22,,0.00091647179869334,,,,,,
2000-12-27,,0.006322894650795483,,0.0038662606539739777,,,,
2000-12-28,,-0.002144536719392983,,,,,,
2000-12-29,,,,0.0016396056916596355,,,,
2001-01-02,,0.006589317885683958,,,,,,
2001-01-03,,0.009642359125207571,,,,,,
2001-01-05,,0.0030643086939810883,,,,,,
2001-01-08,,0.0005662851764979657,,,,,,
2001-01-09,,-0.002355531479385948,,,,,,
2001-01-10,,,,0.00022868431751241861,,,,
2001-01-11,,0.003032849366852175,,,,,,
2001-01-12,,0.011735642431367774,,,,,,
2001-01-16,,0.008968440685481829,,,,,,
2001-01-17,,0.004629815050376835,,0.0002667186973077277,,,,
2001-01-18,,0.013732374018863779,,,,,,
2001-01-19,,0.006159767365128478,,,,,,
2001-01-22,,0.0028834819395159093,,,,,,
2001-01-23,,-0.0008873895489173288,,,,,,
2001-01-24,,0.00010211719721030223,,,,,,
2001-01-25,,0.0016392759438203282,,-0.00019010091488053937,,,,
2001-01-26,,0.0021720319201021876,,,,,,
2001-01-29,,-0.0009484090359547966,,,,,,
2001-01-30,,-7.681300200402552e-05,,,,,,
2001-01-31,,-0.00043765470861422014,,,,,,
2001-02-05,,0.015663994538697778,,,,,,
2001-02-06,,0.003093576505089901,,-0.0010224996625384064,,,,
2001-02-07,,0.0061540746957461576,,,,,,
2001-02-08,,0.007791968138572742,,,,,,
2001-02-09,,-1.0006551298451379e-05,,,,,,
2001-02-14,,0.003726483817141553,,,,,,
2001-02-15,,0.011166404877950058,,,,,,
2001-02-16,,0.003269252089558395,,0.0052463293635164904,,,,
2001-02-20,,0.011645267782230717,,,,,,
2001-02-21,,0.0009299778638511757,,,,,,
2001-02-22,,3.251947312867722e-05,,,,,,
2001-02-23,,0.0020759441568502057,,,,,,
2001-02-26,,0.0009585506987664995,,,,,,
2001-02-27,,0.004170945014619822,,,,,,
2001-02-28,,,,0.004646990798387114,,,,
2001-03-06,,,,0.004321073510602751,,,,
2001-03-20,,0.0043987542912624685,,,,,,
2001-03-26,,0.0017720164605456745,,,,,,
2001-03-27,,,,0.007569109473124261,,,,
2001-03-28,,0.008875473156556863,,,,,,
2001-04-02,,0.0022731527617195573,,-0.0008201002750850135,,,,
2001-04-03,,-0.0007942398122201835,,,,,,
2001-04-04,,0.0035330010710812134,,,,,,
2001-04-05,,0.001957425210547764,,,,,,
2001-04-06,,0.0023171201819616963,,,,,,
2001-04-09,,0.002366143028205283,,,,,,
2001-04-10,,0.0006041174540259035,,,,,,
2001-04-11,,0.006466644643734819,,,,,,
2001-04-12,,-0.0003114582248681492,,,,,,
2001-04-16,,0.012216845139074624,,,,,,
2001-04-17,,0.010956384507687832,,0.0019479368587431852,,,,
2001-04-18,,-0.0006135843714837836,,,,,,
2001-04-19,,0.009204352317746715,,,,,,
2001-04-20,,0.0014583504921176003,,,,,,
2001-04-24,,0.0010046378110894392,,,,,,
2001-04-25,,0.012640928545546317,,,,,,
2001-04-26,,0.0008336775472560607,,,,,,
2001-04-27,,0.002132612355151033,,,,,,
2001-04-30,,,,-0.0012297669980936867,,,,
2001-05-03,,,,0.0026000360317076877,,,,
2001-05-08,,,,-0.0007218271157839847,,,,
2001-05-09,,0.012308346882515331,,,,,,
2001-05-15,,0.004975333028644352,,-0.00030854691556319577,,,,
2001-05-16,,0.02263272236145254,,,,,,
2001-05-17,,-0.005164870586380024,,,,,,
2001-05-30,,0.012539288973611475,,,,,,
2001-06-01,,0.0008168643449860552,,,,,,
2001-06-04,,0.010858602148626783,,,,,,
2001-06-05,,,,0.005643436067791774,,,,
2001-06-06,,-0.0007588219358585998,,,,,,
2001-06-07,,-0.00022999892489776748,,,,,,
2001-06-08,,0.0039030689436264786,,,,,,
2001-06-11,,0.0034772462046801355,,,,,,
2001-06-12,,0.004519468207941023,,,,,,
2001-06-13,,0.0046219059853058716,,,,,,
2001-06-15,,0.008153531173961863,,,,,,
2001-06-18,,0.002050537180436018,,,,,,
2001-06-19,,0.002065975347101456,,-0.0037749827850774415,,,,
2001-06-21,,0.002132117447686158,,,,,,
2001-06-22,,0.0014672970668095089,,,,,,
2001-06-25,,-0.00023961362827715107,,,,,,
2001-06-26,,0.006394823185400681,,,,,,
2001-06-27,,0.004669151992122519,,,,,,
2001-06-28,,0.0007827817891414531,,0.0024578144712266476,,,,
2001-07-05,,,,0.004424147775814335,,,,
2001-07-10,,-0.0010624594140627175,,,,,,
2001-07-11,,-0.004004230751127993,,,,,,
2001-07-20,,-0.0008559651950681929,,,,,,
2001-07-23,,0.002119237151916278,,0.007022639245470379,,,,
2001-07-24,,-0.0008814859970540128,,,,,,
2001-07-25,,0.003296598925760127,,,,,,
2001-07-26,,0.00040584802186802605,,,,,,
2001-07-31,,,,0.0006708644472581064,,,,
2001-08-01,,8.335546773483764e-05,,,,,,
2001-08-02,,-0.0006210981332754559,,,,,,
2001-08-03,,8.406131423891467e-05,,,,,,
2001-08-06,,0.005193833373685807,,,,,,
2001-08-07,,0.0024948622457983205,,,,,,
2001-08-08,,0.0025465533169349705,,,,,,
2001-08-09,,0.011573262202046406,,,,,,
2001-08-10,,0.011264468512386659,,-0.00772679568452133,,,,
2001-08-14,,0.008540666840610465,,-0.0009727621115771178,,,,
2001-08-15,,0.006838674405890076,,,,,,
2001-08-16,,0.006704531456155922,,,,,,
2001-08-17,,0.010006375158486762,,,,,,
2001-08-20,,0.016552397708677506,,,,,,
2001-08-21,,0.0048832474762939984,,,,,,
2001-08-22,,0.0015152024753156167,,,,,,
2001-08-23,,0.000799144489162368,,,,,,
2001-08-24,,0.003758338759261732,,0.007595895606599318,,,,
2001-08-27,,0.0008269971768644169,,,,,,
2001-08-28,,0.0011397307592525552,,0.008187710063836553,,,,
2001-08-29,,-0.0006911664129527944,,,,,,
2001-08-30,,0.0030718028347866675,,,,,,
2001-09-14,,0.019752944325567047,,,,,,
2001-09-17,,-0.014374047474796097,,,,,,
2001-09-19,,,,0.005794784985367883,,,,
2001-09-28,,0.00414733535209495,,,,,,
2001-10-01,,6.699489968074958e-05,,,,,,
2001-10-02,,0.0008280757502059299,,0.0037364478669196953,,,,
2001-10-03,,0.0006740104301049716,,,,,,
2001-10-04,,0.00199828629904198,,,,,,
2001-10-05,,0.0018367875803682232,,,,,,
2001-10-09,,0.010249763529921664,,,,,,
2001-10-10,,0.00940375025911979,,0.006678989230822883,,,,
2001-10-12,,0.003470464707248028,,,,,,
2001-10-15,,0.006381539429365418,,,,,,
2001-10-16,,0.003799527766740399,,,,,,
2001-10-17,,0.0017188485789761156,,,,,,
2001-10-18,,0.009318935176193845,,,,,,
2001-10-19,,,,-0.003708696743039471,,,,
2001-10-22,,0.0030181492022056514,,,,,,
2001-10-25,,-0.00015337983337464437,,-0.008435249035660305,,,,
2001-10-26,,-0.00015630469055873057,,,,,,
2001-10-29,,0.002261441124742715,,,,,,
2001-10-30,,0.001528809925606946,,,,,,
2001-10-31,,0.003359697013248152,,,,,,
2001-11-02,,0.010079707558452436,,,,,,
2001-11-05,,,,0.0050689421313511425,,,,
2001-11-06,,0.0016591935629877387,,,,,,
2001-11-08,,0.005044219537626027,,-0.0034404352884673376,,,,
2001-11-12,,0.003790132726144682,,-0.0031209645322233946,,,,
2001-11-13,,0.0024568392899304045,,,,,,
2001-11-14,,-0.00040686261224075145,,,,,,
2001-11-15,,0.0031133328945254185,,,,,,
2001-11-16,,0.0008248122900786242,,-0.0016545540354504634,,,,
2001-11-19,,0.003882987236371962,,,,,,
2001-11-20,,0.00022256728256039886,,,,,,
2001-11-21,,0.001149838812956437,,0.002083443276300507,,,,
2001-11-26,,0.00010197573829187762,,,,,,
2001-11-27,,0.0007887138520614842,,,,,,
2001-11-28,,0.009512932656922917,,,,,,
2001-11-29,,0.005730583804196194,,,,,,
2001-12-03,,,,0.002570416638452671,,,,
2001-12-10,,-0.001420940577003257,,,,,,
2001-12-12,,-0.0023228034165301407,,,,,,
2001-12-17,,-0.00045415121171114717,,,,,,
2001-12-19,,,,0.0017831005095296133,,,,
2001-12-24,,,,-0.0016609208381852677,,,,
2001-12-26,,,,0.0004436543479591248,,,,
2001-12-31,,0.008963614220447957,,,,,,
2002-01-03,,0.006941989579637894,,,,,,
2002-01-04,,-0.00518302267782974,,,,,,
2002-01-10,,0.0002866085134608759,,,,,,
2002-01-11,,,,0.0027223187179146397,,,,
2002-01-15,,,,-2.473759142704219e-05,,,,
2002-01-16,,-4.183687660434683e-06,,,,,,
2002-01-17,,0.010941206313759711,,,,,,
2002-01-18,,0.009095839004761859,,,,,,
2002-01-22,,0.00490286055285514,,,,,,
2002-01-23,,0.002121400048135427,,,,,,
2002-01-24,,0.0006495274499743168,,,,,,
2002-01-25,,0.002605234252135387,,-0.003115380457680307,,,,
2002-01-28,,0.00498616334121288,,-0.003251963528492465,,,,
2002-01-29,,0.0040284114942471085,,,,,,
2002-01-30,,-0.00048419541689419276,,,,,,
2002-01-31,,0.006738211177448495,,,,,,
2002-02-01,,0.008970069745674401,,,,,,
2002-02-04,,0.0011637122209346813,,,,,,
2002-02-05,,-0.011693412750023021,,,,,,
2002-02-07,,0.001234370978789692,,,,,,
2002-02-08,,0.01060422368173039,,,,,,
2002-02-11,,0.0032035304541790147,,,,,,
2002-02-12,,0.006219485907981775,,,,,,
2002-02-13,,0.0012636512097330406,,0.0026448354204926905,,,,
2002-02-14,,0.0017654111036421985,,,,,,
2002-02-15,,9.790420771736373e-05,,,,,,
2002-02-19,,0.00613344211484521,,,,,,
2002-02-20,,0.0064010259285054195,,,,,,
2002-02-21,,0.0013496480360347715,,,,,,
2002-02-22,,0.0015705845011658023,,,,,,
2002-02-25,,0.002450514109533983,,,,,,
2002-02-26,,0.005190982914454056,,,,,,
2002-02-27,,-0.0011555392596221533,,-0.0028209753421101257,,,,
2002-03-06,,,,0.001997612975028684,,,,
2002-03-08,,-0.002732689105345929,,,,,,
2002-03-13,,1.841465642420941e-06,,,,,,
2002-03-14,,0.00046933191095150154,,,,,,
2002-03-15,,,,0.003765177711515823,,,,
2002-04-01,,0.005321765111928221,,-0.001214846076134873,,,,
2002-04-02,,0.004910285784400912,,,,,,
2002-04-04,,0.004222854143347369,,,,,,
2002-04-05,,0.004647866230871756,,,,,,
2002-04-08,,0.00036332045818625503,,,,,,
2002-04-09,,0.0006248681891542755,,,,,,
2002-04-10,,0.00810000832222178,,,,,,
2002-04-11,,0.004230324231626599,,,,,,
2002-04-15,,0.017449381635281036,,-7.188760525671854e-05,,,,
2002-04-16,,0.004495516483682158,,,,,,
2002-04-17,,0.004572284921238474,,,,,,
2002-04-18,,0.004887923155964277,,-0.0007389145902955049,,,,
2002-04-19,,-0.00023076575131072483,,,,,,
2002-04-22,,0.003957611238012254,,0.007745433907851831,,,,
2002-04-23,,0.0023896404428145348,,,,,,
2002-04-24,,0.0001129013582277744,,,,,,
2002-04-25,,0.006254238773244919,,,,,,
2002-04-26,,0.0030045576361415176,,,,,,
2002-04-29,,0.00046343491983270353,,,,,,
2002-05-08,,,,0.01708151496223508,,,,
2002-05-15,,0.0017738315315543305,,,,,,
2002-05-17,,0.0008900248356249522,,0.002953111176757927,,,,
2002-05-20,,,,0.0020453947444570688,,,,
2002-05-28,,-0.0024465505931412865,,,,,,
2002-05-30,,,,0.001297724868263383,,,,
2002-05-31,,0.0059201796842831104,,,,,,
2002-06-03,,0.004083012635299588,,,,,,
2002-06-04,,0.004452490393866281,,,,,,
2002-06-07,,0.0007559407679929342,,,,,,
2002-06-10,,0.006366637913843732,,,,,,
2002-06-11,,0.0023710622450653393,,,,,,
2002-06-12,,0.003164914098568005,,,,,,
2002-06-17,,0.0021213688056988403,,,,,,
2002-06-18,,0.0016080141222198589,,,,,,
2002-06-19,,-0.0005030436927294351,,0.005145756809592628,,,,
2002-06-20,,0.0023344040861814418,,,,,,
2002-06-24,,0.0005243811805506388,,,,,,
2002-06-25,,0.0032615562596231386,,,,,,
2002-06-26,,0.001507601528931211,,,,,,
2002-07-01,,,,0.009825897667361848,,,,
2002-07-15,,0.004156045002310526,,,,,,
2002-07-22,,0.0023511373836978136,,,,,,
2002-07-26,,0.01990016729213357,,,,,,
2002-07-29,,,,0.01681491743720754,,,,
2002-08-01,,0.0008499964456473727,,,,,,
2002-08-02,,0.0003194067826398442,,,,,,
2002-08-05,,0.003661884226267363,,,,,,
2002-08-06,,0.0014257357649707883,,,,,,
2002-08-07,,0.006214076391449283,,,,,,
2002-08-08,,0.003304051693378489,,,,,,
2002-08-09,,0.0028059936519067657,,,,,,
2002-08-12,,0.00791892069834477,,,,,,
2002-08-13,,0.0006723688107302983,,0.002474165641914758,,,,
2002-08-14,,0.01336572015986624,,,,,,
2002-08-15,,0.0020430256495486683,,,,,,
2002-08-16,,0.00034735233212262594,,-0.0032257895802194534,,,,
2002-08-19,,0.00932441988503048,,,,,,
2002-08-20,,0.002898954282066178,,,,,,
2002-08-21,,0.0011678733178089762,,,,,,
2002-08-22,,0.004483537727447938,,,,,,
2002-08-23,,0.004084737953646503,,,,,,
2002-08-26,,0.0009672956487149389,,,,,,
2002-08-27,,0.006967454244799725,,,,,,
2002-08-28,,-0.0002286888950175485,,,,,,
2002-08-29,,0.002967562895139022,,,,,,
2002-09-03,,,,0.010678044270880944,,,,
2002-09-11,,0.0009565974776790915,,-0.00031537451535788163,,,,
2002-09-16,,-0.0002539489717070191,,,,,,
2002-09-17,,0.002645192174520603,,,,,,
2002-09-23,,,,0.0019844268432182666,,,,
2002-09-24,,-0.0038611756156681494,,,,,,
2002-09-30,,0.004853206061663183,,,,,,
2002-10-01,,0.007073680042156286,,,,,,
2002-10-04,,-0.0002667183557312675,,,,,,
2002-10-07,,0.004243549436337093,,,,,,
2002-10-08,,0.010056567045219181,,,,,,
2002-10-09,,0.0023076500276715413,,,,,,
2002-10-10,,,,0.0018860829262970474,,,,
2002-10-11,,0.004122332743826695,,,,,,
2002-10-15,,0.0009315043210319336,,0.012273205172583344,,,,
2002-10-16,,0.005980808404884841,,,,,,
2002-10-17,,0.0026536195133466073,,,,,,
2002-10-18,,0.001820013953311334,,,,,,
2002-10-22,,0.008096726652850965,,,,,,
2002-10-23,,-0.0002659264917786802,,,,,,
2002-10-24,,0.005698694270739638,,,,,,
2002-10-28,,-0.0002685568048368329,,,,,,
2002-10-29,,0.013723221568500615,,,,,,
2002-10-30,,0.0021937416935679543,,,,,,
2002-10-31,,0.0018179077204592553,,-0.0033541545070999495,,,,
2002-11-01,,0.001130273385692945,,,,,,
2002-11-04,,-0.0005642317901788053,,,,,,
2002-11-05,,0.00015457306463236326,,,,,,
2002-11-06,,0.000748062481078605,,0.002562020337182485,,,,
2002-11-08,,0.0015886424660084021,,,,,,
2002-11-11,,0.004858272918530433,,,,,,
2002-11-13,,0.004847898054515227,,,,,,
2002-11-15,,0.001501677437626972,,,,,,
2002-11-18,,0.004728013653578174,,-0.003791597626724012,,,,
2002-11-19,,0.00045895122673224873,,,,,,
2002-11-20,,0.0007774055094678432,,0.0031010955952895255,,,,
2002-11-21,,0.00955949749256634,,,,,,
2002-11-22,,0.010659727967149323,,,,,,
2002-11-25,,0.009313439472946472,,-0.0017665008257054893,,,,
2002-11-26,,0.004534881742005581,,,,,,
2002-12-02,,,,-0.002885245025648339,,,,
2002-12-11,,,,-0.0001987984528235342,,,,
2002-12-13,,,,0.003068578832243924,,,,
2002-12-18,,,,0.0043604674362792955,,,,
2002-12-20,,0.008146223839301112,,,,,,
2002-12-23,,0.001978087901990507,,,,,,
2002-12-26,,,,-0.0036816029679795615,,,,
2002-12-27,,-3.652334945160463e-05,,,,,,
2003-01-02,,0.0004073577546354842,,,,,,
2003-01-03,,0.008414702639386682,,,,,,
2003-01-06,,-0.0016441987927775876,,,,,,
2003-01-09,,0.0005001085785654308,,,,,,
2003-01-10,,0.0008499739408833208,,,,,,
2003-01-13,,0.002701568087952632,,,,,,
2003-01-15,,,,0.0014726677086773683,,,,
2003-01-16,,0.005599935185091875,,,,,,
2003-01-17,,0.0020452640394817787,,,,,,
2003-01-21,,0.000304533956829703,,,,,,
2003-01-22,,0.002472326698544253,,,,,,
2003-01-23,,0.006497194475079427,,,,,,
2003-01-27,,0.004864045449517486,,,,,,
2003-01-28,,0.0037573570082113385,,,,,,
2003-01-29,,0.00665905605141549,,,,,,
2003-01-30,,0.006442992549336799,,,,,,
2003-02-03,,0.0020344152938002913,,,,,,
2003-02-04,,0.00892640813948108,,0.003544458970511065,,,,
2003-02-05,,0.016251227428149623,,,,,,
2003-02-06,,0.008533403264203739,,,,,,
2003-02-07,,0.002088041003017313,,,,,,
2003-02-10,,0.004612667246048258,,,,,,
2003-02-11,,0.0025075401955126264,,,,,,
2003-02-12,,0.0062534440864898625,,,,,,
2003-02-14,,-0.0005704046831737943,,,,,,
2003-02-19,,0.007584012093650147,,,,,,
2003-02-20,,0.0033748449803088732,,0.0007644088872552215,,,,
2003-02-21,,-0.0004772941914442692,,,,,,
2003-02-24,,0.004924286978988642,,,,,,
2003-02-25,,0.007512668401239512,,,,,,
2003-02-26,,0.0008946814938315016,,,,,,
2003-02-27,,0.010073139480446674,,,,,,
2003-03-03,,,,-0.006848095663673304,,,,
2003-03-12,,0.00484866265000492,,,,,,
2003-03-19,,,,0.0030980183142622244,,,,
2003-03-27,,,,-0.0010388427802340392,,,,
2003-03-31,,0.0033625613581028018,,0.005814106742570405,,,,
2003-04-01,,0.0028231402473083114,,,,,,
2003-04-02,,0.003838212367595216,,,,,,
2003-04-03,,0.0005811185134547614,,,,,,
2003-04-04,,-0.0006780382798908321,,,,,,
2003-04-07,,0.00016702276680387172,,-0.0015101159972248461,,,,
2003-04-08,,0.006973173322433721,,,,,,
2003-04-09,,-0.001683393787278221,,-0.008362756396205318,,,,
2003-04-11,,-0.0005740561326859822,,,,,,
2003-04-14,,0.005625707294019441,,,,,,
2003-04-16,,0.00461482796472838,,,,,,
2003-04-17,,0.0012154102768148704,,,,,,
2003-04-21,,-0.0110436942621509,,,,,,
2003-04-23,,0.003264154758132374,,,,,,
2003-04-24,,0.0018386395263311876,,,,,,
2003-04-25,,0.0008422625831464888,,,,,,
2003-04-28,,0.0066091043493766155,,,,,,
2003-04-29,,0.0033799909171804555,,,,,,
2003-05-06,,,,-3.4470247393603077e-06,,,,
2003-05-12,,-0.010470765548401229,,,,,,
2003-05-14,,,,-0.0003382472005686057,,,,
2003-05-19,,0.0027825569478449807,,,,,,
2003-05-27,,,,-0.013537769100273971,,,,
2003-05-30,,0.004641419280066555,,,,,,
2003-06-02,,0.0024263819067471574,,,,,,
2003-06-03,,-0.0013697444195290014,,,,,,
2003-06-06,,0.005360922303327448,,,,,,
2003-06-09,,0.002856331374051764,,,,,,
2003-06-10,,0.00597132705672257,,,,,,
2003-06-11,,0.0033911566668849975,,,,,,
2003-06-12,,6.225066557424623e-06,,,,,,
2003-06-13,,0.009388396840550246,,,,,,
2003-06-17,,-0.000726854111401338,,,,,,
2003-06-18,,0.0061840482206631095,,-0.0018324978582455892,,,,
2003-06-19,,0.0007168192630655865,,,,,,
2003-06-20,,0.005134120064971937,,,,,,
2003-06-23,,-0.005497687889740203,,,,,,
2003-06-25,,0.006454794953427938,,,,,,
2003-06-26,,0.005143992698544203,,,,,,
2003-06-27,,0.0011913050955945732,,,,,,
2003-07-09,,0.006991095235998543,,,,,,
2003-07-14,,8.200667965320827e-05,,,,,,
2003-07-18,,0.004868724954520994,,,,,,
2003-07-24,,,,-0.005268179120301419,,,,
2003-07-29,,,,0.002393637337130436,,,,
2003-07-31,,0.004459358034705851,,-0.0017431681391411973,,,,
2003-08-01,,0.0012885699564986139,,,,,,
2003-08-04,,0.006008404194267473,,,,,,
2003-08-05,,0.006320419034877597,,,,,,
2003-08-06,,0.001968046798123252,,,,,,
2003-08-07,,0.0053593723333242764,,,,,,
2003-08-08,,0.0033694482161158944,,,,,,
2003-08-11,,2.4690878985071553e-05,,-0.0003343072786322749,,,,
2003-08-12,,0.011858618218259254,,,,,,
2003-08-14,,-0.00022250063285980895,,,,,,
2003-08-15,,0.00815278747136089,,,,,,
2003-08-18,,,,0.0045345166738665465,,,,
2003-08-19,,0.004998591552815867,,,,,,
2003-08-20,,0.0015821230986341524,,,,,,
2003-08-21,,0.005751145671333406,,,,,,
2003-08-22,,0.003723928555924599,,,,,,
2003-08-25,,-0.00022915008409278302,,,,,,
2003-08-26,,0.00019457251540840165,,,,,,
2003-08-27,,0.010525165846290147,,,,,,
2003-08-28,,-0.0007341269161458989,,-0.007176761443229772,,,,
2003-09-09,,0.009824010097668355,,,,,,
2003-09-16,,,,0.006703482492657568,,,,
2003-09-17,,0.004021090602570601,,,,,,
2003-09-24,,0.003259241139402563,,,,,,
2003-09-29,,,,0.0017844204543653287,,,,
2003-10-01,,0.0024856007849601443,,,,,,
2003-10-02,,-0.0002522306959351889,,,,,,
2003-10-03,,0.022834877451462423,,,,,,
2003-10-06,,0.0009773894274154036,,,,,,
2003-10-07,,0.0045812773000813755,,-0.006678469322720107,,,,
2003-10-13,,0.005060117999400777,,0.002638968279019069,,,,
2003-10-14,,0.003232627237856332,,,,,,
2003-10-15,,0.0006029226098062181,,,,,,
2003-10-16,,0.0014402207880905742,,,,,,
2003-10-17,,0.0008791643810058816,,,,,,
2003-10-20,,0.004915868609818123,,,,,,
2003-10-21,,0.004689791333563968,,,,,,
2003-10-22,,0.004984699762157027,,0.008594608196285021,,,,
2003-10-23,,0.0024276871303325186,,,,,,
2003-10-27,,0.0016288239142839243,,,,,,
2003-10-28,,0.00753999411130783,,,,,,
2003-10-30,,0.00017835776540953464,,,,,,
2003-10-31,,0.0055081586789462594,,,,,,
2003-11-03,,0.011698698092713948,,0.003876740832401787,,,,
2003-11-04,,0.008399188709406057,,,,,,
2003-11-05,,0.0031522604920503506,,,,,,
2003-11-06,,0.0017531023640418317,,,,,,
2003-11-07,,0.008221548770818456,,,,,,
2003-11-10,,0.002220813957794512,,,,,,
2003-11-12,,0.022677624543901237,,0.007578824102667049,,,,
2003-11-13,,0.0022075944579080355,,,,,,
2003-11-14,,0.007917196783345301,,,,,,
2003-11-17,,0.012342809457406609,,,,,,
2003-11-18,,0.008832957989905051,,,,,,
2003-11-19,,0.0056963048546738735,,,,,,
2003-11-20,,-9.716163273168243e-06,,,,,,
2003-11-21,,0.001648615041310737,,,,,,
2003-11-24,,0.002803200151395119,,0.011021662618897846,,,,
2003-12-01,,,,0.006848962608325594,,,,
2003-12-15,,-0.0007139423767026804,,-0.005724420135336268,,,,
2003-12-18,,,,0.00967478440894288,,,,
2003-12-23,,0.0004880738789648208,,,,,,
2003-12-26,,,,-0.0009189441238443539,,,,
2003-12-31,,,,-0.00479406513072097,,,,
2004-01-05,,0.021326177655531835,,,,,,
2004-01-08,,-0.001302228631347858,,,,,,
2004-01-12,,0.006762111298217547,,,,,,
2004-01-15,,0.012500982159244485,,,,,,
2004-01-20,,-0.00015949492841787127,,,,,,
2004-01-22,,0.007769415382017728,,,,,,
2004-01-23,,,,0.0009721171009180458,,,,
2004-01-28,,-0.004591934701556182,,,,,,
2004-01-30,,0.0004994690892616015,,,,,,
2004-02-02,,0.009610988125117988,,0.0003655943299924473,,,,
2004-02-04,,-0.0016390201186779485,,0.0036708591741436993,,,,
2004-02-10,,,,0.00035510324939577747,,,,
2004-02-11,,0.0078124731705867655,,,,,,
2004-02-12,,-0.003411548557228762,,,,,,
2004-02-17,,0.009102374050420307,,,,,,
2004-02-18,,0.0032313147646998376,,,,,,
2004-02-19,,0.001497202781778664,,,,,,
2004-02-20,,0.005533077492629886,,,,,,
2004-02-23,,0.0016098067863821088,,,,,,
2004-02-24,,0.006082697354503779,,,,,,
2004-02-25,,0.003766792802415265,,,,,,
2004-02-26,,,,-0.005312412744801012,,,,
2004-03-05,,,,-0.006488340934865721,,,,
2004-03-17,,0.003359997766135672,,,,,,
2004-03-24,,,,-5.5621218099578967e-05,,,,
2004-03-29,,,,0.004539364955652274,,,,
2004-03-30,,0.0025461647960710277,,,,,,
2004-03-31,,0.007405369476913449,,-0.0013559088774186862,,,,
2004-04-01,,0.008759214427000499,,,,,,
2004-04-05,,0.0011493436864057896,,,,,,
2004-04-06,,0.0041515727892418395,,,,,,
2004-04-07,,,,0.0016975804586284297,,,,
2004-04-08,,0.0040820596972348695,,,,,,
2004-04-12,,0.002240899023430848,,,,,,
2004-04-15,,0.0023412129544727093,,,,,,
2004-04-16,,0.0021186300920227477,,,,,,
2004-04-19,,0.0020499009486458527,,,,,,
2004-04-20,,0.009714122302000618,,0.008424945142457249,,,,
2004-04-21,,0.029533982940565525,,,,,,
2004-04-22,,0.004397761645116399,,,,,,
2004-04-23,,0.004313031049117671,,,,,,
2004-04-27,,0.0017939462928109684,,,,,,
2004-04-28,,0.01214313417258494,,,,,,
2004-05-06,,,,0.0025900122594341222,,,,
2004-05-17,,-0.0029825291024937225,,,,,,
2004-05-19,,0.006918799787158248,,,,,,
2004-05-21,,,,0.0002568109268178783,,,,
2004-05-26,,9.550726730045917e-05,,,,,,
2004-05-27,,,,0.0028951029074404636,,,,
2004-06-01,,0.0017045652981162486,,-0.0025704406662679456,,,,
2004-06-02,,0.007965331946849953,,,,,,
2004-06-03,,0.0037796139124573747,,,,,,
2004-06-04,,0.0026804482268249015,,,,,,
2004-06-07,,0.003318893248434461,,,,,,
2004-06-08,,0.004867636046256591,,,,,,
2004-06-09,,0.0052707059939602055,,,,,,
2004-06-10,,0.004623613507410223,,,,,,
2004-06-14,,0.0034068759579841813,,0.004215813912101331,,,,
2004-06-15,,0.002946512154979364,,,,,,
2004-06-17,,0.008385501594517168,,-0.001363925154619883,,,,
2004-06-18,,0.002071963434979587,,,,,,
2004-06-21,,0.004754883349526614,,,,,,
2004-06-22,,-8.8890936137989e-05,,,,,,
2004-06-23,,-4.717147480201714e-05,,,,,,
2004-06-24,,0.012887028756756553,,,,,,
2004-06-25,,0.0015318619052341743,,,,,,
2004-06-28,,0.008911209192949346,,,,,,
2004-06-29,,0.0014480817987101928,,,,,,
2004-07-06,,,,0.005573224836815445,,,,
2004-07-13,,0.0032149549374608046,,,,,,
2004-07-14,,,,0.0010484673114645403,,,,
2004-07-19,,0.004421084427473214,,,,,,
2004-07-30,,0.007040205987631892,,-0.0021103016542876585,,,,
2004-08-02,,0.002102501011809086,,0.0020359044968821225,,,,
2004-08-03,,0.0023245074646121235,,,,,,
2004-08-04,,0.0017783086095476423,,,,,,
2004-08-05,,0.00011117964170438837,,,,,,
2004-08-06,,0.0007241044476068625,,,,,,
2004-08-09,,0.0012207939920900416,,,,,,
2004-08-10,,0.00020757734133020463,,0.007499100553595818,,,,
2004-08-11,,0.008511910792606759,,,,,,
2004-08-12,,0.0009236406519953964,,,,,,
2004-08-13,,0.002717972640279278,,,,,,
2004-08-16,,0.004844349445604927,,,,,,
2004-08-17,,-0.00015959320958507488,,,,,,
2004-08-18,,0.004591517350048724,,,,,,
2004-08-19,,0.00020936791058376824,,,,,,
2004-08-24,,0.007719318567606011,,-0.0013514888657577902,,,,
2004-08-25,,0.001283767019348781,,,,,,
2004-08-26,,0.0027526808590027986,,,,,,
2004-08-27,,0.0038726632960903386,,0.00029287577509846144,,,,
2004-08-30,,0.0054991614628889796,,,,,,
2004-09-09,,,,-0.0019440788628309826,,,,
2004-09-15,,,,0.0033871190312187447,,,,
2004-09-16,,0.00044135813294875784,,,,,,
2004-09-20,,-0.00014825118745512444,,,,,,
2004-09-23,,-0.005927790374715184,,,,,,
2004-09-24,,,,-0.0033982574746179483,,,,
2004-09-27,,,,0.0038106660076480383,,,,
2004-10-01,,-0.0004456483391127226,,,,,,
2004-10-04,,0.00871379404387378,,,,,,
2004-10-05,,0.01709552190664666,,,,,,
2004-10-06,,0.005940978903080326,,0.0029141686135935405,,,,
2004-10-07,,0.00074633357779509,,,,,,
2004-10-08,,0.003063459753853544,,,,,,
2004-10-12,,0.008589351256424703,,-2.1127432667397277e-05,,,,
2004-10-13,,0.006667867089511038,,,,,,
2004-10-14,,0.0068970755290441756,,,,,,
2004-10-15,,-0.00300912496694114,,,,,,
2004-10-19,,0.009224847945067258,,,,,,
2004-10-20,,0.006509336312298748,,,,,,
2004-10-22,,0.000521927025168011,,,,,,
2004-10-25,,0.001612746917429522,,,,,,
2004-10-26,,0.0013082383026049849,,0.011804581274316833,,,,
2004-10-28,,-0.0005253222593437806,,,,,,
2004-11-01,,0.000654571793305726,,,,,,
2004-11-02,,0.0144760479654615,,-0.002752190543460183,,,,
2004-11-03,,0.0059169747273952016,,,,,,
2004-11-04,,0.009823441428345642,,,,,,
2004-11-05,,0.004789065984370455,,,,,,
2004-11-08,,0.00018951357644143263,,,,,,
2004-11-09,,0.0015941702608175362,,-0.0024833812888710198,,,,
2004-11-10,,0.004487282134403688,,,,,,
2004-11-11,,0.002092281333430168,,,,,,
2004-11-12,,0.006050225215634652,,,,,,
2004-11-15,,0.001618206844814741,,,,,,
2004-11-16,,0.00046779885233126493,,,,,,
2004-11-18,,0.004698306719488673,,,,,,
2004-11-19,,0.0017099847415662694,,,,,,
2004-11-22,,0.0007736329791283051,,,,,,
2004-11-24,,0.0023351600064072846,,,,,,
2004-11-29,,-0.008454786361777267,,,,,,
2004-12-01,,,,0.009762340339494408,,,,
2004-12-08,,0.03290819898273411,,,,,,
2004-12-13,,,,0.005216213749069695,,,,
2004-12-20,,0.0019255111538855642,,,,,,
2004-12-21,,0.001536069943350963,,,,,,
2004-12-27,,,,-0.007815414623328075,,,,
2004-12-30,,-2.1571286420835902e-05,,-0.0008241557077566799,,,,
2005-01-06,,0.002918582429308476,,,,,,
2005-01-07,,-0.0002589008794530536,,,,,,
2005-01-14,,0.006030099369464691,,,,,,
2005-01-18,,0.0021999762554865544,,0.008768702369509633,,,,
2005-01-19,,0.0008756174202864157,,,,,,
2005-01-20,,0.0025748127387379286,,,,,,
2005-01-21,,0.01132272815061437,,,,,,
2005-01-24,,-0.0025038865916063332,,,,,,
2005-01-26,,0.004949101503783303,,,,,,
2005-01-27,,0.0001939374444222347,,-0.0017530135290719185,,,,
2005-01-28,,0.0005481929412268715,,-0.001348132625390935,,,,
2005-01-31,,0.001683013750939296,,,,,,
2005-02-01,,0.00030180714231945615,,,,,,
2005-02-02,,0.000448673071922177,,,,,,
2005-02-03,,0.0029700008984205454,,-0.0011364893847448476,,,,
2005-02-04,,0.0015394798657798923,,,,,,
2005-02-07,,0.003465320325142238,,,,,,
2005-02-08,,,,-0.002134919872055519,,,,
2005-02-09,,0.0012333290128063422,,,,,,
2005-02-10,,0.0190463349519592,,,,,,
2005-02-11,,0.010140091658558567,,,,,,
2005-02-14,,0.004917764921142235,,,,,,
2005-02-15,,,,0.0021829391608999805,,,,
2005-02-16,,0.003828853569521787,,,,,,
2005-02-17,,0.004411130814339341,,,,,,
2005-02-18,,0.0015161829711538572,,,,,,
2005-02-22,,0.003872493591095559,,,,,,
2005-02-23,,0.0026915545422214185,,,,,,
2005-02-24,,0.0020684945466913616,,,,,,
2005-02-25,,0.0034215309198850348,,,,,,
2005-03-08,,0.0046780282409014775,,0.0019215021161566711,,,,
2005-03-09,,-0.0062467296406356655,,,,,,
2005-03-18,,,,-0.003031723045209247,,,,
2005-03-28,,0.0006440044450339076,,,,,,
2005-04-01,,0.009591548593523742,,-0.010063869796643586,,,,
2005-04-04,,0.0009687362845902287,,,,,,
2005-04-05,,0.00041556288185284543,,,,,,
2005-04-06,,0.003426997971878659,,,,,,
2005-04-07,,0.0017627019613904232,,,,,,
2005-04-08,,0.004183050998881683,,,,,,
2005-04-12,,0.004658402216306689,,0.0025974596637486553,,,,
2005-04-13,,0.003144651477979992,,,,,,
2005-04-14,,0.00823314661219011,,,,,,
2005-04-15,,0.0014577696827772495,,,,,,
2005-04-18,,0.0006662506379629157,,,,,,
2005-04-19,,0.010800746247175417,,,,,,
2005-04-20,,0.003947459964998813,,,,,,
2005-04-21,,0.005652164066507868,,,,,,
2005-04-22,,0.0024696433883861025,,,,,,
2005-04-25,,0.00019902073363635197,,,,,,
2005-04-26,,-0.0003369999204462158,,,,,,
2005-04-27,,0.005826765603077267,,,,,,
2005-04-29,,0.012346694669600814,,,,,,
2005-05-02,,0.0028151897291311765,,,,,,
2005-05-03,,,,-0.0015417088786127482,,,,
2005-05-09,,,,0.00029190832459742203,,,,
2005-05-12,,0.006920020173169296,,,,,,
2005-05-20,,,,-0.0016324985141694286,,,,
2005-05-23,,,,0.0013307937977115054,,,,
2005-05-25,,,,-0.0003370151920452834,,,,
2005-05-31,,0.007326957405074214,,0.0024610750927500594,,,,
2005-06-01,,0.0028668986541752397,,,,,,
2005-06-02,,0.00035013700460026324,,,,,,
2005-06-03,,0.0013593891438175474,,,,,,
2005-06-07,,0.004628276381930228,,,,,,
2005-06-08,,0.0010203556673694647,,,,,,
2005-06-09,,0.011145161460771998,,,,,,
2005-06-13,,0.000691045865098448,,,,,,
2005-06-14,,0.00028587290257345787,,,,,,
2005-06-15,,0.002418233367301695,,,,,,
2005-06-16,,0.0017559437936908954,,,,,,
2005-06-17,,0.0011526347542060156,,0.003428500478599973,,,,
2005-06-20,,0.0013672421437452382,,,,,,
2005-06-21,,-8.316082679779002e-05,,,,,,
2005-06-22,,0.0014895867811604777,,-0.0033269642128453667,,,,
2005-06-23,,0.00038513737541421845,,,,,,
2005-06-24,,-0.0013054028668082571,,,,,,
2005-06-28,,0.009328510151613912,,,,,,
2005-07-01,,0.011808758120752145,,,,,,
2005-07-14,,-0.006945067605732339,,0.0011157357057245908,,,,
2005-07-21,,0.0034749763834410283,,,,,,
2005-07-27,,,,0.0014604944656539933,,,,
2005-07-29,,0.003926933161085769,,,,,,
2005-08-01,,0.0023592324743990575,,,,,,
2005-08-02,,0.0023760549274454645,,0.0037880609264112066,,,,
2005-08-03,,0.002647939299041256,,,,,,
2005-08-04,,0.003277078313375536,,0.0038541696109105138,,,,
2005-08-05,,0.006373386064229503,,,,,,
2005-08-08,,0.01018488560144929,,,,,,
2005-08-09,,0.000707839103680525,,,,,,
2005-08-10,,0.0026703521131874754,,,,,,
2005-08-11,,0.0076292581956627975,,,,,,
2005-08-12,,0.006258078614354896,,,,,,
2005-08-15,,0.008628899498919249,,,,,,
2005-08-17,,0.0028168046242176502,,,,,,
2005-08-18,,-0.0004494325747803139,,-0.001124436444909846,,,,
2005-08-19,,,,-0.0031506728795201297,,,,
2005-08-22,,0.0034425092108748305,,-0.0035726672235964698,,,,
2005-08-23,,0.0064783168082116855,,,,,,
2005-08-24,,0.0026759287520808604,,,,,,
2005-08-25,,0.006509970493258137,,,,,,
2005-08-26,,,,0.0038321957102345474,,,,
2005-08-29,,-3.6082942503480586e-05,,,,,,
2005-08-30,,0.0024432608532466487,,,,,,
2005-08-31,,0.006941491786206169,,,,,,
2005-09-01,,0.01477108705024712,,,,,,
2005-09-08,,,,-0.0009564646132277842,,,,
2005-09-13,,0.0009128278590494103,,0.006659967492055438,,,,
2005-09-15,,-0.004124669492432503,,,,,,
2005-09-23,,0.004926197503187855,,,,,,
2005-09-29,,,,-0.014219297296988391,,,,
2005-09-30,,0.001725111641218781,,,,,,
2005-10-03,,0.003255890586643633,,-0.0016738266394513198,,,,
2005-10-04,,0.0012565154960263942,,,,,,
2005-10-05,,0.0032102880302011787,,,,,,
2005-10-06,,0.008419826184638808,,,,,,
2005-10-07,,0.012457704614036424,,,,,,
2005-10-10,,0.00436972009699344,,,,,,
2005-10-11,,0.0009822613306079634,,,,,,
2005-10-12,,0.001782577490452577,,,,,,
2005-10-13,,0.006606358990859409,,,,,,
2005-10-18,,0.0019232510625546812,,0.005312747550894816,,,,
2005-10-20,,0.0004300317098627083,,,,,,
2005-10-24,,8.095526891454398e-05,,,,,,
2005-10-25,,0.007686777361459056,,,,,,
2005-10-26,,0.0018186736111733004,,,,,,
2005-10-27,,0.0007730858069293792,,,,,,
2005-10-28,,-5.2884059316919536e-06,,,,,,
2005-10-31,,0.016740302501835173,,,,,,
2005-11-01,,0.00650190127138939,,,,,,
2005-11-02,,,,0.004469825631751673,,,,
2005-11-03,,0.0035844427658117154,,,,,,
2005-11-04,,0.0025769397596945944,,,,,,
2005-11-07,,0.001391583211345295,,,,,,
2005-11-08,,0.0007113043395649051,,,,,,
2005-11-09,,0.002897312096297083,,,,,,
2005-11-10,,0.0012825814759448108,,,,,,
2005-11-11,,0.0030840139162928108,,,,,,
2005-11-14,,0.000936413745167796,,-0.0018365617851155318,,,,
2005-11-15,,-0.00043924029379338743,,,,,,
2005-11-16,,0.015122856325845853,,,,,,
2005-11-17,,0.005932745615181889,,,,,,
2005-11-18,,0.001427466933003192,,,,,,
2005-11-21,,0.0037437948736546434,,,,,,
2005-11-22,,0.0021276210023435005,,,,,,
2005-11-23,,0.0018750038657251366,,,,,,
2005-11-28,,0.014680983559765347,,0.005840195743268898,,,,
2005-12-08,,-0.01205357835547511,,,,,,
2005-12-16,,,,-0.007059434678329197,,,,
2005-12-20,,0.012976490013853344,,,,,,
2005-12-21,,,,-0.0015069961423213008,,,,
2005-12-23,,,,-0.00020197572542322249,,,,
2005-12-27,,,,0.008006401481289923,,,,
2006-01-03,,0.012950352318449845,,,,,,
2006-01-09,,0.004044751474655125,,,,,,
2006-01-10,,,,-0.004203244070502613,,,,
2006-01-17,,0.0033224152590741822,,,,,,
2006-01-25,,0.010864996511574172,,,,,,
2006-01-30,,0.006223362164696127,,,,,,
2006-01-31,,,,0.0023799812732127755,,,,
2006-02-02,,0.002705978333592421,,,,,,
2006-02-06,,-0.0005237772737536863,,,,,,
2006-02-07,,0.01357782862237041,,,,,,
2006-02-09,,0.008243758664459,,,,,,
2006-02-10,,0.010079433286923262,,,,,,
2006-02-13,,0.009306501818975696,,,,,,
2006-02-16,,0.0054463636827598,,,,,,
2006-02-17,,0.0013186916261311993,,,,,,
2006-02-21,,0.004260551560900779,,0.0005363799818247091,,,,
2006-02-22,,0.000607565391417469,,,,,,
2006-02-23,,0.0034270171178750796,,,,,,
2006-02-24,,0.00990869522549417,,,,,,
2006-02-27,,0.00426282798549837,,,,,,
2006-03-08,,,,-0.006447483658028608,,,,
2006-03-14,,,,0.007951650539626404,,,,
2006-03-15,,0.0024913578270769703,,,,,,
2006-03-16,,-0.0016572701674687762,,,,,,
2006-03-20,,,,-0.00457725073172951,,,,
2006-03-28,,-0.0018517676923634476,,,,,,
2006-04-05,,0.00015361231106487952,,,,,,
2006-04-06,,0.010278329298564613,,-0.004171786476682586,,,,
2006-04-11,,,,0.005568412486153388,,,,
2006-04-13,,,,-0.0022561036565326266,,,,
2006-04-17,,0.014169346609942521,,,,,,
2006-04-20,,0.04400946204320999,,,,,,
2006-04-21,,0.006614120476184814,,,,,,
2006-04-24,,0.017250745479398994,,,,,,
2006-04-25,,0.010998850986428223,,0.0014149913786714102,,,,
2006-04-27,,0.004171898685979258,,,,,,
2006-05-05,,,,0.00888235432592162,,,,
2006-05-08,,-0.00010152315460531489,,,,,,
2006-05-09,,,,-0.002317454857944027,,,,
2006-05-11,,0.005208602589513954,,,,,,
2006-05-23,,0.009204524828826988,,,,,,
2006-05-26,,0.0008539917058880741,,,,,,
2006-05-30,,,,0.00936896652506895,,,,
2006-05-31,,0.007712923135893236,,,,,,
2006-06-01,,0.007102412324357159,,,,,,
2006-06-02,,0.0023226269443546764,,,,,,
2006-06-05,,0.002664047623648596,,,,,,
2006-06-09,,0.0017723456698857548,,,,,,
2006-06-12,,0.0018813708447474099,,,,,,
2006-06-13,,0.02209213578064442,,,,,,
2006-06-14,,0.0014792662510369023,,,,,,
2006-06-15,,,,0.016204076986057588,,,,
2006-06-19,,0.002178362211268839,,0.0035166898318042218,,,,
2006-06-20,,-0.004896041989931797,,,,,,
2006-06-22,,0.0028493237353272188,,,,,,
2006-06-23,,0.0009388512165084235,,,,,,
2006-06-26,,0.00041097820392238093,,,,,,
2006-06-27,,0.0004530845018936814,,0.002599899131788383,,,,
2006-06-28,,0.0003490776728707403,,,,,,
2006-06-29,,-0.0033684901417704595,,,,,,
2006-07-03,,,,0.0018068860918342455,,,,
2006-07-05,,0.007647361715512498,,,,,,
2006-07-17,,0.006783957523853058,,,,,,
2006-07-18,,,,-0.0035621258441776407,,,,
2006-07-25,,0.00013696958705258002,,,,,,
2006-07-26,,0.001838511346300473,,,,,,
2006-07-27,,,,-0.0009205129466219601,,,,
2006-07-31,,-0.00021306607865602222,,,,,,
2006-08-01,,0.006095848741352784,,0.0017176327829028935,,,,
2006-08-02,,0.00821000096352515,,,,,,
2006-08-03,,0.0022127477221937737,,,,,,
2006-08-04,,0.006137429520406235,,,,,,
2006-08-07,,0.0031332044195587186,,,,,,
2006-08-08,,-0.0002591488186935568,,,,,,
2006-08-10,,0.007180064585371598,,,,,,
2006-08-14,,0.004409462441507546,,,,,,
2006-08-15,,0.0009028809682556261,,,,,,
2006-08-16,,0.003192663840085944,,,,,,
2006-08-17,,0.0046137619741464355,,,,,,
2006-08-18,,0.000327642029930772,,0.0005038397843507943,,,,
2006-08-21,,0.005336016951348641,,,,,,
2006-08-22,,0.0010755876728264244,,-0.0027116278414864112,,,,
2006-08-23,,0.004219692945141434,,,,,,
2006-08-24,,0.0032452939909671536,,,,,,
2006-08-25,,0.0007866176577220887,,-0.001931861512290385,,,,
2006-08-28,,0.006046282510100496,,,,,,
2006-08-29,,0.0020789720512360784,,,,,,
2006-08-30,,0.006438736405160622,,,,,,
2006-09-01,,,,0.003028259854439771,,,,
2006-09-14,,0.002484177356816373,,,,,,
2006-09-15,,,,0.0006959234017349763,,,,
2006-09-21,,0.0018259137040187213,,,,,,
2006-09-26,,0.0032554769432533537,,,,,,
2006-09-28,,,,-0.0015202859152874438,,,,
2006-09-29,,0.0035910388685224657,,,,,,
2006-10-02,,0.0017134433002542067,,0.003180366926692804,,,,
2006-10-03,,0.012112557375528897,,,,,,
2006-10-04,,0.00492162240691864,,,,,,
2006-10-05,,0.005618315105357699,,,,,,
2006-10-09,,0.0060506811244962055,,,,,,
2006-10-10,,0.003715209072280347,,,,,,
2006-10-11,,0.0019942972111770094,,-0.0014507673649288484,,,,
2006-10-12,,-5.312396694861028e-05,,,,,,
2006-10-13,,0.006243090462766757,,,,,,
2006-10-16,,0.004506721238233997,,,,,,
2006-10-17,,0.002348048477301851,,,,,,
2006-10-18,,0.000578504281066072,,,,,,
2006-10-19,,0.007060557259675972,,,,,,
2006-10-20,,0.003720781321600903,,,,,,
2006-10-23,,0.005873928105755248,,,,,,
2006-10-24,,0.0035834236584759123,,,,,,
2006-10-25,,0.0004789816819014337,,0.003296352059033526,,,,
2006-10-26,,0.007403080037941886,,,,,,
2006-10-27,,0.0029342790423469403,,,,,,
2006-10-30,,0.0035575510021120943,,,,,,
2006-10-31,,-4.1403653803609765e-05,,,,,,
2006-11-01,,0.004154892601409681,,,,,,
2006-11-02,,0.0035887552448243317,,,,,,
2006-11-03,,-0.00014395533381449569,,-0.0022438542242618144,,,,
2006-11-06,,0.0024456752425892174,,,,,,
2006-11-07,,0.0014816542479042041,,,,,,
2006-11-08,,0.0023491889744295794,,,,,,
2006-11-09,,0.011428640193738833,,,,,,
2006-11-10,,0.001027803426695706,,,,,,
2006-11-13,,0.00448454087732028,,0.002324794639719746,,,,
2006-11-14,,-0.0003601364670318906,,,,,,
2006-11-15,,0.0008303742443711876,,,,,,
2006-11-16,,-0.0003497147117326366,,,,,,
2006-11-17,,0.002918602435894374,,,,,,
2006-11-20,,0.0009259524264153926,,,,,,
2006-11-21,,0.008178352204637954,,,,,,
2006-11-22,,0.0005183292635730551,,0.0017557615366911058,,,,
2006-11-27,,0.010539418530205421,,,,,,
2006-11-28,,0.0026042369240024898,,,,,,
2006-11-29,,0.0007564652844450669,,,,,,
2006-12-06,,,,-0.002673475032028879,,,,
2006-12-07,,,,-0.008093120372817605,,,,
2006-12-13,,4.198874760183572e-05,,,,,,
2006-12-21,,,,0.004485486956256878,,,,
2006-12-28,,0.0005440489748583793,,,,,,
2006-12-29,,-4.337467032007722e-05,,0.0031154415524140273,,,,
2007-01-02,,0.001013922446797914,,,,,,
2007-01-03,,0.005991832874293125,,,,,,
2007-01-04,,0.003955372682273108,,,,,,
2007-01-08,,0.00271109288968235,,,,,,
2007-01-09,,-0.006526929411104308,,,,,,
2007-01-10,,0.003219743326396814,,,,,,
2007-01-11,,0.00014426348891296805,,,,,,
2007-01-12,,0.010066077025667152,,,,,,
2007-01-16,,0.005574325535591333,,-0.00011870044157692215,,,,
2007-01-17,,0.006054422712448941,,-0.0023940295681165193,,,,
2007-01-18,,0.004326881166934347,,,,,,
2007-01-19,,0.005193103461071563,,,,,,
2007-01-22,,0.0048854791781758064,,,,,,
2007-01-24,,-0.0023791265542453125,,,,,,
2007-01-26,,-0.0031218295952826214,,,,,,
2007-01-29,,0.005221680582557017,,,,,,
2007-01-30,,0.0026628613037063247,,,,,,
2007-01-31,,0.0042953127721931115,,0.007895449633273472,,,,
2007-02-05,,0.004811977847425803,,-0.0026693987329031534,,,,
2007-02-06,,0.0023140685440160595,,,,,,
2007-02-07,,0.0003936068940304289,,,,,,
2007-02-08,,0.0015313978696747986,,,,,,
2007-02-09,,0.0031986087786430857,,,,,,
2007-02-12,,0.002813804561339674,,,,,,
2007-02-13,,0.004689185167685594,,,,,,
2007-02-14,,0.0007861317035958919,,,,,,
2007-02-15,,-0.0003807268746110038,,,,,,
2007-02-16,,,,-0.0025437912172377244,,,,
2007-02-20,,0.002878883568504094,,,,,,
2007-02-21,,0.011648460039620199,,,,,,
2007-02-22,,-0.00012974042016394665,,,,,,
2007-02-23,,0.00849043281981931,,,,,,
2007-02-26,,0.0004340063438268709,,,,,,
2007-02-27,,0.0031110297422478673,,,,,,
2007-03-08,,-0.0005492346729752436,,-2.5322646052776796e-05,,,,
2007-03-13,,-0.0003236602411158595,,,,,,
2007-03-16,,0.0019477558597964242,,,,,,
2007-03-20,,0.003879765168821391,,,,,,
2007-03-21,,-0.0017752820767338404,,,,,,
2007-03-22,,0.0008467214842337511,,,,,,
2007-03-23,,0.006069290280102884,,-0.0011933948754731976,,,,
2007-03-26,,,,-0.002444080638983586,,,,
2007-04-02,,0.002114274854804601,,,,,,
2007-04-04,,0.0035308265772798714,,,,,,
2007-04-05,,0.0029101930947887152,,0.0015722845480269439,,,,
2007-04-09,,0.001440993000526286,,,,,,
2007-04-10,,0.0028879365807840686,,-0.0002948356913746789,,,,
2007-04-11,,,,0.0027626807779836996,,,,
2007-04-12,,0.00025185404079059446,,,,,,
2007-04-13,,0.00647913947261298,,,,,,
2007-04-19,,0.007876220465489891,,,,,,
2007-04-20,,0.006278972268009189,,,,,,
2007-04-23,,0.0022566615253718,,,,,,
2007-04-24,,0.007515891185648237,,-0.00039761250179385374,,,,
2007-04-25,,-0.00013403325657151188,,,,,,
2007-04-26,,0.01301689121041197,,,,,,
2007-04-27,,-0.004417059290048198,,-0.0020656747289257726,,,,
2007-05-08,,-0.0025088092972128852,,-0.0017272065263661883,,,,
2007-05-16,,0.009530921270434752,,,,,,
2007-05-18,,,,0.0030523399421588126,,,,
2007-05-22,,,,-0.0012080148258576194,,,,
2007-05-25,,0.0022206821056735787,,,,,,
2007-05-31,,0.01231362637301631,,,,,,
2007-06-01,,0.00847984210814696,,,,,,
2007-06-04,,-0.0005264675078137735,,,,,,
2007-06-06,,0.00240021531069879,,,,,,
2007-06-07,,0.007085400816255618,,,,,,
2007-06-11,,0.007165235513255467,,,,,,
2007-06-14,,0.002908812147600984,,,,,,
2007-06-15,,0.0021107131062847117,,0.003108355324406394,,,,
2007-06-18,,-0.0014509663972763498,,,,,,
2007-06-19,,,,-0.0014583381051057568,,,,
2007-06-20,,0.0018628092413361611,,,,,,
2007-06-21,,0.004628686254108779,,,,,,
2007-06-22,,0.0016611139827633478,,,,,,
2007-06-25,,0.004418209376359876,,,,,,
2007-06-26,,0.02126817254142982,,,,,,
2007-06-27,,0.0013630908049091608,,,,,,
2007-06-28,,0.005093234735972108,,,,,,
2007-06-29,,,,-0.006873452688130647,,,,
2007-07-05,,,,-0.003789153876164769,,,,
2007-07-10,,,,0.009949685417570608,,,,
2007-07-12,,0.004672643951784565,,,,,,
2007-07-20,,0.0003210502243575716,,,,,,
2007-07-31,,0.005998256275879973,,,,,,
2007-08-01,,0.0014720151579176593,,,,,,
2007-08-02,,0.0009670634710800806,,,,,,
2007-08-03,,0.005247898106449637,,0.012384353855713313,,,,
2007-08-07,,0.001600123484301372,,,,,,
2007-08-08,,0.002091037591512315,,,,,,
2007-08-09,,0.016445043094407388,,,,,,
2007-08-10,,0.00523879073066679,,,,,,
2007-08-13,,-0.00023560089535416172,,,,,,
2007-08-14,,0.002985075491260696,,0.008950050396109395,,,,
2007-08-15,,0.0060563464318552284,,,,,,
2007-08-16,,0.03750931909120811,,,,,,
2007-08-17,,0.007785763021032952,,,,,,
2007-08-20,,0.0011512062793687357,,,,,,
2007-08-21,,0.005307400672244293,,,,,,
2007-08-22,,0.001056996288996964,,,,,,
2007-08-23,,0.0016087651777421817,,,,,,
2007-08-24,,0.007777815348137433,,,,,,
2007-08-27,,0.004054095647098657,,,,,,
2007-08-28,,-0.0004353467388781968,,0.01192648445281428,,,,
2007-08-29,,0.0017711468573964125,,,,,,
2007-08-30,,0.0007622428700915606,,,,,,
2007-09-07,,,,0.004634530870768411,,,,
2007-09-11,,0.0029177167598785077,,,,,,
2007-09-13,,,,0.001261995837644621,,,,
2007-09-17,,,,-0.0013972648390708493,,,,
2007-09-18,,,,0.012522463425019018,,,,
2007-09-19,,0.0012414353947778048,,,,,,
2007-09-24,,,,0.0001965472404263716,,,,
2007-09-25,,-0.00035573900317652094,,,,,,
2007-09-26,,,,0.002206325948687426,,,,
2007-09-27,,0.002757495606915286,,0.0004028552849245225,,,,
2007-09-28,,,,-0.0004964255526190998,,,,
2007-10-02,,0.010394482592193922,,,,,,
2007-10-03,,3.8387075446660235e-05,,,,,,
2007-10-04,,-0.0017370871539967357,,,,,,
2007-10-05,,,,0.004783861269602418,,,,
2007-10-09,,0.006152898082526448,,,,,,
2007-10-10,,0.0019570921500001864,,,,,,
2007-10-11,,0.007498425067963034,,,,,,
2007-10-12,,0.0008804424288428706,,,,,,
2007-10-15,,0.000721576796114127,,,,,,
2007-10-16,,0.005181448765056715,,,,,,
2007-10-17,,0.002202505366233389,,,,,,
2007-10-18,,0.0010299467414747142,,,,,,
2007-10-19,,-0.00552375204782201,,,,,,
2007-10-23,,0.0024283406333643893,,,,,,
2007-10-24,,0.0011576317027864446,,,,,,
2007-10-25,,-0.01117386015112638,,,,,,
2007-10-26,,0.022107618817206437,,,,,,
2007-10-29,,0.003853189284230399,,,,,,
2007-10-30,,0.002235038130915201,,0.0020219868963675725,,,,
2007-10-31,,0.002633750512150944,,,,,,
2007-11-05,,0.004891836950965372,,,,,,
2007-11-06,,-0.01820037142927202,,,,,,
2007-11-07,,0.015059908435481146,,,,,,
2007-11-09,,0.00021499736711227854,,,,,,
2007-11-12,,0.020516646346776708,,,,,,
2007-11-15,,0.012777010264660087,,,,,,
2007-11-16,,0.0013664772717365222,,,,,,
2007-11-19,,0.007399686406455886,,0.0036190121610883688,,,,
2007-11-20,,0.007369233368170961,,,,,,
2007-11-21,,0.0011977655331864288,,,,,,
2007-11-23,,0.006667843932834976,,,,,,
2007-11-26,,0.0017627870551114057,,,,,,
2007-11-27,,0.0075922486598338675,,,,,,
2007-11-28,,0.0027849011794312405,,,,,,
2007-11-29,,0.0016200195264799292,,,,,,
2007-11-30,,,,0.002000094004307518,,,,
2007-12-04,,,,0.0021681671386927543,,,,
2007-12-05,,,,0.0041123057133191495,,,,
2007-12-10,,0.00774863361825916,,0.0014105301076406318,,,,
2007-12-18,,0.00996705858075367,,,,,,
2007-12-21,,0.003228159941817771,,0.007443818412203922,,,,
2007-12-26,,0.003842782630539263,,-0.00026184878491089373,,,,
2007-12-27,,,,0.003859973641469333,,,,
2007-12-28,,0.0035355741160430975,,,,,,
2008-01-02,,0.009118046934588557,,,,,,
2008-01-03,,-0.006012525452877105,,,,,,
2008-01-07,,-0.0006060592423507131,,,,,,
2008-01-08,,0.01291574685521195,,,,,,
2008-01-11,,0.01766917731362707,,,,,,
2008-01-14,,0.0006257186632135375,,,,,,
2008-01-15,,0.0022455330816085932,,0.007630003695051302,,,,
2008-01-16,,0.00898298642535309,,,,,,
2008-01-17,,0.0023507713117562005,,,,,,
2008-01-18,,0.002108528845735286,,,,,,
2008-01-22,,-0.00023753877962069746,,,,,,
2008-01-25,,0.0031173090961663487,,0.0011322437851696246,,,,
2008-01-28,,0.0057113611652641234,,,,,,
2008-01-29,,0.0006975834703604561,,,,,,
2008-01-30,,0.0001964514885035131,,-0.003278969911828911,,,,
2008-01-31,,0.005109474827874763,,,,-0.0014153163115543815,,
2008-02-05,,0.010429193693086054,,,0.012488914254588845,0.00744234920413429,,
2008-02-06,,0.000924007766601011,,,,,,
2008-02-07,,0.004989379876412538,,,,,,
2008-02-08,,0.007739704458966693,,,,,,
2008-02-11,0.0014271535020158434,0.00858857502288813,,,,,,
2008-02-12,,0.004414956536101788,-0.002003188474885501,,,,,
2008-02-14,,0.0016583739772664163,,0.000517299259589409,,,0.0038024728421042664,
2008-02-15,0.000633648516485511,0.002566440377155331,,,,,,
2008-02-19,,-0.010355258898629732,0.000539132612044379,-0.0006796764856150991,-0.0017788861684457616,,,
2008-02-21,,0.003974517923684482,,,,-0.0030883245986173995,,
2008-02-22,,0.0013613188885267299,,,,,,
2008-02-25,0.0026583491194954764,-0.0019992206687780957,,,,,,
2008-02-26,,,,,,0.0023158195809003853,,
2008-02-27,,0.010283532401493291,,,,,,
2008-02-28,0.002343507653101415,-0.009815294513326921,,0.0014194595208595713,0.000936000005749543,,,
2008-02-29,,,0.009881582302661939,0.011815072485918994,,,,
2008-03-03,,,,,,,-0.0033905719039971803,
2008-03-04,,,,,-0.0023024568916086923,0.0027029765091733052,,
2008-03-12,0.0009721654001289558,-0.0025839690478014596,,,,,0.0008291152006329382,
2008-03-13,,,,,,0.0031411706887228955,0.0030225697160917017,
2008-03-14,,,,,,,-0.0025505419829888764,
2008-03-17,,0.0012086651842398179,,,,,0.010591974810369137,
2008-03-25,0.005118645184813836,0.007371385077920737,,,,,,
2008-03-26,0.0060578426865333995,0.00989375652722021,,-8.786864473150411e-05,0.0007231968962996961,,,
2008-03-27,0.0002709010237087259,,0.004168006946041358,0.0029618208949146623,,0.0013871860306253895,,
2008-03-28,,0.004426593656496454,,,,,-0.001480588367823187,
2008-04-01,,,0.012327025286299436,0.012332372290417361,,,,
2008-04-08,-0.0007521944042300143,0.004997046871294388,,,,0.0006487449639612561,,
2008-04-09,,,0.0021113197005880892,0.0017139848854540026,-0.00019420064398290216,,0.0016270408115142306,
2008-04-10,,0.0016740110863561243,,,,,,
2008-04-11,,0.004217212839817096,,,,,,
2008-04-14,-0.0025061555647158135,0.0009909266349463835,,,,,0.0014139645140090079,
2008-04-15,,0.0004756326647148361,-0.001293480035034203,-0.0027367052548192576,,,,
2008-04-16,,0.006255067311425934,,,,,,
2008-04-17,,-0.00014068619778042073,,,,,,
2008-04-18,0.011467434348777977,0.006335747756449747,0.009702294599020393,,,,,
2008-04-21,,0.0061369102787748086,,,,,,
2008-04-22,,0.004781924966280172,,,,,,
2008-04-23,0.004327283903642348,0.0073872101522391015,,,,,,
2008-04-24,,0.006979478108723623,,,,,,
2008-04-25,,-0.003300998773421669,,,,,,
2008-04-29,,0.00671325422217146,-0.0005508161577169389,0.0010076082429518617,0.0008360333826447129,0.0006523379911059842,0.007469072777951424,
2008-04-30,,,,,,-0.006367428908276165,,
2008-05-05,0.0068678234416859035,,,,,,,
2008-05-06,,,,,,-0.0003835838769279639,,
2008-05-09,,,-0.0011461130076748974,,0.0018872577679709473,,0.003612583910653326,
2008-05-12,-0.0006344797179576627,,0.005325265694367856,0.0028027030209190375,,,0.001738419950897222,
2008-05-14,,,,0.0005688469156600392,-3.6537386507910976e-05,,,
2008-05-15,,-0.003286809903652911,,,,,,
2008-05-16,,,,,,0.0038275352483540677,,
2008-05-19,,,,,0.0008136349581665618,,,
2008-05-20,0.006744923919228673,,,,,,,
2008-05-21,0.0038161551942807424,,,,,,,
2008-05-23,-0.0038729077589210563,,-0.0006951732070973881,0.005370678734732525,0.004862367338580123,,,
2008-05-27,,,0.0064664406788176605,,,-0.003751380046503357,,
2008-05-29,0.011344451188112432,0.016236960016374632,,,,,,
2008-06-02,,0.0040916946101578235,0.0033130232401134708,0.0048623881523269345,0.00524257075323439,,,
2008-06-03,,0.0007752076182283962,,,,,0.0024487819057549794,
2008-06-05,,,,,,,0.006685419823619818,
2008-06-09,,0.003082315389326781,,,,,,
2008-06-11,,-0.004167852882491653,0.0071273274023007736,0.00608856996907631,,,,
2008-06-13,,0.0008841181431191818,,,,,,
2008-06-16,0.0063204288100649885,,,,,,-0.005671272969948626,
2008-06-17,,,,0.0002918847935370009,0.0021603166143877193,,,
2008-06-18,,0.0025826807094012157,0.004008507056868806,,,,,
2008-06-19,0.00462598362435863,,,,,,-8.054992852416778e-05,
2008-06-23,0.007945348991281553,,,,,,,
2008-06-24,,0.002180499131281419,,-0.004195364522349732,,0.002217234031945723,,
2008-06-25,0.0027131516572090437,0.0017702142230488524,,,,,0.0017950568807854478,
2008-06-26,,,,,0.016413747630158,,,
2008-06-27,0.007323523201133032,0.007739459161560277,,,,,,
2008-07-01,,,-0.00021611461209881708,,,,,
2008-07-07,,,,,,,0.004222491921992428,
2008-07-09,0.00194961830614944,0.002550493653895934,,,,,,
2008-07-10,,0.0012094642112751213,,,,0.0013189019853857287,,
2008-07-11,,0.007412798650600231,,,,,,
2008-07-17,-0.004637132049174351,,,,,,,
2008-07-18,,,0.001370543405229041,,,,,
2008-07-21,,,-0.0006347665925686038,-0.0011638164893754614,-0.002235137240248818,,,
2008-07-22,,0.004273303333444121,,,,,,
2008-07-24,,,,,,0.0025662796845404966,,
2008-07-25,,0.0008934701774106735,,,,,-0.0002459390188280839,
2008-07-28,,,,,0.008574711121111467,,,
2008-07-29,,,,,,,-0.008554465813031605,
2008-07-30,,-0.0013170506441246973,,,,,,
2008-08-05,,0.009987758202434699,0.009674322386201396,,,0.008329779773010002,,
2008-08-07,,0.0041801967750003085,,,,-0.002742072352844812,,
2008-08-12,,,,,,-0.003174290220538735,,
2008-08-14,,-0.011520895399155304,,,,,,
2008-08-15,,0.03695741159613408,,,,,,
2008-08-18,,,0.0036225170131080325,0.004246573347150463,0.004564502584546954,,-0.003175625644671545,
2008-08-19,0.004415569459180881,-0.00023862445188469272,,,,,,
2008-08-20,,0.0017878834968636079,,,,,,
2008-08-21,,,,,,0.0012756201451589806,,
2008-08-22,,0.0019437040114584935,,,,,,
2008-08-25,,,0.005688043347152429,,,,,
2008-08-26,0.0009977404704640896,0.0030686368208165103,,,,-0.002542250860340243,-0.0024708387997503605,
2008-08-27,-0.001057386452910245,0.001357798048272929,,0.0020023450188877516,0.002390580155653967,,,
2008-08-28,,-0.0026305724220928653,,,,,0.001818969771773356,
2008-08-29,,,0.007221583943012374,,,,,
2008-09-01,,,,,,-0.002463408273194107,,
2008-09-04,,,,,,,-0.0006816689733791164,
2008-09-10,,,,,,,0.004116066202249368,
2008-09-11,,,0.004540471023042539,,,,,
2008-09-15,0.013559510367504695,-0.00893917945880126,,0.01444930126864391,,,,
2008-09-17,0.03255681205125471,,,,,,,
2008-09-22,0.012094212536345586,,,,,,,
2008-09-23,,0.0029324368213011634,,,,,,
2008-09-24,,,,0.00020777957918330603,0.0001536031011441586,-0.0017762639291171393,,
2008-09-25,,0.001077278479216863,0.0016844831885480867,0.002752664142620248,0.002555484435403812,,,
2008-09-29,,,,,,,0.01640560061913832,
2008-10-02,,0.018626588346755308,,,,,,
2008-10-10,,,,,,,0.018622932857778742,
2008-10-14,,0.007268052255203095,,,,,0.003035976251997578,
2008-10-15,-0.0037564080856668145,,,,,,,
2008-10-17,,,,,,,0.001556569326173422,
2008-10-20,,,,3.528292101536994e-05,,-0.0003468400180588627,,
2008-10-21,,,0.0007834501133206214,-0.004990441088594629,-0.004420301343841815,-0.001422419832762029,,
2008-10-22,,,,0.009352716752614636,0.009301453534914324,0.006116469210338873,0.008852401066603795,
2008-10-24,-0.008448490499226143,,,,,,,
2008-10-28,,-0.004018950475339484,0.009187797186595759,,,,,
2008-10-30,0.0045351160872696885,6.365740044180206e-05,,,,,,
2008-10-31,,0.00053582245791041,-0.0010637454432253417,0.0007696086461826258,0.0008977596795727308,,,
2008-11-04,,0.005089292767145129,0.003528102208704349,0.004659542522585747,0.003603562233938712,0.005887354442672041,,
2008-11-05,,0.0041602968703515686,,,,,,
2008-11-06,,0.00504316262586475,,,,,,
2008-11-10,,,,,,,-0.0048295684789883405,
2008-11-17,,0.002280185368788646,,,,,,
2008-11-18,0.0031208839395786853,-0.0034525496122143613,,,,,,
2008-11-19,,,,,,,-9.33927013488801e-05,
2008-11-26,0.002907683019222192,0.0004501991901521124,,,,,,
2008-11-28,,,,,,-0.0030822191109232564,,
2008-12-01,,,0.010431419264375654,0.010744170565357817,0.0095052181627723,,0.013167489090348901,
2008-12-10,0.009938463573090067,0.004534087013169319,,,-0.0020664808042163457,,,
2008-12-11,,,0.002946439214993062,0.0019308732857694134,0.0014661583782745906,-0.0010918269370944944,,
2008-12-15,0.002454175368685824,,,,,,,
2008-12-16,,,,,0.004725320403588703,,,
2008-12-18,,,0.0008818095913024916,,0.003312576947018517,,,
2008-12-19,,0.006515796256979474,,,,-0.0036165702041869477,,
2008-12-22,,,0.0029185540298704788,0.002008747967630454,,,0.004974271111114969,
2008-12-23,0.0020620710316303754,0.008225341474593311,,,,,,
2008-12-26,,,-0.0008846121582093137,0.00048544523861499873,0.00025730314121627794,,,
2008-12-29,,0.003918831310231311,,-0.0006177100405982003,-0.0005510448404894637,,0.005556628931760513,
2009-01-02,,,,,,0.006163144426526746,,
2009-01-05,,,,,,,-0.006507265228463077,
2009-01-09,,0.0016593102473507395,,0.0012952320843020563,0.0011746087488843557,,,
2009-01-12,0.01196344627199653,0.00846442622673549,,,,,,
2009-01-13,,0.000852908147946575,,,,0.0028551705858971712,,
2009-01-14,,0.003925982664307843,,,,,,
2009-01-16,0.010805761300142968,,,,,,,
2009-01-27,,-0.0012666209592804105,,,,,,
2009-01-28,0.0022097220572152433,0.0005057886459171082,0.00572670149014635,0.005568257669441447,0.0040696202238790224,0.007924425509128856,,
2009-01-29,,-0.0030051818305088583,,,,,,
2009-01-30,,,,,,,-0.0004913393133204167,
2009-02-03,,0.0028195385510862607,,,0.0021727546970232003,,0.0006677514407436207,
2009-02-04,,,,,,,-0.0009455574618094251,
2009-02-09,0.005619224262222337,,,,,,,
2009-02-10,,,-0.009972657081985381,0.008778919544037983,0.009275980891833985,0.0043368110540784235,,
2009-02-12,,,,,,0.0027507468517070505,,
2009-02-17,,,0.00826385994498073,,,0.007667885092116422,0.010937505808866089,
2009-02-18,,,,,,,0.005019744858782216,
2009-02-19,,,,,,,0.007923665611321231,
2009-02-20,,,,,,,0.00018494548393507298,
2009-02-23,,0.0002583006929303172,,,,,0.002155164466529552,
2009-02-24,,0.006472166518292638,,,,,0.004676065917065999,
2009-02-25,,0.006982143498792791,,,,,,
2009-02-26,,0.01405899321952992,,,,,,
2009-03-02,,,0.0074679419985640315,0.010578515800256027,0.010037048774622201,,,
2009-03-04,,,,,0.0006243943740181123,0.008727707100528339,,
2009-03-09,0.004741832863284638,0.0040686341906190845,,,,,,
2009-03-12,,0.001482811801233511,0.005680770800878839,0.005493186573060733,0.0052311327986670425,,,
2009-03-13,,0.0020940339889666784,,,,,,
2009-03-16,0.0009210543998443924,,0.0008081909734177381,-0.0013788139149221237,-0.00100640350628546,-0.0009469646907660834,,
2009-03-17,,,,,,-0.0006182021081957936,,
2009-03-18,-0.012768512576201341,,,,,,,
2009-03-20,,,,,,,-0.00015433577984975158,
2009-03-23,0.0004918438590206313,,,,,,,
2009-03-24,,0.0041506933927280346,,,,,,
2009-03-25,-0.0035187489428653634,,-0.0032639329051140907,-0.002596990639193423,-0.0015378270755322019,,0.0018880420441478184,
2009-03-27,,,,,,5.7423635110313925e-05,,
2009-03-30,0.0021985395035448996,,0.0049817221526017134,0.006809556789960287,,,0.00894185021848634,
2009-04-06,,,,,-0.0025268696457950855,,,
2009-04-08,-7.18351040849709e-05,0.00016951924153739404,,,,,-0.0010162190793467152,
2009-04-09,-0.0011252958998214954,-0.0016450462957712743,,0.007711376674259444,,,,
2009-04-13,,,-0.0009461317164996038,,,,,
2009-04-14,,-0.0009211436981154209,0.00011639420887184264,,,,,
2009-04-16,0.0033695703777307127,,,,,0.002356952619156688,,
2009-04-17,,0.0075982304565287056,,,,,,
2009-04-20,,0.0049996391886841665,,,0.00809199539356858,,,
2009-04-21,,0.0004331105906053829,,,,,,
2009-04-22,,0.004149311493279667,,,,,,
2009-04-23,,0.00978603227428258,,,,,,
2009-04-27,-0.0003046338580311628,0.00023950276625015526,,,,,,
2009-04-28,,0.008675804881501534,,-0.00022260579092381569,,,,
2009-04-29,,-0.006286388898616453,0.0006820477807733738,,,,,
2009-05-04,,,0.004748180700333298,,0.007274407856777713,,,
2009-05-06,,,-0.0031626556155133594,0.0033258365323133665,0.0017358928718648968,-0.003109520313615082,0.0034719759116926914,
2009-05-11,,-0.001710504305736526,,,,,,
2009-05-12,0.003715964935142964,,,,,,,
2009-05-15,0.0034960677631584594,,-0.0031677865161605346,,9.893682565072321e-05,,,
2009-05-18,,0.002013591063717161,0.00405210523784725,,,,,
2009-05-20,0.004717109595279422,,,-0.004137401774469785,-0.004552470543119053,,,
2009-05-26,,,,,,,0.0007065760765647826,
2009-05-28,,,,,,0.0014008582090433244,,
2009-06-01,,,0.00913728090077329,,,,,
2009-06-02,,0.0005714523358120981,,,,,,
2009-06-03,,0.0101413095435952,,0.002072120278661998,0.0006097814051948849,,,
2009-06-04,,,0.003392646863411142,,,,,
2009-06-05,,,-0.00017327728813873073,,,,,
2009-06-10,,,,-0.0011343451798473542,-0.0028929385501731348,,0.002410444083481698,
2009-06-11,,,,,,,0.0014094967198377878,
2009-06-15,,,,0.0042533275203213315,,0.00994418258279766,,
2009-06-16,-0.0034679691495837915,,,,,,0.001942390276594128,
2009-06-17,-0.0022705488665405657,0.00019367758091963052,,,,0.004259407092132045,,
2009-06-18,-0.002046085166553604,6.478329914883185e-05,,,,,,
2009-06-19,,0.0003011892796744307,0.0017344330647368652,,,,,
2009-06-22,0.00580627159141699,0.008081906982434987,0.008677208404392081,,,0.008170519714374469,,
2009-06-23,,0.0021057785607384214,,,,,0.005357266024036883,
2009-06-24,,0.0027847056007960455,,0.0006789105774634778,-0.0036115173479598244,,,
2009-06-25,,0.0013019880953865416,,,,,,
2009-06-26,,0.0018123835219465857,,,,,,
2009-06-29,,0.003522253697203998,-1.836218752729605e-05,0.0018294528676064948,0.002651794576604751,,,
2009-07-06,,,,,,0.0018273460263600258,0.008304682763573995,
2009-07-10,,0.002717138387494817,-0.001074056591506424,-0.0004006994103303871,-0.00019831830839776496,,,
2009-07-13,-0.007822278057971846,,,,,,,
2009-07-15,,,,0.011054047643890782,0.012671925253055997,,,
2009-07-17,-0.001409679445746807,-0.00497654707047523,,,,,,
2009-07-20,,,,0.003512364706910356,,0.0002494218397594371,,
2009-07-21,0.002325089660048603,,,,,0.0014547262925053137,,
2009-07-22,0.0023071656525049822,,,,,,,
2009-07-24,,-0.0027253820006433575,,,,,,
2009-07-27,9.395794092959937e-05,,,,,,0.001274028331086995,
2009-07-28,,,,,,,0.0003592174807612679,
2009-07-30,0.0044630577932769306,,0.0018895339939274192,0.003609294369950217,0.0027027990354519687,,,
2009-08-03,,,,,,0.0023584607674322026,,
2009-08-05,,,,,-0.001725421745524165,-5.9504035688541726e-05,,
2009-08-06,,0.0018277753097060891,,,,,,
2009-08-11,,-0.0006735620858551853,,0.002915736543957539,,0.007012082333856776,,
2009-08-12,-0.004803356139497917,0.002230545073184273,,,,,,
2009-08-14,,,,,,,0.004682974979369031,
2009-08-17,,0.022351422533041995,,,,,0.004539059842863596,
2009-08-18,,-0.0001329269628983711,,,,,,
2009-08-19,-0.005156881381342014,0.0012966193632574442,,,,-0.0020578512558833756,,
2009-08-20,,0.005212932645229475,,,,,,
2009-08-21,,0.005056622062641545,,,0.0075330750922906545,,,
2009-08-25,,,-0.0024424092927102055,,,,,
2009-08-26,,0.0007310123042547505,,,,,,
2009-09-01,,,-0.01114591954759094,-0.013674581552221612,,,,
2009-09-03,,,,0.0011522114736863822,0.0004680872398348605,,,
2009-09-09,,,0.0039632547136058,0.003306951007911117,,0.004702672589385301,,
2009-09-10,,,,,,,-0.001023125660762144,
2009-09-14,,0.0008964577896161685,,,,,,
2009-09-15,0.0005365147782149305,0.0065118895526781765,,,,,,
2009-09-16,,,,,,,0.014475289961158199,
2009-09-17,0.0014368238827643582,-0.0029172969882996407,,,,,,
2009-09-18,,,,,,-0.004365346802861922,,
2009-09-21,,,,-0.0003652378363984179,0.00017185165191779776,,0.010456989151194147,
2009-09-23,,,0.001073733692786557,,,,,
2009-09-29,-0.00030415168334594543,,,,,,,
2009-09-30,,0.00823376490988661,,,,,,
2009-10-01,,-0.0009957308219867538,,,,,,
2009-10-02,,0.006751459805155165,,,,,,
2009-10-05,,,,0.004862113479744253,0.004600994119901382,,,
2009-10-06,,0.020461955658099565,,,,,,
2009-10-08,0.004154538785081142,,0.002156134704711169,0.0035300950053694315,0.0026482563255144686,0.0012202701310484922,,
2009-10-09,,0.0016828034421401837,,,,-0.002042837475916209,,
2009-10-12,0.0029345564893249387,,,,,,0.0032266585449008465,
2009-10-13,,,,-0.0009922369530861615,,,0.002027037778919524,
2009-10-15,,0.00850913194128994,,,,,,
2009-10-16,,,0.0011828513199156332,,,,,
2009-10-19,,0.0033055119332060243,,,,,,
2009-10-20,,0.0007404641910776461,,,,,,
2009-10-21,,0.00454675900593657,,,,,,
2009-10-22,,0.004768731756607009,,,,,,
2009-10-23,-0.0027943643824135927,0.0029468426361647063,,,,,,
2009-10-26,,0.00824514621763495,,,,,,
2009-10-27,,0.015471254754290809,,,,,,
2009-10-28,0.00308681063466319,,,0.009774758788077218,,0.00770636084305945,,
2009-10-29,,0.007517297426405558,,,,,,
2009-10-30,,0.006976380672081554,0.007069326819503078,,,,,
2009-11-02,,0.0030244104452354557,,,,,,
2009-11-03,,0.01353170848729017,,,,,,
2009-11-04,,,0.00027689932300830055,,0.0005206894037492529,,,
2009-11-06,0.0013618147235601784,,,,,,0.006619947625264776,
2009-11-09,,,,0.010122357859921568,,,,
2009-11-10,,,,,,,-0.0029330986791426916,
2009-11-11,,,0.0013609835838028562,0.0006875312028093911,0.001349270969773896,0.0005709085808938098,,
2009-11-18,-6.127602514010919e-05,2.456449213536589e-05,,-0.0006399472282977994,,-0.0019312634551589816,,
2009-11-23,,0.00236506211758161,0.007497035708741039,0.0054450534512578246,0.006062560021647759,,0.0003502807318651698,
2009-11-24,0.0011947596718864131,0.0032422114810270494,,,,,,
2009-11-25,,0.004968448804356178,,,,,,
2009-11-27,,0.007412342932876028,0.006696199167415292,0.006560865038697522,0.006546525989786368,,,
2009-12-03,,,,,,-0.0038465150169572026,,
2009-12-08,,,,0.004538613368357722,0.004486051708609792,,,
2009-12-11,0.001171263036015569,,0.001688002062051785,-0.00024503330129441034,,,,
2009-12-14,,,,0.0027459030976237845,,,,
2009-12-15,,-0.0034982354213699126,,-0.00022910767012033806,0.001045706532057238,-0.003271802784715943,-0.0016726462150508411,
2009-12-17,,,,,,,0.00019829059020500818,
2009-12-21,,,,,,,0.002749894533074525,
2009-12-23,,,0.003346029612393148,-0.00017289340647785121,,,,
2009-12-24,0.0042274655075233624,0.004174445314446651,,0.002505258832640896,0.0015011597157730192,,0.004445489810529609,
2009-12-28,0.0006956798030310179,,,0.00040006084878021234,,,0.0053590417319368516,
2009-12-29,0.002662870051814341,0.007885993066312717,,,-0.0008989685666100656,-0.0008471928460499438,,
2009-12-30,0.0025517873204797354,,,-0.00040789233182707036,-0.0005528580629535688,0.0028851821248465537,,
2010-01-05,,,-0.0023380590283998168,,,,,
2010-01-08,-0.004325770007439499,,,,,,,
2010-01-12,,0.007316318453443065,,,,,,
2010-01-14,,0.0013575253941352917,,,,,,
2010-01-15,,0.003658926945416892,0.0057033114744074525,,,,,
2010-01-19,,,,,,-0.009894907399556053,,
2010-01-21,,0.005868939378998556,,,,,,
2010-01-22,,0.009634085873945089,,,,,,
2010-01-26,0.0011091261389690912,0.004546795204036607,,,,,,
2010-01-27,0.006506637465953293,0.007062516755748435,,,,,-0.006221571953432309,
2010-01-28,0.0003207576442699236,0.0036896175552370704,,,,,,
2010-01-29,,-0.00011462554664676471,,,,,,
2010-02-02,,0.0010437584387630809,0.004722773354330744,,,,,
2010-02-03,,0.007385786448255141,,,,,,
2010-02-04,,,,0.017540832693360733,0.015440972631353432,0.010805416984746472,,
2010-02-08,,0.004281054094543379,,,,,,
2010-02-09,0.0012332176190555418,,,,,-0.0015052504847222353,0.00688704557230512,
2010-02-10,,0.001854771416690572,,,,,,
2010-02-11,,0.004812093506729965,,,,,,
2010-02-12,,0.002112114981978418,,,,,7.629896076512702e-05,
2010-02-16,,0.012323579887849547,,,,-0.009634768436919145,,
2010-02-17,,0.0004445343036552853,0.002299857968407938,,,,,
2010-02-18,,0.00021987922943837918,0.003432104923174445,0.002654972204149843,0.004026080184054397,,,
2010-02-19,,0.005615832047477225,,,,,,
2010-02-22,,0.0027752808723782814,,,,,,
2010-02-23,,0.0053076921704947825,,,,,,
2010-02-24,,0.0004822566547443706,,,,,,
2010-02-25,-0.005044638255107057,-0.0034759615485609775,,,,,,
2010-03-03,,,-0.0013979065902461612,,,,,
2010-03-04,,,-0.004243658270962522,,,,,
2010-03-05,,,,,0.0072869894002771845,0.004112282994541151,0.00221263876694745,
2010-03-08,0.0049910527030929104,,,,,,,
2010-03-09,0.0006621918826565165,,0.0019409218318494335,-0.0007026504463562668,-0.002010591431647764,-0.0017483573158693594,,
2010-03-11,,-0.003006691819820336,,,,,,
2010-03-12,0.0030433660726405004,,,,,,0.000620344603196151,
2010-03-15,,-0.0015683337189879877,,,,,,
2010-03-16,,,,,,,0.004526772678791354,
2010-03-17,,,,,,,0.01289122339569461,
2010-03-18,,,,,,-0.003381801700584168,,
2010-03-19,,,0.0006092438278505713,,,0.0004031084255191339,,
2010-03-22,0.0039009215843387917,,,,,,,
2010-03-23,0.001901544019238508,0.001292894783941469,,,,,,
2010-03-24,0.007453210172475947,0.007150197297124336,,,,,,
2010-03-25,,0.0015159640333248423,-9.844769004767887e-05,,,,,
2010-03-26,,-0.003925752716951445,,,,,,
2010-03-29,0.0029079361560497203,,,,,0.0010494214640856567,,
2010-03-30,0.0029007392473405823,0.0005843101454413291,,,,,,
2010-03-31,,0.003344253580300449,,,,,0.004660897563734576,
2010-04-01,,0.006663575708107056,,,,,,
2010-04-06,,0.0030734857866184587,,,,,,
2010-04-07,,0.004729401756618042,,,0.002253969435424671,,-0.004318164912012727,
2010-04-09,0.0043835886452077725,0.0039053156711570006,,,,,,
2010-04-12,,-0.0018216316188054776,,0.0008364348071977293,,-0.0016009235280222826,,
2010-04-13,,,0.0011384102118192853,-0.0021574552260702133,-0.0014899856693048118,,,
2010-04-14,,0.002833099717099323,,,,,0.0056357283156121835,
2010-04-15,,-0.00017571912141485862,,,,,0.008664112677648854,
2010-04-16,,0.015280843386175722,,,,,-0.006329975370019412,
2010-04-19,,0.0005718953767792266,,,,,,
2010-04-20,,0.0012665895969256721,,,,,,
2010-04-21,,0.0047185831662437715,,,,,,
2010-04-23,,0.0032151262894217327,,,,,,
2010-04-26,-0.0003099432243236666,0.002427831362959812,,,,,,
2010-04-27,,0.003972005415559935,0.016529939192596294,0.019543461293879322,,0.013461751224367846,,
2010-04-28,,-0.0004056289104461183,,,,,,
2010-04-29,0.0015478783655401398,-0.0101935962113508,,,,,,
2010-04-30,,,,,,,-0.001486929670940617,
2010-05-11,,-0.013049062211225409,-0.0005315969663131646,,,,,
2010-05-12,,,,,,,0.0008267150956704673,
2010-05-13,,,,-0.006240823468162524,,,,
2010-05-14,0.0005643459775434244,0.003840749530505171,,0.00795254651680288,,0.008400867131929508,0.010535518358063576,
2010-05-17,-0.00023824144167894625,0.005415213386385651,,,,,0.007869865205866931,
2010-05-19,,0.012198848954298819,,,,0.007322800750187187,,
2010-05-20,0.0023266814154603095,0.006046338635442267,,,,,,
2010-05-21,,0.0005957438827334075,,,,,,
2010-05-24,0.009101534327903681,,,,,,,
2010-05-25,0.0017809381940728415,0.003204239909320226,-0.00031856243490202606,-0.0006453253739842208,0.00026589727475544053,,,
2010-05-27,0.0006119410082642989,-0.003164668911790195,,,,,,
2010-05-31,,,,,,-0.0016627342820745002,,
2010-06-03,,0.006156490788164353,,,,,,
2010-06-04,,0.010616086916057216,0.007956383922326307,0.009726880541032063,0.010653751923565854,,,
2010-06-08,,,,,,,-0.0025067652751651487,
2010-06-11,,0.0014524621365519126,,,,,,
2010-06-14,-0.0034394806578219414,,,,-0.0012945841176422823,,,
2010-06-15,,-0.003181074247146732,0.0039406275781207,,,0.0017912842328745662,-0.00023003736728137843,
2010-06-16,,,,,,,0.006894334395166764,
2010-06-17,0.009376405298773833,0.005120782165810495,-0.0005670886830131381,-0.0032024959953811764,-0.004353233552838613,,,
2010-06-18,,,-0.0006145760024672734,,,,,
2010-06-21,,0.005551290079342635,0.0021726676014252777,0.00014515599488891648,-0.00200611681446836,,,
2010-06-22,,0.001066737967264961,,,,,,
2010-06-23,,0.006873774590291267,,,,,,
2010-06-24,,0.004194197379400602,,,,,,
2010-06-25,,0.005788909846907715,,,,,,
2010-06-28,,0.006643179244426026,,,,,,
2010-06-29,-0.002049336411208726,0.0008394875280057554,,,,,0.006572734296407846,
2010-07-01,,,,,,0.0051282747317611165,,
2010-07-06,,,,,,0.005179581278499229,,
2010-07-08,0.001288489428264997,,,,,,,
2010-07-09,,,0.001804002874146523,0.0023142519682472777,0.002313636677423887,-0.00021441235794535606,0.00038214785983164604,
2010-07-12,,0.002266425528395921,0.00114146645165506,-2.567103857268852e-06,0.0003713185607101446,-0.0008827637434351678,,
2010-07-13,0.007148363843352348,-0.006657085142319076,,,0.006216189208422083,,,
2010-07-16,0.010071505763772996,,,,,,0.002878610345575074,
2010-07-19,0.003069709091033043,0.0038737553268928275,,,,,,
2010-07-21,-0.0001344227961732337,-0.0026431138361089953,,,,,,
2010-07-23,,-0.00016870709126557402,,,,,,
2010-07-26,,,,,,-0.0005159683583268118,,
2010-07-27,0.013472542010318656,,-0.00042789588486786753,,0.00020127136251405024,-0.0003593923568670752,,
2010-07-28,0.0010419480583433456,,0.0016555573092025266,0.0012870097293521377,-0.00029382767015771185,0.00011242246669464026,,
2010-07-29,-0.0043423614108137375,0.002961849721791677,,,,,,
2010-07-30,,0.007040131804441696,,,,,,
2010-08-02,,0.00738810507664871,,,,,,
2010-08-03,,-0.00045152532890137227,,,,,,
2010-08-04,,0.002168017273358742,0.002290121366408039,0.0004659037304150361,-0.00014226662902110443,0.0007597757883842759,,
2010-08-05,,0.0003202304898940862,,,-0.002438899989958541,,-0.0005248405774333319,
2010-08-06,,0.00238382787009615,-0.002413363561745682,-0.001296931524239083,-0.002154840396174576,,0.0033113049855165856,
2010-08-09,,0.003942165172080889,,,,,,
2010-08-10,,0.0010938782883734744,,,,0.0017539079538660646,,
2010-08-11,,0.004644526241133633,,,,,,
2010-08-12,,0.002808390854967762,,,,,,
2010-08-13,,0.00033403534591164356,,,,,,
2010-08-16,0.005198000894059666,0.006188673410527376,-0.0027683905296849243,-0.00029972372240007986,,,,
2010-08-17,,,,,,,0.008772655498141829,
2010-08-18,,0.0034803715447302742,,,,,,
2010-08-19,,0.000923775174317529,,,,0.0059076709376895695,,
2010-08-20,,0.006658473641228756,,,,,,
2010-08-23,,-0.0005875461049678008,,,,,,
2010-08-24,,0.007974911359329526,,,,0.004337569296219224,,
2010-08-25,,0.013418820575863672,,,,,,
2010-08-26,,0.0002849024643250362,,,,,,
2010-08-27,,0.000629417591750961,,,,-0.0007329373433434731,,
2010-08-30,-0.0008116410857817547,-0.0005752946027482351,,,,,,
2010-08-31,,,,,,,-0.010039425536637763,
2010-09-01,,,,0.011755519437897705,0.010622437617772906,,,
2010-09-03,,,0.007211558949824487,0.005970310471011441,0.006255401763210361,0.0016818205731025178,,
2010-09-07,,,,,,0.0011831484471440013,,
2010-09-08,,,0.002319731063530455,,,,,
2010-09-10,,,-0.002354436583373319,-0.000585726382045155,,,,
2010-09-13,0.0001078557487096522,,,0.004635496101889251,,,0.0022894315812824473,
2010-09-14,0.01720168859896991,0.004024108051589575,,,,,,
2010-09-16,,0.003648277534024549,,,,,-0.00025895264575354505,
2010-09-17,,-0.001651202261067391,,-0.00022001709360560483,,,,
2010-09-23,-0.0027668497478816317,,,,,,,
2010-09-24,,0.0034240213424722456,,,,,,
2010-09-28,-0.006823687323323393,,,-0.0013282268758056472,-0.0012151490983543592,-0.0012989811614696031,,
2010-10-01,,,,,,,0.006122835962914741,
2010-10-04,,0.0004332563870199514,,,,,,
2010-10-07,,,,-0.0017212211570069615,-0.0019615242902435736,-0.004341728611291845,,
2010-10-11,,0.000979224437063566,,,,,,
2010-10-12,,,0.0010638080912087477,0.0002228191253981218,-0.002807790723033435,-0.0026047542072508752,-0.0015665240614946695,
2010-10-14,,0.008504180756257619,,,,,,
2010-10-15,,0.0019150825416131393,,,,,0.010257662823556887,
2010-10-19,,,0.005760909548160916,,,,,
2010-10-25,0.005116493182186227,0.006670231218734131,,0.0005533720771980278,-0.00011434476328376458,0.00036969785828994096,,
2010-10-27,,0.00668126500946359,,,,,-0.0014187765976883303,
2010-11-01,,,-0.0011488633209949927,,,,,
2010-11-03,-0.010340229373833157,,,,,,,
2010-11-08,,,-0.000828983753560211,,,,,
2010-11-09,,,,,,0.0018081627255685292,,
2010-11-12,0.013775631994658826,0.009489853276795973,,,,,0.010482061534560532,
2010-11-16,,,,,,,0.008853484694196582,
2010-11-18,0.004258261430231244,,0.006964504200686825,0.0073206934846777325,0.009171620363558767,,,
2010-11-19,-0.0018723423673165562,,,,,,,
2010-11-22,,,0.0033805466021180034,,,,,
2010-11-23,0.007916036040484728,,,,,,,
2010-11-24,,-0.0009684806451172849,,,,,,
2010-11-26,0.006228065954210703,,,,,,,
2010-11-29,0.0024300945747229175,0.0017707719746162275,,-0.0006582323693660594,,,,
2010-12-06,,,-0.0009511245054329963,,-0.00203319876821495,,,
2010-12-07,,,-0.001353329124329735,-0.0014576382880748257,-0.002447703459720401,0.001482039426428991,-0.0028517951640639706,
2010-12-10,-0.0016935375681141358,-0.0027809475187327835,,,,,,
2010-12-13,,,,,,-9.798392739979413e-05,,
2010-12-14,,,,,,-0.0018527625775689792,,
2010-12-15,,0.00016906066800886053,,,,-0.0014667451598035135,,
2010-12-16,,-1.372635663614418e-05,,,,,,
2010-12-17,,,,,,,-0.0038445705748607444,
2010-12-20,0.0027970604463276707,,-0.0018016914247420673,0.0003485722298266208,-0.002180380518713195,,,
2010-12-21,0.00044173344607193274,,,,,,,
2010-12-22,,,-5.386116841069463e-05,,,,,
2010-12-23,0.0021935842041682628,-0.0009744961560470504,0.0005490164202224324,-0.001370226806632184,-4.0601694730793144e-05,-8.704679320124174e-05,,
2010-12-27,,,,,-0.001206255592956765,,,
2010-12-29,,,,-0.0005333743364896047,,,-0.0028452140562889093,
2010-12-30,,,0.0014162839419499319,,,,,
2011-01-07,-0.003610440951982225,,,,,,,
2011-01-11,,0.004105360240671766,,,,,,
2011-01-12,,,,0.005796513369178507,,,,
2011-01-13,-0.004090629911577409,,,,,,,
2011-01-14,,,,0.004230279614746423,-0.007984917791605067,-0.004881239746827402,,
2011-01-18,,,,,,0.004317727791980514,-0.000761194654115411,
2011-01-19,,,,0.0058227636274509244,,,,
2011-01-24,-0.000718315436434822,-0.000498463213097218,,,,,,
2011-01-26,,,0.0033633369130321228,,,,,
2011-01-28,,,0.017330413570005875,0.01376141048715893,0.013777926644069296,,,
2011-02-03,,,-0.0020175717265214607,-0.0007985731876086133,-0.004023348055581935,,,
2011-02-04,,,,,,0.000475671326029964,,
2011-02-07,-0.0013013725756446512,,,,,0.004713654010857436,,
2011-02-08,0.00430371094520562,0.009840917338161443,,,,,,
2011-02-10,-0.001181109970685144,,,,,-0.004473702283267391,,
2011-02-11,,0.001002247580517893,,,,,,
2011-02-14,,0.003497563120769401,,,,,0.004071566552163084,
2011-02-15,,,-0.001212080504924203,-0.0010704941138514903,0.0004937367687281807,,,
2011-02-16,,,,0.003706522074651898,,,,
2011-02-17,,,,,,-0.001998674375717393,,
2011-02-25,-0.00030759701769301535,0.006132329668356547,,,,,,
2011-03-07,,,,,,,-3.1424359073005646e-05,
2011-03-10,,,0.006928901374823614,0.00998296568133993,,,,
2011-03-14,,,,,,0.009871658612648259,,
2011-03-15,0.01423841535674194,0.013801533313173846,,,,,,
2011-03-17,,,,,,,0.011258427535132622,
2011-03-18,0.01080784568380724,,,,,,,
2011-03-21,,0.006539745183431139,,0.0046010750012161,,,,
2011-03-22,0.0015173055519847709,,,,,-0.0008124536025376316,,
2011-03-23,0.0034774960406358957,,0.0009924933576110223,-0.0012978999653158088,0.0016334116985674276,,,
2011-03-28,0.0081676847179568,,,,,,0.000830152914144374,
2011-03-30,-0.004246145965921462,,,,,,,
2011-03-31,,,,,,,0.005977262596095063,
2011-04-01,,,3.9656253066326224e-05,0.0010360443766480245,-0.0007812791217350862,0.006961752711704437,,
2011-04-05,,-0.008428312200931088,,,-0.0018541069492814862,-0.0014039001169466555,,
2011-04-08,0.005492113662170743,,,,,,,
2011-04-14,0.004896679168852984,,,,,,-0.0007744784233376955,
2011-04-15,,,,,,,0.0008868154197029042,
2011-04-18,,,,0.005227497514130114,,,,
2011-04-19,,0.007906078439379304,,,,,,
2011-04-20,,0.009999053822981179,,0.01070531533372052,0.01210583452257992,,,
2011-04-21,,,0.004493168656397145,,,,,
2011-04-25,-0.00013169466420095556,,0.0005538014910492061,-0.0017109958497678976,-0.0024529954826809637,,,
2011-04-26,,,0.002964188186677315,,,0.001979666704304084,,
2011-05-10,0.0014678111005228093,,,,,,,
2011-05-11,0.003220062481359049,0.010199432705230964,0.0005780085939089327,,,,,
2011-05-13,,,,,,-0.00416616524418875,0.0007269832643973695,
2011-05-17,0.004357385045778389,,,,,,0.007004684788947112,
2011-05-18,,0.0048043082773701505,,,,,,
2011-05-19,0.0018164241093491526,-0.0015772014995016775,,,,0.00037359544132852494,,
2011-05-20,-0.008319979804950476,,0.0012596702489585119,0.0017971971510407565,0.0012638903391970508,,,
2011-05-24,,0.005202276991478953,,,,-0.002193604713538707,,
2011-05-25,,,,-0.0026232504587228155,-0.0025686262463404134,,,
2011-05-31,,,0.010569393977260574,0.006672013639028815,,0.006360696000721081,,
2011-06-07,,,,,-0.005937276670916893,,,
2011-06-09,,0.0033297114145613574,,0.0007717886328000821,0.0013044071429065803,,,
2011-06-10,,0.002954623654225199,,,,,,
2011-06-14,,,0.004817880576722179,,,,,
2011-06-15,,,0.009447888679264172,,,,0.0069497463394937505,
2011-06-16,,,,,,,0.009865945880726796,
2011-06-17,0.003792451136498783,0.00020477871967578936,,,,,,
2011-06-22,0.002767221163521801,,,,,,,
2011-06-23,,,,0.001666040310704959,0.003434984809751976,0.008168491565587188,,
2011-06-29,,0.00447154600462044,,,,,,
2011-07-01,,,,,,,-0.00140092409183155,
2011-07-05,,,,,,-0.0019108428903529579,,
2011-07-06,,,0.0009039988291485656,-0.0012731490853459385,0.0009978883004858729,,,
2011-07-07,,,,,,,0.010815884011754822,
2011-07-15,-0.002970230891231616,,,,,,0.0018056066303891196,
2011-07-18,,,-0.001962163338543358,0.0009250165340163082,0.0010944952473399268,,,
2011-07-21,,,,0.006619697330636353,0.0069562668196004734,,,
2011-07-26,-0.003322156896774441,,,,,,,
2011-07-27,-0.0020100372717195905,-0.0023709171645241306,0.012653322412134514,,,0.003267519412249999,,
2011-07-28,-0.003438574334437242,,,,,,-0.0007056137599889254,
2011-08-02,,0.0012333487297905323,,,,,,
2011-08-15,,0.002943388849449796,0.0024159027031539467,0.003588917567303108,0.003685327756118426,,0.00202777973775443,
2011-08-16,,-0.0023854502301055664,-0.0017853980333874225,,,0.00020622548279589355,,
2011-08-17,0.0010334574330552713,,,,-0.002419261733846516,,,
2011-08-18,0.00769744364802964,,,,,,0.00885642969835073,
2011-08-19,,0.009846658182729385,,,,,,
2011-08-25,,,-0.0003800778153951935,-0.0008128201877835504,,,,
2011-08-26,,0.0007362933976715822,,,,,,
2011-08-29,,0.0017762257383400995,,,,,,
2011-08-30,0.001818895740430133,-0.004885439152542007,0.001569938907299334,,,-0.0035305356111970743,0.0031468059920458824,
2011-09-01,,,,0.0011159658921185943,-0.006467611695251361,,-0.002751537576188869,
2011-09-02,0.009910465440726726,,,,,,0.0043055558561383685,
2011-09-06,,,-0.0014137748186025911,,,,,
2011-09-08,,,-0.0013075163946710583,,,-0.00036819519203853664,,
2011-09-09,,,,0.007297380170270909,,,,
2011-09-14,-0.0026167250926387893,,,0.0030213156902053184,0.0030747361142400326,,-0.0007074380136647212,
2011-09-15,,0.0050270183141090255,,,,,0.008169108565669029,
2011-09-16,,,,,,,0.008506545450797789,
2011-09-19,,,-9.678605857934036e-05,5.322207176557718e-06,8.429406099300535e-05,0.0047236204884652366,,
2011-09-28,0.006590670587544413,,,,,,0.0031760798440337488,
2011-09-29,0.006108337748221317,,,,,,,
2011-10-03,,0.002045489901319489,0.008260281098470925,,,,,
2011-10-04,,,,,,,0.0029246851685315175,
2011-10-06,,,,,0.005255881114668747,,,
2011-10-10,,,0.007374421099460692,0.006166584234668958,0.006113819001794219,0.003425618556771957,,
2011-10-11,,0.0008669961806086965,,,,,,
2011-10-12,,,0.0008229508905174006,0.0019058009314534554,0.0019497176415106399,0.003885361336030565,,
2011-10-13,,0.005005159534403737,-0.0030171002913774816,,,,,
2011-10-17,,,,,,,0.007105414919117472,
2011-10-20,,,,,,0.004150809120929207,,
2011-10-25,0.008593281883384048,,,0.0025126838831571745,0.0030001973082681636,,,
2011-10-31,,,0.0035787264303607158,0.006054687930332729,0.0062399103137475605,0.00598469461549684,-0.0001299303200493838,
2011-11-02,,,,,,,-0.0014556964928573377,
2011-11-07,0.005887462487345947,0.002938667988150499,,,,,,
2011-11-09,,0.003731657692692038,,,0.006785235389889723,0.003843593165966513,,
2011-11-11,,0.0028085883587825764,,0.004405540716902254,0.005599826269087999,,,
2011-11-14,,0.0032359992015042784,,,,,,
2011-11-15,-0.0006287481599170475,0.0021089306837982743,0.00047556688095152464,-0.0017514641840079563,-0.0022109198732386454,,,
2011-11-16,,0.004035068913315584,,,,,0.0008930410272466557,
2011-11-18,,,,,,-0.0013777942989495055,,
2011-11-21,,0.0070701540055121085,0.006209045957044048,0.005083427132397474,0.006620441558264592,0.006982168573878958,,
2011-11-29,-0.0006382521604787396,,-0.0007237521448172541,,,,,
2011-11-30,,,,0.012257444718333779,,,,
2011-12-02,,,,-0.0019607577464592794,-0.00149122354993725,-0.0017317658817061197,,
2011-12-06,,,,,,0.002062107722542896,,
2011-12-08,,0.005140458880131825,,,,,,
2011-12-12,0.010200282458292569,,,,,,,
2011-12-13,,,0.000919653092445534,,,,0.00319849648141992,
2011-12-16,,,,-0.001958177192798089,-0.003613653213979978,,0.005048945341295713,
2011-12-19,-0.0004867394219597037,0.0039664208623803624,,,,-0.005551441358522313,,
2011-12-22,,,,,0.0014066649478770782,,,
2011-12-23,-0.0014450930138650204,-0.0016153061825688291,0.00304194867998492,0.002780988107788633,0.0034707339601018116,-0.0008618425312790186,-0.0012154851498260067,
2011-12-27,,,,-0.0002049983050380195,,,,
2011-12-28,0.007573870767829168,,,0.003724249560612318,0.003913643053543788,0.004946204816845231,,
2012-01-03,,,0.005644477465576903,0.003821837198396845,,,0.015608331361460968,
2012-01-09,0.0021492732273463945,,,,,,,
2012-01-10,,0.004194225597368893,,,0.0017028110090763996,,,
2012-01-12,0.0003400880240043692,0.000388096845167599,,,-0.0029207671813213246,,,
2012-01-13,0.003840800276827072,,,,,,,
2012-01-18,,,0.004044951711563235,,,1.7727584977650204e-05,,
2012-01-19,-8.80823741478417e-05,,,,,,,
2012-01-20,,0.008189575802651288,-0.0007568529838548989,,0.0035455620641611906,,,
2012-01-23,,,-0.0017190896933621264,-3.923410025234425e-05,,-0.0003329553018337653,,
2012-01-25,0.008683749759859602,,,,,,-0.0027826115557798544,
2012-02-03,,,0.0052584806769039845,0.006148291009495936,0.0052659584618048524,0.005103963440908525,,
2012-02-07,,,0.0006923224991202784,-0.004097905159001022,,,,
2012-02-10,,,,,,,0.00037777446243619073,
2012-02-14,0.0006843143113254054,0.002021502892705714,,,,-0.003657087515561596,,
2012-02-15,0.00023897603406060363,,,,,,0.0021012800191853175,
2012-02-21,,,,-0.0008856951046208662,-0.0005275697744005558,,,
2012-02-23,,0.010161901482158479,0.00030920138424459366,,-6.089712200092484e-05,,,
2012-02-27,-0.0008021157723387418,,-0.0008012423257465228,-0.0010089046640145015,,-0.0023256596414752404,,
2012-02-28,0.0034408429317852197,,,,,,,
2012-03-05,,,,,,0.0019576755731191223,,
2012-03-06,,,,,,,0.004332122895086388,
2012-03-08,0.0038644641946272403,0.0013689730894883708,,,,,,
2012-03-09,,-0.005959209805509489,,,,,,
2012-03-12,,,-0.0018624020373711537,,-0.001020654464607169,,,
2012-03-13,,,,0.011577230397291294,0.0118020764297064,,0.0023129144593687485,
2012-03-15,,,,,0.0013612546648011498,,,
2012-03-19,,0.002210427939281716,,0.0015839109214667664,,-0.00151241624725109,,
2012-03-20,,,,,,,0.003015574246043745,
2012-03-21,-0.0008534888301036364,,,,,,,
2012-03-22,,0.005495962135639164,,,,,,
2012-03-27,,,,,,,-0.0021474782158190835,
2012-03-28,0.007936155845183217,,-0.006057643271798613,,,,,
2012-04-02,,0.004557514463118078,,,,0.006074249623319079,,
2012-04-03,,0.0007481880163838372,,,,,,
2012-04-04,,0.017550239975735116,,,,,,
2012-04-05,,0.00496076234230545,,,,,,
2012-04-09,,,-0.0002298280436232303,0.005892864177100997,0.00527106658943141,,,
2012-04-10,-0.006819877532240667,0.0008436821795210171,,,,,,
2012-04-12,-0.0074330581375783794,0.0077002458805620734,0.0032945912158360395,,,,0.002885349384002733,
2012-04-16,,-0.00025666569974070255,,,,,0.00812557453691254,
2012-04-17,,0.0020235589958901576,,,,,,
2012-04-18,,0.0011126031884506084,,,,,,
2012-04-19,,,,0.0030299978995095554,0.0033989424644230498,0.002367160695167715,,
2012-04-23,0.0028453826466319377,0.009055546641490542,,,,,,
2012-04-25,,,,,,,-0.006279894788555263,
2012-04-26,,,0.003009254643865332,,,,,
2012-04-27,0.0012702275239883918,-0.0016484273104340785,,,,,-0.003564006740189662,
2012-04-30,,,,,-0.0015372909748626608,,-0.0025483626179599555,
2012-05-01,,,-0.002522068872066342,,-0.006553304481551069,,,
2012-05-02,,,,,,0.0024592395871312553,,
2012-05-08,0.010515889014273536,0.004347110622051622,,,,,,
2012-05-11,0.0032074616481248485,0.0010150888106138865,-0.0039043325970284436,,,0.001277220760488733,,
2012-05-15,,,-0.0075520060164272545,,,,0.0015937033441643393,
2012-05-17,,,,,,,0.020033604228072228,
2012-05-21,,,,,,-0.0011686572809595306,,
2012-05-22,0.00420445237166723,0.00101015223289138,,,,,,
2012-05-23,,,,,,0.004088166070756005,,
2012-05-25,,,,-0.004047109667972525,,,,
2012-05-29,,,0.004854332549913387,0.00436945607272477,0.002796539966204414,,-0.0010838346238117818,
2012-06-05,,,,,-0.00148018553030007,-0.0027229087780679963,,
2012-06-06,0.002967986166827362,,,,0.016831287307530297,,,
2012-06-07,,0.0068203897850835785,,,,,,
2012-06-12,,0.0025193668430685645,,,,,,
2012-06-15,,,0.005013438025969425,,,0.003994032696493346,0.0018824128147381918,
2012-06-18,-0.001409818326855267,,0.0040457234840467595,0.0003371305336757453,-0.0021574445466972085,,,
2012-06-19,,,,0.00429770231284077,0.0025653771253554324,,,
2012-06-20,,-0.000469493320265512,-0.003835439319987146,,,,,
2012-06-21,,,,,,-0.0053209982664285,,
2012-06-25,0.005935407365453482,,,0.005476367550469032,,0.008965983083209403,,
2012-06-27,,0.0005951632768784027,0.0016209750173820268,,,0.004171055699809231,,
2012-06-28,,,0.00418038322176797,,,,0.006183079912597975,
2012-07-03,,,,0.002951812090716019,,,,
2012-07-05,,,,,-0.002929336162085225,-0.0013208141674977264,,
2012-07-10,0.00040422329585607753,-0.006092234492757013,,0.0021673717579760413,0.0015695459572898107,0.0004207888083654831,,
2012-07-12,0.0030548029205580314,,,,,,,
2012-07-17,,,-0.004921995119188722,,,,-0.0019316083754335276,
2012-07-20,,-0.0014569858058941425,,,0.0034807916098902776,,,
2012-07-24,,0.001411269127711279,,,,,,
2012-07-27,0.0007455086823938797,,,,,,,
2012-07-30,,0.005979788543591602,,,,,,
2012-07-31,,,,0.0007425021094496259,0.0015757278944248019,,0.001969335486941056,
2012-08-01,,,0.001023454113588562,0.0015754607741485394,0.0013936239644939572,,,
2012-08-02,,,,,,-0.013168255803433723,-0.0018318210853199804,
2012-08-06,,0.00022556826862893078,,,,,,
2012-08-07,,0.002171380433492268,,,,,,
2012-08-08,-0.0013553709904084409,,,,,,,
2012-08-09,,-0.0008220861533028532,-0.0004073147731415453,,,-0.004031923951045712,,
2012-08-10,,,,-0.0035206467181283408,-0.004817007210467906,,,
2012-08-15,,,,,,-0.0011210546468308647,0.0065257144325230314,
2012-08-16,,,0.006180280387408677,0.00350429268436736,0.0028830510091290497,,,
2012-08-20,0.0006788543003906362,,0.0006413832932621803,-0.001980773108306564,-0.0018628358627458407,-0.0012732364901674015,,
2012-08-23,,0.010773193770170506,,,,,,
2012-08-30,0.002428591239592929,,,,,,-0.0013328958544778207,
2012-09-06,0.0034120397457286776,,,,,,,
2012-09-10,,,0.006840263653414772,0.0010589547091375,0.00047373599504870525,,,
2012-09-11,,,,,,0.004292413930394718,0.0007717523897768996,
2012-09-12,,,,,,,0.0011316968727725573,
2012-09-13,,,,0.011195772125270953,,,,
2012-09-18,,,-0.00018482699657571813,,,,,
2012-09-19,-1.2609060284019705e-05,,0.0009722390907204873,-0.0006749829738357197,,,,
2012-09-20,,-0.0016098020040523572,,,,,,
2012-09-25,0.0004198289052453284,-0.0026295892466294667,,,,,,
2012-09-27,,0.007452681941686762,,,,,,
2012-10-03,,,,,,,0.011525070546361978,
2012-10-05,,,0.0006564895449101611,,,,,
2012-10-08,,,,,-0.0014037476758531793,,,
2012-10-09,,-0.0016455823528560756,0.010350581189527757,0.007000381384546423,0.005482167537132839,0.0030333649829191495,,
2012-10-11,0.0016775359502484708,,,,,0.0018256438849728871,,
2012-10-12,,0.004480968149107644,,,,,0.0005316570755525716,
2012-10-15,,,-0.006911618586429864,,,,,
2012-10-18,0.0010723390409927592,,,-0.002762492883359058,-0.0015329528131926813,0.001880677734694225,,
2012-10-19,,,,,0.012162289292594212,,0.015710267336607544,
2012-10-23,,0.004289192880929049,,,,,,
2012-10-26,0.00025454514513859066,-0.0007989758988190526,,,,,,
2012-10-30,,,,,,0.003830875711795085,,
2012-11-01,,,0.005473672536519478,0.0049656198267905025,,,1.2008649171756687e-05,
2012-11-02,,,,,,,-0.011742390522025942,
2012-11-06,,,,0.004666391080449851,,0.0023245099475188314,,
2012-11-13,0.0024464855106929033,-0.00018449939032905027,0.0033583377052616237,-0.006099464716782165,-0.006876369920900435,,0.0012102030510767387,
2012-11-14,,,,,,,0.0026455844694019764,
2012-11-16,,0.003160390267232543,,,,0.005512763505007321,,
2012-11-19,,0.009778691041897138,,,,,,
2012-11-20,,0.0024949411124808455,,,,,0.002707470582709372,
2012-11-21,,0.004550576861461119,,,,,,
2012-11-22,,,,,,0.0031102227821000025,,
2012-11-23,0.010008906491972804,-0.010023500733583905,0.008100610685830465,0.009007020021343359,0.009273775369326847,0.0035876511890147018,,
2012-11-27,0.0029947665243695606,,,,,0.0005509499950841437,,
2012-12-03,,,-0.0026345047101995057,,,,-0.002091300551510857,
2012-12-11,,0.0017842228922797115,,0.003167099741700869,0.0028667021477952366,,,
2012-12-12,,,,,,,0.0038487181824001172,
2012-12-13,,,,,,-0.00033502977218780267,,
2012-12-17,-0.001299881982755424,,0.005049955897890183,,,,,
2012-12-18,,0.005330374965049964,,,,,,
2012-12-19,,,,,,,0.004033971294294751,
2012-12-20,,,-0.0006141165424499254,,,-0.0028650321902143196,,
2012-12-21,,,0.0036974255614323588,,,,,
2012-12-26,,,-0.006418826227891234,0.002582915107325388,0.0006501933366810593,,,
2012-12-27,,-0.002868477794361278,,,,,,
2012-12-28,0.0005082706195077669,,,,,,,
2013-01-04,,,,,,,0.0008255410173852028,
2013-01-07,,,-0.0017135440979234946,-0.0016175350858692354,-0.0007081029138350663,,,
2013-01-10,0.006696804280503856,0.006732614603861654,-0.005317462328348329,0.0033292496716821364,,,,
2013-01-11,0.0054136512263981106,,,,,,,
2013-01-14,,,0.0005264260806395384,-0.0018240909947511623,0.00014543372895482143,,,
2013-01-22,,,,,,0.0012129993278395133,0.007924874373074972,
2013-01-24,,,0.008206613407096379,-0.0030438649252188163,,,,
2013-01-25,,0.005583968128012845,,,,,,
2013-01-28,,0.004580045268247519,,,,,,
2013-01-29,0.0022305774677444015,,,,0.0020359444531078486,,,
2013-01-30,0.00866119683203201,,,,,,,
2013-02-06,,,,,,,-0.002646324273010853,
2013-02-07,,0.005005250948245654,-0.001961965461944468,,,,,
2013-02-11,0.008281178612188213,,,,,,,
2013-02-12,,,0.0009321438743868601,0.0001675183419646873,0.0012038425185185253,,,
2013-02-18,,,,,,-0.005362713210307842,,
2013-02-19,,,,,,,0.00481161501847059,
2013-02-25,,0.006805002502870755,,,,,,
2013-02-26,,0.0030152038521528437,,,,,,
2013-02-27,,0.003650930811944741,,,,,,
2013-03-01,,,,-0.002272189018303968,,-0.0023395547090115753,,
2013-03-04,,,,,,,-0.0026212849049246294,
2013-03-05,-0.003240506349059164,,,,0.007820132063722805,,,
2013-03-07,,,,-0.0010251162186831679,7.107439319583384e-06,,,
2013-03-08,-0.0014726375765882662,,-0.00014351712921000667,0.0025677664844052186,0.0022749653134226796,0.0012769702655176527,,
2013-03-12,0.005830866579467274,0.0019477305988131435,,,,-0.003017453148595016,,
2013-03-15,,-0.0004430934168905174,0.0005594288067845638,,,,,
2013-03-18,,-0.0015251108701648851,,,,,,
2013-03-19,,,,,,,0.011034859261913449,
2013-03-20,0.0019022142504643543,,,,,,,
2013-03-27,-0.006074964046854331,-0.0008109206221124377,0.0006364922712920032,,,0.005335295508266265,,
2013-03-28,,,,,,,-0.007256631094204724,
2013-04-01,,,,-0.000975624685163278,-0.0015999001209765732,,,
2013-04-02,,0.011011996324472065,,,,,,
2013-04-09,,,,,,-0.00032177663845590334,,
2013-04-11,,,,,,,0.003891373952838629,
2013-04-12,,0.022786018655886486,-0.0023627232385138347,,,,,
2013-04-15,,,,,0.014757403993866587,,,
2013-04-18,,,,,,,0.005848464949637527,
2013-04-24,-0.0015395441938757322,,,,,,,
2013-04-25,0.007317744077078219,0.013165769513985544,0.0007018125017076036,0.0006318037763741958,-0.0036402575480154182,,,
2013-04-26,,,0.00011634216561247284,,,-0.002698413754911413,,
2013-04-29,,,0.004175478086620359,,0.00449068336793394,0.001406898605155705,,
2013-04-30,,,,,,0.0019406087726248395,0.0022156590904986962,
2013-05-06,,,0.000566072768879498,,,,,
2013-05-07,0.004275606022044395,,-0.001251577061587529,0.002664742763667236,0.003807349273812108,0.0013817760991047174,,
2013-05-09,,-0.0034308379763444167,,,,,-0.005454450440084186,
2013-05-10,,,,,,,-0.0031390478838993945,
2013-05-14,,0.0011892411883068967,,,,,,
2013-05-15,,,,,,,0.002842967699348379,
2013-05-21,,,,,,-0.006747282982511143,-0.0020335140383859634,
2013-05-22,,-0.0012290441227976647,,,,,,
2013-05-28,0.002151521782304224,0.0016377654134221765,,,,0.006133472283846759,,
2013-05-30,-0.005972289863014232,0.0027917725848230768,,,,,,
2013-06-07,,,,,,,0.0021569360826362875,
2013-06-11,-0.000486656906408965,,0.006885576075733139,0.006358094262511438,0.0050718709628379275,,0.0031372689808711125,
2013-06-12,,0.0007831118409031955,,,,,,
2013-06-17,,0.0024570088984680193,,,,0.001015979663471443,,
2013-06-18,0.004277507348491657,,,,,,0.008604934977471427,
2013-06-19,,0.0003246806136591929,,,,-0.002611578799678225,,
2013-06-26,,,,,0.004446906515832727,,,
2013-06-27,,,0.001548019978168607,,,,,
2013-06-28,,,,-0.0001288654876413341,,-0.003473426870166349,,
2013-07-09,,0.00013864933561903787,,0.0029557557982979976,0.0014334437501852214,,-0.00037384944684321856,
2013-07-10,,,0.0025354022654195374,,-0.001946261629316607,-0.004494299429176736,,
2013-07-11,,,0.01383770545443995,0.007228884524643157,0.005320048307471619,,-0.00028156464733985787,
2013-07-12,0.0002505746648943462,,,,,0.001328237689168419,,
2013-07-15,,,,0.0006065740651069443,-0.0012182503588719215,,,
2013-07-16,,,-0.0013076806519937755,0.0005119305822239408,-5.64045865488621e-05,,0.0004161632199735393,
2013-07-17,,0.0031527460423097643,,,,,,
2013-07-19,,-0.00016672230877580897,,,,,0.005810576232765419,
2013-07-22,0.012485165375331586,0.014026231011635646,0.0011887245105569747,,-0.0004721911530766018,,,
2013-07-30,0.0012261302473911074,0.0021362249772998877,,,,,,
2013-08-02,,0.003719725374864428,0.003705245275415449,,,,,
2013-08-05,,0.0023135483426499313,,,,-0.0025294153151264316,,
2013-08-06,,,0.0030575322716021153,0.0030073602097980953,0.0039415572568866335,,,
2013-08-08,,0.010061379303718353,,,,0.0016510056296106072,,
2013-08-12,0.005980993718130467,0.012936328824328073,,,,,,
2013-08-15,,,0.014302377303178241,,,,,
2013-08-20,,0.0006941233427248296,,,,,0.004988573532670018,
2013-08-21,,0.0008651015277805894,,,,,,
2013-08-22,-0.002168904994554917,,,,,0.006101957092733167,,
2013-08-23,,,0.005583578889375164,,,,,
2013-08-26,,,-0.0014185277873295175,-0.005046827239977221,,,,
2013-08-27,0.005727523948154821,,,,,,,
2013-08-28,,0.002582221136222827,,,,,,
2013-08-29,0.0013819238864294391,,,,,,,
2013-09-03,,,,,-0.0016523763874403384,,,
2013-09-06,,,-0.002089009482883759,-0.0014584160582241609,-0.005321984678871084,,0.00265445791414217,
2013-09-10,0.007741376218777585,0.005437911442390725,,,,,,
2013-09-12,,0.0074506068807133966,,,,-0.0017925465391710142,0.0016053343623985861,
2013-09-13,,,,,0.0014486425613729154,-0.0017281861248732834,-0.0040748124444013175,
2013-09-18,,-0.006407855290680137,,,-0.012203740700828102,0.0005405765776009525,,
2013-09-20,,,0.0019008248814502931,,,,,
2013-09-25,,-0.0002142842325395155,,,,,,
2013-09-27,,-0.0010311896099357504,,,,,-0.004263966584422827,
2013-09-30,,,,0.003034221572519262,,,,
2013-10-02,,,,,-0.0018914802632158515,,,
2013-10-07,0.0018688935799021688,,,,,,,
2013-10-09,0.004332075900885254,,,,,0.0019826385637471268,0.004207906417849212,
2013-10-10,,-0.00044157333462591526,,,,,,
2013-10-14,,,,,,-0.00352722402374422,,
2013-10-17,,0.006793835122233196,0.0039327653074036585,,,,,
2013-10-21,,0.004021082720181586,,-0.0007624589688338137,,,0.006137399443562075,
2013-10-22,0.007607913908443113,,-0.0035106220014151372,0.002833252585930914,0.002683330575504404,,,
2013-10-24,0.0048914721484188154,,,,,0.0028745136700805427,,
2013-11-05,,,-0.0005333529334026731,-0.0010279161155326477,,-0.0003723455848710469,,
2013-11-06,,0.0005603647666396278,,,,,,
2013-11-07,0.0013820381395821175,0.000981405841659255,,,,,,
2013-11-12,0.003576516700877971,0.00672409505564383,,-0.00017786671917723355,-0.0011031135970091762,,-0.004493323051429704,
2013-11-18,,0.0050744679420133935,0.004811161012587017,,,,,
2013-11-19,,,,,,,0.007155583995130629,
2013-11-20,,,,,,-0.0034235214477605913,,
2013-11-22,,0.0006806426383503626,,,,,,
2013-11-25,,-0.00011384920102455697,,,,,,
2013-11-26,,5.5469446843220066e-05,,-0.003431730331728746,-0.0030648947170870793,,,
2013-11-27,-0.002421536532759586,,,,-0.0021156493727774845,0.002047995813753491,,
2013-11-29,,,,-0.0019335473534611313,,,,
2013-12-02,,,4.9223065054175825e-05,,,,,
2013-12-09,,,,,,,0.007312861168286036,
2013-12-10,,,-0.0007662497843330017,0.0017769360758714367,0.002493086962904615,,,
2013-12-12,0.010565327946015435,0.01276643766194498,,,,,,
2013-12-16,,,,,,,0.006856770640996392,
2013-12-18,-0.0018986104490776006,-0.00393800959929188,,,,,,
2013-12-19,,,,,,,-0.0004162523467493255,
2013-12-20,,,0.007458121432099671,,0.0009901294008799917,,,
2013-12-24,,,0.00043730370459727836,0.0013774405429254851,,,,
2013-12-26,0.003201812698812691,,0.0023965897349511535,0.004198714018231001,0.006759113948189915,,,
2013-12-30,0.003898092409257461,0.005337941804170127,,-0.0010046761704591654,,-0.004478988347301092,,
2013-12-31,,,,0.0027675530037839084,0.00394759084964718,,,
2014-01-08,,,,,,,-0.00430611399545159,
2014-01-09,0.0005698873443259914,,,,,,,
2014-01-10,0.007205727609618376,,,,,,,
2014-01-17,,,0.002026086690531693,0.0005970931229265151,-0.0018601403088740187,-0.0017067848176449815,,
2014-01-22,,,,,,,-0.008603784325888503,
2014-01-23,0.009221148201984778,0.0025197252835402004,,0.006922473479512439,,,,
2014-01-29,,,,,0.005640375480511658,,,
2014-01-30,0.009016362144550764,0.007295147855810938,,,,,,
2014-01-31,,,,,,,0.006820056265103335,
2014-02-05,,0.006806093577483314,,,,,-0.0012651243137138674,
2014-02-06,,,,,,0.006852571847799364,,
2014-02-07,,-0.0003561381773540746,,,,,,
2014-02-10,,0.0028494112465817516,,,,,,
2014-02-11,0.00576950684870721,0.0002484015323159823,0.006870385034605546,0.007780709351158217,0.009166632757956632,0.009002432308317,,
2014-02-13,0.0017442364804616654,,0.004125072398736608,,,,,
2014-02-14,,0.01980663912312715,,,,,,
2014-02-18,,,,,,-0.0021512250689875514,,
2014-02-19,,,,-0.006411992437254928,-0.006833554325193858,,0.009668370705258087,
2014-02-21,,0.0010957487874678038,,,,,,
2014-02-24,,0.004006715942286154,,,,,,
2014-02-25,,0.0008971128453554375,,,,,,
2014-02-26,0.002327345356423186,0.01161149369581203,,,,,,
2014-02-27,,-0.001571643015906382,,,,,,
2014-02-28,0.0015039454082627398,,,,,,,
2014-03-05,,,0.000664225888064386,,,,,
2014-03-06,-0.008109513789927305,,,-0.00023871376553092345,0.0002771817637364295,-0.0014009124623645033,,
2014-03-12,,,,,,,-0.0021299631504294422,
2014-03-14,,0.002965084134164133,,,,,,
2014-03-18,,,,,,,0.00982885151987468,
2014-03-20,,,,,,-0.005494962407745132,,
2014-03-21,0.000882630692150134,,,,,,,
2014-03-24,0.011990629293950786,,,,,0.005385195036340825,,
2014-03-27,,,,,,,0.0018989795016447586,
2014-03-28,0.00036124258969767243,-0.002378501902884443,,0.0005153465320334024,0.0006879399940565234,0.0060952303797709865,,
2014-03-31,,,,,,,-0.0017352467079148081,
2014-04-01,,0.0007509844822308824,0.008251450977580848,,,,,
2014-04-02,,0.007365658275145216,,0.0019715496603654433,-0.00016050916331151032,-0.0014938832747557783,,
2014-04-03,,0.004607146534577743,,-0.0027602127200223488,-0.001481190655220901,-0.0020766860174114793,,
2014-04-04,,0.002418811545164571,,,0.006434057208538919,,,
2014-04-08,0.0021925814125520076,,,,,,,
2014-04-11,,,,,,,-0.004700152110008947,
2014-04-14,0.0020635370623742428,,,,,,,
2014-04-16,,0.0025662348193461406,,,,,,
2014-04-17,,,0.00010167850431127778,0.0006240434963089801,,,0.003172940252789464,
2014-04-21,,0.004999212282783905,0.0012951751184308619,0.0005133427337129343,,,,
2014-04-22,,-0.0004726220839008671,0.00449963878934964,0.00281190893475994,0.0023213472396366092,,,
2014-04-23,,,0.001591903396426588,,,,,
2014-04-24,0.0012665949858630958,-0.006870922951304745,,-0.002289312492648899,-0.0015931440616684764,-0.0014068539950361305,,
2014-05-02,,,,,,-0.0005845983459182113,,
2014-05-07,0.010184147454819931,,,,,,,
2014-05-09,,,,,,,-0.003247418514963602,
2014-05-12,-0.004836107646032746,,,,,0.0053144101206576595,,
2014-05-13,,,,,,,-0.009440488599679607,
2014-05-14,,,0.0022098523442192364,0.0034384643353290705,0.0045965970488541655,,,
2014-05-15,,,,,,-0.008633870981320966,,
2014-05-16,,0.0030361719309870885,,,,,,
2014-05-19,-3.7387208036004926e-05,,,,,,0.0060539499660302665,
2014-05-20,-0.0005857441432714289,,,,,,,
2014-05-22,,0.004047071505669714,,,,,,
2014-05-23,,,0.002934977960700231,0.0015840194195043665,0.0018273781589877645,,,
2014-05-27,,,,0.00487064888665752,0.003134434258290043,,,
2014-05-29,0.0016987017032590167,0.0006173027548403264,0.001498900921910501,0.0023230552724888545,0.0008315862963151527,,,
2014-05-30,,,-0.0035616511804476437,,,-0.0021967279483211823,,
2014-06-04,,,,-0.005261230651324785,-0.003440438913609194,,,
2014-06-05,,0.007583435193847731,,,,,,
2014-06-09,,,-5.010689209144079e-05,,,,,
2014-06-10,0.002167118971970088,,,,,0.0001223891867729763,,
2014-06-11,,-0.0006627100915295929,,0.0001064045931470322,,,,
2014-06-12,,0.009859341952988274,,,,,,
2014-06-13,,0.002592523716259776,,,,,,
2014-06-16,-0.002544443137390507,,,,,,,
2014-06-17,,,,,,,-0.002941075049091414,
2014-06-18,,0.00045240851731802984,,,,,,
2014-06-19,,,,,,0.001962821078773645,,
2014-06-20,,,,0.001138522351759439,0.0009505368459843688,-0.004720609646686951,,
2014-06-23,,,,-0.0024254729052527375,-0.0016037672010182085,,,
2014-06-24,,0.002240289833671662,-0.001068697067774814,,,,,
2014-06-25,,0.0009463117003606433,,,,,,
2014-06-26,,-0.000586126553584223,,,,,,
2014-06-27,,-0.00016080708528560747,,,,,,
2014-07-03,0.0037399730467880215,,0.004238990651658024,0.004915047123604979,0.00542207478272292,,,
2014-07-07,,,,,,0.008002015485450067,0.0006861801199404787,
2014-07-10,,0.006046135679479405,,,,,,
2014-07-14,0.018421266103038167,0.013387685455690603,,,,,,
2014-07-17,,0.006734603735722352,0.011822560876282891,0.011180170601039003,0.006164660543389119,,,
2014-07-18,,,,,,,0.008200122985169147,
2014-07-21,,,,,,0.002334559345726413,,
2014-07-23,0.0008142293839828204,,0.004151127647333203,,,,,
2014-07-24,0.008012563446528488,,,-0.0013998412160532055,,,,
2014-07-25,,,,0.004172224068266668,0.007220704397160573,,,
2014-07-30,,,,,,,0.003361353374648734,
2014-07-31,,0.003780114702413929,,,,,,
2014-08-06,,0.004342777006443136,,,,0.0006202425669539136,,
2014-08-07,,,,,-8.23263633969273e-05,,,
2014-08-08,,0.000497756721477058,,,,,,
2014-08-11,,,0.004053371957059283,,,,,
2014-08-12,-0.0008137009123067203,0.00444817483808498,-0.0012524227414862739,-0.0004496565347033907,-0.0005513558891988667,,,
2014-08-13,,0.0008314278795197398,,0.0030992577028008785,,,,
2014-08-14,,0.0008780083196833669,,,,,,
2014-08-15,,,0.003716501179710983,-0.004260355755952332,-0.0010864452744127956,,,
2014-08-18,,,,,,,0.0011746370443410455,
2014-08-19,,,0.0035877046160711205,,,0.0037403451019900817,,
2014-08-20,,,-0.0003670158498664906,,,,,
2014-08-21,,,-0.00018635416981592072,,,,,
2014-08-22,,,0.0006451635178383257,,,,,
2014-08-25,-0.0015960140526116425,-0.0002157439350816858,,,,,,
2014-08-26,0.0037575022611517355,,,,,,,
2014-08-27,,,,-0.0011592525843468983,,,,
2014-08-28,0.003969628229531664,,,-0.0006262776789848929,0.00037386340915783304,0.004509071837538489,,
2014-09-02,,,,,,,0.016790619321924837,
2014-09-09,,,,,0.004476020699594802,-0.0002739723337347844,,
2014-09-10,0.002143411406530154,,,,,,,
2014-09-12,0.005211928474093522,,,,,,,
2014-09-16,,,,0.006683329912126123,,,,
2014-09-17,,-0.003758534197652741,,,,,0.015036338312536873,
2014-09-18,,,,,,0.006528305691334318,,
2014-09-19,,,-0.0010307344017086075,,,,,
2014-09-24,0.0017379860088352107,0.00015705685472957527,,,,,,
2014-09-29,0.002412674741764554,-0.002294549010264891,,,,,,
2014-10-08,-0.005030068858264228,0.0010385977973110566,,,,0.005263403253890872,,
2014-10-09,,,,,,,0.0026024279411117797,
2014-10-10,0.0018596752939387228,,,,,,,
2014-10-12,,,,,,,,0.004408386594805525
2014-10-13,,-0.0009775257494258097,,,,,,
2014-10-15,0.005376880269354666,,,,,,,
2014-10-17,,0.0024903599091240323,,,,,,
2014-10-18,,,,,,,,0.002086738453360163
2014-10-20,,-0.00015293605840346154,0.003259598767014601,,,,-0.0063744336972917535,0.0014105705063913276
2014-10-21,,,,0.013383186352304116,0.009250072507625875,0.002160211173444478,,
2014-10-22,0.004294834321642272,,,,,,,
2014-10-23,0.011648268701378616,,0.0032448537232642057,0.00015044476817434763,,0.004218959483182146,,0.011611648676794244
2014-10-27,,-0.00018283407771288728,,,,0.0022506950781273735,,
2014-10-28,,0.0014667071877159348,0.007487340118590788,0.006761695706823499,0.006808967036599333,,,
2014-10-29,,0.0002511335015562012,,,,,0.003448627008040296,
2014-10-30,0.019549426747150152,0.027628565654889588,,,,-0.0031844333891306565,,
2014-11-03,,,-0.00035018491856894467,,,,,
2014-11-04,,,8.57251123970501e-05,0.0003490586037837165,-0.0020630623105515997,,,
2014-11-05,,,,,,,,0.004036289506631925
2014-11-06,,,,0.00226305398494692,,,,
2014-11-07,,-0.009752136909794165,,,,,-3.0455865045152482e-05,
2014-11-09,,,,,,,,0.009033418948726769
2014-11-10,,,,0.0010580956180064986,,,,
2014-11-11,,-0.0004907421000765572,,-5.534761475207834e-05,,,,
2014-11-12,,0.0006004776881620657,0.001106576994205917,-0.0013554213744492694,-0.001487832929709129,0.0056198709348128165,,
2014-11-14,0.011836398807638187,-0.021514689257523624,,,,,,
2014-11-17,,,,,-0.0012835548594117567,,0.009238432497317211,
2014-11-18,0.00511511295148189,0.002287999952059832,,,,,,
2014-11-19,7.257565384206769e-05,0.0023666062367864167,,,,,,
2014-11-20,,0.0032998881565734256,,,,,,0.0064171449640491925
2014-11-21,0.0028752057650470986,0.0059608389025699975,,,,,,
2014-11-24,,-0.00028467779152568435,,,,,,
2014-11-25,,,0.0003887626616659162,-0.0011056206700695752,,,,
2014-11-26,0.00019346511059645046,-0.000498113435842888,0.0025334714361759593,,,,,
2014-11-27,,,,,,0.0007999477880931092,,
2014-11-28,,,,,-0.0008743673710225047,-0.004190885001617898,,0.00055672062010912
2014-12-01,,,0.006820356439023653,,,,,
2014-12-04,,,,,,0.00377983693348985,,
2014-12-08,,,,,,,,0.005706107278863049
2014-12-09,,0.01420159706687524,,,,,,
2014-12-10,,,,,,,0.004442161347753657,
2014-12-11,0.0005576333732083399,-0.0017070372534910509,,,,,,
2014-12-12,,0.00022077910508512593,,,,,,
2014-12-15,,0.007641615946186416,,,,,,
2014-12-18,,-0.0003614920528189123,,,,,0.0021573825149458063,
2014-12-19,,0.0012318445935400114,0.0018846516182177,,,,,
2014-12-22,0.007502646421550623,0.005455071602317822,,-0.00015294445114798073,0.003032276210932674,,,
2014-12-23,,,-0.0025122044959407022,0.000762685051395948,,,,
2014-12-24,,,,-0.002054395262414321,-0.0020533011488501696,,,0.004241470983949537
2014-12-26,,,0.002179411051998891,1.8991611291247017e-05,-0.0018169488753592654,,,0.0027981406051650814
2014-12-29,,,,,,-0.004395913882485232,,
2014-12-30,,,0.0038205617086000915,,0.0014152380274660092,,,
2014-12-31,,,,,,,-0.0036239536386693558,0.0030996613286145298
2015-01-03,,,,,,,,0.02333152915571853
2015-01-06,,0.0065833921778310515,,,,,,
2015-01-07,,0.0010788143607911441,,,,,,
2015-01-09,,0.00016223362929295335,,,,,,
2015-01-10,,,,,,,,0.0034238560262021354
2015-01-12,,0.0021033536602806623,,,,,,
2015-01-13,,0.009655330578397339,,,,,,0.026576779695751954
2015-01-14,,,,,,,0.008020752235042347,
2015-01-16,,,,,-0.000667122230068621,,,
2015-01-20,,,,,,-0.0022210684390643522,0.0011311687238167289,-0.002045251253345464
2015-01-21,,,,0.0006985810338421884,,-0.0043682053814961,,
2015-01-22,,,,,0.008376881807739064,,,
2015-01-23,,0.0005285983941844562,,,,,,
2015-01-26,0.005782507107573613,,-0.002511556247600188,-0.0023851809049909266,-0.0006724362792207338,,,
2015-01-27,,0.0011945020838660008,0.013239004558249808,,0.0071246780370833925,,,
2015-01-29,0.014115598112687817,0.021552267277974296,,,,,,
2015-01-30,,,,,,-0.0028486641510068397,0.02023902475191823,
2015-02-03,,0.0006536908150998771,,,,,,
2015-02-04,,,,,,-0.002924703272671931,,
2015-02-05,,,0.0009064372970697922,0.0020800591450786427,0.0032802986818677893,-0.0011342873041093045,,0.001793971908489542
2015-02-06,,,-0.0012185555398237743,,,-0.0017985000308992454,,
2015-02-08,,,,,,,,-0.000562486712955568
2015-02-09,,0.0056586310280726726,,,,0.0055356507424675055,,
2015-02-10,-0.004774342120666288,0.002701727256112135,0.006613183988078267,0.003630486118425165,0.0013230612096872566,,0.002884176924994918,-0.0016622342811925812
2015-02-11,,0.0013940586343645707,,,,,,-0.0017611205883210188
2015-02-12,,0.0001171931015042946,0.0059995428945630565,,,,,-0.0021897624125640086
2015-02-13,,,,,0.0012226309288469483,,,0.006819499808856702
2015-02-16,,,,,,0.0003815231338986978,,
2015-02-17,,,,0.0006992421674519659,-0.0034829452000328946,-0.00013778561805039008,0.017660093896113747,
2015-02-18,,0.0013745480124339716,0.0003770639453475919,,,,,
2015-02-19,,0.0015537621219280835,,-0.0019937217202794966,-0.00036826112920033813,,,
2015-02-20,,,,,,,,0.00015972715460692074
2015-02-24,,,,0.0014908977705756813,,,,
2015-02-25,-0.0014410014161369657,0.0037720364738048815,,,,,,-0.0007619272303969342
2015-02-26,0.0022766050686606884,0.0023076141002674783,,,-0.0015562302774459714,0.004113722643882832,,
2015-02-27,,,,,,,,0.008557558222335244
2015-03-04,,,,,,,-0.002443370652031276,
2015-03-05,,,,,,,-0.0017245681072965602,
2015-03-09,,,,,,,,0.005651922443852782
2015-03-10,0.003132735328521173,,,,,,,
2015-03-11,,0.005030402234470668,,,,,,
2015-03-13,,-0.0023585801707753447,,,,-0.008163182389269582,,0.003442264137673028
2015-03-16,-0.00047777451560782795,,,,,,,
2015-03-18,,,,,,,-0.009835923976522063,
2015-03-20,,,0.002830436946132748,,,,,
2015-03-24,,,,0.004392750830552763,0.003845034005288447,-2.7080657845832683e-05,,
2015-03-25,,-0.000856390366808159,,,,,,
2015-03-26,0.00302514742358756,0.0009493368137991094,,,,,,
2015-03-29,,,,,,,,0.0025256671510072368
2015-03-30,0.006426446497358915,0.006340745470919589,,0.00812366437909015,,,,
2015-03-31,,,,,,,-7.402956626148694e-05,
2015-04-01,,,,,,,,-0.003298554506336946
2015-04-04,,,,,,,,-0.0014801021915214773
2015-04-05,,,,,,,,0.0030799708150477173
2015-04-06,,0.007442130002809238,,,,,,
2015-04-07,,,,,,0.0039679021807003745,,
2015-04-08,,0.006892822742507458,,,,,,0.004882989062606247
2015-04-09,,0.004887235354465578,,0.0012579282659017832,,,,
2015-04-10,,0.003604134465111941,,,,,,
2015-04-13,,,,-0.0043472335478582785,,,-0.0010629556199376698,
2015-04-14,,0.0021074806659947343,,,,0.0038097883362406167,,
2015-04-15,,0.0019289132944773763,,,,,0.0035409818112711955,
2015-04-16,,-0.0006728024883901028,,,,,,
2015-04-17,,,0.010035143040315164,,0.010134917306485577,,0.009773434904569629,
2015-04-19,,,,,,,,-0.002151042695612163
2015-04-20,0.0037412211233606046,0.006790030050501843,,,,,,
2015-04-21,,0.002080224450916643,,,,,,
2015-04-22,,,-0.004879496291299564,,,,,
2015-04-23,,0.00019371823935707513,,,,,,
2015-04-24,,0.003879571004100526,,,,,,0.0014104472870008766
2015-04-27,,0.01728470729862476,,0.0013521807584159758,-0.0035527457822841463,,,
2015-04-28,,,,,,,-0.0011436014987812014,
2015-04-29,,-0.0021783133848895437,,,,,,
2015-05-03,,,,,,,,0.003472903629655011
2015-05-04,0.004136827482157442,,,,,,,
2015-05-05,,,,,,,0.0009866055426467624,
2015-05-07,0.00373265787687032,,,,,-0.007540597038252809,,
2015-05-08,,0.0018286910521885529,,,,,,
2015-05-11,,,0.00048281316099937937,,,,,
2015-05-12,,,,,,0.005101653617868628,,
2015-05-13,,,,,,,,-0.007006115091430476
2015-05-14,,,,,0.004912294933107373,,,
2015-05-16,,,,,,,,0.0003132923061689746
2015-05-18,,,,0.0016990365142854076,0.0006779869477845494,,0.0006795479826606142,
2015-05-19,,0.010179623429791928,,,,,,
2015-05-20,,,-0.0028136874308785204,,,,,
2015-05-21,,-0.00029978454424389034,,,,-0.003890612159858743,,
2015-05-22,-0.0003264029064397395,,,,,,,
2015-05-26,,,0.008338431415645949,0.009439246973263362,,0.005819393085109799,,
2015-05-28,-0.0012622349855643824,,,,,,,-0.0012822216738605794
2015-05-29,,,,,,,,-0.0009707372323610707
2015-06-02,,,,,,,-0.0014823429873699922,
2015-06-03,,0.006491108132182047,,,,,0.002620844324787788,
2015-06-07,,,,,,,,0.0016907646464625514
2015-06-08,,,,,,0.0030993973052761705,,
2015-06-09,0.0004613899155259342,,,,-0.0004859784771090486,,0.0058078482248190505,
2015-06-11,,-0.0006289103287802081,,,,,,
2015-06-12,,,,0.0052718503040188,,,,
2015-06-15,-0.005750510952153009,,0.002843164513793128,,,,,
2015-06-17,,-0.00017067516410825082,,,,,-0.005796560538228521,
2015-06-18,,0.004756226208167778,,,,,,
2015-06-19,,0.000488855848488081,,,,,,
2015-06-22,0.009313758050843106,-0.0015188555064264404,,,-0.0004578298715806851,,,0.0013054374476087524
2015-06-23,,,-0.002428330411462795,,,,,
2015-06-24,,,0.0009659227325154086,0.004997233056862325,0.007105067264822081,0.0010668379822772508,,
2015-06-26,,0.0012368098820299323,,,,,-0.002966569559166569,-0.0007277683419703533
2015-06-27,,,,,,,,0.009171781149572908
2015-06-29,0.003209389891115588,,,,,,0.0016786709877070756,
2015-07-03,,,,,,0.00011739678058036182,,
2015-07-04,,,,,,,,0.003924739876568992
2015-07-06,,,-0.00019269500214065945,,,0.0038049052410929194,,
2015-07-13,0.0013709265625127512,,,,,,,
2015-07-14,,-0.0004967227911953884,,,,-0.00035954846016338483,,
2015-07-15,,0.006557659558850134,-0.0015025822359522078,-0.0022479972018585466,-0.0015256408504757046,,,
2015-07-16,,7.699970218249166e-05,0.0072177578130253285,0.0035680352200884624,0.0008670496378256733,,,
2015-07-17,0.007556116042119969,0.0033817296362659063,,,-0.0012600697797511327,,,
2015-07-20,,,,-0.0007252263090596538,,,0.004400944884454117,0.0022506200979791786
2015-07-22,,,0.005758063109389902,,,,,
2015-07-23,,0.0002494635869850527,,0.003054662293304854,,,,
2015-07-24,,,,,,,,0.008999263038588556
2015-07-29,0.002344581132550016,,,,,,,
2015-08-03,,,0.0006001616030773963,0.0014313455538459076,0.0033452692954750647,,,
2015-08-05,,,,,,0.00556019514829353,-0.00011481435386094871,
2015-08-06,,0.003487328808297339,,,,,,
2015-08-07,,0.004223448566182122,,,,0.0026577322850622775,,-0.0017515530823476342
2015-08-10,,0.01530699005452211,,,,,,
2015-08-11,,,0.006399148569881082,,,,,
2015-08-14,,0.0050144093488429685,,,,,,-0.0015020021250197596
2015-08-17,-0.00042979683667806795,,,-0.009886358397247916,-0.00803285111118539,,,
2015-08-18,,0.015328614504383822,,,,,0.000804843939867382,0.053367788504515686
2015-08-19,,0.011010004384726182,0.004137989993339403,0.006229973208413505,0.006916692318893784,0.0075482483755244835,,
2015-08-20,,0.008900623194204819,,,,,,
2015-08-24,,0.014055982790638168,,,,,,
2015-08-25,,0.0034079672302061064,,,,,,
2015-08-28,0.0034011466528123062,,,,,-0.002853850290713035,,
2015-08-31,,,0.0018495406686493282,0.0005517636332969201,5.036476077121903e-05,-0.0028142719261535897,,
2015-09-01,,,,,,0.0032604083774362457,,
2015-09-02,,,,,,,,-0.0020409859794707523
2015-09-04,,,,,,,,-3.421854178782993e-05
2015-09-08,,,,,,0.0021881850479666025,-0.0012632500072271712,
2015-09-09,0.009736526757222525,,,,,,,
2015-09-12,,,,,,,,0.0022511023713303463
2015-09-14,,,,-0.001995909085617385,-0.0019724206780828164,,0.002828721295600522,
2015-09-15,0.0007911483210415331,0.0003933357194610586,0.002098841998269508,0.0031044977467120888,0.0037720617080364274,,,
2015-09-16,0.009994757422169792,0.013921433519975782,,,,,,
2015-09-17,,,,,,,0.009681471546345154,
2015-09-18,,,,,,0.009828880752767884,,0.0017993663772917065
2015-09-22,,0.00980680613842529,,,,,,
2015-09-23,,-0.0008383427890599476,,,,,,
2015-09-24,,,-0.0005715244862657548,-5.558054550702426e-05,0.00015738702156016694,,,
2015-09-29,-0.0038715467283474835,,,,,,,
2015-10-01,,-0.0012392603382611368,,,,0.0025595294813225778,,
2015-10-03,,,,,,,,-0.0006332785763417731
2015-10-05,,,,,,,,0.000731469631068229
2015-10-06,,,-0.0015337238842316003,,,,,
2015-10-07,,,,0.0007247698602601156,0.0010630063097209644,,,
2015-10-09,,,,,,0.0017962138331269726,,
2015-10-12,0.004301278017957588,0.0003284609149077876,0.0003231759342884755,,0.0003114497593113031,-0.0015671962377037116,,
2015-10-13,,-0.001431466840675045,-0.0037374551976136145,0.001533509975200161,-0.0006875490932190186,,,
2015-10-14,,,,,,,-0.001412355461702529,
2015-10-15,,,,,,,-0.00029126525558009357,
2015-10-19,,0.0055876379078901575,,,,,0.00013899209483058387,
2015-10-20,,,,,,,,0.004235667186802936
2015-10-22,,0.002414273223711228,,,,,,
2015-10-23,2.456506353492416e-05,-0.0004614800093888398,,,,,,
2015-10-27,,0.0004239513180058297,-5.4784253830624816e-05,1.0460873210664973e-05,0.0004903709847194333,0.0016926734028000912,,0.008348830577423992
2015-10-28,0.006458076763751172,,-0.006086188275311378,,,,,
2015-10-30,,,0.00042980595679664003,,,,,
2015-11-02,,,,,,0.002968626739998039,,
2015-11-03,,0.0033277465923787493,,,,,,
2015-11-04,,,,,,0.0008265538195677416,,
2015-11-06,,0.006574173121469229,,,,,0.0021135407584055494,
2015-11-10,-0.000276191892158558,0.001005916075070507,,,,,,
2015-11-11,,0.0018585948102072694,-0.001285260061554704,-0.0028775425926059997,-0.0027726377208008995,,0.00551420368449739,
2015-11-12,,,,0.008443184492164803,0.008885483651834494,,,
2015-11-15,,,,,,,,0.004001958003326788
2015-11-16,,-0.0011006839018897763,,,,,,
2015-11-17,,,,,,,-0.0003919539503336033,
2015-11-19,,,,,,0.0031044943364841116,,0.0017982434156671744
2015-11-20,0.0005673298129385373,0.0033001835524656942,0.0008117000249376326,0.00036840708311653667,0.001419509516819851,-0.00204191245762622,,
2015-11-23,,0.0012490355467432014,-1.4513049651843587e-05,,,,,
2015-11-24,0.0016545455495737603,,,,,0.004168043464459901,,0.0003886964837100655
2015-11-27,0.00848129313193997,0.00424414046660313,,-0.0012469441818806042,-0.0006543433153582724,,,
2015-12-02,,,,,,,0.00906189657722796,
2015-12-09,-0.0007604592252168709,-0.003279678597418643,,,,,,
2015-12-10,,9.844577064499465e-05,,,,,,
2015-12-11,0.0001419893833463328,0.0063083743636983035,,,,,0.009608394492856435,
2015-12-16,0.007812962295569053,,-0.008370174964205146,,,,,
2015-12-17,,,,,,0.005673166535103511,,
2015-12-18,,,,,,,0.0016448888103107883,0.0016163211328395072
2015-12-20,,,,,,,,0.0052501716737354135
2015-12-22,,,0.0031213040604782297,0.00427351560527202,0.00460502015385438,,,
2015-12-23,,,0.0031315687647113315,,,,,-0.0011021063021825544
2015-12-24,,0.0012492086509311505,-0.0005080449232842129,,,,,0.0037210393650760447
2015-12-26,,,,,,,,0.014246711320870428
2015-12-28,0.0016660872026682115,0.01266069940577068,-5.8187513945420304e-05,0.0004662550575734212,0.0003443034992234446,-0.004048853634621516,,
2015-12-29,,,,,,0.003214516393898194,,
2015-12-30,0.010243733149913352,,,,,,,
2016-01-03,,,,,,,,0.0005474404361551383
2016-01-04,,0.0005768627465329921,,,,0.01678094122365868,,
2016-01-06,,-0.00038454096305680027,,,,,,
2016-01-15,,0.0032838682218839944,,,,,,0.03097714784895098
2016-01-19,,0.005334616756091955,,,,,0.01755678780731221,
2016-01-20,0.007007837964221532,,,,,0.008902040577146412,,
2016-01-21,,0.0010983985095606172,,,,,,
2016-01-22,,0.0004848770051963107,,,,,,
2016-01-25,0.0014730265305510177,,0.0012703636953486832,-6.133667617575467e-05,0.0010238569916365585,,,
2016-01-26,,,,-0.0009901504936018354,0.0023445030086249544,0.00018998863501724754,,
2016-01-27,,,,-0.0012614492986874031,,,,
2016-01-28,2.5854432055972695e-05,0.005364032447435818,,,,,,0.004194335195576566
2016-01-31,,,,,,,,0.002980462639321496
2016-02-02,,,,0.004295070846379137,,,0.00987141124595626,
2016-02-03,,,,,,,,0.001066619710093821
2016-02-05,,,,0.005243317810885599,,,,
2016-02-10,,,,,,,,0.0014846805104634642
2016-02-12,,,,,,0.002198080685446769,,
2016-02-15,,,,,,0.009047620928147928,,
2016-02-16,,,0.008380731794508324,,,-0.0005567390310893957,,
2016-02-17,,,0.00926851351774045,0.007714390756894796,0.007545465444554105,,,
2016-02-18,,0.0007175910066807262,,,,,,
2016-02-19,,0.0008199503545788206,,-0.0008283747678523406,-0.00020752496580400548,,,
2016-02-20,,,,,,,,0.005945027265617979
2016-02-22,0.00470532481791068,0.0039311917392409485,0.005371968486267627,,,,,
2016-02-23,,0.0007864350486594725,0.0036070783625538365,,,0.0017315341752836414,,
2016-02-24,,0.0008194125345869759,,,,,,
2016-02-25,,0.0025711120651825863,,,,,,
2016-02-26,0.005842212225612514,,,,,,,
2016-02-28,,,,,,,,-0.003011393796846473
2016-03-02,,,,,,,0.003872156614464624,
2016-03-03,,,-0.002346934827016013,,0.0010204038268040515,,,
2016-03-04,,,,0.0013295507194696823,0.0016142180250167497,-6.112186060560729e-05,,0.004296821395894883
2016-03-08,-0.00422870336914391,,,,,,,
2016-03-10,,-0.009091459569473633,,-0.002787249118399219,-0.0017315313476970642,,,-0.00013902300885819686
2016-03-11,,,,,,,,0.0016748806264653192
2016-03-14,,-0.004019698536790137,,,,,0.0017494637824012232,
2016-03-15,,,-0.0020204299930115005,-0.001212270450688425,,-0.00047144315119578803,,-0.0007411463719603252
2016-03-16,-0.002984967977968431,,,0.002799167121785369,,-0.00028219805636828894,,
2016-03-17,,,,,,,,0.0010210142444693217
2016-03-22,,-0.0001651073705779798,0.0006816597809991782,,-0.0013005566383642122,,,
2016-03-23,,,,,,,0.0018851736384696827,
2016-03-24,,,,,,,,0.00026301149462088684
2016-03-28,-0.0007919910225154122,,,,,,,
2016-03-29,,,0.005768185909976293,0.0034344123882771456,0.001438801995975625,,,
2016-04-01,,0.008142646928689351,,0.0011680721388820574,0.0010124175019647836,0.00561323518690339,,
2016-04-02,,,,,,,,0.0010679872561085567
2016-04-04,,0.0017652895286888206,,,,,0.009265169684643733,-0.0019053136153228724
2016-04-06,,0.0009065873248246283,,,,,,
2016-04-07,,0.0019316536445617575,,,,,,-0.0005250061116190259
2016-04-08,,0.004886361722758526,,,,,,
2016-04-11,,0.013575236016376798,,,,,,
2016-04-14,,,,-0.0005033696970915449,,,,
2016-04-15,,,-0.00017835077612842802,-0.0010590921017223538,-0.000736584299594791,,,
2016-04-18,,,0.0011654487812590409,0.00334031292303033,0.0023275364433805092,0.001357247964468617,,
2016-04-19,,,,,,,,0.004863155810347387
2016-04-20,,-0.0038116842995081805,,,,,,
2016-04-22,,0.003373200935389492,,,,,,
2016-04-25,,0.001735444488469119,,,,,,
2016-04-26,,0.0015805760978848133,-6.824846061888347e-06,,,,0.00023874413828887578,
2016-04-27,,0.003285430065760596,,-0.003690152973769497,-0.005224186052285798,,,
2016-04-28,0.007272224578756023,-0.006317889404207212,,,,,,
2016-05-02,,,,,,,,0.002322730103696858
2016-05-03,,,,,,0.005494395259526981,0.005598515755448456,
2016-05-04,,,,,,,0.00928023551796129,
2016-05-05,,,-0.001215446551287686,,,,,
2016-05-06,,,,-0.004684578214735291,-0.00030032155919722703,,,0.008823213633081696
2016-05-09,,0.005460164377310434,,,,,,
2016-05-10,,,,0.007652194112363418,0.006570041539807182,,,
2016-05-11,0.0029460884619465504,0.0033129151197110523,,,,,,
2016-05-12,,,,,,-0.0099168105657467,,
2016-05-15,,,,,,,,-0.0007095468900926528
2016-05-16,,,,,,,0.003354810618274833,
2016-05-17,,-0.00027672564299507425,,,,,,
2016-05-18,,,,,,,,-0.0019357408433689895
2016-05-20,-0.0016758054277007765,,,0.0027904732472127723,,,,
2016-05-23,0.0005425152061450612,0.0007013742104928832,,,,-0.0002379850077900179,,
2016-05-24,0.009057567713632397,,0.009277304435292736,0.007867008845927333,0.0069622424457828295,,,
2016-05-26,,,,,,,-0.0020967531547523006,
2016-05-27,,,0.002514331940549049,0.001418673138632255,,,,
2016-05-30,,,,,,0.0007799373442322113,,
2016-05-31,,,0.0014988666358082589,,0.001513524054747546,0.00037616538468018986,0.0002248114740866419,
2016-06-02,,,,,,,-0.002226384193267167,
2016-06-03,,0.00795588441440873,,,,,,0.012963160775210585
2016-06-07,-0.002226349697115973,0.0006680737124429547,,,,,,
2016-06-08,,0.015049129251830403,-0.0014570112876054057,,,,,
2016-06-09,,,,-0.0014895652243318935,,,,
2016-06-11,,,,,,,,0.01189518005855033
2016-06-13,,0.002040757355959364,,,,,,
2016-06-14,,-0.00021460994518334293,,,,,,
2016-06-15,,0.0012658753539492064,,,,,0.0007274359891611825,
2016-06-20,,,,,,,,0.0018705673897626378
2016-06-21,0.005096456871930714,,,,,,,
2016-06-22,,-0.0005375555633831021,-0.003293962419704818,-0.004422230779826877,-0.006003257530397863,,,
2016-06-23,-0.0044391938313198395,,,,,,,
2016-06-24,,-0.012386167187789746,,,,,0.007397522451628585,
2016-06-28,,,,,,,,-0.002288357514546179
2016-06-29,0.0030852645007770217,-0.014285123152586727,,,,,,-0.0006962758981788579
2016-06-30,,,,,,,,0.00613032463464401
2016-07-05,,,0.00012509229106362084,0.0025188433343510635,0.0025093536494301895,0.0054811851563107234,0.008891553138375568,
2016-07-06,,,0.0030670009220052988,,,,,
2016-07-07,,,,,,,,0.006568648115435798
2016-07-08,,,0.007163790102047099,,,,,
2016-07-11,,,,,,,,-0.0015907872132395148
2016-07-12,,0.00105025138911594,0.0007874367858739443,,,,,
2016-07-13,,,0.000585272425449465,,,,,
2016-07-14,0.002177013364482502,-0.002344594672269065,,0.0018261139756508735,0.003895456621963653,0.0017311328258307326,,
2016-07-15,,,,,,,,-0.00043869659633465584
2016-07-17,,,,,,,,0.0027555750267088163
2016-07-18,,0.00010071417504140287,,,,,,
2016-07-19,,,,-0.0014967357612517532,-0.00032416757057762105,,,
2016-07-20,,0.006489634949768718,,0.0022833934903462583,,,-0.002034109795574785,0.0002630276312250425
2016-07-26,0.0004272938052264823,,-0.002890100945409811,,,,,
2016-07-27,0.0025420375983646565,,,,,,0.003400430582604241,
2016-07-28,0.0024734444911905756,0.00358097711814717,,,,-0.003771429584398851,,
2016-07-29,,,,,,,,-0.0008378388045708655
2016-07-30,,,,,,,,-0.0003771566246947894
2016-08-02,,,,,,,0.003511338792021064,
2016-08-04,,,0.0012182271255363692,-0.00027427286630178513,-0.0006553213024295182,,,
2016-08-05,,,,0.005089313171780541,,,,
2016-08-09,0.0015131879363411765,,,-0.001868668448069239,-0.0022238763456760157,,,-0.00019408119808043807
2016-08-10,,0.006507694543526779,,,,,,
2016-08-11,,,,,,0.0006431856683098496,,
2016-08-12,,0.00633246249633484,,,,,,
2016-08-14,,,,,,,,0.004893829473808294
2016-08-15,,,0.00291082733159968,0.001073226882150958,,-0.0006254847384538592,,
2016-08-16,0.00489431791612194,-8.415320244519745e-05,,,,,,
2016-08-17,,,,,-0.0014753014577011479,,,
2016-08-19,0.004036600185312182,,,-0.0017243100370695256,,,,-0.0015538391338980816
2016-08-20,,,,,,,,0.0006286650830764361
2016-08-22,,,,,,,0.005732181730473127,0.00028775357680991295
2016-08-23,0.0013134383792383515,,,,,,,
2016-08-25,,,,,,,,0.0005381352835223129
2016-08-26,,,,,0.0016966565402529252,,,
2016-08-30,,0.003807562912043792,,,,,0.002937941098072382,-0.00028936526793538854
2016-09-01,,,,,,-0.007429532707353317,,
2016-09-02,,,,,,,0.0007997490406657076,
2016-09-06,,,,,,-0.00360926449205736,,
2016-09-08,0.0037432508129259965,,,-0.0014570278841696995,-0.0006889785484185332,,,
2016-09-09,,,,0.025313233737906927,0.022351972950752926,,,
2016-09-11,,,,,,,,-0.009811025216056982
2016-09-14,,,,,,,0.00609876926771294,
2016-09-15,0.0032221424109694615,-0.0014506359706206733,,,,-0.004276913522306773,,
2016-09-17,,,,,,,,-6.118064038246134e-05
2016-09-19,,,,,,,-0.003236874841673676,
2016-09-20,-0.00016255035552514518,,,,,-0.00035333838126035713,,
2016-09-21,0.007774930261955619,,0.004399658054919866,0.004336652771647698,0.0027225016062576318,,,0.0056412250937598225
2016-09-22,,0.006426579220027723,,,,,0.002416612073675414,
2016-09-23,,,0.002688288691600646,0.0021424062603770584,,,-0.01226310292129263,
2016-09-26,-0.0016027275279639004,,,,,,,
2016-09-29,-0.0015197747402951145,,,,,,,-0.0017969917654659068
2016-09-30,,,,,,,,0.0006162593549049991
2016-10-04,,,-0.0017818855380332375,0.0014263229233145716,0.0014048663345155206,,0.008835500760711337,
2016-10-06,,,-0.0004988248144478818,-0.002488475710536387,,,,
2016-10-11,,,0.010805357378520472,,,,,
2016-10-12,0.000955914462137997,,,,,,,
2016-10-13,0.00030981777885627965,0.00038659677836590765,,,,0.004182470344977931,,
2016-10-14,,-0.00021793946321900103,,,,0.007561257082527453,,
2016-10-18,,0.0031220949616029155,,,-0.000599009351306049,,,-0.00015219188019729147
2016-10-19,0.0033912209992133786,,,-0.0005482878297402183,-0.0018104635133726666,,0.00245413379136119,
2016-10-20,,,-0.0003463738700232558,,5.5634665213248726e-05,,,
2016-10-21,,,,,,,,-0.0008548114269960791
2016-10-22,,,,,,,,0.016361044929258453
2016-10-24,0.0022816978839109068,0.002081810663789663,,,,0.0002862505627333348,-0.0024357810858911264,
2016-10-25,,0.0035326069378036904,,0.0014204391427781074,,,,
2016-11-01,,,0.006320587710833126,0.0065056737219823454,0.005327999206691616,0.005878571371931947,,
2016-11-02,,,,,,,0.008859399538608339,
2016-11-06,,,,,,,,0.0007466235270291759
2016-11-12,,,,,,,,0.003809478373613764
2016-11-14,,,,-0.0012139892378283709,,,,
2016-11-16,-0.0015407190703726186,0.0014330621319936971,,,,,,
2016-11-17,,0.0020988079664192175,,0.0028570648576773483,,,,
2016-11-18,,0.0020708467001836566,-0.0029870060640911768,,-0.0024160813935142395,,,
2016-11-21,,0.0013094932029978732,0.0026075732512289593,,,,0.011544014303281997,
2016-11-22,-0.0008556530650127821,,,,,,,
2016-11-23,,0.003840876722457904,0.0011136547625889086,,,0.001943865485171545,,
2016-11-25,,,,,,,0.007473886151276988,
2016-11-26,,,,,,,,-0.0008648612202284548
2016-11-28,,,-0.0023509427166355447,,-0.0005578628989849499,,,
2016-11-29,,-0.0020332243264765053,,,,,,
2016-11-30,,,,,,,,0.0029026329859956324
2016-12-02,,,,,,,0.0177747666271742,
2016-12-05,,,,,0.0004837863380048745,,,
2016-12-09,,0.0013896231747010457,0.0038917150933048717,,,,,
2016-12-10,,,,,,,,-0.0012095802209594613
2016-12-11,,,,,,,,0.001082639226452255
2016-12-12,,,0.00045400160359714936,,,-0.003755335464591615,,
2016-12-13,,,,,,0.003193562627127871,,
2016-12-15,,,,,,0.004061864956132827,,
2016-12-16,,,,,,,,0.0005288499047945678
2016-12-20,0.0035428282709467638,5.6964459168267866e-05,,0.0009702416635659054,,,,0.0027249554208495855
2016-12-21,,,-0.0007376666152033612,0.0001462376633315589,,,,
2016-12-22,,,,0.0017278251504236636,0.000969546076601977,-0.0022082158517427643,,
2016-12-27,0.0024715057304957144,,0.004205768169599421,0.001934298837357459,-7.605653976552182e-05,,0.002829337843777257,
2016-12-29,,,,,,-0.0006558689850709349,-0.0024246768437149414,
2017-01-03,,,,,,,0.002620518323605348,
2017-01-10,,,0.00012277993467822826,-0.004028319079610516,-0.006408277748827327,,,
2017-01-11,,,,,,,,0.022167879884998104
2017-01-13,,0.000705888382973835,,,,,,
2017-01-16,,,,,,,,0.0009702239895304598
2017-01-17,,0.00752921961596181,0.00024037205330426428,,,-0.004493662537861671,-0.004111537729728649,
2017-01-18,,0.002177907244370729,,,,,,
2017-01-19,,,-0.0015186455986746217,,,,,
2017-01-20,,-0.0011809126278747692,,,,,0.0031796417532333233,
2017-01-23,,,,,-0.0032327063260822455,,,
2017-01-24,-0.00027528312905386745,,,,,,,0.0037430725283338143
2017-01-25,,0.003886845794209664,,,,,-0.0006795451407990192,
2017-01-27,,0.005893588620389359,,-0.000715205856634413,,,,
2017-01-28,,,,,,,,-0.0007931969652443044
2017-01-29,,,,,,,,-0.00017586311332302217
2017-01-30,-0.0033728458914386084,-9.978338161823058e-05,,,0.0065688592723539335,0.0073413814777781765,,
2017-01-31,,,,,,,-0.0003070351781305829,0.008058553060584242
2017-02-02,,,,,,,0.004362187687644128,
2017-02-06,,,0.00026752793186994903,,,,,
2017-02-07,,,,,,,,0.0023080338569002215
2017-02-08,0.0005885348029790032,,,,0.0005353224333138822,,,
2017-02-09,,,,,0.006328054950957879,,,
2017-02-13,,,,,,0.003045578121193834,,0.0009024558540381307
2017-02-15,,,,,,-0.0043320883499664165,,
2017-02-16,,0.0018839356255881854,,,,,-0.0012323642940077807,0.0029545258684487226
2017-02-17,-0.0023418359560730506,7.7752469546746e-05,,,,,,
2017-02-21,-0.0019343932765126478,,,,,,,
2017-02-23,,0.003825369046079727,0.0008033053710809115,-0.003858034856638182,,,,
2017-02-27,,-0.0012602905152329514,,,,,,
2017-02-28,,,,,,,,-0.0010745929679535824
2017-03-01,,,,,0.019450809581389325,,,
2017-03-02,,,,,,,0.002872497976411933,
2017-03-03,,,,,,-0.00027941932842673523,,
2017-03-06,,,,-0.0003492623173321395,,,,
2017-03-07,,,,,,,,0.007365808374324657
2017-03-09,0.002906229687629397,,-0.0035744212725469984,,,,,
2017-03-10,0.0010223459955996808,,,,,,,
2017-03-14,,0.0005764758810362783,-2.2124994370360863e-05,0.0014531218609730027,,,-0.0012133079464178862,-0.00021610602352275377
2017-03-15,,-0.0027640637557152696,,,,,,
2017-03-16,,,,,,0.0027485814006707942,-0.002843559955762835,0.008320857045157658
2017-03-20,,,,,-0.00010892017375056314,,-0.001334131373835685,
2017-03-21,,0.0026991898690315987,,,,0.004279218518084797,,
2017-03-23,0.0004167119435164423,-0.0003984858409182941,,,,,,
2017-03-27,0.004558906492147937,0.009508515154365444,,,,,,
2017-03-29,0.0012084260853241957,,,,,,,
2017-03-30,,0.00041393978526045176,0.001174860994389781,0.0019524152619469705,0.0021008622777420865,8.187553551114092e-05,,
2017-03-31,,,-0.002658117736185175,,,,,0.002636932604473319
2017-04-03,,,,0.001812139051692343,,,,
2017-04-05,,0.003194928426768818,,,,,,
2017-04-06,,,,,,,,0.005992699526361848
2017-04-11,,,,,,,,0.001497997790437403
2017-04-13,,,,,0.007230330373602108,,,0.003662830123280472
2017-04-17,0.0009468268245521465,-0.001547983177658443,,,,,0.0009805783174465406,
2017-04-18,,,,,,0.006190313745771036,,
2017-04-19,,0.0026496616340431676,-0.0017715532437077334,,,,,
2017-04-20,,0.0035993623828160515,,,,-0.002970033498618437,,0.0015019881862738528
2017-04-21,,0.004227632295947593,,,,,,
2017-04-24,,,0.013912272965600792,,,,,
2017-04-25,,0.007774074970768927,0.007601497513970213,0.005711417825762931,0.01185000782123297,,,
2017-04-27,-0.002033720233611447,0.0020017611546677074,,,,,,
2017-04-30,,,,,,,,-0.005648727721585818
2017-05-01,0.008584249533656947,,,,0.00039633989420696574,,-0.0017949799948512224,
2017-05-03,,,,-0.00178296307966804,-0.0009869889151792593,,,
2017-05-09,,0.005876476641354344,,,-0.000766346194253618,,,
2017-05-10,,-0.0021026210751648694,,,,,,
2017-05-11,0.0015566775874313902,-0.0018101698387142464,,-0.0015127274360444195,,,,
2017-05-15,,0.0046319702164542365,0.003981336508729314,0.005643558912222042,0.0037503161948860843,0.0009441903844995382,0.004848804233245807,0.004020832794268068
2017-05-22,-0.005798670310120055,,,,,,,0.004317369009612178
2017-05-23,,0.000805405212519891,,,,,-0.0024928604439459993,
2017-05-24,,,,0.0011384720108585714,,,,
2017-05-25,,,,,,-0.0017342702075560247,,
2017-05-30,0.003850819313590618,,0.0005522924069891941,-0.0007517168367509176,0.0008567485942877486,,,
2017-05-31,,,,,,,,-0.0015507769353148983
2017-06-01,,,,,,,,0.006020469301774112
2017-06-02,,,,,,,0.0021220037853433146,0.002053701031420478
2017-06-03,,,,,,,,0.0011922125133243303
2017-06-06,,,-0.006000095863358366,,,,,
2017-06-09,,,,,,0.004039002778491717,,
2017-06-10,,,,,,,,0.0020184383122431966
2017-06-14,,,,,,,0.006208255052370696,
2017-06-16,,-0.003791278465629196,,,,,0.0006223153820805544,
2017-06-19,0.004868815620214054,0.004118720390343981,0.011610603389791429,,,0.007775795910153991,,
2017-06-20,,-0.005174819014610076,,,,,,0.002741020157293074
2017-06-21,,,,,0.0032451034792528254,,,
2017-06-22,,,,,,,,-0.0026991727630392036
2017-06-23,,,-9.380884446691837e-05,-0.0034036328556757696,-0.0004823615473779751,,,0.0006812537174107728
2017-06-24,,,,,,,,0.00527656134929669
2017-06-26,,0.0014401407554608951,,,,,,
2017-06-28,,0.0039978276529053355,,,,,,
2017-06-29,-0.003581468909447744,,,,,,,
2017-07-05,,,,,,-0.0034701354815316254,,-0.003020568850273116
2017-07-06,,,,,0.005305301938303349,,,
2017-07-07,,,,,,,,0.003972247177474961
2017-07-10,,,,,-0.001995504624896872,0.0025659224515168807,,
2017-07-11,0.0007871725811531285,,,-0.0021212135855438454,,,,
2017-07-13,0.0010798661579115658,0.002911038638345809,0.0008819620986032596,,,,,
2017-07-14,,,0.0038720420696078234,0.004609637771551953,0.003808306663073904,,,
2017-07-17,,,,,,,-0.005516387553682487,
2017-07-18,,0.0026287443866247987,,-0.002275062572170664,0.002503830909951826,,,
2017-07-20,0.0023962698542887525,,-0.00032153507632852273,,,-0.0034146450378800494,,
2017-07-25,,,,,,,,0.004479117800915055
2017-07-27,,,0.003112062407647172,,0.002942802977357995,,0.0024300537639015156,
2017-07-28,-0.007025157929688032,,,,,,,
2017-07-31,,,,,,-0.002809072910933011,,
2017-08-01,,-0.0007881618712080303,,,,,,
2017-08-02,,,,,0.0008913379498538261,,0.001222539744131019,
2017-08-03,,0.0026378110977422252,,,,,,0.001321862346009944
2017-08-04,,0.012049537645456814,,,,,,
2017-08-08,-0.00261174784846047,,,-0.004933759347931845,-0.003914375288521739,,,
2017-08-11,,,,,,,,0.006165185638493638
2017-08-15,,,,,,-0.00272400521952225,,
2017-08-16,,0.0060856196184543,-0.0004941559929976006,,,0.0005268689636854378,,
2017-08-17,,,,,,0.001277626248133072,,
2017-08-18,-0.002561436876858778,,,,,,,0.002158375339123699
2017-08-21,,-0.00034493532380378114,,,,,,0.001864691821887926
2017-08-22,,0.00020831162953336614,,,,,,-0.0006525675200501733
2017-08-23,3.10998508086365e-05,0.0013831692145520216,,,,,0.0013991568430970088,
2017-08-24,0.00018346139801996952,0.001718351222538124,0.0008077822921186175,,0.0011324154077042236,,,
2017-08-27,,,,,,,,-0.0003170616598444577
2017-08-28,,,,,,,,-0.0022363171140312465
2017-08-29,,-0.0005522064692514259,,,,,,
2017-08-30,,-0.00028002018073009963,,,,,0.0033072310524147265,
2017-08-31,,,,,,-0.0004381272680500364,,
2017-09-05,,,,0.007808161392747868,0.01493737474811233,,-0.008619577495002282,
2017-09-07,,,,,-0.005006936077842092,,,
2017-09-08,,,0.004145453737061442,,,,,0.007974243443792226
2017-09-11,,,,,,0.009544022857643457,,
2017-09-12,-0.0006589732534948362,,0.0004506476873692282,,,,,-0.004717363657565772
2017-09-13,0.001222547175500096,-0.003157652777745115,,0.00010745934828280946,0.0006120753706119532,-0.0018335339125030827,,
2017-09-14,-0.0011311942100587133,,0.0008362676227944769,-0.002068973083303597,,,,
2017-09-20,,-0.005206282639846098,-0.0003417421906979444,-0.0030825695338086772,0.0008352951801744058,-0.004536207295718356,,
2017-09-21,,,,,,,,0.005781142386502854
2017-09-22,,,,,,,0.0016400248681482344,
2017-09-25,,0.0015471993472189775,0.006628508734882693,,,,0.01567048105976726,0.00322529393870462
2017-09-27,,,,,,,,0.005796741373400892
2017-09-28,-0.0015851605874351324,,,,,,,
2017-10-02,,,,,,,0.007341589953261965,
2017-10-03,,,,,,,,0.0013891278161021821
2017-10-04,,-0.002088487166513,-0.00025794298711965424,0.0007193589608004582,,,,
2017-10-05,,,,,0.005399042145034701,,,
2017-10-06,,,,,,-0.0029761535168917825,,
2017-10-07,,,,,,,,-1.543743043028265e-05
2017-10-09,,,,-0.0010216960418549833,-0.0019127944840611568,,,
2017-10-13,,0.0038580673734675873,,,,,,
2017-10-16,,,0.002160402002732241,-0.0009233200376506075,,,,
2017-10-17,,,,,,-0.004957143386674609,,
2017-10-18,,,,8.927207949084232e-05,,,,
2017-10-19,0.004912866402882693,0.00834150031067377,,-0.0021615571583799573,,,0.003160711223940147,
2017-10-20,,,,,,,,0.005672673020952764
2017-10-24,,,,,,,0.0013665360173629195,
2017-10-26,,0.002885627373181391,,,,,,
2017-10-27,,0.0013594046270668442,,,-0.004325699792420215,,,
2017-10-29,,,,,,,,0.006156965510230293
2017-10-30,0.004149322722727773,0.0028461439341674623,,,,-0.0037798905016204554,,
2017-10-31,,,,,,,,0.005270609956235029
2017-11-01,,,-0.00264298470181616,-0.00023394574102285283,0.0010422954439539714,0.016747331228486234,,
2017-11-02,,,,,,,0.004309823827349954,
2017-11-03,0.006791682504614732,,,,,,,
2017-11-07,,,0.00010917502967131084,,-0.0033754234172679027,0.0033861039209063695,,
2017-11-08,,0.0047930589377807335,,,,,,0.003753190392309843
2017-11-09,,0.004188876162000012,,,,,,
2017-11-14,0.0029734966945238733,,,,,,,
2017-11-15,,,,,,,,0.010338837007717223
2017-11-16,,,,,,,-0.0011878591185348968,
2017-11-17,0.014746013903453977,,,,,-0.0004537667586542137,,
2017-11-20,,,,-0.002157981966989128,,,,
2017-11-21,,0.00282536079054287,0.007808595005966261,,,,,
2017-11-22,0.007077402752394943,,,,,,0.002531032635447528,
2017-11-23,,,,,,,,0.00042431484874472036
2017-11-24,,0.0027676500013002077,0.0024462155756637587,2.6785708634206746e-05,,,0.0023045048389478975,
2017-11-27,0.004684965004850156,,,-0.0011790078676465307,-0.002318338584578619,,,
2017-11-28,0.0003083492913098094,,,,,,,
2017-11-29,0.008927112653991605,,,,,-0.002512709525704632,,
2017-12-04,,,,,,,0.0072922392269215396,
2017-12-07,,,,0.0006872917969214155,,,,
2017-12-08,,,0.0013854498619879027,,,0.0034801405048942406,,
2017-12-11,,-0.002289726277999521,0.0021069950265696588,0.004241947518639195,,,,
2017-12-12,,,,,0.005980642368096211,-0.00669460715390467,,
2017-12-13,,,-0.001467908965102755,,,,,0.0007859033314980479
2017-12-14,,,-0.0002083493480779215,,,0.0024009659613626346,,
2017-12-15,,,,,,,,0.0031065301024801317
2017-12-18,0.0011135779254022274,0.0029800522876073056,,,,,-0.002773759622867164,
2017-12-19,-0.0016500253371512226,,0.0020759901579149153,,,,,
2017-12-20,0.0010486006542933884,,,,,,,
2017-12-22,0.006010402070146556,,,,0.00026111587732199096,,,
2017-12-26,,,0.0023941729886791064,-0.0019389832548808632,-0.002298915039755826,,,0.009122272896258886
2017-12-27,0.00191140211119194,0.0025814119439678423,,-0.0009983335994719169,,-0.00431942806557126,,
2017-12-28,,,,,0.0021178674080581006,,,
2017-12-29,,,,,0.004576620992451481,,,
2017-12-30,,,,,,,,0.008295015504637513
2018-01-02,,,,,,,-0.0006560734791644599,0.005031476991813127
2018-01-03,,-5.409323837463523e-05,,,,,,
2018-01-04,,,,,,,,-0.004551437936086431
2018-01-08,0.0012299648025246282,0.004131181493677708,,,,,,
2018-01-09,,0.0037093037488399785,,,,,,
2018-01-10,,,,,,0.003976569720907791,,
2018-01-14,,,,,,,,0.0010332051075919177
2018-01-22,-0.0008109892348731373,,0.008781806372336007,0.01143395481670228,0.006859260614989986,,,
2018-01-23,0.0036172549673570364,0.001989957589793482,,,,0.004509563355315817,,
2018-01-24,0.0164975389444459,0.022083557610704355,,-0.004173424781685409,-0.006414760377382131,,,
2018-01-25,,0.003273667463722067,,,,,,
2018-01-26,,,,,,,,-0.0010545014904506016
2018-01-28,,,,,,,,0.0010694543460322758
2018-01-29,,,,,,,,0.0013324221112480847
2018-01-30,,0.011479201396664146,,,,,,
2018-02-01,,,,,,,-0.0011234553475574496,
2018-02-02,,0.013635606535968244,,,,,0.003171818458622254,
2018-02-05,,0.0003513543351362476,,,,,,
2018-02-06,,0.0020873742795139726,,,,,,
2018-02-09,,0.005593020745260439,,,,,,0.001497254188622296
2018-02-10,,,,,,,,-0.0013996245349683883
2018-02-11,,,,,,,,0.0016116484878880154
2018-02-12,0.001289719075940066,0.013356736552026693,,,,,,0.0028758346113862496
2018-02-13,0.0015658296872648363,,,,,,,
2018-02-14,0.018952771821867043,0.009875931156700622,0.00730567987653846,0.00551119913184436,0.0032308368375472654,-0.008211903095325082,,0.004939995844121326
2018-02-15,,0.001582272322466434,,,,,,
2018-02-16,,0.0016464620553769147,,,,,,
2018-02-17,,,,,,,,0.0063678275102840845
2018-02-20,,0.007315438995000685,-0.001407461571346086,0.0015575967876306457,0.0033348385912639,,-0.0006668462930793806,
2018-02-21,,0.004623799778816184,,,,,,
2018-02-22,,-2.077903682960863e-05,,,,-0.0017738859613228139,,
2018-02-23,,,0.004795057553404299,,,,,
2018-02-26,-0.0012051415981877579,,,,,-0.0004439208920266124,,0.003860299023075807
2018-02-27,,0.005355805714922244,0.0018370852081082522,0.0017141076985949086,,,,
2018-03-02,,,,,,,0.009729680371792058,
2018-03-03,,,,,,,,0.0023095127551716753
2018-03-06,,,,,,,,0.0058013805829294236
2018-03-07,,,,-0.003335265602823183,-0.002013577540872366,,,
2018-03-09,,0.0017414780508150823,0.009250504761994295,0.009306943211783415,0.007545266380053936,,,
2018-03-12,,,,,,-0.0005722197285316124,,
2018-03-13,0.0038851678633770458,,,0.0026902670408976434,,0.006106636786652394,,
2018-03-14,,,,,,,,0.007919630533485386
2018-03-15,,0.002932881807996792,,,,,,
2018-03-16,0.0035484726331238533,,,,,,0.005045312973403806,
2018-03-19,,,,0.007926675969237967,0.005093309402607815,,,
2018-03-20,,,,,,,,0.002596244877933772
2018-03-21,0.006323540799016532,,,,-0.002950517750905592,,,
2018-03-22,,,,,,0.006836563860536728,,0.0013159472401423008
2018-03-23,0.01533869777449635,,,,,,,
2018-03-25,,,,,,,,0.0021034311281737305
2018-03-26,,,,,,,,0.003166041910513652
2018-03-28,,0.009072303243427459,,,,,,
2018-04-02,,,,,,,0.009162698481049841,
2018-04-04,,0.0036330615180175767,0.004345585989717645,,,,-0.00344433535551224,
2018-04-06,,,0.006972543311701764,0.008241266259473926,0.007167468101545667,,,-1.8401195392808e-05
2018-04-07,,,,,,,,0.0005692433958211213
2018-04-09,,,,,,-0.0022422831301790445,,0.0025322902951812414
2018-04-11,0.008723941239373976,,,,,,,0.001384913354425733
2018-04-12,,0.008985610578584232,0.00026065126913765,0.00019840437195244463,0.0019106224153729984,,,-0.020736511184073114
2018-04-13,,,-0.0005582756926047935,-0.000598942902496346,,,,
2018-04-16,,0.00027029011212112756,,,,,,
2018-04-17,-0.0038812912630207703,0.002799418944623021,,,0.0018369161012299657,,,
2018-04-18,,0.014477772446040081,,,,,0.008354134922587644,
2018-04-19,,,,0.0018505000846976768,0.0009443735703562017,-0.0017875912325178522,,
2018-04-20,,,,,,-0.0011966634323523806,,0.008043141403282857
2018-04-25,0.003042877306985136,,,,,,,
2018-04-26,0.002230915253398441,,,,,,0.0023542568402298717,
2018-04-27,0.002274168514036567,0.0016937004217805842,,,,,-0.0027306117738022406,
2018-04-30,,,,0.0021171735593144285,0.0005026185794904388,,1.4114234122346316e-05,
2018-05-01,,,,,,,,0.0004921387018655183
2018-05-02,,,,,,0.00805407002227066,0.010240123840154814,
2018-05-03,,,-0.0003533850131433012,,,,,0.006622300870132561
2018-05-04,0.0010287671422214224,,,,,,,
2018-05-05,,,,,,,,0.0006597226570509864
2018-05-07,0.00021745363370482342,,,,,,,
2018-05-08,,,-0.0012495673453187255,,,,,
2018-05-09,,,,,0.0026525905639338456,,,
2018-05-10,0.006495163428122772,0.004532253037381252,,,,,,
2018-05-14,0.001678192658876991,0.0026154198750404233,-0.0004304413444957555,-0.0009494812261357994,0.000364385263383226,-0.001763493652248584,0.002636614553865458,
2018-05-15,,,,,0.0035201474583019397,,,
2018-05-17,,0.002953563301265508,,,-0.0012052459552494591,,,0.0013051189324746982
2018-05-19,,,,,,,,-0.0010116472606845931
2018-05-20,,,,,,,,0.002171221910070937
2018-05-21,,,0.00043300138580032834,0.0029032338737910598,0.005634359360057069,,,
2018-05-23,0.0015829149750469572,,,,,,-0.0045733528903581155,
2018-05-24,0.010116761585910369,,,,,,,
2018-05-25,0.00015260715477637707,0.003787734278940674,,,,,0.011958032927012967,
2018-05-28,,,,,,,,0.002901603674956813
2018-05-29,0.0031223058727093203,,,,,,,
2018-05-30,-0.002140682749526087,-0.0067958237007959554,,,,,,
2018-05-31,,,,,,0.0021130496209286593,,
2018-06-04,,-0.0005737024078297643,,,0.003202990617854262,,0.012096292317302795,0.0020887215105917507
2018-06-05,,-0.004903384279457519,,-0.002299943313486014,,,,
2018-06-06,,,,,0.007636162839458227,,,
2018-06-08,,,,,,,,0.0003750555728469122
2018-06-11,-0.0007835651704740345,,,,,,,
2018-06-12,,,0.0016556037126058995,,-0.0010268893675065328,-0.0024105640773364415,,
2018-06-13,,0.0028301920145010653,-0.0009030069221582662,,,,,
2018-06-15,,,,,,,0.012513101644968765,
2018-06-18,,,,,,,,0.0033696738414553387
2018-06-19,0.000305841389634309,0.002463144328435143,,,,,,
2018-06-20,,,,,,,-0.0022769794477613134,
2018-06-21,0.0028610274986719986,-0.00025141245670752934,,0.004006103730328296,,0.007758670972724415,,
2018-06-22,,-0.004920636651830449,,,,,,
2018-06-25,0.0009495228777742278,,,,0.007959846297291809,,,
2018-06-27,,0.0023891849573956085,,,,,,
2018-06-28,0.0035106618501727868,0.0053774979043876795,,,,,,
2018-06-29,,,,,,,0.004256210635491642,
2018-07-05,,,,,,0.004818556936212749,,
2018-07-06,,,,,,,0.00029274312839007953,
2018-07-09,0.0017332703295354374,,,,,,,-9.74871201268334e-05
2018-07-10,,,0.00028372368401877,0.0023263346384003914,,,,0.011264541460017326
2018-07-11,,0.008387937438125109,0.0011622142367515161,0.003522023116417807,0.0030654097220066214,,,
2018-07-13,,,,,0.0019728597712036326,,,
2018-07-15,,,,,,,,0.001306459969059376
2018-07-16,,,-0.0007509914333513346,,,,,
2018-07-17,,,,0.0021475719675241277,0.001014895768796459,,,
2018-07-18,-0.0006586874111453639,,,,,,,
2018-07-19,,,,,,0.0005167693631151682,,
2018-07-23,0.004651687116786209,,,,,,-0.0023948852268323947,0.003766415700543445
2018-07-25,0.006369092954892528,,,,,,,
2018-07-26,0.0052580914143625455,,,,,,,
2018-07-27,,,,,,,-0.003047352237290829,
2018-07-29,,,,,,,,-0.0006694265964089973
2018-07-30,0.001036925385763434,,,,,-0.00014977799606128727,-0.00016802245740373117,
2018-07-31,,4.076030712192393e-05,,,,-0.0034882165297537605,,
2018-08-01,,0.003276741589680401,,,,,,
2018-08-02,,0.0016763394793934572,,,,,0.0031592572201810023,
2018-08-06,,,0.003656308154476998,,,,,-0.0005610268420835321
2018-08-07,,5.605831935075981e-05,,,,,,
2018-08-08,,0.0015189691157313223,-0.000987538063216269,-0.0009441796005523019,,,,
2018-08-09,,,,,0.001512081059937409,,,
2018-08-10,-0.004720438556706251,0.005678020230581615,,,,,,
2018-08-13,,,,,,,,-0.001983358380329025
2018-08-14,,,,,,-0.003059526039064788,,
2018-08-15,,0.025147372784627052,,,,,,
2018-08-20,,,,,,,,0.0013335209533076545
2018-08-21,,,-1.7902404512507958e-05,0.0006024661200581662,0.0005961769526753199,,,
2018-08-22,0.0029144896683684423,-0.0002459381001975157,,,,,0.00904669101388058,
2018-08-23,0.006754140439176945,,,,,,,
2018-08-24,,,,,,-0.0035243042795210086,0.003967891982837982,0.004597535862418104
2018-08-26,,,,,,,,-0.0004772907692628958
2018-08-27,,,0.0069159135918646295,,,,,
2018-08-28,,0.0019331037911840413,,,,,,
2018-08-29,,,0.007120761466409278,,,,,
2018-08-30,,0.0070227229026750965,,,,,,
2018-09-04,,,,,,0.0044226331806422655,,0.0006200568659667854
2018-09-11,-0.002317216781034457,,,-0.00026963914399734265,,,,-0.0024548156251414377
2018-09-13,,,,,,-0.0008072316611440546,,
2018-09-14,,,-0.0014481238089563068,-0.004102238258243691,-0.002278648822626701,,,
2018-09-16,,,,,,,,-0.0011450649700160763
2018-09-17,0.0039020095837671073,,,,,-0.0026221729581932278,,
2018-09-18,0.0025040038436224582,,,,,,,
2018-09-19,,0.0022112595967845048,,,,,,
2018-09-20,0.0033233179680908784,-0.0009300426234331479,,0.007437671106686217,,,-0.005476010694292522,
2018-09-21,0.009215969998863486,,,,,,,
2018-09-24,0.0024813108150687525,-0.0017354514314046777,,,0.004704634142019592,,,0.002694592391340553
2018-09-25,0.000253327428574853,,,,,,,
2018-09-26,,,-0.0007250434542114849,,,,,
2018-09-27,0.011109007531725997,,,,,,,
2018-10-01,,,,,,,,-0.0012870305575818238
2018-10-03,,,,,,,0.0038994310875850257,0.0010697264138977358
2018-10-05,,0.0014345633503025724,,,,,,
2018-10-06,,,,,,,,-0.0023998875058449964
2018-10-07,,,,,,,,-0.00201983650413444
2018-10-08,,0.01141654803300472,,,,,,
2018-10-10,-0.00019240628002049776,0.002030645988607974,,,,,,
2018-10-11,0.02677938503935672,,,,,,,
2018-10-14,,,,,,,,-0.001753199153845735
2018-10-15,,0.0026519213408946938,,,,,,
2018-10-17,,0.0006013760871733171,,,,,,
2018-10-18,0.0001074395016184131,0.0014532301704960197,,,,,,
2018-10-19,0.0007001965388093731,0.0009547046116713138,,,,,-0.003776333380344991,
2018-10-20,,,,,,,,-0.0011516475307062624
2018-10-22,0.002718286903864469,0.001418218850787836,,,,-0.0027308393902337378,,
2018-10-23,,0.007694578611644158,,,,,0.013185762475550915,
2018-10-24,,0.0038383320758535134,,,,,,
2018-10-26,,0.0019980039404671546,,,,,,
2018-10-27,,,,,,,,-0.0019840069834757873
2018-10-29,,0.010005068255407631,,,,,,
2018-10-30,0.0012508169005380353,-0.0020213072393542465,,,,,,
2018-11-01,,,0.0019692340106973122,0.00044403906458137114,0.0006720003830628083,-0.002936283007491008,,0.00045544904322264597
2018-11-02,,-2.7986569176550027e-05,,,-0.004026276102618857,,0.014122437172895916,
2018-11-05,,0.002887018404252727,,,,,,
2018-11-06,,0.004520569034454975,0.0018907502597807727,0.00202193235303332,0.0026588049492353503,-0.0013749623431485542,,
2018-11-07,,,,0.011692043994880719,0.012212190426439614,,,
2018-11-08,0.0021703699795728106,,,,,,,
2018-11-09,0.011518576838373724,0.009937063019852189,0.004544278530016902,,0.0019074949886659035,,,
2018-11-11,,,,,,,,-0.0022154621003556136
2018-11-12,,0.004048892647141791,,,,,,
2018-11-15,0.003151784018238274,0.006278159922269507,,,,,,
2018-11-16,0.005378369601141411,0.00379578962625295,,,,,-0.003967447409094161,
2018-11-19,,2.9323575971962816e-05,,,,,,
2018-11-20,0.0028263404260672545,0.004348278944753743,,,,,,
2018-11-23,0.0033894744826919528,,0.002201848232533933,0.003469021824202244,0.0038672325965357713,-0.005434047464962082,,
2018-11-26,,,0.004870069681423643,0.005215372133538298,0.005014990844121852,,,
2018-11-27,,0.0038262504656969565,,,,-0.0014257635662706472,,
2018-11-28,,0.008612528176845264,,,,,,
2018-11-29,,0.0002968015134843349,,,,-0.002159474566589238,,
2018-12-03,,,,,,,0.007562088491957763,0.007372685201604967
2018-12-09,,,,,,,,0.004067485229589137
2018-12-11,-0.0002829931315424086,-0.0032737355277420227,,,,,,
2018-12-12,,,,,,,-0.004449863007118381,-0.0016069230184911703
2018-12-13,0.0009641931122964925,,,,,,-0.0004173767051012445,0.0042261041499258205
2018-12-14,,0.007076704966911011,,0.0071115298910390395,0.007668388113413143,,,
2018-12-16,,,,,,,,-0.0015859594081334134
2018-12-17,,,,,,,,0.011062468984240634
2018-12-20,,-0.0028172967921532913,,,,0.006608795227086081,,
2018-12-24,,0.0037181966285899323,,,,,,-0.000684952305583582
2018-12-26,,0.010927423588058248,,,,,,
2018-12-28,0.001659121615082921,-0.005771251645728089,,,,,,
2018-12-31,,,,,,,0.0006774148004052343,0.0017989145144575252
2019-01-02,,,-0.00028517006316740876,-9.510356865488943e-05,-1.9536015401598525e-05,,,
2019-01-04,,-0.000490141033180277,,,,,,
2019-01-05,,,,,,,,-0.0012632514444510608
2019-01-06,,,,,,,,0.006106637051669575
2019-01-08,0.002584671937049534,,,,,-0.0013347594265757665,-0.00566808250797723,
2019-01-09,,0.00010834780290143768,,,,,,
2019-01-10,,,-0.003218457377098942,,,-0.004567361361245776,,0.013000935811836173
2019-01-11,0.0016004990383026933,-0.00032214495009153714,,,,,-0.0004833527761823135,
2019-01-13,,,,,,,,0.003956889885147474
2019-01-14,,,0.0009803962484289943,-0.0009225095918387558,-0.001962140175064611,,,
2019-01-15,,,,,,-0.0006571563756864216,,
2019-01-17,0.0003665915800092431,,,0.0013844797840319972,0.0011234531908032907,-0.003431850251423682,-0.0013305234812649477,
2019-01-22,0.0006446489349278789,,,,,0.0008518510932709559,,
2019-01-25,,0.015537330151343771,0.00374081292331742,,,,4.0281976869545524e-05,
2019-01-26,,,,,,,,-0.0010945417497657609
2019-01-28,0.0037470823860234082,,,,,,,
2019-01-29,,,0.000593376829959169,,,,,
2019-01-30,-0.0015810841422597554,0.0028178296072812036,,,0.005922492626602247,,,
2019-02-04,,,,,,,-0.0030005065331992135,
2019-02-05,,0.0009381696572548725,,,,,,-0.0012570448502465285
2019-02-06,,0.004645326326466139,,,-0.0009807955668674178,,,0.0020366562513073924
2019-02-07,,,,0.0031122601935894187,0.0025637507761839527,0.01344394043322475,,
2019-02-13,,0.0005273002794465749,,,,-0.0008256628960396755,,
2019-02-14,,,-0.0006904045193768067,0.00039714516724419127,,,,
2019-02-15,,0.009141607956475312,,,,,,
2019-02-17,,,,,,,,0.000568489312948662
2019-02-19,,0.00883232549038873,-0.0005033076788918949,,,,,
2019-02-20,,0.007935335489251677,,,-0.00045553277937176507,,0.0004580469363271104,
2019-02-21,,,,,-0.0002548249452109525,,,
2019-02-22,,,,,,,-0.001464077759094891,
2019-02-25,,0.002293755322036286,0.0011655021720043033,,,,,
2019-02-27,0.004269160489254578,0.005296992814020058,,-0.0007791089929372968,,,,-0.000989552124781765
2019-03-01,,,0.0015264940146391473,0.0018153421489784636,-0.00041565194088646543,,0.0025206146751352567,
2019-03-03,,,,,,,,-0.0022572811543618916
2019-03-04,,,,,,,,0.004065669864918219
2019-03-05,,,,,,-0.0026023571759966214,,
2019-03-08,0.00946684805134703,,,,,,,
2019-03-11,,,,,,,,0.0008322499110293255
2019-03-12,0.0037028176888077085,0.003920819174291551,,,,,,
2019-03-13,0.008208535506124142,,0.002410447860559656,0.002544802605624149,,,,
2019-03-14,0.010422733546858352,,,,,,,-0.0009544828239422591
2019-03-15,0.005811353874172003,,0.002566347116889671,0.001393441931666308,0.002034201241718772,,,
2019-03-19,,0.0010402261462453277,,,,,-0.0011541977933222129,
2019-03-22,0.003844944989753684,,,,,,,
2019-03-23,,,,,,,,-0.001429494662933517
2019-03-25,0.007562260178665294,0.00571066171001106,,,,,,
2019-03-27,,,,,,,-0.00394799328218247,
2019-03-28,0.015402812215045506,0.012324402976943366,,,,,,
2019-03-29,,,0.0022557840389004383,0.003228490987366506,0.004613044825884555,,,
2019-04-01,,,0.0069495654079354775,0.007308274096170971,,,,0.002503770012836077
2019-04-03,,,0.0026485920737533888,-0.0002687418894672083,-0.0005132079347468447,,-0.0020917530766745842,
2019-04-05,,-0.000915205216825237,,0.0025101656321613584,,,,
2019-04-08,,0.004665869783281975,0.0012248353627400082,-0.0035156294489772774,,-0.0008411993890088324,,
2019-04-09,,-0.0008034204566537933,,,0.0024758673997700865,0.004760916458447056,-0.001822520949519825,
2019-04-10,,,,,,,,0.0006297388580940145
2019-04-14,,,,,,,,-0.004301462598311327
2019-04-15,0.0016709173247840847,0.0002053467429674141,,,,,,
2019-04-16,,0.0014425682405024606,,,,,,
2019-04-17,,0.0003010757829330698,,,,,,
2019-04-18,-0.001567353749082629,-0.0017213450551686203,,,,,-0.004121539646187574,0.00027198652022133546
2019-04-23,0.0031713061435304055,0.007306315615232488,,,0.0027308070955647475,,,
2019-04-24,,0.004644904061182977,,,,,,
2019-04-25,,0.0006298299456536689,,-0.0002882998518070777,,,-0.003259946444056482,
2019-04-28,,,,,,,,-0.0017497864483117913
2019-04-29,0.00491052694066702,0.006126816254083704,,,,-0.0011748976595521046,,3.507700161834072e-05
2019-04-30,,,0.002891709855782233,-0.0022760419531947674,-0.002699540288071968,,,
2019-05-02,,,,,,-0.001514716671455701,,0.002982238082678331
2019-05-08,,-0.004029741963035689,,,,,,
2019-05-09,-0.003606608502298311,,,,,,,
2019-05-10,,-0.002127884015927647,,,,,,
2019-05-13,,,,,,,-0.0012501096451180045,
2019-05-15,,,,,,-0.013425292784437763,,
2019-05-16,,0.011628013455680722,,,,,,
2019-05-19,,,,,,,,0.015297187780321287
2019-05-20,,,0.009090699098204685,0.0035463499020273815,,,,
2019-05-21,0.003268700323178618,,0.0018471273305690002,0.0024138993434466506,0.0033334076437404585,,,
2019-05-22,0.000968707353854701,,-0.00026279240667918244,-0.0008320081449921348,-0.00016140396068931883,,0.0034582250236471,
2019-05-23,0.009230923185439152,,0.00782852072052792,0.0077007583356431975,,,,
2019-05-24,0.0013488564438894357,,,,,,,
2019-05-26,,,,,,,,-0.013521521946507664
2019-05-27,,,,,,-0.0017632184974427775,,
2019-05-28,0.0053502937398765766,0.010274659738553188,,,,0.00026949197171732006,,
2019-05-29,0.003111883197775179,,,,,,,
2019-05-30,-0.005750636475325411,-0.005154192187141852,,,,,,
2019-05-31,,,,,,0.006356962157759758,,
2019-06-02,,,,,,,,0.0016182433914203706
2019-06-05,,,,,,,-0.0028726817721798532,
2019-06-10,,,,,,,-0.007259581464126135,
2019-06-11,,0.0033611656047274376,,,-7.286558984310649e-05,,,
2019-06-12,,-0.00029077913808828746,,,,,0.010357425854711345,
2019-06-13,0.003129597097943995,0.00550532800738562,0.00010297349031587546,0.0003812385968520671,0.00025257757979469905,0.0008577937430082405,,
2019-06-14,,0.002848802510846714,0.0005733491756632393,-0.0015354097240483956,,,,0.00705863919789618
2019-06-17,,0.0003994334636224094,,,,,,
2019-06-18,0.004476060198736566,0.006362725243421091,,0.005114554632612383,0.008558020272593373,,,
2019-06-19,,0.0005173951236804858,,,,,,
2019-06-20,0.037416268619660104,0.022306495842849196,,,,-0.0007149307700625009,,
2019-06-21,,0.0062258075190556265,,,,,,
2019-06-25,,0.0019465482104761285,0.009645938347633363,,0.00502539826523536,,,
2019-06-26,,-0.0005827043540388367,,,,,,
2019-06-27,,0.0020578451606520953,,,,,,
2019-06-28,,,,0.0030727293057741544,,,,
2019-07-01,,,,,,,0.004366465644690598,
2019-07-03,,,,,,0.0027200113350774684,,
2019-07-05,,,,,,0.001715068706420401,,0.0017561302298412906
2019-07-06,,,,,,,,-0.002259538555921449
2019-07-08,,,,,,,,0.007288753227038555
2019-07-09,-3.031405602874231e-07,,,-0.00081639095941819,-0.0015882427736202862,,,
2019-07-10,,0.0021864456332396473,,,,,,
2019-07-11,0.0027267617981271276,,,,,,,
2019-07-15,,,0.0017137745621040406,,,,-0.004299515499351923,
2019-07-16,,,0.0011142529003265427,0.0012129020557261282,-0.0017242195242031927,,,
2019-07-20,,,,,,,,0.00015488882090369254
2019-07-22,,,,,,,,0.00033272009669717186
2019-07-23,0.0020688718016272606,,,,,,,
2019-07-24,,-0.00631204143008851,,,,,,
2019-07-25,0.004998283565437288,,,,0.0015435776478701982,0.006185902655485223,,-0.00032837636762946996
2019-07-26,0.0023650493829097258,,,,,,-0.002841107448762082,
2019-07-27,,,,,,,,0.002726293826884771
2019-07-29,,,-0.0001960320827993437,,-0.00034001218392264984,-0.0020742200326079496,-0.004271255524358534,
2019-07-30,0.005706977508804644,0.003769229418216656,,8.155610532238126e-05,,,,
2019-08-01,,,,,,,0.02106263337669198,
2019-08-07,,0.027620213785460836,,,,,,
2019-08-08,,0.0065877514176064375,,,,,,
2019-08-09,,-0.0006372399378264127,,,,,,
2019-08-10,,,,,,,,0.003929173225133016
2019-08-12,-0.00135198217271411,-0.004917378266331493,,,0.005503850914794734,,,
2019-08-13,,,0.007208693523196584,,,,0.010706235080747601,0.005048117069816586
2019-08-15,,0.0011168927824761667,,,,,,
2019-08-16,,0.0019373959753500069,0.005028395426962912,0.006339539459631997,0.005485608178520138,,,
2019-08-19,,0.004677032229065913,0.005907699419173708,0.005743057798042348,0.004432258548295385,0.0057847300401380995,,
2019-08-20,,0.005504633115084051,,0.002421203691042387,0.0011434432773761007,,,
2019-08-21,,,1.0712539757296569e-05,,,,,0.0063245577691535
2019-08-22,0.0006918659440195062,,-4.851265544121442e-05,-0.0011912558082447758,-0.0027854632005867457,,,
2019-08-23,0.015466824461253852,0.01100279705083459,,,,,,
2019-08-26,,0.0059498147609966705,,,,,,0.00048189350960351694
2019-08-28,,0.0036770898593856153,,,,,,0.004872583136151241
2019-08-29,-0.00615102629171702,,,,,,-0.00046539688292838294,
2019-08-31,,,,,,,,-0.0009256173265644093
2019-09-01,,,,,,,,0.0008924474130068815
2019-09-03,,,,,0.0038248494716471237,3.269564077644992e-05,0.009518609228722863,
2019-09-04,,,,0.004345851580605016,,,,
2019-09-05,,,0.008339626514138993,0.007032747769587399,0.007914516723738097,,,
2019-09-06,,,,,,,,0.0023500101059777
2019-09-09,,,0.0002169946735247225,-0.00134280294656863,,,,
2019-09-10,,-0.0023726459819154292,,,,0.0001045794712462577,,
2019-09-12,0.00072887168273491,-0.0011684337026851882,,,,,,
2019-09-16,0.005599399177570921,,,,0.0025768224738302314,,0.039704751002794005,0.00040433785542369645
2019-09-17,,,0.0012048950627707301,0.00039751047924879425,,,,
2019-09-18,,0.0038153523375275278,,,,,,
2019-09-19,,-0.00011139247755200886,,,,,,
2019-09-27,0.003925864297145103,,,,,,,
2019-10-01,,,,0.006415299579768872,0.007577336935844338,,,
2019-10-05,,,,,,,,-0.0002934793578505961
2019-10-08,,0.0011386178818342772,,,,,,
2019-10-09,,0.0011632098246476658,,,,,,
2019-10-10,0.0015841085117900505,,0.001457485914273965,0.0016167259617651442,0.0014656764068741992,,,
2019-10-13,,,,,,,,-0.003041896112158665
2019-10-15,,,0.005339279484478687,0.004793961423680068,0.0034847141529080147,0.005341817364799413,,
2019-10-17,0.0018033962870589754,,,,-0.0012879362130738606,-0.0031313953151003277,0.00021231923606726246,
2019-10-21,0.001974722813886915,-6.600991241193841e-05,,,,,-0.00027324540409011963,
2019-10-22,,0.0008858955161318778,,,-0.002207780340652565,,,0.0030643523926530453
2019-10-23,0.0029970785383646214,,,,,-0.0007843744135455662,,
2019-10-25,,0.002098408783434311,,,,,-8.153113747592556e-05,0.032655370960472156
2019-10-28,,,,,,,-0.002758121782053685,
2019-10-29,,,,-0.002222998579261728,,,-0.0021269195744138456,
2019-10-30,-0.004052118833795961,-0.0016635483208367573,,,,-0.0017640841505500477,,
2019-11-01,,-0.0004213107369565242,,,,,0.002358862065181623,
2019-11-02,,,,,,,,0.0003370522398820517
2019-11-03,,,,,,,,1.8506230307456647e-05
2019-11-05,,0.01146734120457824,-0.0009944013711313017,-0.0001687283102221623,-0.001238998449589844,,,
2019-11-06,,,,,-0.001449982358473796,-0.004812294371787187,,
2019-11-07,,,,,,,,0.0004747160382346527
2019-11-10,,,,,,,,0.0027123842564637335
2019-11-12,,,,,,,-0.0038328031635012348,
2019-11-13,,,,,,,-0.0032898644775069008,
2019-11-14,0.004160093243558832,,,,,,,0.0008737037050782361
2019-11-15,,,,,,-5.2276839657174457e-05,,
2019-11-18,0.000674370556915353,,-0.00391801880705045,,,,,
2019-11-19,,0.0023536852737145965,,-0.0017179065172531812,0.0008820120084470326,,,
2019-11-20,,-0.0006064056366166048,,,,,,
2019-11-21,,0.0006190421470848161,,,,,,
2019-11-22,-0.0002939639169862131,0.001035639339119255,,,,,,
2019-11-25,,0.002400303530583921,,,,,,
2019-11-26,,0.0037073672163438613,,,,-0.0030031724204890083,0.0017065399715378365,
2019-11-27,0.003642718315597077,0.0025547241748318434,0.004202790212361048,0.0029502166140913545,,,,-0.012581050287888347
2019-11-29,,,,0.0004932532542235244,0.0005360284020686164,-0.0030996041298826296,,
2019-12-02,,,0.00884947511810089,,0.00915542494761318,,,
2019-12-04,,,,,,,,-0.0053453754182763566
2019-12-05,,,-0.0021400702318253684,,,,,
2019-12-07,,,,,,,,-0.00042558257191579985
2019-12-08,,,,,,,,-0.0014329711397297572
2019-12-10,-0.0012634983157154423,0.0002906812505033727,,,,0.000570567275474102,-0.0014792176192829213,
2019-12-11,,0.0030751378006317145,,,,,,
2019-12-12,,,,0.007578098509199061,,,,
2019-12-17,-0.0007711506018805288,,,,,,0.0016430518602109847,
2019-12-18,,-0.00012673748594869486,-0.0013718329551428209,-0.0029566263134911154,,,,
2019-12-19,0.0032990281178952364,,,,0.001353872117185545,-0.0010391154347773946,,
2019-12-20,,,,,,,-0.001206539485179638,
2019-12-22,,,,,,,,0.0076327579482127275
2019-12-24,,,-0.0009670457027051556,-0.0007066760739384936,,,,
2019-12-26,,,,,0.0010564360826542203,,,
2019-12-27,,,,,,-0.0011801152104633944,,
2019-12-29,,,,,,,,-5.30009335619935e-06
2019-12-30,-0.0005855675382036748,,,,,,3.705947419571236e-05,
2020-01-02,,,,,,,,0.005896251660774452
2020-01-03,,-0.003932227096589978,,,,,,
2020-01-08,,,0.003808687477346809,0.002271363841412181,,,,
2020-01-10,,,,-0.0009447988877859457,,-0.003841418872578929,,
2020-01-13,,0.002441568963443381,,,,0.0006732340099933499,0.0029060191731895774,
2020-01-14,0.003502433036962506,,,,0.00046561397481519257,,,0.016643690455968897
2020-01-16,-0.0033380091351411863,0.0006232847721798869,,,,,,
2020-01-17,0.0013262265050796838,,,,,,,
2020-01-20,,,,,,-0.00474603355764801,,
2020-01-21,-0.0018812753007606004,0.007357540161373792,-0.0011955855888640104,-0.0010598474522169104,0.00330175832404078,,-0.0012518883378275442,
2020-01-22,,-0.00023475799701964863,-9.188789013527497e-05,,,,,
2020-01-23,,-0.0009409887988279021,,,,,,0.005649697230045283
2020-01-28,,0.0182476484559486,,,,,,
2020-01-30,0.00880583025990833,,,,,0.006457272089767593,0.005443224219021656,0.0017251258676094319
2020-02-02,,,,,,,,-0.0011103578137212154
2020-02-03,,0.008212342833714338,,,,,,
2020-02-05,,0.00038060956015456896,,,0.010887774847635074,,,
2020-02-06,,0.005372244295330191,,,,,,
2020-02-07,,0.0026614652431948185,,0.0014998559516220058,0.003776043286443284,-5.047071183806293e-05,,
2020-02-08,,,,,,,,-0.0038313754147883865
2020-02-10,0.001389530428849106,0.0018428240866605996,0.004570568900470658,,,,0.005091638172453146,
2020-02-11,0.00175700686382039,,,,,0.005110359327221272,,
2020-02-13,,0.0027842326822882834,-0.0016648268329337032,-0.002514452769692487,,,,
2020-02-14,0.0045345285633760285,0.0025853167453274567,,,,,,
2020-02-18,,0.011517706541355604,-0.0005443426716772469,,,0.002682060277858818,,
2020-02-19,,0.003686202137340088,,,,,,
2020-02-20,,,,,0.0013218008700852074,,,
2020-02-21,,0.0051868140110869,,,,,0.0016146905280494835,0.00029408255182057034
2020-02-23,,,,,,,,0.004825830848948241
2020-02-26,,0.008139466231876207,,,,,,
2020-02-27,,0.003478464742544852,,,,,,
2020-03-01,,,,,,,,0.0006753621787087408
2020-03-05,,,,,,-0.0012949197113141285,,0.0056632278912419134
2020-03-18,,,,,,,0.014858066040366264,
2020-03-19,,,,,,-0.0056536972922605015,,0.013739480265765382
2020-03-20,,,,,-2.338662756454964e-05,,,
2020-03-23,0.02123691916408531,,,,,,,
2020-03-24,,,0.008798056862797488,0.009921392549648994,0.012340491732811938,,,
2020-03-25,,,-0.0017098248213846293,0.0014420837801118246,,,-0.0029368169223866637,
2020-03-27,,0.0013665424046847535,,,,,0.004400356416554736,0.001446010096296784
2020-03-30,0.0003044590163021256,0.0028398118508357164,0.001310361686925852,0.0005123645301469165,-8.193440789114918e-05,-0.005337913262763645,,
2020-03-31,,,,-0.0026803664265694894,-0.002851522182070841,,,
2020-04-01,,,,0.005722272672899344,0.005634977821912528,,0.0038170111602467763,0.0011130635769824374
2020-04-02,,,,,,-0.0016602406723342834,,
2020-04-03,,,-0.0022974959026080357,,,,,
2020-04-06,,0.006051630551109535,,,0.008005696122044277,0.008352158379168662,,
2020-04-09,0.010841094510313901,0.009573456851926182,-0.00032870118268248045,,,0.003644143418985063,,
2020-04-10,,,,,,,,0.004268618066118477
2020-04-12,,,,,,,,0.0003373376380991296
2020-04-13,,,-6.2805477146573e-05,-3.9395517924349234e-06,0.0006355479749567132,,,
2020-04-14,,0.006424813493204378,,,,,,
2020-04-15,,,,0.0011607389490165155,0.0010514621686704233,,,
2020-04-16,,,0.0016590399485608158,-0.0002179773654488474,,,,
2020-04-17,,0.0034425303576794113,,,,,,
2020-04-18,,,,,,,,0.0010362541810256757
2020-04-20,,0.003464119128912878,,,,,0.006709763189545221,0.0043647972777297265
2020-04-21,0.00029499615596367243,0.00829968221132574,0.006204036949234538,,,,,
2020-04-22,,,,,,,,0.0026908296059985114
2020-04-23,,0.0005536491244244855,,-0.0011157245050701463,-0.0007430594735235051,0.0013097910874906974,,
2020-04-24,0.0017543480791870146,,,,,,,
2020-04-27,,0.00035647612453854565,,,,,,
2020-04-28,,0.00019161739851841843,0.0025428686044636716,-0.0015678022523216975,,,,
2020-04-29,0.000675241316221535,,,,,,,0.01583500764466025
2020-05-05,-0.0010427767823705265,,,,,,,
2020-05-06,0.0026927027015304196,,,0.0009438003016001711,0.001473768577625291,,,
2020-05-08,,,0.0017517032206884689,0.0017661403022240316,0.001702523542979829,0.0024126687155189962,,
2020-05-11,,,,,-0.0009523648013745839,-0.0004457936885163893,-0.000784510083893402,
2020-05-12,,0.00036498387693406506,,,,,,
2020-05-13,,-3.8028223561208204e-06,,,,,0.0005873691503926894,
2020-05-17,,,,,,,,0.0010556149012862486
2020-05-18,0.0017046762515968397,,,,,,,
2020-05-20,0.00010671134912173612,,,,,,,4.439285303525666e-05
2020-05-21,,,0.000820589094797032,0.00031395714289284617,-0.0002172977189424711,,,
2020-05-22,,,,,,-0.0010986769694152833,0.0013122976169133462,
2020-05-23,,,,,,,,-0.0008239027995383294
2020-05-24,,,,,,,,0.005015969378031769
2020-05-26,,,,0.002536592768466391,0.004292985685734364,,,
2020-05-27,,,,,,0.0018680722798742105,,
2020-05-28,,0.0023079000996105345,,,,,,
2020-06-01,,,,,,,0.007968490727404074,
2020-06-02,,,-0.003683595701564935,,,,,
2020-06-04,,,-0.0026862837167228077,,,,,
2020-06-05,,,,,,,0.005367229363590158,
2020-06-06,,,,,,,,-6.781102423498889e-05
2020-06-07,,,,,,,,-0.002966349196030725
2020-06-08,,0.004455251863639541,,,,,,
2020-06-09,,,,,,,,-0.0022395464659705137
2020-06-11,,0.0008891326286998536,,,,,,
2020-06-14,,,,,,,,-7.531584635071348e-05
2020-06-15,0.0011146655133831222,,,,,,,
2020-06-17,-0.00185516372918246,,,,,,,
2020-06-18,,,-0.0016203463574252016,,,-0.0034237538092848825,-7.311515633186738e-05,
2020-06-19,,,-0.0018441800922804315,-0.00043476467814272223,-0.00028559565580733225,,,
2020-06-22,,0.0004016806899874275,,,,0.0007689939308117398,,0.004443891780119568
2020-06-23,,0.002027946808551278,,,,,,
2020-06-24,,,,,0.006186219214107821,,,
2020-06-26,0.002000294349555438,,,,,,,
2020-06-29,,0.0002334934051403558,,,,,-0.00046316434096095154,
2020-07-01,,,,,,-0.0020299235024195898,0.000980612492326371,-0.0004435695635409843
2020-07-02,,,,-1.4790051555236816e-05,,,,
2020-07-05,,,,,,,,-0.0008365128396682082
2020-07-06,,,0.004950170720659039,,,,,
2020-07-07,-0.004872114319464076,,,,0.0009926460910554232,,,
2020-07-08,,,,,,-0.004234868589028537,,
2020-07-09,,,,,0.0010703264234148957,,0.0011316403560890855,
2020-07-12,,,,,,,,-0.0012381314717369843
2020-07-13,,0.010238581223256995,,,,,,
2020-07-14,,,,,,,,-0.0008837504734205799
2020-07-17,,,,0.0002612140253872847,,-0.0005404460113355362,-0.000272318259294458,
2020-07-20,,,0.008555096773333819,,-0.0007761492519885297,0.0017064357033733527,,
2020-07-21,,,,,,,,0.004059542227008933
2020-07-29,,,,,-0.00041461193780873616,,,
2020-07-30,0.0031960600285386863,0.008040092833272193,0.0005869506371128177,,,0.010743586315136574,0.0007260758191360016,
2020-08-03,,,,,,,-0.004774886763687351,
2020-08-04,,0.01488172009036415,0.0002745957327034504,0.00023074024292686588,0.0013720784546373621,,,
2020-08-06,,,0.004065217666385473,0.0020048552329772072,,,,
2020-08-09,,,,,,,,-0.0026199391362645252
2020-08-13,,,,,-0.0008618719808935642,,,
2020-08-14,,,,,-0.002111581672468804,0.0010033313825080269,-0.00027658058297687176,
2020-08-16,,,,,,,,-0.0028789334475805796
2020-08-17,0.008940493602280795,,0.002477632009144592,0.00021213788545389406,,,,
2020-08-18,,,0.003078813004531012,-0.0015471448344951233,0.00042586205296810966,-0.0030105442553127635,,
2020-08-20,,0.0008857333797146356,,,,,-0.0008256329039450886,
2020-08-21,,0.0022397836736681147,,,,,,0.0021435362266610863
2020-08-24,,,,,,,,0.0005135899205493726
2020-08-26,0.0027958116728151227,,,,,,,
2020-08-27,,,,,0.0019125819742991687,,0.0019146174202446765,
2020-08-28,,,,,,0.0010714392281697567,,
2020-08-30,,,,,,,,0.0020396676824931785
2020-08-31,,,0.0032143900417910794,,,,-0.0005518147185343624,
2020-09-04,-0.0038142208126682557,,,,,,,
2020-09-11,,0.002657194604931605,,,,-0.0019642593350539016,,-0.003819263325054233
2020-09-14,0.0007567596603845157,,,,0.0023310094084299034,,-0.0017710582737991277,
2020-09-15,0.0006586950203459927,,0.002085915321073086,-0.00046724832050322885,-0.0016961435377087562,,0.002085668277575413,
2020-09-16,,,0.0034495625925164827,0.0003662813558396448,-0.003444998295808409,-0.0010330074170833254,,
2020-09-17,0.004473123255859982,,,,,-0.0016090821119390131,,
2020-09-19,,,,,,,,0.0005269979403731365
2020-09-21,0.013186133568169525,,,,,,,
2020-09-23,,,,,,,,0.0028681530223884804
2020-09-25,,,,,,,-0.0010810491917208791,
2020-09-27,,,,,,,,-0.0027805903885663053
2020-09-28,0.003991103159600504,,,,,,6.408781758486999e-05,
2020-09-29,-0.006019516877319203,,-0.001424248604427025,-0.00047804613468178394,,,,
2020-09-30,,,0.0005681236161265397,,0.002727448810868868,,,
2020-10-01,,,,,,,-0.00361379633887338,
2020-10-04,,,,,,,,0.0009233242313261488
2020-10-06,,,,,,0.0013696726335088428,,
2020-10-08,-0.0005489668923869497,-0.0008770369964881605,,,,,,
2020-10-09,0.0076617663346251795,0.006871038727637909,0.004102989644950035,0.003799216395204208,0.0018755085978594736,,,
2020-10-12,,,,,,0.0006581632358423898,0.004527585488066862,
2020-10-13,0.009585210347387324,0.0084076434050446,,,,,,
2020-10-15,,0.0010517779501180522,,,,,,
2020-10-16,,0.0011178363872695364,,,,,,
2020-10-18,,,,,,,,0.0016650428680906346
2020-10-19,0.00147961030499846,,,,,,-0.003868670111160984,
2020-10-20,,,,,,,-0.0008830379644942947,
2020-10-21,,-0.002452999584939101,,,,,,
2020-10-22,,,-0.0005079585003045777,-0.003164839522214974,,,,
2020-10-23,,-1.429959588202413e-06,,,,,,
2020-10-26,,0.0018443826549597348,-0.006139317864325436,0.005854955725113062,,,,
2020-10-27,,-0.001667723544574029,,,,,,
2020-10-28,0.009139407577134547,,,0.01783184719550919,0.017933342356101143,,,
2020-10-29,,-0.0004670068387289775,,,,,,
2020-11-02,,0.00327877044144537,,,,0.0053870028253997695,0.005597746206661905,0.0012461306067347608
2020-11-06,,,-0.0030700777378488303,-0.0031441645253598464,,,,
2020-11-09,,,,0.0034541691572906974,0.011708095730679373,,,
2020-11-10,,0.006084154380836589,,,,,,
2020-11-11,0.00245210353998528,,,,,,,0.0029285984205367336
2020-11-12,,,,0.0024989369185117578,,0.001760762076593998,,
2020-11-13,0.0015963952916332297,0.0036507431505763436,,,,,,
2020-11-16,,-9.518841649766727e-05,,,,,0.001982850781070203,
2020-11-17,,0.0009618708638186248,-0.0017084349140068698,,,,,
2020-11-18,0.0027442115831101993,,0.0020030318100667287,,,0.000785512270258714,,
2020-11-19,0.003164616048788251,0.0032394109998182185,,,,,,
2020-11-20,,0.0025521139460710405,,,,,,
2020-11-23,,0.006316171545480074,,-0.0007763399202507489,0.0016771688473313795,,,
2020-11-24,,0.0027960396461171205,,,,,,
2020-11-27,,0.007567297167083344,,0.00011694176065514533,,-0.00012517707491526689,,
2020-11-30,,,-0.0016692568056081425,0.0009455298294869856,0.00285104155074799,,,
2020-12-04,,,,,,,,0.002026345506991121
2020-12-06,,,,,,,,0.0012299984631008465
2020-12-07,,,0.002036578061586644,,,,-0.0005757646543361617,-0.002624515757922786
2020-12-08,,,,,,,-0.0029103687766083375,0.006086772128689354
2020-12-09,0.0073645207906997585,0.006205643464356617,,,,,-0.001319079079664751,
2020-12-11,,,,,-0.003360587242782606,,,
2020-12-14,,-0.0010092948685062025,,,,,,
2020-12-15,0.004521885389989442,,,,,,,0.0005297640091582627
2020-12-17,,,,0.0014916288852948102,0.0009478788215048605,,0.0010832387831977144,
2020-12-18,,,-0.0018526077117357877,6.334411832098891e-05,0.0005358865653619913,-0.0043312831287522155,,
2020-12-21,-0.0030672069916390424,,,,,,,
2020-12-28,-0.0005248289593831485,0.005873001875334995,0.0039592698108275315,,,,,
2020-12-30,0.002777673300639417,,,,,,,
2020-12-31,,,,0.001717918714055349,,,-0.005167529069427156,
2021-01-01,,,,,,,,0.00022949916319240567
2021-01-02,,,,,,,,0.015910744991103315
2021-01-05,,0.0022972863059957174,,,,,,
2021-01-06,,0.005246802408161469,,,,,,
2021-01-08,,0.02503654281423719,,,,,,
2021-01-10,,,,,,,,0.002514303033502252
2021-01-12,,,,-0.002402177793652864,-0.0010463013426728158,,,
2021-01-13,,,,,-0.001645089684520496,,,
2021-01-14,0.0007760052607024245,,-0.004343325766748116,,-0.0002177879573673038,,,
2021-01-15,,0.0076668918727573485,,,,0.0051991393505134475,,
2021-01-17,,,,,,,,-0.0008228040874320416
2021-01-19,0.0024943003206375435,,,,,,,
2021-01-20,,,,0.008586464531785347,,,,0.0019063343148711892
2021-01-21,,,,,,,-0.0032148617084714203,
2021-01-22,0.0024824844353927298,0.0022984726807561504,,0.00046305430589537036,0.002762222268123372,,-4.294847116264763e-06,
2021-01-25,,,-0.005547793428035884,,,,,
2021-01-26,,0.0003218258150795645,,,,,,
2021-01-27,,0.0010725493929950119,,,,,,0.0023829974206894065
2021-01-28,0.001933867629090672,-0.005529199358090575,,,,,,
2021-02-02,,,,,,0.006317936927365671,,
2021-02-04,,,,,,0.0017988520911831958,,
2021-02-05,,,,,,-0.001446904468371257,,
2021-02-06,,,,,,,,0.0032335046374923028
2021-02-08,,,0.001697997886892978,0.003025820040263923,0.002453108865088104,-0.0030662777552706677,0.004098042817960785,
2021-02-09,,,-0.0005050922515020093,,,,,
2021-02-10,,0.0011833027296006956,0.00034230805752357346,-0.0013772897560053344,,0.0003070295087287336,,
2021-02-11,,-6.889404610621296e-05,,,,,,
2021-02-14,,,,,,,,0.001284439006579595
2021-02-16,,-0.00027303597874456855,,,0.0006490266116106001,-0.0005100739035625604,,
2021-02-18,,0.0014379926326714384,,,,,,
2021-02-19,,,,,,,,0.007858982047950056
2021-02-24,,0.0009765410066045587,,,,,,
2021-02-25,0.006869939428846182,0.001364420960942587,,,,,,
2021-02-26,,,,,,,0.0014096775499956643,
2021-03-01,,,,,,,0.011234149793619579,
2021-03-03,,,,,0.0020662883727017045,-0.0021087101737291007,,0.0006036313396881838
2021-03-05,,,,,,0.0008043101144758233,,
2021-03-07,,,,,,,,0.004907262459148415
2021-03-08,0.002376618142536535,-0.0014873896440453403,,,,,,
2021-03-11,-0.00038088376637285503,,,0.0029273120728629896,,,,
2021-03-12,,0.001067042910897558,-0.0004795382159750133,,,-0.00039678821086477906,-0.0035624350149603035,
2021-03-15,,,0.0038473253699933415,0.0032625886029372343,,-0.0013676896314064157,-0.005546123475894635,0.00757730618371283
2021-03-16,-0.0006252593728568199,,,,,,,
2021-03-17,-0.00034492786884395785,-0.0014367311775106755,,-0.0013951141311486005,0.0005854089373029758,,,
2021-03-18,,,,,,0.006342879168733199,,
2021-03-21,,,,,,,,0.0014934394174863762
2021-03-23,0.004504943229866408,,,,,,,
2021-03-24,0.0027033577186069296,,0.005646795461922959,,,,,
2021-03-25,,0.0013360632098654399,,,,,,
2021-03-28,,,,,,,,-0.002074952326229055
2021-03-29,,0.002737670110506624,,,,0.0006888498313704865,,0.0025270316756802816
2021-03-30,0.010416782980454828,,-0.001817902096859633,,,,,
2021-03-31,,,0.004875893290182481,0.00043453282244800153,-7.23419234375553e-05,,,
2021-04-01,,,,,,0.0024570499403017802,0.0001258418424248333,
2021-04-02,,,,,,,,-0.0010470463900453578
2021-04-05,,,0.00776566477941081,,0.007660396153231441,,,
2021-04-07,,,,,-0.0017281173518057782,,,
2021-04-08,,,,0.0019153039021751425,,,,
2021-04-09,,0.0024757805523412586,0.0023542341674862403,,0.006355488230259876,,-0.002337335617165951,
2021-04-10,,,,,,,,0.0019377928429185932
2021-04-12,,0.004861283041054419,,,,,-0.003292421973816327,
2021-04-13,,,,,-0.0005325117803960589,,,
2021-04-14,,0.000678502697812406,,,,,,
2021-04-15,,0.004705651886448087,,,,,,
2021-04-16,,0.0011913462729685792,,,,0.008236213218645764,,
2021-04-19,0.00016069594759536972,0.0026692082338316252,,,,,,
2021-04-25,,,,,,,,-0.0009850218477186156
2021-04-27,-0.0008827483866048022,,,-0.0009760698350650921,,-0.0017966203832929341,,
2021-04-28,0.0016364100398863041,0.003602526427179766,0.0009909064174032569,,0.0009794272993480693,,,-0.0022630395565718937
2021-04-29,,-0.0001567899584252194,-0.0025397150980852237,,0.002334071142393721,0.004582811059917437,,
2021-05-02,,,,,,,,0.0009638553773919228
2021-05-11,,,,,,0.008829638708188377,,
2021-05-12,,,,,,,,0.0161202454767392
2021-05-13,-0.0007960385444980399,,,,,,,
2021-05-14,,0.0020580405396052196,,,,,,
2021-05-18,,-0.0006984435623260466,,0.002261489146641638,0.002336278459176943,,,
2021-05-19,0.0038674612067486533,,,,,,,
2021-05-25,0.0051370061662808116,,,,,-0.0011858604579482296,,
2021-05-26,,,,,,,-0.0007366383465748944,-0.0017252866852841265
2021-05-27,0.0021779975670454554,-0.0013923898486479728,0.0001178220813030196,-0.0007021108100570776,0.0008127272755654362,,,-0.0017605973802615842
2021-05-28,,,,-0.002038257567062518,,,,
2021-06-01,,,,5.547871080767459e-05,-0.0018816740666890927,0.001731764705900743,0.001267234452136819,
2021-06-02,,,,,,,,-0.001398024521265191
2021-06-03,,,,,,-0.0011273455007981639,,
2021-06-07,,-0.0022032113155945406,,,,,,-0.010204214631238454
2021-06-10,-0.0017254162639130167,,0.0021601619562572104,,,,-0.0025244740592048494,
2021-06-14,,,0.004909268167167277,0.0008873673111215802,,,,
2021-06-16,,,,,,-0.0009794547893650233,,
2021-06-17,,0.028521412931902298,,,,,,
2021-06-18,,0.0009081994806819884,,,,,,
2021-06-20,,,,,,,,-0.002856536944307667
2021-06-22,,0.0015985969274564594,,,,,,
2021-06-23,-0.001677326053275214,0.0028345903020879845,,,,,-0.0013570239624258198,
2021-06-24,,0.0002659880280506542,0.0015529301081151322,0.0015002181772614423,0.004194011838027817,,,
2021-06-25,-0.0034468929723070266,-7.017964516624105e-05,,0.0014137073585535037,,,,
2021-06-27,,,,,,,,0.006972471191085428
2021-06-28,,,,,,-0.004143152268965083,,
2021-06-29,0.005673096983609818,0.004127508532070056,,,,,,0.0018004199093775454
2021-06-30,,,,-0.0011290338124691514,,,,
2021-07-01,,,-0.0012425970257157505,,,,,
2021-07-03,,,,,,,,0.0022616636360650393
2021-07-08,,,,,,,,0.0035699907244747665
2021-07-11,,,,,,,,-0.0003164526628443704
2021-07-13,0.001229553188220941,,-0.001287071318944471,,,,,
2021-07-14,,6.430231406387215e-06,,,-0.0027534544276469853,-0.0020413032872377505,,-0.0026883713344437567
2021-07-16,,,,,,,-0.003159706031823434,
2021-07-18,,,,,,,,-0.0011476395978376479
2021-07-22,-0.0021656387885175543,,,,,,,
2021-07-23,,-0.00027769489238329534,0.00788540052448281,0.0076512824847815766,0.00360088144949892,,,
2021-07-26,0.0004485822750137025,,,,,-0.0024507806560640642,-0.005576936108414702,
2021-07-27,,0.010459178413478643,,0.0005259168225061914,-0.002735227636359549,7.622259076821532e-05,,
2021-07-29,0.013949256411704419,,,,,0.0015366751807964075,0.0025480104594101318,
2021-07-30,,,,,0.0009318251674015401,,,
2021-08-01,,,,,,,,-0.008866669702076347
2021-08-05,,,,0.0021488569280141874,,,,
2021-08-06,,,,,,-0.0008327551670324565,,
2021-08-09,,,,-0.0009574209437641179,-0.0008679055868609787,-0.0015173415550387129,,
2021-08-10,,0.0013045257192770702,0.001481755349298459,,,,,
2021-08-11,,,,,,-0.005620282616710233,,-0.004149428177151084
2021-08-12,,0.005143092640873301,,,,,,0.0031241351570764487
2021-08-13,0.008414578858453137,0.009923020597381085,,,-0.00042964622636450776,,-0.00017472611564316523,
2021-08-16,,,-0.0033737800618436095,0.00199797383506748,-0.000176144808012824,,,
2021-08-17,,0.0014314960365153972,,,,,,
2021-08-18,,0.003066036624676505,,,,,-0.0091979920130862,
2021-08-19,,,,,,,,0.0022660350217836474
2021-08-20,,0.0012753361563167687,,,,,,
2021-08-22,,,,,,,,-0.0037717861471294506
2021-08-23,,0.008371433340756669,,,,,,-0.0002932963166473638
2021-08-25,0.004865230162683739,0.0012862380619387639,-0.0009922398930002094,0.00019700844612959936,-0.0016101333748232878,-0.0015329967527442014,,
2021-08-26,,,0.0033944411036422764,,,,,
2021-08-27,,,,,,,0.0016977237070505875,
2021-08-29,,,,,,,,-0.0014474397795390087
2021-08-31,,,,,,-0.0006619240156028753,,
2021-09-01,,,,,,,0.004910564882844579,
2021-09-05,,,,,,,,0.003930207670257135
2021-09-12,,,,,,,,-0.00020107364400552097
2021-09-13,-0.001047950098169348,0.0010436814741732036,,,,,,
2021-09-14,,,,,,,-0.002098957459673936,
2021-09-15,,,,,,0.0013637504109536508,0.004528760710768022,
2021-09-16,,0.016411156648810796,,,,,,
2021-09-20,,,,,0.015871826768839876,,,
2021-09-22,,,0.0017476709321649323,,,,,
2021-09-24,,0.003632383834930513,,,,0.0018158102319602322,,
2021-09-26,,,,,,,,-0.005817235841041414
2021-09-27,-0.00012900333665203463,,0.0002372606964407129,,-0.00022325083366036687,-0.0013037958998541146,,
2021-09-28,,,0.01775103916421805,0.017410240529788082,,,,
2021-10-03,,,,,,,,-0.0007592401604852947
2021-10-04,,0.0011075243787214025,,,,,,
2021-10-05,,1.529413188056396e-05,,,,,,
2021-10-06,,0.0006407459604393047,,,,,,
2021-10-08,-0.0027315714204920716,-0.0013181927322043234,0.0024832750710378467,,,,,
2021-10-10,,,,,,,,-0.0023147914719087804
2021-10-11,,,,-0.00955419392920125,-0.008170646506426215,-0.0016608265336047318,0.0001992767059812478,
2021-10-12,-5.470670054259989e-05,0.0018940750637769356,,,,,,
2021-10-14,,0.00429820308828135,0.011206144314715252,,,,,
2021-10-15,,,,,,,0.0007070151119284237,0.008370715013332192
2021-10-18,,0.0007870340040617792,0.006251096982532449,,,,-0.0014802919589784792,
2021-10-20,,,,0.0023193265803696382,0.0027390724557212706,-0.0014504427637888238,,
2021-10-21,,0.0035461369600834503,,0.0011285920469857095,,,,
2021-10-22,0.0036733533686658707,,,,0.0009663603611012224,,,
2021-10-24,,,,,,,,-0.0033838414779322136
2021-10-25,,,,,,,,0.0037464391178265804
2021-10-26,,,,,-0.0012043868048448219,,,
2021-10-27,,0.0010240103886368804,,,,,0.0027650752138124457,
2021-10-31,,,,,,,,-0.0014157781593589756
2021-11-01,,,,,,,-0.00014159382277624064,
2021-11-02,,,0.0026113549475820417,0.0014782817167874765,,,,
2021-11-03,,0.003957769233841574,0.0068790133437487775,0.004411431294414874,,,,
2021-11-04,0.010150898542670274,,,,,0.0014102617234655263,,
2021-11-05,,,,0.0023346164043796516,0.003487651354540406,,,
2021-11-07,,,,,,,,0.004809459377566958
2021-11-09,,,0.004263950219323941,,,,,
2021-11-10,,0.006649439634402558,,,,,,
2021-11-11,,0.007747405024601467,,,,,,
2021-11-12,,,,0.0032051220910130733,,,,-0.00020003621209519816
2021-11-16,0.004226107177141969,,,,,,,
2021-11-17,0.006176323093026817,,,,,,,
2021-11-18,,,,,,-0.00035564760051891926,,
2021-11-19,0.00385113163115068,,,,,,,
2021-11-22,0.018365692348820586,,,,,,,0.007442814575187201
2021-11-26,,0.005812910205822427,,,0.019811051856654282,,0.040717746423981765,
2021-11-29,,0.004568107610683658,,,,,,
2021-12-03,,,,,,,,-0.013619793067485276
2021-12-07,-0.00041087224254467614,,,,,,,
2021-12-08,,,0.001524961991924555,,,,-0.0018086898139236187,
2021-12-09,,0.005674588993766199,0.003350380460793473,0.0008341102627136257,-0.0030882964957981967,0.0006822154250474357,-0.00048730879252297546,
2021-12-10,,,,0.0020655460302745387,,-0.0011724807242107715,,
2021-12-13,,,,,,,-0.004644626747093039,
2021-12-14,0.005588826834453332,,,,,,,
2021-12-16,,,,,,0.0028461278789921247,,
2021-12-17,,,,,,,0.0011857694952957035,0.004767745936984676
2021-12-19,,,,,,,,-0.002938031872829676
2021-12-20,,0.00237048075753869,,,,,,-0.0017805115850118138
2021-12-21,,,0.009908516600072437,,,,,
2021-12-23,,,,0.003427092386432949,0.003027440581077248,,,0.004131634918943615
2021-12-26,,,,,,,,-0.0020041670096090734
2021-12-27,,,,0.0064430263310009195,0.0040650773350058905,,,
2021-12-28,-0.0014554216414399785,,,,,,,
2021-12-29,,,-0.0009439642725142006,-0.001935436385463581,-0.0011340968562916177,-0.001573352668321161,-0.002550146224813643,
2021-12-30,,,,-0.0002785216328789446,-0.0002592313900167972,,,
2021-12-31,,,,,,,0.002510957457894509,
2022-01-03,,0.006739254609788758,-0.005663781642838698,-0.004540072705635459,,0.0037459143851292127,,0.0014285278764630302
2022-01-05,,-0.0041358246413170366,,,,,,
2022-01-07,-0.004033090376193005,,,,,,,
2022-01-10,,-0.0014737943371878615,,,,,,
2022-01-12,,,,,,7.862358346208912e-05,,
2022-01-13,,0.00015136945083814207,0.009828307779860577,0.006809080424682786,,,,
2022-01-14,,0.00352934939775802,,,,,0.0027222382542885265,
2022-01-17,,,,,,,,0.0020111860207944502
2022-01-18,,,,,,0.003840360059777657,,
2022-01-20,,0.006850819005002588,,,,,,
2022-01-21,0.0024797816327071995,0.005377999486273487,,,,,,
2022-01-24,,0.007314072860507337,,,,,,
2022-01-25,0.004076741467394496,-0.002110979868443059,,,,,,
2022-01-27,0.014789871030254824,0.017353866427624327,,,,,,
2022-01-28,0.0031408076246167284,,,,,,,0.0028708458792721667
2022-01-31,,,,,,,,-0.006302069559919471
2022-02-01,,,,,0.004859288214269259,,0.0051428732952749825,
2022-02-02,,,0.0026400231861596173,0.004604523235596506,0.0034166069193990447,-0.003301680460806702,,
2022-02-03,,,0.012114720908134634,0.008346571271242354,0.003480077220301992,0.0070488673582402225,,
2022-02-04,,,,,,,,0.024890056781648684
2022-02-07,,0.008200193067137589,,,,,,
2022-02-08,,0.0012115298305019218,,-0.0003487576995220638,0.002418478107238795,,,
2022-02-10,,0.00229105434926199,0.004055753289796062,0.005082895619180741,0.007402917205238595,,,
2022-02-11,,0.001832593050377083,,,,,,
2022-02-14,,,,,,,,-0.0011178752430037568
2022-02-16,,,-0.0005771831875083863,,,,,
2022-02-17,,0.003720721330727567,,,,,,
2022-02-18,,0.001257854219104667,,,,,,
2022-02-20,,,,,,,,0.005836258157814507
2022-02-22,0.002391066457325791,,,,,,,
2022-02-24,,0.0014750336542061282,,,,,,
2022-02-27,,,,,,,,0.004707395397374326
2022-03-01,,,8.535916773043456e-05,,,,,
2022-03-04,,,,0.0017465134014293094,,,,
2022-03-06,,,,,,,,0.0011738831716925364
2022-03-07,,,0.01060550741157237,0.00960393044371318,0.007540423975775823,,,
2022-03-11,,,0.0023704526351709635,,,,,
2022-03-13,,,,,,,,0.003375206857942426
2022-03-14,,0.007681648458797052,,,,,5.784835773406452e-05,
2022-03-15,0.008699225064758554,,,,,-0.0024376508460655696,,
2022-03-16,,0.0021766142576350226,,,,,,
2022-03-17,0.005349626963152377,,,,,,0.004350506854979554,
2022-03-18,0.00149097895956714,,,,,-0.0036855173816693373,,
2022-03-21,-0.0001849971293097944,,,,,,0.008339562495608256,
2022-03-22,0.0011415388571551644,0.00288353263658131,0.0038499449424274357,0.0027486192574111157,-0.00034780683321971115,-0.0001888872763728132,,
2022-03-23,0.004374547872509483,,,0.0011723814548518612,0.0034281716500414636,,,
2022-03-24,0.0070009315456783785,,0.0017227110953473347,0.001674626732386728,,,,
2022-03-27,,,,,,,,0.007651241070953227
2022-03-28,0.004024995416592659,,0.0038103491475608878,0.0027366673519556763,,,,
2022-03-29,,0.0033738245271028094,,,,,,
2022-03-30,,,-0.0006786101681885869,,,,,
2022-03-31,,,0.003717720413527147,,,,0.003912805535984458,
2022-04-01,,,,,,,0.003985583446492443,
2022-04-04,,,0.005114932274052724,0.0033072722448712773,,-0.0029771259435374753,,
2022-04-05,,-0.0017166279262969082,,,,,,
2022-04-07,0.0003940946281992063,0.0031852175884620063,,,,,,
2022-04-08,,,,,,,,0.002479975483748802
2022-04-10,,,,,,,,-0.0003946973379877936
2022-04-11,,0.00019697239618264408,0.007431164939356691,,,,,
2022-04-14,-0.0005176732049807218,,,,,0.0009567809506294456,,
2022-04-17,,,,,,,,0.0015191322483857218
2022-04-18,,0.005493921397896963,,,,,,
2022-04-19,,0.009377174900368015,,0.005774473964113466,0.005088096950562686,,,
2022-04-21,0.00010598825516531283,,,0.006254387424522715,,,,
2022-04-22,0.0036487298486159855,,,,,,-9.755252960346932e-05,
2022-04-24,,,,,,,,-0.0009550404317135462
2022-04-26,,0.0012613664987630733,,,,,,
2022-04-28,,0.004310554564967018,,,,,,
2022-05-02,,,,,,0.0020813123683920804,-0.0002027208740023141,-0.0012486777820702997
2022-05-03,,,,,,,,0.002033059072139255
2022-05-04,0.00048447511604530195,,-0.012830089517044924,0.009878931839967095,0.0108589420884883,,,
2022-05-05,0.002025518744913974,,,,,0.0013015240649763978,,
2022-05-11,0.004015978127784507,,,,,,,
2022-05-15,,,,,,,,0.005830228773645346
2022-05-16,,,,-0.0030604341564849607,-0.0010436196727294004,,,
2022-05-17,,,0.0036012333713024056,0.0037689046797074748,,0.0033162793408908035,,
2022-05-18,,-0.00018591657947392544,,0.010135151613136304,0.011795198783151481,0.0007728249807467936,,0.004715861603998305
2022-05-22,,,,,,,,0.0036378270906167903
2022-05-23,0.0018464836148053226,0.0003407423262383673,,,,,-6.211636315705232e-05,
2022-05-24,,,,,,,-0.003214207517700243,
2022-05-26,-0.0005090188499457329,,,,,,0.0031128088787046415,
2022-05-27,,0.0014625772211240918,,,,,,
2022-05-29,,,,,,,,0.003390589451740547
2022-05-31,,,,,,0.002836099047166565,,
2022-06-01,,,,0.00021725797567289645,-0.0009739603588220065,,,
2022-06-05,,,,,,,,-0.0006988274324143373
2022-06-06,,,-0.002663179949763414,-0.002086410875447056,-0.0012128859082829466,,,
2022-06-07,,-0.0020995420165166195,,,,,,
2022-06-08,,,,,,,0.00329477016426809,
2022-06-09,-0.001771327982899264,,0.00680900635324306,,,,,
2022-06-10,,,,,,,0.0004613835694171341,
2022-06-18,,,,,,,,0.00888622507596233
2022-06-21,,,,0.005154493551492644,0.004984307421488848,0.00010191601500867488,,
2022-06-22,-0.0017479963381031875,0.005425539474249692,-0.0025068330143062016,-0.0019624690138244027,,,,
2022-06-24,,,,0.009816104221760727,0.010877457951207339,,,
2022-06-25,,,,,,,,-0.0002535424846528023
2022-06-26,,,,,,,,-0.0036432422954731183
2022-06-28,,,,0.005888062422606691,0.005324161076907775,,,
2022-06-29,-0.004988588553951128,,,,,0.006274741424561621,-0.004213954660671155,
2022-06-30,,,0.0007818168096541928,0.0011473627612246808,,,,0.000931103504141309
2022-07-01,,,,,,,0.005936577222867522,
2022-07-03,,,,,,,,-0.002440863826751666
2022-07-08,-0.00205192541698696,-0.002091865774920414,,,,,,
2022-07-10,,,,,,,,0.004205204814451457
2022-07-12,0.0026333997933263528,0.002377941023162748,0.002056950812055733,0.0026879312955193422,0.0018597835522718518,,,
2022-07-15,0.0007600830367109893,,,,,,,
2022-07-18,,,-0.0027995335755922734,,,,,
2022-07-19,-0.00043222889035416105,,,,,0.006873289398706122,,
2022-07-21,,,,,-0.005934861497353256,,0.0020179136043905993,
2022-07-25,,,,,,,,0.007082087573839564
2022-07-26,,,,0.0021829241560836336,0.0007705927205123974,,,
2022-07-27,0.00021128043563281408,,,,,,,0.012100439141938762
2022-07-28,0.0135479876968303,0.026177020354301753,,,,0.0017531181187188452,,
2022-08-01,,,,,,,0.015853348643114225,
2022-08-02,,,,,,-0.0001656767594485066,,-0.0009059931009750343
2022-08-05,,,-0.0008741181107755903,-0.0011151510816161396,-0.0025680770355197328,,,
2022-08-07,,,,,,,,-0.0017848746654151764
2022-08-09,0.0025793444323824128,0.001532941933948424,,,,,,
2022-08-10,-0.002727035935235343,,0.006881817588309661,0.007531292390238476,0.006847882526596559,,-0.005731714337902174,
2022-08-12,,,,,,0.0002887234386149474,,
2022-08-15,,0.006075676000983355,,,,,0.003627565083159533,
2022-08-16,,0.0024296583251023243,,,,,,
2022-08-17,0.004592842353987322,,,,,,,-0.00834467941073445
2022-08-18,,,,,,,0.004386590328840701,
2022-08-19,,,0.004152128240773742,0.00354023865886468,0.002179307621906411,,,0.020887070343397814
2022-08-25,,,,,,,-0.0062067340881936175,
2022-08-26,0.008478031395073067,,,,,,,0.01006661431462317
2022-08-30,,0.006290600938445001,,,,,,
2022-09-02,,,,,,0.011141675369909232,,
2022-09-04,,,,,,,,-0.0033893028802613042
2022-09-09,,,,,,,0.006642865778423523,
2022-09-12,0.003560918793317296,,0.0035030541752851347,0.003525526447161202,0.0022930305733067373,,,
2022-09-13,0.010499919278826618,,0.016920631647005708,0.016952134218288582,0.018104156793318858,,,
2022-09-16,,,,,,0.005772346903156398,,
2022-09-19,,,,,0.0021694568298063826,-0.0012111418113509122,-0.0047219198011471996,
2022-09-20,,0.0023884694335093554,,,,,,
2022-09-21,0.0020537553675004506,,,,,,,
2022-09-23,,,,0.006383240724611336,0.006740618494850202,,,
2022-09-25,,,,,,,,0.0003268742714867474
2022-09-26,,,,,,,,0.0002623880401213898
2022-09-27,0.0013327175597393005,,,,,,,
2022-09-28,,,,,,,0.005227934212645423,
2022-09-30,,0.002842917746704159,,,,,,
2022-10-02,,,,,,,,0.0017190650733063225
2022-10-03,,0.025745545618744196,,,,0.0019500501025031698,-0.0021883447715691723,
2022-10-05,,,-0.0010821960866416334,-0.0011040058797534818,,,,
2022-10-07,0.0032902112666060154,,,0.010570628468118948,0.008331004599483174,,,
2022-10-10,,,,,,,,0.002084857018871392
2022-10-12,,,,,,-0.00391710053284294,,
2022-10-13,-0.0008792280527140873,,0.004455082855650294,0.00675296486890906,0.00894567200416909,,,-0.004685172560795101
2022-10-14,,0.010306487583688429,,,,,,
2022-10-18,,-0.001755696030365071,0.0015166838585237527,,0.0027606463353075745,,0.0017249635963497549,
2022-10-20,,,,,,-0.002984353805967421,,
2022-10-23,,,,,,,,-0.006566943066214738
2022-10-25,,0.001636013567440398,,,,,,
2022-10-27,,,,,-0.002208547970117349,,,
2022-10-28,0.00861495857227681,,,0.003976240001762683,0.006364325298656121,,-0.002401772733912239,
2022-10-31,,,,,,,-6.699600009971865e-06,0.00029854417727515694
2022-11-01,,,0.0011831889628181379,0.0006018360895774077,-0.001049800535554907,0.0003120814384812785,-0.0014434714072073607,
2022-11-02,,,,,,,,-0.007592825826081153
2022-11-08,0.01247090378672463,,,,,,,
2022-11-10,,,,,,0.01631129691265179,,
2022-11-13,,,,,,,,0.0024823354026725897
2022-11-14,,0.005106893477123578,,,-0.0037810250838197943,0.0008238576372566529,,
2022-11-16,-0.00047742639856928747,,,,,,,
2022-11-17,,,-8.440732534709492e-05,0.0005972101419677686,-0.0005309468751591159,,,
2022-11-18,,-0.00014710067203478714,,,,,,-0.0007957974674588175
2022-11-20,,,,,,,,0.002573905912457327
2022-11-21,,0.0012358330947838136,,,,,,
2022-11-22,,,,0.003715552723457072,,,,
2022-11-23,0.0009212956390733909,,,,,,0.00581056035453897,
2022-11-24,,,,,,0.0024878276254500665,,
2022-11-26,,,,,,,,-0.002068171086659535
2022-11-28,,,0.004102630894039307,0.005390656618851594,,0.0034877452919814204,,0.002208697077257162
2022-11-29,0.0023986991091654304,-0.004504797944871859,,,,,,
2022-12-01,,,,,,,0.0029010202635081244,
2022-12-07,,,,,,,,0.0008207594331179483
2022-12-08,,0.0030369984017901597,0.0015023703730938445,0.0003760297947939712,-0.00019663905904053478,,,
2022-12-09,0.0021834708519514333,,,,0.002323961820452064,0.001965320770690682,,
2022-12-11,,,,,,,,-0.002115590891063192
2022-12-12,,,,,,,0.0013076834933228336,
2022-12-15,,,,,,0.015905478446920352,,
2022-12-16,,,,,,,0.0055247558978493,
2022-12-19,,-0.00011843974677868255,,,,,,0.003231961301387066
2022-12-20,0.006242564827528295,0.012787587440318857,,,,0.0008234857625667929,-0.005250038702235887,
2022-12-21,,,0.002631347697476494,0.004197710812197025,0.005694584904669071,,,
2022-12-22,0.008871480181830921,0.005867966240058749,,,,,,
2022-12-24,,,,,,,,-0.0011224436469717436
2022-12-25,,,,,,,,-0.0010701149120238645
2022-12-27,,,0.0002599560817648828,,,,,
2022-12-28,,,0.0039653276673230296,-0.007436569890399952,0.002928040500047878,,0.0008152183730658507,
2022-12-29,0.003609685368459452,,,,,,,
2022-12-30,,,,,-0.002214616513441304,,0.009600067609082266,
2023-01-02,,,,,,0.0014529952161690866,,
2023-01-04,0.004161646924885367,,,,,,,
2023-01-06,,,-0.010164666288592675,,,,,0.0002430939642826862
2023-01-08,,,,,,,,0.0011250025251001027
2023-01-10,,0.0021380519689935843,,,,,,
2023-01-11,,,,,,,0.005167159997154868,
2023-01-12,,,,,0.003201805184360549,,,
2023-01-16,,,,,,-0.0009831954808737836,,
2023-01-17,,,,,,0.0002841461599213013,0.0007591589745343787,
2023-01-18,,,0.002360800779260898,0.006600135053500007,,,,
2023-01-20,,0.0005268482274547154,,,0.0021530892000419482,,,
2023-01-23,,0.004652612702196068,,,,,,
2023-01-25,0.0013287443102542298,,-0.0010711131997469133,,,,,
2023-01-26,0.0037989354755907853,,,,,,0.0008949516439249545,
2023-01-27,,,,,,-0.0012038630127682735,,-0.0026072650975193607
2023-01-29,,,,,,,,0.0061853976644420175
2023-01-30,0.0020251108934536332,0.0011830540671333007,,,,,,
2023-02-01,,,,,,,0.002445263804137351,
2023-02-05,,,,,,,,0.0035290454427336203
2023-02-07,,,0.004709250787313007,0.004587883100872136,0.0033111344965702956,,,
2023-02-08,0.00036314914952700737,0.00324536673260162,,,,0.0009327831897454379,,
2023-02-09,,,,,0.003680630679508808,,,
2023-02-12,,,,,,,,-0.0021179462775103566
2023-02-17,,,,,,,0.005397339081819746,
2023-02-19,,,,,,,,0.000981160575868169
2023-02-21,,0.001882715583650715,0.005318791518115675,0.006663496227117106,,0.0007158561696945886,,
2023-02-22,0.00029932717548484134,,,,,,,
2023-02-23,,,-0.005406946193741815,,,,,
2023-02-24,0.0036930055761735642,,,,,,,
2023-02-26,,,,,,,,0.0028546718325583326
2023-02-27,0.0031696933822999373,,0.0011526103832418253,,,,,
2023-03-01,,,,0.002327909448591026,-0.0007483137657336323,,5.037173824527761e-05,
2023-03-03,,0.002749037279973468,,,,,0.002180637114948144,
2023-03-05,,,,,,,,-0.0004584643825230675
2023-03-07,,,,,0.010656770457956481,0.00019282726375542363,,
2023-03-09,0.006634554726858074,,,,,,,
2023-03-10,,0.005888648201560558,,,,,,
2023-03-13,,0.025362213595274297,,,,,,
2023-03-21,,,0.005244488720042159,0.006079910080626782,0.005170368502004516,,,
2023-03-22,,,,0.004526223891263886,0.006031968342965327,-0.002105874542205881,0.004477874347430724,
2023-03-23,,,,,,-0.0022586982760665407,-0.0051956806108732845,
2023-03-24,-0.003656429698080054,0.000906892161746766,,,,,-2.5427245833743782e-05,
2023-03-26,,,,,,,,0.0007614794167207795
2023-03-27,,0.002149539118546941,-0.0033236138246198316,,,,,
2023-03-28,,0.0032715650980979023,,-0.000272188933401348,,,,
2023-03-29,0.0016786217808405256,,0.006465205229879202,0.0066316918724507795,,,-0.004069965023571068,
2023-03-30,-0.004100040128644653,0.006952004443832391,0.003117845339756635,,0.002223853018265854,,,
2023-03-31,,,0.006415334468026945,0.006918415204013711,,0.002187870234556021,,
2023-04-02,,,,,,,,0.0004085465175953762
2023-04-03,,,,,,,0.019194335111780092,
2023-04-04,,,,,,-0.0028702729405304895,,
2023-04-06,,,,,-0.0024198958346798873,,,
2023-04-08,,,,,,,,-0.001984081541776576
2023-04-09,,,,,,,,0.000655194233324005
2023-04-11,,0.003254934744659649,,,,0.000942118963231555,,
2023-04-12,0.001063487519781819,,0.0036183558048727043,0.0014324215843411544,,,,
2023-04-14,,,,,,0.0009271632170007138,,
2023-04-16,,,,,,,,-0.0008937446497676422
2023-04-17,,,,,,,0.0021759555056666364,
2023-04-18,,0.0021403767928726415,,,-0.004143273003647943,,,
2023-04-19,0.00040858957229161346,,,,,,,
2023-04-20,,,,,0.00038368262198628874,0.0003642967806813789,,
2023-04-21,0.005345689948972516,,,,,,,
2023-04-24,,,,-0.0005394968242370251,,,,-0.0031856439288263736
2023-04-28,,,,,,,0.0028395926697519763,
2023-04-30,,,,,,,,-0.002301483196305905
2023-05-02,,,0.002750659256177711,0.006857537159633462,,,,
2023-05-09,0.0028209986902676645,-0.0016024930940333048,,0.0005369787427527412,,-0.0020090357985536053,,
2023-05-10,,,0.0034805042882239,-0.0035089985230140485,-0.0007193676571084618,,,-0.0026790884629401745
2023-05-11,,,,,,,0.002063621985767904,
2023-05-14,,,,,,,,-0.0018695417352388144
2023-05-15,-0.0012277070269922949,,,,,,-0.005115534734197011,
2023-05-17,0.0024183645010104255,,,,,,0.0032532719426157704,
2023-05-19,,0.004895513172974884,,,,,,
2023-05-21,,,,,,,,0.000565046586875207
2023-05-22,,0.002662366859893369,,,,,,
2023-05-23,,,0.004896810341519908,,,0.000875839365794678,,
2023-05-24,0.003154561995990708,,,,,,,
2023-05-25,,,,,-0.0005553839810162019,,,
2023-05-26,0.00010531621489676578,,,,,,,
2023-05-28,,,,,,,,0.012926963082307613
2023-05-31,,,,,-0.0006171230781353376,,,
2023-06-02,,0.0032044182376751405,,,,0.007029901284605631,,
2023-06-04,,,,,,,,-0.003269107951694861
2023-06-06,,6.0809118624180696e-05,-0.0015244004162957255,,,,,
2023-06-07,,0.001712626455553516,0.006578744320848231,-0.003900427159531177,0.0003030398252091659,-0.0026492940656681853,,
2023-06-08,,0.013985278271039259,,,0.002415410946151788,,,
2023-06-12,,,,,,0.0032800504168298446,0.011306437115951898,
2023-06-13,,,,,,,,-0.002709383201784396
2023-06-14,,0.004219595525263128,,,,,,
2023-06-15,,0.001937525091388416,,,,,,
2023-06-16,,0.002525147170755751,,,,,,
2023-06-19,,,,,,,,0.000959196308450691
2023-06-20,0.006904338451754123,0.0145237368661581,,,,,-0.0036355080583838524,
2023-06-21,,0.006329138927448507,,,,,,
2023-06-22,,0.0050868277224327555,,,,,,
2023-06-23,-0.0010176977878244803,0.0012572734385118,,,0.0024064425666797053,,,
2023-06-26,,0.007748166228672619,0.004974839763957385,0.002046651762096436,,,,
2023-06-27,0.003327381105364664,,,,,,0.004109355702044032,
2023-06-28,,0.0006035748888089193,,,,,,
2023-06-29,0.0011864440893940818,,,,0.005102665955915822,-0.0038628559206380017,,
2023-06-30,,,0.007009994503182957,,,0.006268753937232504,,
2023-07-02,,,,,,,,-0.003091425954967467
2023-07-03,,,,,,,-0.002514223585661209,
2023-07-05,,,-0.0012023334974173604,-0.0010648983607167819,,,,
2023-07-09,,,,,,,,-0.0029807466564708315
2023-07-12,,0.013852370529651907,,,,,,
2023-07-13,,,,,,,0.002378596955825971,
2023-07-14,,,,,0.00015022450619428624,,,
2023-07-16,,,,,,,,-0.0025446697121035812
2023-07-17,,,,,,-0.0009813430176000223,,
2023-07-18,,0.0018683616987996256,,,,,,
2023-07-20,0.0019356373196160726,,0.012479433259444865,0.004221312156306229,,,,
2023-07-24,0.0005535874536354969,0.003507790960023408,,-0.000575584830848866,,,0.0053645703277457185,
2023-07-25,,0.003288689523965708,0.0020265785910606312,,,,,
2023-07-26,,,,,,,,-0.0010627028625095525
2023-07-27,,,,,,,0.0008177690630545246,
2023-07-28,-0.007005566414554823,-0.002768107062403901,,,,,,
2023-07-30,,,,,,,,-0.0006519226500158264
2023-08-01,,,-0.0005842179257793984,,0.0012040226077358305,,-0.002255315377681569,
2023-08-02,,,,0.01114208277529294,,,,
2023-08-06,,,,,,,,-0.002078785891337632
2023-08-10,,0.0010611061221308955,,,,,,
2023-08-11,,0.0006485578785559009,,,,,,
2023-08-13,,,,,,,,0.0004780642948921881
2023-08-14,0.0004633846642055797,-9.147787088291336e-05,0.0040073807354756765,,,,-0.002225816272112295,
2023-08-15,,,,,0.00626870040665331,0.0012563464514437329,0.0019942434312143977,
2023-08-17,,,,,,0.0011861090367668305,,
2023-08-21,,0.011125242220090854,,,,,,-0.0020634480529855104
2023-08-22,-0.0018038887840357734,,,,,,,
2023-08-23,,,0.0043003858116645735,0.003157971108825303,,,0.0022536205979800947,
2023-08-24,,0.001818375675035173,,,0.006343374435370806,,,
2023-08-27,,,,,,,,-0.0014428244616851258
2023-08-29,,0.008406414318989029,0.010845671427404132,0.01091329005324001,0.0051120506878289465,,,
2023-08-30,,7.541648609158129e-05,,,,,,
2023-09-01,,,-0.0008861032290750618,,,0.00261796537155181,0.007249760806877827,
2023-09-06,,,,0.005721621888287562,,,,
2023-09-07,,,,,,-0.005102050860233133,,
2023-09-08,-0.0020868649262086956,,,,-0.00016022872823000307,,,
2023-09-10,,,,,,,,-0.0007544249264943537
2023-09-11,,,,,0.00044788646503624073,,,
2023-09-12,,,,,,0.0018296592952948194,,
2023-09-13,,-0.00032060322598532863,,,,,,
2023-09-14,,0.0006838607558828006,,,,,0.0033446647207084753,
2023-09-17,,,,,,,,-0.001270666118290913
2023-09-18,0.002025494329582385,,,,,,,-0.004578466500922323
2023-09-19,,3.835121872251401e-05,-0.0014068889821634266,,,,-0.00402829772905598,
2023-09-20,-0.008191355432422245,0.00665005560410892,,,,,,
2023-09-21,,,,,,0.006013970592992754,,
2023-09-24,,,,,,,,0.003151498345801346
2023-09-25,0.004680462862042754,,,,,,,
2023-09-26,0.008845534421332771,,,,,,,
2023-09-27,,0.008587815845674557,,,,,,
2023-09-28,0.005674662198429199,-0.001434954320460371,,,,-0.00018542759693587955,,
2023-10-01,,,,,,,,0.011718446531182553
2023-10-02,,,,,,,0.02113222961963543,
2023-10-05,,,,,-0.0018036856669961282,,,
2023-10-06,,,,,0.006838779704943891,,,
2023-10-08,,,,,,,,-0.0014355971325574041
2023-10-10,,-0.0012310395066083728,,,,,,
2023-10-11,0.005517721785576538,,,,,,,
2023-10-12,-0.00023404965479201646,0.002390446866943842,-0.0025428191082940165,-0.0010714623662028445,,,,
2023-10-15,,,,,,,,0.0015931886531891913
2023-10-17,,,,,-0.003446339747852716,,,
2023-10-20,,,,,,0.008809191162839451,,
2023-10-23,0.0014188076035951528,,,,,,,0.034444088669750614
2023-10-24,-0.0008941610377037413,,,,,,,
2023-10-25,0.0032117192372413113,,,0.006068484590438546,,,,
2023-10-26,,,,,0.006117995754965466,,,
2023-10-30,0.0027490149947229587,0.008627600557806649,,,,,,
2023-10-31,,,0.0007057134066635601,,,-0.0007646129685222811,,
2023-11-01,,,,,,0.003731011717242923,0.008920879057351113,
2023-11-03,,0.007528060404780849,0.005900949757431328,,,,,
2023-11-06,,0.0002835914130191448,,,-0.0021942838428416086,,,
2023-11-07,,0.01086599092444327,0.004011423579653628,0.0006134331755482935,-0.0008942109174767856,,,-0.006386087532149626
2023-11-13,,,,,,,,0.0019856901568576766
2023-11-14,,,,,,0.012836296262569049,,
2023-11-15,0.0005826078861945633,,,,,,,
2023-11-16,0.008450186286735441,0.005948815008397093,,-0.0022112193310790318,,,,
2023-11-17,,,-0.0002818921760360488,-7.357798744166276e-05,,0.0014325208589570193,,
2023-11-20,,,,0.003958585927970698,0.002563856652238234,,,
2023-11-21,,,,,,-0.0028768685284829613,,
2023-11-22,,,0.0010439939905961498,0.0019490105079963862,0.003447606373737854,-0.0009352337634877339,-0.0023400635564222484,
2023-11-24,,0.010378589007946486,,,,-0.00022068756422381696,,
2023-11-26,,,,,,,,0.000595706523224288
2023-11-27,,,-0.0017757202922141359,-0.0020792378440253182,,,,
2023-11-28,0.011349218632524444,,,,,,,
2023-11-29,,-0.0028491478880302828,,,,,,
2023-12-08,0.009205002336504963,0.011730773537498336,,,0.0016699471663600084,0.00403374919591284,0.0007608833971190868,
2023-12-10,,,,,,,,-0.0013531875737999844
2023-12-11,,,,,,,,0.014685647170563535
2023-12-12,,,,,,,0.006221632730100105,
2023-12-13,,0.0008957807877968801,,,,,,
2023-12-18,,,0.0022674267122175782,0.002338587761781951,,,,
2023-12-19,0.001610442518295957,0.002334782743952665,,,0.003878679354581231,,,
2023-12-20,,,-0.01081257316159183,,,,,
2023-12-21,0.0004307768057055407,,,,,,-0.001652828366199268,
2023-12-22,,,,,,,,-0.00230020108834852
2023-12-24,,,,,,,,0.0017209883761232043
2023-12-27,0.007095319341675899,,,,,-0.0013902484877864841,,
2023-12-28,,,-0.0011190924212608057,-0.0008672540509920862,,-0.0018513752934791435,,
2023-12-29,,,,0.0018379647168087212,-0.0013697496826591844,,,
2024-01-01,,,,,,,,0.007862654104479044
2024-01-02,,,,,,-0.00435013123657615,-0.008679125887884635,
2024-01-05,-0.0009994407946609394,,,,,,,
2024-01-07,,,,,,,,-0.0025885978650068107
2024-01-08,0.00557686225788486,,,,,,,
2024-01-10,,-0.0002510111878059878,,,0.0034257595468076955,,,
2024-01-11,,0.0037827824172351615,,,,0.0051810974893113605,,
2024-01-14,,,,,,,,0.0032218624965948774
2024-01-16,,,-0.0021890450773653265,0.0003163942646400148,,,,
2024-01-17,,0.006196412696168119,,,,,,
2024-01-18,,,,0.006754908720226505,,0.0062361934683599135,0.0030830699312137276,
2024-01-19,0.0025612932845060755,,,,,,,
2024-01-22,,,,,,,0.0005815967532090897,0.01133270322497892
2024-01-23,0.0006144493506907462,,,,-0.00017601204236660338,,,
2024-01-24,,0.006700627746139898,,-0.00012057670102040034,-0.0003985202015581028,,,
2024-01-29,,,0.003125807378349026,,,,,
2024-01-30,0.0021982916754886375,,,,,4.156365778016598e-05,,
2024-01-31,,,,0.014093106300818718,,0.0009834985439744668,,
2024-02-01,,-0.00204001360055295,,,,,0.011945978307876148,
2024-02-04,,,,,,,,0.0015041088875507253
2024-02-07,,,,,0.0031194388120319777,,,
2024-02-08,9.183914705866402e-05,,,,-0.0048849947316842845,,0.008504907442272664,
2024-02-09,,,0.005429401663265629,0.004261480769845415,,,,
2024-02-12,,,,,0.0011787752114150564,,,
2024-02-13,,0.010082114079152204,,,,0.003257630676429273,,
2024-02-14,,-0.005155899853424829,,,,,,
2024-02-17,,,,,,,,-0.0005138153090542073
2024-02-20,,0.005091671831874289,,,,-0.0028826657501501833,,-0.002019088005591854
2024-02-22,0.001025303928336597,,,,,,,
2024-02-23,,0.0030581477348372694,,,,,,
2024-02-26,,0.007571241575629968,,0.0016873343982829582,0.0003432147546998292,,,-0.019884660358779616
2024-02-27,,,-0.0014928130783436078,-0.0017512839471134083,,,,
2024-02-28,-0.0016351584274729991,0.001457254315820184,,,,,,
2024-02-29,,,,0.0027008289045870686,,0.002548584414318606,,
2024-03-01,,,,,,,-0.0016571315184660846,
2024-03-05,,,,,0.009436405234638031,,,
2024-03-10,,,,,,,,0.00037970812729491905
2024-03-11,,-0.0005329738573703203,,,,,,
2024-03-12,0.006427823117377624,0.002434108580066688,,,,,,
2024-03-13,,,,,,,0.0042979731886176285,
2024-03-14,,,,-1.6114309977763325e-05,,-0.001911377730937858,,
2024-03-15,0.0018079538659844232,0.0030000551828901693,,,,,,
2024-03-18,,,,,,,0.005645413912070512,
2024-03-19,,,,,0.00588712402493547,,,0.013648481808762008
2024-03-20,-0.0008434235829621459,,,,,,,
2024-03-21,,0.0007935262983016405,,,,,,
2024-03-22,,,,0.000857520619093728,,,,
2024-03-25,,,-0.0003196259843739419,0.0017848228291844701,,,,
2024-03-26,,,,0.001953439485636827,-0.004889713669729951,,,
2024-03-27,,,,,,,,-0.005431993057883192
2024-03-31,,,,,,,,0.0019063324184689237
2024-04-01,,,-0.0022319640178676188,,,,,
2024-04-02,,,,,,0.010919013957905177,,
2024-04-08,,,,,,,,0.002960806659213652
2024-04-09,0.00030115599064974496,-0.0012201405957558305,,,,,,
2024-04-11,,,0.009784948878424996,,,,,
2024-04-17,-0.0002258193422296844,-0.0008300453091469101,,,,,0.010924002951299975,
2024-04-18,,,,,,-0.007200856924895138,,
2024-04-19,0.0046758593379061675,-0.0084800562496043,,,,-0.0026221226039610432,,
2024-04-21,,,,,,,,-0.0021162164724566534
2024-04-22,,,,,,,,0.002666089756064034
2024-04-23,,-0.0021357084970703394,,,,,,
2024-04-24,,,,,,,,0.004498687118302218
2024-04-25,8.078056053111033e-05,,,,0.0056191861411301605,,0.00012768018924263905,
2024-04-26,,0.0008199793882858137,,,,,,
2024-04-29,,-0.0024788261837620615,,-0.0002094950210141815,,,0.0013340628884666317,
2024-04-30,,,0.007721067640127353,0.008591979684972561,0.010228100173730496,0.006951466308293817,,
2024-05-03,,,,,,-0.000542003068149005,,
2024-05-06,,,0.004993459520786361,,,,,-0.0009539691079881917
2024-05-08,0.0003915975335328001,-0.001676638036832605,-0.0007211171615756741,-0.0015652085486644127,0.0013181296757847352,,,
2024-05-09,-0.005856226324748893,0.009213158165304177,,,,,,
2024-05-10,,,,,,,0.002767166262112273,
2024-05-12,,,,,,,,-0.0006914447250400616
2024-05-13,0.00923769630216611,,,,,,,
2024-05-14,,,0.0028077737983410256,,,-0.0018239204272669982,,
2024-05-19,,,,,,,,-0.004047465745356154
2024-05-20,,,,-4.196062956321989e-05,0.0009871783904142914,,,
2024-05-22,0.008983902392646589,,,,0.0024362435767825872,,,
2024-05-23,,,,,,-0.0036276765227770433,,
2024-05-26,,,,,,,,-0.00029972264231144805
2024-05-28,,0.01646785067034007,,,,,,
2024-05-29,,,0.0006929619126277682,,,,,
2024-05-30,-0.0007885328129425606,0.007151741981910866,0.006039506156281314,0.00445395874093717,,,,
2024-06-02,,,,,,,,-0.0015524299979125667
2024-06-03,,,,,,,0.015599214376013176,
2024-06-06,,,,,0.00042158648058922385,,,
2024-06-07,,,-0.002644817289139432,,-0.005377721439733315,,,
2024-06-09,,,,,,,,-0.00038723675137158366
2024-06-11,-0.0006679521178665401,,,,-0.002310179641573477,,,
2024-06-12,0.005438583516515149,,,,,,,
2024-06-16,,,,,,,,9.305988624342537e-05
2024-06-17,,0.0001191728246526945,,,,,,
2024-06-18,0.0023451623656170068,-0.0018841795735642887,,,,-0.0021372937614050863,,
2024-06-19,,,,,,-0.0009946414069834887,,
2024-06-20,,,0.0031332715875736464,-0.000643774772041439,0.00460490201537817,0.003296778796964872,,
2024-06-21,,,,,,,-0.0026294147222688437,
2024-06-23,,,,,,,,0.0030134381811988825
2024-06-24,,,,,0.0034414597572395046,,,
2024-06-25,-0.004276599425961238,,,,,,,
2024-06-27,,-0.00045607385907119985,,,,,,
2024-06-30,,,,,,,,0.006514092436528999
2024-07-01,,,,,,,-0.0025549525192190368,
2024-07-02,-0.001986271387751396,,,,,,,
2024-07-05,,,,,-0.0045220509159062195,-0.001155043448856298,,
2024-07-09,,,-0.00026074618118813146,-0.0019365216132292628,,,,
2024-07-10,0.0019676823935971693,-2.1984714028341524e-05,,0.008546765501526821,,,,-0.003070737360417132
2024-07-12,,,,,,,-0.006172940247405993,
2024-07-16,,,,,0.016549877980006258,0.0015053655406429007,0.0032857518776562614,
2024-07-17,,,,,,-0.0007826722420842148,,
2024-07-19,,,,,,,,0.0054285360704424655
2024-07-21,,,,,,,,-0.007361199048764415
2024-07-23,0.0004018051250734073,,,,,,,
2024-07-24,,,0.021862028416490712,,0.010705309319780105,,,
2024-07-25,0.014946080493315441,0.010997682778872796,,,,0.0009542920125187955,-0.0001365106569713806,
2024-07-29,,,,,,,,0.0006860229849581064
2024-07-30,-0.006682301735667141,,,,,,,
2024-08-07,,0.002317596194757443,,,,,,
2024-08-08,0.005135423717946001,,,,,,,
2024-08-09,,,,,,,0.0006636094924525802,
2024-08-11,,,,,,,,0.004449640629269702
2024-08-12,0.007390267089490778,0.004043282376020622,-0.0006627726333332142,-0.0018819870743197935,,-0.0034389430623274066,0.012540691926247812,
2024-08-13,,,0.007578070674148945,0.006675068253154215,0.002718224155726314,-0.006078594908391563,,
2024-08-14,0.004225628797881373,0.004222061186923376,,,,0.001398051523828569,,
2024-08-15,,0.011359731790111445,,,0.00821001662432721,0.008720047777945985,,
2024-08-16,,,,0.0005160209551573215,0.000752505807493375,,,
2024-08-18,,,,,,,,0.0008092439423757384
2024-08-19,,0.004144673937954387,0.004219528281483804,0.004567262934768379,0.002497025694840887,,,
2024-08-20,,0.0016730009429836608,,,-0.0016811521392232523,,,
2024-08-21,,,-0.0003178108894349816,-0.0002962593030269907,-0.0025906055056610137,,,
2024-08-22,0.006245934711206733,0.004294221278396451,,,,,,
2024-08-23,,,,,,0.0018408045482151802,,
2024-08-25,,,,,,,,-0.0011793712769015403
2024-08-26,,0.0014447699475389206,,,,,,
2024-08-27,,,,,,0.00038064231295388513,,
2024-08-29,0.006187576156430616,-0.004433769829227275,,,,,,
2024-09-01,,,,,,,,0.004820078398220029
2024-09-03,,,,,,,0.02238942035429697,
2024-09-06,,,,,,,0.005184436257604113,
2024-09-08,,,,,,,,-0.0006733810831430972
2024-09-10,,,0.0029382437034657727,,,,0.0061027971145009305,
2024-09-11,-4.053293137463303e-05,0.0028126534935348584,,,,,,
2024-09-15,,,,,,,,0.0009285983924650075
2024-09-16,,,-0.0008392767584034217,,0.001183598668812423,,,
2024-09-17,0.0042435627247440775,,-0.0004012423808841023,-0.0005184059092063544,-0.0029037261158758863,0.0008376333345007346,,
2024-09-19,,,,,,0.008747604175859833,,
2024-09-22,,,,,,,,-0.0035802149839532387
2024-09-23,,,,,-0.0007611060949797422,,-0.00015256238850201302,
2024-09-24,-0.006926532684826033,,-0.0033084774576762704,-0.0035092808348740766,-0.00014820740051868904,,,
2024-09-29,,,,,,,,-0.0010528642325428957
2024-09-30,,,,,,,,0.008013201664447571
2024-10-08,,0.012142824560603744,,,,,,
2024-10-09,,,,,0.007620481559622013,,,
2024-10-10,0.0034957450017553287,0.004747243779762704,,,,,,
2024-10-11,,0.004627878488282238,,0.0021557216283018352,0.00691050253998966,0.002134436848420026,,
2024-10-13,,,,,,,,-0.0021716417577317304
2024-10-14,,,0.003092278699798506,,,,0.0016219729255210799,
2024-10-15,,,0.005032394520248797,,,-0.0026091597650434437,,
2024-10-16,0.0033756871778283333,0.0018407134623648577,,,,,,
2024-10-17,0.004696896298827048,,,,,0.001557461084231135,,
2024-10-18,,,,,-0.0008466041930083877,,,
2024-10-20,,,,,,,,0.0004620492871576013
2024-10-21,,,-9.071355466094875e-05,-0.001295958575748566,,,,
2024-10-27,,,,,,,,0.0017165596169939324
2024-10-29,,0.0034819668347033468,,-0.0019187251332029,-0.005836767703640937,,,
2024-10-30,0.0057161420475201315,0.00272432444199488,,,,,,
2024-11-01,,,,,,,-0.0015273114831848337,
2024-11-03,,,,,,,,0.0008159651425216541
2024-11-05,,0.0011795687038897214,,,,,,
2024-11-06,,0.01324915079717208,,,,,,
2024-11-08,,,,0.0009917459045903894,0.0021716577613611443,,,
2024-11-10,,,,,,,,0.010752191711992267
2024-11-11,,,-0.0013923648944283678,-0.0017256277610255253,,,,
2024-11-12,,,,0.00011757601466450225,,,,
2024-11-13,,,,,,,-0.0034216072863681285,
2024-11-17,,,,,,,,0.00027359802111193404
2024-11-18,0.010816834118264845,0.007744763489026169,,,,,,
2024-11-19,,-0.000933162262089556,,,0.0002466902367352948,,,
2024-11-20,,,,,,,-0.004863962354453452,
2024-11-21,,,,,,,0.0005469432357858763,
2024-11-24,,,,,,,,-0.002096172253170428
2024-11-25,,,8.02429125775668e-05,0.0014752566735131074,,,,
2024-11-26,,,,,,0.0001550315220931823,,
2024-11-27,0.0027195067561127224,0.002443557557008551,0.0024470538226907487,,,,,
2024-11-29,,,,,-0.002047417540272007,0.0060085615596466345,-0.0034389830117886764,
2024-12-01,,,,,,,,-0.001211971649375933
2024-12-02,,,,,-0.0006352136402557151,,,
2024-12-03,,,,-0.0022785942417974333,-0.00017331557504799967,,,
2024-12-05,,,,,0.00035333487425344185,,,
2024-12-06,,,0.002806083956827583,,,,,
2024-12-08,,,,,,,,-0.0055809620120421686
2024-12-12,,,,,0.003976793907752237,,,
2024-12-13,,,,,,-0.0019581302257094327,,
2024-12-15,,,,,,,,0.0031530025478254432
2024-12-17,0.0013326999228524896,0.0006324780166398927,,,,,0.001761345882919287,
2024-12-18,,,,0.025105106919885427,,,,
2024-12-26,0.003958021475362162,0.0002875229212722529,,,,,,0.004063483233560979
2024-12-27,,,,,0.001926347668335609,,,
2024-12-29,,,,,,,,0.0008939338224373126
2024-12-30,0.002242671916138079,,,,,,,
2025-01-05,,,,,,,,-0.0023903614084733187
2025-01-08,,-0.0005918153509758795,,,,,,
2025-01-10,,,,0.005815857332734146,0.0072681558744578266,,,
2025-01-12,,,,,,,,-0.0020866597171426715
2025-01-15,,,,,,,0.0034840848406366117,
2025-01-17,,,0.002581825067309349,0.003401467297286057,0.002890891494214455,0.007810081475826497,,
2025-01-21,,,0.0010966166483718247,,,,,
2025-01-23,-0.002406623952969983,,,0.0017033473937942208,0.005618581326256879,,0.0018881129378248368,
2025-01-24,,,-0.0012630335875361497,,,,,
2025-01-26,,,,,,,,0.0032076585790832093
2025-01-27,,0.007745071573720556,,,,,,
2025-01-28,,0.00483315073009768,,,,,,
2025-01-30,0.012880020848063778,0.01192925467977766,,,,,,
2025-01-31,,,,,,-0.0015779834217002936,,
2025-02-02,,,,,,,,0.006720810270126298
2025-02-03,,,,,,,0.002282707412822403,
2025-02-05,,,,,0.0046013773583930325,,,
2025-02-07,,,0.0031220605432543827,0.002401683710165285,,,,
2025-02-09,,,,,,,,-0.002679985695431123
2025-02-10,0.0056941109272780205,,,,,,,
2025-02-11,,0.0003267579869668725,-0.0011730039554675284,-0.0010314394963874378,,,,
2025-02-14,0.006459262070352551,,,,,,,
2025-02-16,,,,,,,,0.0028337645205341
2025-02-17,,,,,,0.005298942844265305,,
2025-02-18,,,0.0005030898298748176,-0.003075972739076936,-0.00140009004584695,,,
2025-02-20,,,,,,,-0.002911312026970593,
2025-02-21,,0.004891487821335557,,,,,,
2025-02-23,,,,,,,,-0.0021486488506799414
2025-02-24,0.0015991347951952904,,,,,,,
2025-02-25,,,,,,,0.004498999879943484,
2025-02-27,0.0068801906451007346,0.0048324329035533175,,,,,0.003234027707013365,
2025-03-03,,,,,,,0.007159087356105796,
2025-03-09,,,,,,,,0.010797625106539484
2025-03-12,,,-0.001508516959823775,,,,,
2025-03-13,,0.005744748588933798,0.003388222565647947,0.002533423920935402,,-0.0029113314436405384,,
2025-03-14,,,,0.0041367841252532905,,0.004026391469507095,,
2025-03-16,,,,,,,,0.002176392514218306
2025-03-17,,,0.0016617377088483883,0.002697887636875606,,,0.0010343108968531272,
2025-03-18,0.007419196809231076,0.004812902005802908,,0.0015134878593847621,,0.003798160691288128,,
2025-03-19,,,0.0012073134342614686,0.0018004693551156759,0.002429880855828538,,,
2025-03-21,,0.004166082372603192,,,,,,
2025-03-23,,,,,,,,0.0030316981458744932
2025-03-24,,-0.0003208862895387604,,,,,,
2025-03-25,,,0.0015674916727441148,,,,,
2025-03-26,0.0005737858261401177,,0.0052944355754050414,0.004722952013760438,-0.000428570615635459,,,
2025-03-28,,0.0022930340633389736,,,,,-0.0034123716270299904,
2025-03-31,,,,,,,,-0.0032399583124331885
2025-04-06,,,,,,,,0.011472855254770035
2025-04-13,,,,,,,,-0.005459311006496631
2025-04-14,,,,,,,-0.0013289287798794738,
2025-04-15,,0.00067244951707183,,,-0.003276788568757695,0.002502066793319894,,-0.005486369517076707
2025-04-16,0.016494892976055005,0.005181862382689838,0.005753647350796256,0.0053460060419238615,0.005157008116161204,-0.00021761138670070785,-0.007892104463851683,
2025-04-19,,,,,,,,-0.0007528755435660282
2025-04-23,,0.004802471822987128,,,,,,
2025-04-27,,,,,,,,8.914611644548843e-05
2025-04-28,,-0.00042179336441617015,,-0.00012036472053994536,0.0005290361972372594,-0.0012818899172371222,,
2025-04-29,-0.0018130033981527641,-0.002882565327449838,,,,-0.0008618204810460446,,
2025-04-30,-0.0006922753493507705,,-0.0001928378179849986,-0.00030488569762304263,0.00011543279986177522,-0.0032680035605603414,,
2025-05-01,,,,,,,0.0036089767378456646,
2025-05-02,,,0.0008876377291285515,0.001279344132740817,0.0016148627283968937,,,
2025-05-04,,,,,,,,0.003435482768225721
2025-05-05,0.006548664335225139,,-0.0003802989510578315,-0.000512342159475407,,,,
2025-05-06,,,0.0013481396561431413,0.0013874989641727187,0.0018994953698601516,,,
2025-05-09,,0.001681360485459812,,,,,,
2025-05-12,,-0.0036721547124650773,,0.008436121631776317,0.007856859565827334,-0.00274795569865777,0.0025698052428096093,-0.005735700838635077
2025-05-14,0.004657967014608065,,,,,-0.0003306152401627484,,
2025-05-15,,,-6.770408310309343e-05,0.00038955304043756725,0.000374626076173915,,0.004719913933289233,
2025-05-16,,0.0026695974752196034,,,,,,
2025-05-17,,,,,,,,-0.0005121446470627505
2025-05-18,,,,,,,,0.006165421818678933
2025-05-20,0.004323511509624245,,,,,,,
2025-05-25,,,,,,,,-0.005768881825840035
2025-05-27,,,,,,0.0023538551123326572,,-0.00436899425762447
2025-05-29,-0.0027596340703144786,0.0009029845876303918,,,,,,
2025-06-02,,0.016466995983447225,,,,,-0.00013640063914324834,
2025-06-04,,,,-0.0008934616961422168,-0.0017233198912895047,,,
2025-06-05,,,0.0009042281803955899,0.0016503940782087079,0.0009953462892005826,-0.0012617332635928321,,0.007443063945105911
2025-06-09,,,-0.0006662998038871716,,,5.673747632582511e-05,,0.009984587722125725
2025-06-10,,0.0007962391768039572,-0.003318189240713361,,,,,
2025-06-11,,,,,-0.0009556180395305234,,,
2025-06-12,0.0029877858208350013,,,,,,,
2025-06-16,,,,,,,,0.0008760343639891378
2025-06-18,-0.0018139094803247702,,,,,,,
2025-06-20,,,,,,,,0.0015133132851978253
2025-06-23,,,,,0.001490256918618161,,,
2025-06-24,,0.0038992577802169854,,,,,,
2025-06-25,,,0.00020898529257079874,-0.0009894353987195067,,,,
2025-06-26,0.00015064809368482707,0.004466558569746265,0.001975603822921038,0.002256816356069489,0.0028043639271319483,,-0.003940787397213783,
2025-06-27,0.008066520958899369,,,,,0.0063511010921277235,,
2025-06-29,,,,,,,,0.0014756149132566115
2025-06-30,,,,,,,-0.0018572387839655823,
2025-07-01,,,,,0.004042935839899557,,-0.00044144374526179826,
2025-07-03,,,,,0.003042555976433014,,,
2025-07-04,,,,,,-0.0014390937961816844,-0.0003801299675389467,
2025-07-06,,,,,,,,0.001622055473121989
2025-07-07,,0.001104802195726113,,,,0.003810990657947958,,
2025-07-09,,,0.0018740094712881158,0.0014520724056332503,,,,
2025-07-13,,,,,,,,0.001527220208574552
2025-07-16,-0.0037045611788603518,,,,,,-0.00033314093722774935,
2025-07-20,,,,,,,,-0.005158877459074538
2025-07-21,,,0.0004631839394254507,-0.0012843906773932357,,,,
2025-07-22,,0.001339543522224016,,,,0.0028380110885276796,,
2025-07-25,0.005350182047100484,,-3.3239899391275375e-05,0.00038058011739679307,-0.0005479703689957064,,,
2025-07-27,,,,,,,,0.002511292620500173
2025-07-29,,,-0.00019274848613267523,,0.0013916388096325276,,,
2025-07-30,0.004628084437833201,0.004689127011287401,,,,,,
2025-07-31,,,,,,0.0009424172379620834,,
2025-08-05,,,,,,,,-0.000644204958294064
2025-08-07,,0.0036544936870372075,,,0.000547343634341985,,,
2025-08-10,,,,,,,,0.0037926561793010715
2025-08-11,,,-0.0022889141341215446,-0.0026795418922935755,0.0006373453889564371,-0.0005635589074800835,,
2025-08-13,,,,,,,0.001063702248582353,
2025-08-14,0.0039317626104892305,,-0.0010295907981987154,-0.002749987943973989,,0.002258114919456689,,
2025-08-15,,0.0003265608519239106,0.0009048931738978739,-0.0030372220831378386,,,,
2025-08-17,,,,,,,,-0.0030500989677018776
2025-08-19,,0.007301593386910706,0.0063533216250842095,-0.005385316380518812,-0.0011377202185645133,0.0011644048729380367,,
2025-08-20,,,,,,,0.0006001563144760881,
2025-08-22,,0.01064023693730823,,,,,,
2025-08-25,,0.002915968410592506,,,,,0.0032113345062017317,
2025-08-28,,-0.006471805022690608,0.002796329266918935,,,,,-0.0013827304572895521
2025-08-29,,,,,-0.00198073276677066,,,
2025-08-31,,,,,,,,-0.0033189424387830894
2025-09-01,,,,,,,,-0.0019069693149978612
2025-09-02,,,,,0.0011496532428891758,0.01382914571306022,0.0032936293378512146,
2025-09-07,,,,,,,,-0.0015828716119403723
2025-09-09,,,-0.00313094033862952,-0.003909187216234583,,,,
2025-09-11,,0.00546819009410096,,,,,,
2025-09-12,0.00200816526456802,,,,,,,
2025-09-14,,,,,,,,-0.0011374115405023576
2025-09-15,0.004371200987000905,,,0.0014775410686918736,-0.0015033481623627227,,,-0.003920938614327892
2025-09-16,,,-0.0008180156437867663,-0.0008669190932179601,-1.4464091242522495e-05,,0.0026865534036350403,
2025-09-17,,,0.0006065891880133761,,,,,
2025-09-18,,,,,,,0.00032255868408781707,
2025-09-19,,,,,,-0.002751591973635054,,
2025-09-21,,,,,,,,1.0169345765174696e-05
2025-09-22,,,,,,,,0.009143159269339934
2025-09-28,,,,,,,,0.007601530622848555
2025-09-29,-0.008085923017424562,,,,,,,
2025-09-30,,,,0.0010759965651162239,-0.005393205731109972,,,
2025-10-01,,,,,,,0.008191329415067623,
2025-10-03,,,-0.00016840087424611018,,,,,
2025-10-05,,,,,,,,0.0008237281877808154
2025-10-06,,0.003322284293338701,,,,,,
2025-10-07,,,0.0022353763637120378,0.00019243126196347244,,,,
2025-10-08,,,,,,0.0032595982718838907,,
2025-10-14,,,,,,,,0.0014048724229507304
2025-10-16,,0.008116770052978006,,,,,,
2025-10-19,,,,,,,,-0.006957099035545596
2025-10-21,,,,,0.0026056542890600634,,,
2025-10-22,,,0.004110833063973634,0.0025023488189606876,0.001597280348693555,,,
2025-10-24,,3.891842229184005e-05,,,0.007315608024221995,,,
2025-10-26,,,,,,,,0.006195806580948471
2025-10-27,0.006535635694604281,,0.009855046182103377,,,-0.0003074899129482503,,
2025-10-28,,,,,0.0021405031155295553,,,
2025-10-29,0.0014495134012047488,,,,,,,
2025-10-30,-0.0016571623051365037,-0.003941821484375273,,,,,,
2025-10-31,,,,,,,-0.001235497910039379,
2025-11-02,,,,,,,,-0.0008749190219569618
2025-11-03,,,,,,,-0.0027282425726715812,
2025-11-04,,,,,,,-0.0012954793709863115,
2025-11-07,,0.0008133047816340257,,,,,,
2025-11-10,0.011146850012876778,,,,,,,
2025-11-11,,,,,,0.00070686423896403,0.0043644868393640434,
2025-11-12,,,-0.001688130936602052,-0.0009417297664423938,,0.0071455482631954115,,
2025-11-13,,,,0.010834386063666712,,,,
2025-11-19,0.0012562380726230803,,,,,,,
2025-11-20,,,,,0.0025084497775724347,,,
2025-11-21,,0.00027725171741895,,,,,,
2025-11-23,,,,,,,,0.003448682096442529
2025-11-25,,,,0.004954374872200834,,,,
2025-11-26,-0.002747678387754743,0.008854745003583,,,,,,
2025-11-28,,,0.0024539363034315875,0.0014684923803740234,0.0019476895757012563,-0.0010740387679485422,-0.0008174135330183581,-0.0038524456831345233
2025-11-30,,,,,,,,-0.003427418288338937
2025-12-01,,,-0.0020295117947516685,0.0005523125257079919,0.002904083389406087,,-0.0026398828005214873,
2025-12-07,,,,,,,,-0.00043571545361942044
2025-12-08,,,,,0.002042432595604645,,,
2025-12-09,,0.007399444674527566,,,,9.618095430747365e-05,,
2025-12-10,,,-0.005566880281212226,0.0021264154690128255,,-0.0023717929480559985,-0.0033665380232643432,
2025-12-14,,,,,,,,0.004655970673828174
2025-12-17,,0.011618038318271717,,,,,,
2025-12-19,0.0013966368554493775,,0.0039349759403658055,0.0017522717179140113,,,,
2025-12-21,,,,,,,,-0.0026902897047531038
2025-12-22,0.009842285165332794,0.003200861732466695,0.0022292511344259264,0.004134012280664014,0.0007865225170949372,,,
2025-12-23,,,0.000622775694080512,0.002858398406158556,-0.0008117790045108547,,,
2025-12-24,,,,,,,-0.0029848378834970565,
2025-12-26,,,-0.000607956220155615,,,,0.008803398926283302,
2025-12-28,,,,,,,,-0.0011755448918619497
2025-12-29,,,0.0022090749117031545,0.0017206671045872622,0.0021105404155740744,-0.004572924539640867,,0.0004947725587503355
2025-12-31,,,,0.005890200085452998,0.004234770878815855,,,
2026-01-05,,,,,,,,0.007175571827778037
2026-01-08,-0.00010012167570794572,,,,,,,
2026-01-11,,,,,,,,-0.0007044709605427598
2026-01-15,,,,,0.004057953916167155,,,
2026-01-18,,,,,,,,0.004603707167728296
2026-01-20,,,,,,,7.650913245376437e-05,
2026-01-21,,-0.00045881967377380423,,,,,,
2026-01-23,,,0.0005775133126141309,,,,,
2026-01-25,,,,,,,,0.009165266498807782
2026-01-26,,,,0.0016699604913384875,0.001989051368982657,-0.006073353560815448,,
2026-01-27,,,,,,,0.004991611326835981,
2026-01-28,0.019152168165458887,,,-0.0018518135320993332,,,,
2026-01-29,-0.0013313398743829603,-0.0016254491234893704,,,-0.0018856371978424014,,,
2026-02-09,,,,,,,,-0.003108234419490056
2026-02-10,,-0.0003817926286979644,,,-0.0009269914701470635,,,-0.0014010500425830777
2026-02-11,0.0019311751815576216,0.002045422401476696,-0.002071776043045362,-0.0007054415868604843,,0.001307012345329594,-0.0010636936029673474,0.001964261179878232
2026-02-15,,,,,,,,-0.0004378557084838534
2026-02-19,,-7.23501024954871e-05,,,,,,
2026-02-20,,,0.0028647871540149225,0.003234269701130941,,,,0.0013766570275115634
2026-02-22,,,,,,,,-0.0006142453694287155
2026-02-23,0.006393641921078634,,,,,,,0.0069763369188942425
2026-02-24,,-0.0011490207760235633,,,,,,
2026-02-25,,0.0035272666513861623,,,,0.0012865322463122694,,
2026-02-26,,0.0039087019393449045,,0.00051074110983308,-0.0007495548218656142,0.00194812376033659,,
2026-03-06,,,,,,,,0.0062705578087854635
2026-03-08,,,,,,,,0.002507639717141649
2026-03-11,,,,,,0.001993544863966616,,
2026-03-12,0.0027244127587764096,,0.007988428834597352,,,-0.0020918250257530267,,
2026-03-13,0.0034257324799847983,,0.003450284374854837,,,,,-9.655774578553739e-05
2026-03-15,,,,,,,,0.003584567815651213
2026-03-17,-0.0006503022961136495,-0.0008799916744976732,-0.0004710521263050415,-0.0020698847855110812,-0.003404001120354542,,,
2026-03-18,,,0.0073025033179789905,0.010173792954414137,0.012072898017052575,,-0.01110534281083864,
2026-03-26,0.00950493507823329,0.005506876063529248,,,,0.003761437177422394,,0.004584407594655227
2026-03-27,,,,,,0.005017439277561859,,
2026-03-29,,,,,,,,-0.0004688320267337515
2026-03-30,-0.001952964103648087,,,,,,,
2026-03-31,,,,,,,-0.009665722270547631,
2026-04-02,,,,-0.002843211970882331,-0.001714143457973627,,,
2026-04-04,,,,,,,,-0.0007755068357800691
2026-04-05,,,,,,,,-0.00826478730031593
2026-04-07,,-0.00014629041702429634,-0.00338573055911224,-0.0037584089187591365,-0.0035028231152915497,,-0.003104570425366617,
2026-04-09,,,,,,0.0005338704845136104,,
2026-04-12,,,,,,,,0.005837171489412525
2026-04-13,0.00010552335464920929,,0.002934542732512622,0.003250864523554962,,-0.00019650575094971415,0.0010948794763481367,
2026-04-14,0.004707211944145437,,,,,0.004293361411821537,,
2026-04-15,,,,,,-0.0010950087999571775,,
2026-04-16,,0.0009461022711972011,,,,-0.00026672337759560844,,
2026-04-17,0.0026864974379624275,0.004108492662447355,,,0.009711974598575144,,,
2026-04-21,,0.005080452290011895,,,0.0010334298615128333,,,
2026-04-23,0.0016822452184671736,,,-0.0030559926326738534,,,,
2026-04-25,,,,,,,,-0.0013603594178330752
2026-04-26,,,,,,,,0.0017820053071088112
2026-04-27,,0.0023355931533358474,,,,,0.0006313090458367243,
2026-04-28,,,0.0024504829966085773,0.000542458479954839,,,0.0014275803341365911,
2026-04-29,,0.0030191473649488084,,,,,,
2026-05-03,,,,,,,,-0.003017550438541403
2026-05-06,0.007110525813799742,,,,,,,
2026-05-10,,,,,,,,0.003276163883359854
2026-05-11,-0.0005457721615283306,,,0.000691965923666474,-0.0032509323409757743,-0.0018692891367945422,3.873440016042759e-05,
2026-05-12,0.002886463381924396,-0.00046618217462134336,,,-0.004260783231978582,0.00408898936565156,0.001886793036919962,
2026-05-14,,,,,,,-0.0007562748666061625,
2026-05-17,,,,,,,,0.0003737478990823107
2026-05-20,,,,,,,0.004746079775850861,-0.0005957163903468535
2026-05-21,,-0.00025194573539400177,,,,,,
2026-05-26,0.0014980642803281892,0.00029812256386987267,0.006154993068274021,0.0008734015422027718,,,,-0.010068634703708022
2026-05-27,,,,-0.002195833009379301,,-0.0006791632945285013,,
2026-05-28,-0.005217787520206087,,,0.002980222454701338,-0.00299169237700627,,,
2026-05-31,,,,,,,,-0.00335211503080516
2026-06-01,,,,,,-0.004834824999581636,0.0011986306449606225,0.009599425964692774
2026-06-04,,0.0004402956762585519,,,,,,
2026-06-09,,,,,,,,0.0029443319220850603
2026-06-12,,0.010332906049417596,,,,,,
2026-06-13,,,,,,,,-0.0005244816728284731
2026-06-14,,,,,,,,0.00352015229899554
2026-06-15,0.008620839361088407,,,,,,,
2026-06-16,,0.0001411820263614896,,0.0002793649286274628,,,0.0025198959402101344,
2026-06-17,,-0.002225110855830452,,0.007567301042475076,,,,
2026-06-21,,,,,,,,-0.005962541516657064
2026-06-22,,0.001596737503658272,,-0.0005750553578682428,,,,
2026-06-23,,0.008937385069125014,,,,,,
2026-06-28,,,,,,,,0.0009415313428511703
2026-07-05,,,,,,,,-0.00027124556659082524
2026-07-07,,,,-0.00047278482286195497,,,,
