,when,net_ret
nr7,2015-02-02,-0.003887041831894498
nr7,2015-02-16,0.0010970515879446512
nr7,2015-03-09,-0.0024814635724480037
nr7,2015-03-30,0.006817406232345839
nr7,2015-04-13,-0.0063786153053382675
nr7,2015-04-27,0.013471147460369516
nr7,2015-05-18,-0.0006232367676855601
nr7,2015-06-08,0.0015921715184812949
nr7,2015-06-21,-0.0007146603612364962
nr7,2015-06-22,0.008759865281455574
nr7,2015-07-05,0.0023826051794739044
nr7,2015-07-06,0.0013302081518215127
nr7,2015-07-13,0.004481074071431614
nr7,2015-08-03,0.007108866453251018
nr7,2015-08-10,-0.012983632261989671
nr7,2015-08-17,0.0015660293541419144
nr7,2015-08-31,-0.0025940090264114472
nr7,2015-09-14,-0.0036901702225090854
nr7,2015-09-21,0.0035379326269195624
nr7,2015-09-28,-0.011026256697377975
nr7,2015-10-12,0.0032538139163397445
nr7,2015-10-26,-0.0012967255202103658
nr7,2015-11-09,0.0008983204224152579
nr7,2015-11-23,0.0027343507051669834
nr7,2015-11-30,-0.006750880571406933
nr7,2015-12-14,0.007977806594788424
nr7,2015-12-28,0.005372267120147835
nr7,2016-01-18,-0.0017537300750491817
nr7,2016-01-25,0.007742506798220407
nr7,2016-02-15,-0.013507679757443717
nr7,2016-02-22,0.0070319152807650385
nr7,2016-03-07,0.0017269298788560807
nr7,2016-03-14,-0.008541405795070615
nr7,2016-03-21,0.004220843750325436
nr7,2016-03-28,-0.004949615432099551
nr7,2016-04-04,-0.0030780473505765934
nr7,2016-04-18,-0.005646579390259724
nr7,2016-04-25,-0.004057517043471509
nr7,2016-05-09,0.011830516709776211
nr7,2016-05-23,-0.0019295503002500947
nr7,2016-06-06,-0.0018876524419540637
nr7,2016-06-13,0.0021526504566186768
nr7,2016-06-23,-0.0019732000201498094
nr7,2016-07-01,0.006084422070000633
nr7,2016-07-04,0.001920901515858211
nr7,2016-07-11,0.005889168649937963
nr7,2016-07-18,-0.002888769230845655
nr7,2016-07-25,-0.0037121721112635883
nr7,2016-08-08,0.00016680693857470735
nr7,2016-08-15,-0.002615083573638824
nr7,2016-08-29,-0.0037245515797330294
nr7,2016-09-05,-0.0034121387458093838
nr7,2016-09-26,-0.0012365789918667794
nr7,2016-10-17,0.0016558901375483917
nr7,2016-10-24,-0.002463603078768663
nr7,2016-11-14,0.001776012332126909
nr7,2016-11-21,0.0052195242580564925
nr7,2016-12-07,-0.005961167898018692
nr7,2016-12-12,-0.004696595522958566
nr7,2016-12-27,-0.005407306123115085
nr7,2017-01-09,0.006018810686943712
nr7,2017-01-23,0.0010772319243766003
nr7,2017-01-30,0.001373280350933173
nr7,2017-02-20,-0.002000793937540717
nr7,2017-02-27,-0.003927974885317324
nr7,2017-03-13,0.0025565573465179013
nr7,2017-03-30,0.0029899282608481666
nr7,2017-04-03,0.004968636290132484
nr7,2017-04-30,0.0011873524435166202
nr7,2017-05-01,0.009574656927135923
nr7,2017-05-11,-0.006379717195122293
nr7,2017-05-15,-0.0030648553936772414
nr7,2017-05-29,-0.0007712140703539705
nr7,2017-06-05,-0.0008300103961814645
nr7,2017-06-12,-0.0023615656135592016
nr7,2017-06-26,0.011864501839372384
nr7,2017-07-31,0.0016645523996131433
nr7,2017-08-28,-0.02376546295491098
nr7,2017-09-18,0.003844102766995887
nr7,2017-10-02,0.003941846201962023
nr7,2017-10-09,-0.006354351403363582
nr7,2017-10-30,-0.004496909960018898
nr7,2017-11-13,0.0016756853972355694
nr7,2017-11-27,-0.00670543163433207
nr7,2017-12-11,0.0036312239141975807
nr7,2017-12-18,-0.0075162456909398795
nr7,2018-01-08,-0.003293170766156686
nr7,2018-01-15,0.002772357412080438
nr7,2018-01-29,-0.008979482881642926
nr7,2018-02-12,0.004527589905635873
nr7,2018-02-19,0.0013210373718085993
nr7,2018-03-12,-0.002035760124616572
nr7,2018-04-02,0.010216096444625879
nr7,2018-04-23,-0.008866885969491457
nr7,2018-04-30,0.005730475140022767
nr7,2018-05-21,-0.0024531464998460263
nr7,2018-06-04,0.0005189195327333526
nr7,2018-06-11,-0.002124351875385334
nr7,2018-06-25,-0.00650745713193823
nr7,2018-07-09,0.0017256627061699639
nr7,2018-07-16,-0.0018712504056346878
nr7,2018-07-30,-0.0017414365074034344
nr7,2018-08-20,0.0065198870027431965
nr7,2018-09-10,-0.00039714074828447034
nr7,2018-09-17,-0.00527621582920924
nr7,2018-10-01,0.001382612527924815
nr7,2018-10-08,0.01118082488808506
nr7,2018-10-22,-0.004929587651383287
nr7,2018-11-05,-0.002857368516525527
nr7,2018-11-19,0.0010637711726282878
nr7,2018-11-26,-0.0019815762055081496
nr7,2018-12-24,0.009223177181931363
nr7,2018-12-31,-0.0035699978265836003
nr7,2019-01-02,-0.0055959138180012025
nr7,2019-01-14,0.0026889467592821647
nr7,2019-02-04,0.004391942768783304
nr7,2019-02-11,0.0053460219988199845
nr7,2019-03-11,-0.005098396944054151
nr7,2019-04-01,0.003300330278669818
nr7,2019-04-22,-0.002692895807869954
nr7,2019-04-29,0.005104456342214074
nr7,2019-05-13,0.014939881498788606
nr7,2019-05-27,-0.0019621433099816458
nr7,2019-07-08,-0.003727193135803767
nr7,2019-07-15,-0.0014226510906547721
nr7,2019-07-22,-0.00019538154030352892
nr7,2019-07-29,0.0017144246999323217
nr7,2019-08-19,0.005369618088072604
nr7,2019-09-02,0.00042408351713644273
nr7,2019-09-09,-0.005263078360001078
nr7,2019-09-23,0.00289456456715995
nr7,2019-10-14,0.001096113961866084
nr7,2019-10-21,0.003249638828265598
nr7,2019-11-04,0.0028898352845932247
nr7,2019-11-18,-0.003010015656467392
nr7,2019-11-25,-0.005107408282553885
nr7,2019-12-09,0.0005746653564619223
nr7,2019-12-23,0.005309444793234198
nr7,2020-01-13,0.006578041127815253
nr7,2020-01-20,0.001021340662953523
nr7,2020-02-03,0.005189870833532003
nr7,2020-02-17,0.0005151818254692259
nr7,2020-03-02,-0.000586244046796486
nr7,2020-03-05,0.00872588053752404
nr7,2020-03-23,0.015074786551587647
nr7,2020-03-31,0.006804371245649911
nr7,2020-04-06,0.008755609152376444
nr7,2020-04-20,-0.0040187035552302994
nr7,2020-04-27,0.0022499803565374523
nr7,2020-05-11,-0.0029154549830320764
nr7,2020-05-21,0.0049969095030459945
nr7,2020-05-25,0.0009167610609893489
nr7,2020-06-08,0.004208115606420707
nr7,2020-06-15,0.0011180962621806759
nr7,2020-06-22,0.0017276132378827498
nr7,2020-06-29,-0.0016860825763687598
nr7,2020-07-06,0.004094027700138081
nr7,2020-07-20,-0.005564692016321641
nr7,2020-08-03,0.0005347253540505684
nr7,2020-08-24,-0.0025340287843670256
nr7,2020-09-07,-0.0017618392837151372
nr7,2020-09-14,0.00352412513285467
nr7,2020-09-28,-0.006767562943317742
nr7,2020-10-05,-0.004616988613085996
nr7,2020-10-19,-0.0018254144131985854
nr7,2020-11-02,-0.007421002118374171
nr7,2020-11-16,-0.0006133914005183339
nr7,2020-11-23,-0.011760655909426258
nr7,2020-12-21,-0.002152803711725165
nr7,2021-01-20,0.007992817223862237
nr7,2021-01-25,-0.0014265018930360938
nr7,2021-02-04,0.012697465623153385
nr7,2021-02-08,0.0041160154217531435
nr7,2021-03-15,-2.0016511191933824e-05
nr7,2021-03-29,0.008034015548935758
nr7,2021-04-12,0.0035117147202558398
nr7,2021-04-19,-0.0026977534375176564
nr7,2021-04-26,0.0014953554421460846
nr7,2021-05-24,-0.003224688176002555
nr7,2021-06-28,0.0009091676594925063
nr7,2021-07-05,-0.0028556222420642622
nr7,2021-07-12,-0.0005849573134891679
nr7,2021-07-26,0.0010663021288222453
nr7,2021-08-13,0.008882280754681733
nr7,2021-08-16,0.0029007500077831614
nr7,2021-08-30,-0.003970011367988923
nr7,2021-09-13,-0.003101621727721529
nr7,2021-09-27,-0.00031590559168733997
nr7,2021-10-25,0.006448745417300849
nr7,2021-11-08,-0.004937994531314748
nr7,2021-11-26,-0.001282782234771934
nr7,2021-12-06,-0.002450605280208169
nr7,2021-12-13,0.0005549008381030071
nr7,2021-12-27,0.0019707487105916546
nr7,2022-01-10,-0.004555283447685605
nr7,2022-01-31,-0.00536819918177564
nr7,2022-03-04,0.01245612666614003
nr7,2022-03-07,0.002762117468169309
nr7,2022-03-21,0.0029563595479613737
nr7,2022-03-28,0.010302641950074068
nr7,2022-04-25,0.011429482190906831
nr7,2022-05-02,0.012957012368554253
nr7,2022-05-16,0.004239575060827886
nr7,2022-05-27,-0.0007081633288004998
nr7,2022-05-30,-0.0007536278291938882
nr7,2022-06-06,-0.00590116305424942
nr7,2022-07-04,-0.0007181801713845999
nr7,2022-07-25,0.0022850965870413915
nr7,2022-08-08,0.00599663572029279
nr7,2022-08-15,0.009276507792133671
nr7,2022-08-22,0.004646741722986323
nr7,2022-09-12,-0.0051185210501544665
nr7,2022-10-03,0.01727761497174636
nr7,2022-10-10,0.010828993193351894
nr7,2022-10-31,0.003929425466575721
nr7,2022-11-14,-0.002756772746410139
nr7,2022-11-21,-0.0051058451596360565
nr7,2022-12-05,-0.011441767702082504
nr7,2022-12-12,0.0047782697594687925
nr7,2023-01-09,8.005678963202785e-05
nr7,2023-01-16,-0.0005690587467739066
nr7,2023-01-23,0.0013348483876263091
nr7,2023-01-30,-0.003271413847913979
nr7,2023-02-13,0.003043265764547848
nr7,2023-02-27,0.0017409114576264603
nr7,2023-03-20,-0.0006540939452676991
nr7,2023-03-27,0.0033159620807603303
nr7,2023-04-10,-7.65332032649659e-05
nr7,2023-04-17,0.0011426451916124567
nr7,2023-04-24,-0.005025972618783232
nr7,2023-05-08,0.0008790980109561911
nr7,2023-06-05,-0.005918105186277558
nr7,2023-06-12,-0.000996333315097326
nr7,2023-06-19,-0.0028342398758638295
nr7,2023-07-03,-0.002264950773828414
nr7,2023-07-24,0.003044104465257262
nr7,2023-08-14,0.002474397169198578
nr7,2023-08-21,0.002383199292363667
nr7,2023-08-28,0.0031198431674165704
nr7,2023-09-04,-0.0026860381196705933
nr7,2023-09-18,0.007080171178116609
nr7,2023-10-16,0.0005175053503836632
nr7,2023-10-30,-0.004860479857068661
nr7,2023-11-06,0.004543710403737179
nr7,2023-11-20,-0.00350765145388882
nr7,2023-11-27,0.0057210837685448945
nr7,2023-12-11,-0.007614824512900467
nr7,2023-12-18,0.00188644112879316
nr7,2023-12-26,0.0024744711864309885
nr7,2024-01-02,0.0008329087950299496
nr7,2024-01-08,-0.005481634029874365
nr7,2024-01-15,-0.003122383780913794
nr7,2024-02-05,0.0060414734754026134
nr7,2024-02-26,0.0005272739886446194
nr7,2024-03-18,0.002104294906682119
nr7,2024-03-25,0.0013752595641549194
nr7,2024-04-22,0.015244660084581179
nr7,2024-04-29,-0.0003489310412391819
nr7,2024-05-13,-0.00781484765719323
nr7,2024-05-27,0.003134843735671489
nr7,2024-06-03,0.006160445980374371
nr7,2024-06-17,0.001620403948520291
nr7,2024-06-24,0.0020040331902032456
nr7,2024-07-01,-0.0028508071728072125
nr7,2024-08-05,0.009121656590774066
nr7,2024-08-12,-0.013691203776783387
nr7,2024-08-26,-0.0004853888826898543
nr7,2024-09-02,-0.0023208240461664695
nr7,2024-09-09,0.0025016058069997436
nr7,2024-10-07,0.0017842115374961246
nr7,2024-10-21,-0.001410192375918307
nr7,2024-11-11,-0.016389441834884694
nr7,2024-12-02,6.821171908236436e-05
nr7,2024-12-16,-0.0008262431803205427
nr7,2024-12-23,-0.002271196837968716
nr7,2025-01-02,0.008384157460019406
nr7,2025-01-06,0.0010022811307497004
nr7,2025-01-27,-0.008834730733400666
nr7,2025-02-10,0.01429045793425434
nr7,2025-02-17,0.0013980973476295977
nr7,2025-02-24,-0.004901099375262495
nr7,2025-03-10,-0.009726005418173143
nr7,2025-03-24,0.002809391961296202
nr7,2025-04-14,-0.0027984943934502592
nr7,2025-05-05,0.012166841004977695
nr7,2025-05-26,-0.0008128967005698102
nr7,2025-06-09,-0.0027001275489605928
nr7,2025-07-07,-0.0017035661719890444
nr7,2025-07-14,0.0025758320341183016
nr7,2025-07-21,0.009878853216640273
nr7,2025-08-04,-0.004754407163372656
nr7,2025-08-25,0.002446881151715868
nr7,2025-09-15,-0.009823836780319822
nr7,2025-09-22,0.01281864766284945
nr7,2025-10-20,-0.017310327701955862
nr7,2025-11-03,-0.002099336938835038
nr7,2025-11-10,0.011757742946764694
nr7,2025-11-24,-0.009075964357733451
nr7,2025-12-08,-0.0011441526305782383
nr7,2025-12-26,0.004461593522452963
nr7,2026-01-20,0.012056212129473368
nr7,2026-02-09,-0.0007315330561953
nr7,2026-02-11,-0.0008493995078077763
nr7,2026-02-16,0.0007660653423551856
nr7,2026-03-12,0.001669189358604682
nr7,2026-03-16,-0.0010708642456062913
nr7,2026-03-30,-0.004726642660023535
nr7,2026-04-06,-0.003458379435039504
nr7,2026-04-13,0.004094914418458514
nr7,2026-04-23,0.0018374057479440132
nr7,2026-04-27,-0.0013019733358700385
nr7,2026-05-04,0.007153189198491113
nr7,2026-05-11,-0.0071776872605731614
nr7,2026-05-26,0.002712661766265128
nr7,2026-06-01,-0.005884309888755248
control,2015-01-26,-0.010750804331163433
control,2015-01-27,-0.009608575666614197
control,2015-01-29,0.010160091284608989
control,2015-02-03,-0.010580848261242995
control,2015-02-05,-0.004384291894364748
control,2015-02-06,0.011059404889975167
control,2015-02-09,-0.00018306001134534152
control,2015-02-10,-0.00486542591719859
control,2015-02-11,0.004870425913923546
control,2015-02-13,-0.0017945901179297551
control,2015-02-17,0.009958180009065152
control,2015-02-18,-0.004878443411848202
control,2015-02-19,-0.002982922917789148
control,2015-02-20,0.0018498213787850532
control,2015-02-23,-0.0004180998043333325
control,2015-02-24,-0.008167472255195932
control,2015-02-25,0.0001652344573602717
control,2015-02-26,-0.0011344474496628773
control,2015-03-02,-0.005404221119950646
control,2015-03-03,-0.00017807018709992283
control,2015-03-05,-0.0014052474030969227
control,2015-03-06,0.019620189170706327
control,2015-03-10,0.000996018506385306
control,2015-03-11,-0.00032815828310229806
control,2015-03-12,-0.007051801769158253
control,2015-03-16,-0.000653754356084981
control,2015-03-17,0.00021816493935626714
control,2015-03-18,0.007842788576537654
control,2015-03-19,-0.0023642002538072056
control,2015-03-20,0.002405338736950455
control,2015-03-23,-0.004041107390230589
control,2015-03-24,-5.2133351258488866e-05
control,2015-03-25,-0.00020634702427939429
control,2015-03-26,0.0021150608321393333
control,2015-03-27,-0.002657174744710226
control,2015-03-31,-0.0010226967958203168
control,2015-04-01,0.008768294604282285
control,2015-04-05,0.006497962022766956
control,2015-04-06,-0.002113690114334744
control,2015-04-07,0.00292292115948537
control,2015-04-08,0.0038324573346352124
control,2015-04-09,0.0017414425506827285
control,2015-04-10,0.002556477120432971
control,2015-04-14,0.0014933814486221986
control,2015-04-15,0.0020588425251816763
control,2015-04-16,-0.00410675901035622
control,2015-04-20,-0.007472923439998337
control,2015-04-22,-0.010794757389588655
control,2015-04-23,-0.0057836036179858665
control,2015-04-24,0.003504097675950251
control,2015-04-28,0.00265167900139022
control,2015-04-30,0.010689860534019827
control,2015-05-01,-0.000759903004331125
control,2015-05-04,0.0051603812829684684
control,2015-05-05,0.0013812256050951654
control,2015-05-07,0.0024009317941119266
control,2015-05-08,-0.0023975066872133346
control,2015-05-11,0.002715487480323849
control,2015-05-12,0.000225986376090656
control,2015-05-13,0.011050476362315955
control,2015-05-14,0.0011676280819296195
control,2015-05-15,-0.007336548178102665
control,2015-05-19,0.007875346204876638
control,2015-05-20,-0.002899944991779223
control,2015-05-21,-0.001887900322493566
control,2015-05-22,-0.004749744304852459
control,2015-05-25,-0.002546383967418545
control,2015-05-26,0.010054306184043953
control,2015-05-27,-0.0014785736928258643
control,2015-05-28,-0.0016114291856116193
control,2015-05-29,-0.0014696060543710344
control,2015-05-31,-0.002085367483958922
control,2015-06-01,-3.880925734308549e-05
control,2015-06-03,0.00011312647853072732
control,2015-06-04,0.001081208478964374
control,2015-06-05,0.0007392887097847982
control,2015-06-09,-0.00046690222950421473
control,2015-06-10,0.002494667562360817
control,2015-06-14,-0.00041056873556913077
control,2015-06-15,-0.004749825231818084
control,2015-06-17,-0.007839121724691195
control,2015-06-18,0.00949774339939581
control,2015-06-23,0.0025970102100210937
control,2015-06-24,0.0006397146527977183
control,2015-06-26,-0.0033694903513495733
control,2015-06-28,0.005737892133596135
control,2015-06-29,0.0020757952762576483
control,2015-06-30,0.0014270078676530257
control,2015-07-02,0.0012364808146350305
control,2015-07-03,-0.000848989207327905
control,2015-07-07,0.007484341983056107
control,2015-07-08,-0.007961472539019044
control,2015-07-09,-0.006105749049708233
control,2015-07-15,0.004399533521880107
control,2015-07-16,-0.0015346881977772525
control,2015-07-17,0.007581168189619652
control,2015-07-19,-0.0011729189041667259
control,2015-07-20,0.029267338046996442
control,2015-07-22,0.003087926658333627
control,2015-07-23,-0.009373002814909707
control,2015-07-24,-0.009373200451904061
control,2015-07-27,0.0005477253548591524
control,2015-07-29,-0.0013832322446237163
control,2015-07-30,0.0009774138866862423
control,2015-07-31,-0.011125080680315624
control,2015-08-04,-0.002414419693233972
control,2015-08-06,-0.0031058184319228653
control,2015-08-07,-0.0011388855123418728
control,2015-08-11,-0.0004089317837110176
control,2015-08-12,0.003764101579840146
control,2015-08-13,-0.009158062256588087
control,2015-08-14,-0.00037774062489429505
control,2015-08-18,-0.003279552690801072
control,2015-08-19,0.010497501784317183
control,2015-08-20,0.016332913083903982
control,2015-08-21,0.002905115227075905
control,2015-08-24,0.004652320241807882
control,2015-08-25,-0.00043623109418119445
control,2015-08-26,0.007288294477669392
control,2015-08-28,0.0023889940196650723
control,2015-09-01,0.0017494381567580066
control,2015-09-02,0.0007574886572550179
control,2015-09-03,0.004469726661647185
control,2015-09-04,0.00048123474506552244
control,2015-09-07,-0.00039515824732497387
control,2015-09-08,-0.0017671843948996872
control,2015-09-09,0.008323914131292976
control,2015-09-11,-0.0028803826713468916
control,2015-09-15,-0.001482397829753596
control,2015-09-16,0.008409450106570482
control,2015-09-17,0.0050385110647074354
control,2015-09-18,0.0018777495300329294
control,2015-09-22,0.0037688979022364568
control,2015-09-24,0.011979481742747794
control,2015-09-29,0.001349859762031471
control,2015-09-30,0.00658147754722956
control,2015-10-01,-0.0016381716261753818
control,2015-10-02,-0.020590780616702147
control,2015-10-05,0.0003813781450981586
control,2015-10-06,0.0029272764993582604
control,2015-10-07,-0.004197489611689793
control,2015-10-08,0.0004899655450219784
control,2015-10-09,0.0022040380803306785
control,2015-10-13,-0.009049657345450155
control,2015-10-14,0.011076517776864806
control,2015-10-15,-0.005475007729098042
control,2015-10-16,-0.00167424067515836
control,2015-10-19,-0.005950819150777702
control,2015-10-20,-0.006228372745188027
control,2015-10-21,0.000894531414066119
control,2015-10-22,-0.0013973612392390179
control,2015-10-23,-0.00542703556324325
control,2015-10-27,-0.003276474854706599
control,2015-10-28,-0.0076070394262132
control,2015-10-29,0.003631914125722601
control,2015-10-30,0.0009807591236729253
control,2015-11-01,-0.0012339974031193284
control,2015-11-02,-0.007030566477027521
control,2015-11-03,0.00967938262832361
control,2015-11-04,0.0033045894688648815
control,2015-11-05,0.0005561518716172401
control,2015-11-06,0.010475475078954154
control,2015-11-10,-0.001573185202051469
control,2015-11-11,-0.0014429816797414995
control,2015-11-12,-4.143900968243851e-05
control,2015-11-15,0.0003487010004833687
control,2015-11-16,-0.005734156014357997
control,2015-11-17,0.010274501716205413
control,2015-11-18,-0.005520790290066028
control,2015-11-19,0.005460673813017248
control,2015-11-20,-0.008198479039059637
control,2015-11-22,-0.0001742239119618072
control,2015-11-24,-0.0014171285103890643
control,2015-11-25,-0.0015994005140580357
control,2015-11-27,0.01070667651187176
control,2015-12-01,-3.151840755824696e-05
control,2015-12-02,0.007806297146889781
control,2015-12-03,-0.010824823528353768
control,2015-12-04,0.016539120203873707
control,2015-12-07,-0.01100099273571254
control,2015-12-09,-0.005139829261282806
control,2015-12-10,-0.0019450648182654249
control,2015-12-11,-0.0037989747617089673
control,2015-12-16,0.00041830750956339173
control,2015-12-17,0.006164581006514335
control,2015-12-21,-0.009733692802009333
control,2015-12-23,-0.0001438051926897595
control,2015-12-24,9.181587302456861e-05
control,2015-12-30,0.004200302935694731
control,2015-12-31,-0.0013596673344458134
control,2016-01-03,-0.0005250795625178625
control,2016-01-04,0.005228183800558136
control,2016-01-06,0.008203609023383386
control,2016-01-07,0.010421300591266466
control,2016-01-08,-0.004475541825395937
control,2016-01-11,-0.00929331815423085
control,2016-01-12,0.00493858140585999
control,2016-01-13,-0.00861778899183478
control,2016-01-14,0.0019809270543373085
control,2016-01-15,-0.004837957312034703
control,2016-01-19,-0.00036226991907651517
control,2016-01-20,0.003309187787237504
control,2016-01-26,0.007473589128933623
control,2016-01-27,0.0011029052896874957
control,2016-01-28,0.0003394447172180831
control,2016-01-29,-0.00522129061712543
control,2016-02-01,0.007359448700229167
control,2016-02-02,-0.0018752220303762776
control,2016-02-03,0.007974271293386105
control,2016-02-04,0.006960997728675109
control,2016-02-05,0.01101909947813785
control,2016-02-08,-0.017647665455995536
control,2016-02-10,-0.008062571212819539
control,2016-02-11,0.025263305179704813
control,2016-02-14,-0.0006512479546418345
control,2016-02-16,-0.0002827253295785325
control,2016-02-18,0.008398196204262628
control,2016-02-23,0.001830143784692968
control,2016-02-24,-0.003919133953142994
control,2016-02-26,0.0006544011960847728
control,2016-02-29,0.008371194600372571
control,2016-03-01,-0.004690349683677096
control,2016-03-02,-0.006735807316127004
control,2016-03-03,0.007507274561710694
control,2016-03-04,-0.004453839608309217
control,2016-03-08,-0.005053072310634411
control,2016-03-09,0.0033856582148882653
control,2016-03-10,-0.014395563644567014
control,2016-03-11,-0.011389318232666888
control,2016-03-13,-0.0023486017748026665
control,2016-03-15,-0.0019054482497395774
control,2016-03-16,0.010068617338175236
control,2016-03-17,-0.0023704678820123783
control,2016-03-18,-0.00031455637038107874
control,2016-03-22,-0.003556828644672091
control,2016-03-23,0.010467207489753662
control,2016-03-24,-0.0009202060701894943
control,2016-03-29,0.007818891986543425
control,2016-03-30,-0.007957475365789031
control,2016-04-01,0.0010680423958358894
control,2016-04-05,0.004159743994243802
control,2016-04-07,0.0031759354669434114
control,2016-04-10,0.0008947249048252561
control,2016-04-11,0.004755173600048441
control,2016-04-12,-0.003164079857074467
control,2016-04-13,0.005271067538870504
control,2016-04-14,0.005425937860693919
control,2016-04-17,0.0005359810877370098
control,2016-04-19,-0.012303887933834835
control,2016-04-20,-0.006128733969097475
control,2016-04-21,-0.004836714252829535
control,2016-04-22,0.0061471403424046
control,2016-04-26,0.00012046181225463737
control,2016-04-27,0.00017787555916453922
control,2016-04-28,-0.015160640408104787
control,2016-04-29,0.012074543554019615
control,2016-05-02,-0.003330255514388311
control,2016-05-03,0.000257573989519862
control,2016-05-04,-0.0004216946226489642
control,2016-05-05,-0.0031822018906631283
control,2016-05-06,0.00019193931323293698
control,2016-05-10,-0.0020503385500800324
control,2016-05-11,0.004223510382576603
control,2016-05-12,-0.006716810858492274
control,2016-05-16,-0.00021931883386923384
control,2016-05-17,-0.004892680318373086
control,2016-05-18,0.00480827939043986
control,2016-05-19,-0.0011041690539221266
control,2016-05-24,0.010525601372143686
control,2016-05-25,-0.0011291715259450926
control,2016-05-26,-0.004798968002186953
control,2016-05-27,0.003389938841565244
control,2016-05-29,-0.0007001857980621273
control,2016-05-30,-0.002678517605036014
control,2016-05-31,0.003476883802336089
control,2016-06-01,-0.0030509510603482673
control,2016-06-03,0.01653913655097399
control,2016-06-05,0.001632370006075653
control,2016-06-07,-0.002263933423168529
control,2016-06-08,0.00979129878303249
control,2016-06-09,-0.00043282801231072515
control,2016-06-10,0.0004904618669959308
control,2016-06-12,-0.0004073215068994742
control,2016-06-14,-0.0016341002834465038
control,2016-06-15,0.0019719354434668142
control,2016-06-16,-0.008296028725429661
control,2016-06-17,-0.011637758924549954
control,2016-06-20,-0.003960585842757988
control,2016-06-21,-0.012476256164204797
control,2016-06-22,0.0008671042391159631
control,2016-06-24,0.024233304176842618
control,2016-06-27,-0.0015902226051062816
control,2016-06-28,0.0014849944628685576
control,2016-06-29,-0.0044469264245208095
control,2016-06-30,-0.0038692822265446415
control,2016-07-03,-0.0008791961020957052
control,2016-07-05,-0.010236133143248075
control,2016-07-06,0.0006078341258814954
control,2016-07-07,-0.0006663557706932504
control,2016-07-08,-0.007144060461936545
control,2016-07-10,-0.00037079145900915597
control,2016-07-12,0.007979506283536284
control,2016-07-13,-0.007229370994816134
control,2016-07-14,-0.005426321813342236
control,2016-07-20,-0.011276375413007462
control,2016-07-21,-0.009933062357142997
control,2016-07-26,-0.002467582416056862
control,2016-07-27,0.007506909325218807
control,2016-07-28,-0.0032626297774910537
control,2016-07-29,-0.008907391150124462
control,2016-08-01,-0.00300118487690786
control,2016-08-02,0.003982417188470886
control,2016-08-04,-0.0032075098564587124
control,2016-08-05,0.007186805081722411
control,2016-08-07,0.00048296128885007473
control,2016-08-09,0.0016781400566842398
control,2016-08-10,0.0022485429253878207
control,2016-08-11,0.0005588313660467135
control,2016-08-12,6.824448993310023e-05
control,2016-08-16,0.0020619285453302018
control,2016-08-17,-0.006757980246101647
control,2016-08-18,-0.0017760541095967833
control,2016-08-19,0.002825961219591982
control,2016-08-21,4.408307256306284e-05
control,2016-08-22,-0.0018286692850381066
control,2016-08-23,-0.0014556857297799198
control,2016-08-24,0.005616259933758544
control,2016-08-25,0.0006380153934845736
control,2016-08-26,-0.00415215564434761
control,2016-08-28,-0.0016535651189647455
control,2016-08-30,-0.008679256565817608
control,2016-08-31,-0.0004297111394026138
control,2016-09-01,-0.006930066305438635
control,2016-09-02,0.006253155315100195
control,2016-09-06,0.01390095172555204
control,2016-09-07,-0.005409664215428489
control,2016-09-08,0.002752043677464123
control,2016-09-09,0.00501933188751836
control,2016-09-12,-0.0018188260633359796
control,2016-09-13,-0.0065276068482854575
control,2016-09-15,-0.006429863272623385
control,2016-09-16,-0.000610043762781814
control,2016-09-19,-0.003403655324857948
control,2016-09-21,0.011140495216249843
control,2016-09-22,-4.34449314467752e-05
control,2016-09-27,0.00441084549119336
control,2016-09-28,0.0007170102060476575
control,2016-09-29,-0.003294648121090657
control,2016-09-30,-0.00840931017845848
control,2016-10-03,-0.005391831058861083
control,2016-10-04,0.03267234932644934
control,2016-10-05,-0.0017757922047545206
control,2016-10-06,0.0035461255759609927
control,2016-10-07,-0.003990016392181989
control,2016-10-10,-0.00211071314351377
control,2016-10-11,0.001142293323704182
control,2016-10-12,-0.0020381761125625843
control,2016-10-13,-0.0013477216783203596
control,2016-10-14,0.0015154716171275238
control,2016-10-18,0.004278958556649768
control,2016-10-19,0.0034127273903070392
control,2016-10-20,-0.005835818346104936
control,2016-10-21,-0.0011722374579997011
control,2016-10-25,0.0016124781966840366
control,2016-10-28,-0.0070144993511899074
control,2016-10-31,-0.002614882992234196
control,2016-11-01,0.005978931635502494
control,2016-11-02,0.004633532122807589
control,2016-11-03,-0.010893206225717707
control,2016-11-04,-0.002452658850089282
control,2016-11-06,0.00389470931964966
control,2016-11-07,-0.008704988514750333
control,2016-11-08,0.0033350776825290334
control,2016-11-09,-0.010716736197685027
control,2016-11-10,0.005806624105399434
control,2016-11-11,0.01920749566522452
control,2016-11-15,-0.0021449017602071883
control,2016-11-16,-0.0032387923515746564
control,2016-11-17,0.004245527246345401
control,2016-11-18,0.0024116600096992166
control,2016-11-22,-0.0033489006181764975
control,2016-11-23,0.01118623947049354
control,2016-11-24,-0.0030151508871895214
control,2016-11-25,-0.0024583612271441217
control,2016-11-28,0.005059879550887035
control,2016-11-29,-0.004092640352168108
control,2016-11-30,0.005834982936267428
control,2016-12-01,-0.0019738724846424917
control,2016-12-02,-0.00037630002058358127
control,2016-12-04,0.0013777350824115018
control,2016-12-05,0.005162311862813059
control,2016-12-09,0.007348494480750019
control,2016-12-14,-0.017136476976402058
control,2016-12-15,0.007901081513616463
control,2016-12-19,0.001210284151421736
control,2016-12-20,0.0025146024583469614
control,2016-12-22,0.0002777009344271983
control,2016-12-23,-0.001283781466008487
control,2016-12-29,0.012735718149368025
control,2016-12-30,-0.008817033003875834
control,2017-01-02,-0.0006937450037702068
control,2017-01-03,0.0033381883872955122
control,2017-01-04,0.0008762517485219842
control,2017-01-05,0.009450911094348945
control,2017-01-10,-0.0001652166944597407
control,2017-01-11,0.001889252725806756
control,2017-01-12,-0.0015453856664799843
control,2017-01-13,-0.0030498908946058976
control,2017-01-15,0.0018078690539866812
control,2017-01-16,-0.001588949071807861
control,2017-01-17,0.004774425437956281
control,2017-01-18,-0.00019870550437738751
control,2017-01-19,-0.0015173161557370102
control,2017-01-20,0.002150812490125664
control,2017-01-22,0.00018461555487640264
control,2017-01-24,-7.656684927026082e-05
control,2017-01-25,0.004137238980120752
control,2017-01-26,0.0036911827900952656
control,2017-01-27,-0.004570637743371708
control,2017-01-29,0.001766908963608602
control,2017-01-31,0.009455774220609194
control,2017-02-02,0.0015397852365310945
control,2017-02-03,-0.00791271142740933
control,2017-02-05,-0.0005903088084114551
control,2017-02-06,0.007759504752163884
control,2017-02-07,-0.0029922152465112605
control,2017-02-08,0.0029680141819097886
control,2017-02-09,0.0025634330551360077
control,2017-02-10,-0.006125814186683222
control,2017-02-13,0.0017192197653457173
control,2017-02-14,-0.0032420206263455427
control,2017-02-15,-0.0091468138950648
control,2017-02-16,0.0034338251387427306
control,2017-02-17,-0.007203919797863865
control,2017-02-21,-0.002004827992003161
control,2017-02-22,-0.0020051503476111515
control,2017-02-23,0.007588011266238517
control,2017-02-24,0.004295074275591124
control,2017-02-28,0.0041342993563410965
control,2017-03-01,-0.0015048838568900071
control,2017-03-02,0.001187270784063581
control,2017-03-03,-0.0028987110743084184
control,2017-03-05,0.00018258969708670955
control,2017-03-06,0.005656690668568598
control,2017-03-07,0.006732412669070568
control,2017-03-08,0.004740237274202278
control,2017-03-09,0.00571794643026352
control,2017-03-10,-0.004776645736018321
control,2017-03-12,-0.000540131540761431
control,2017-03-14,0.00105751706533783
control,2017-03-15,0.011525083992229493
control,2017-03-16,0.003252273063566344
control,2017-03-20,0.0025456783278675252
control,2017-03-21,-0.013652295745774345
control,2017-03-22,-0.0014610274947753446
control,2017-03-23,-0.005004952724041352
control,2017-03-24,4.174702288853498e-05
control,2017-03-26,0.0006615990327426519
control,2017-03-27,-0.0012686046477360432
control,2017-03-28,0.0016774120539179117
control,2017-03-29,-0.004510174081744559
control,2017-03-31,-0.00560073472950341
control,2017-04-04,-0.0004676064156284927
control,2017-04-05,-0.0040766219000720385
control,2017-04-07,-0.004823008920519009
control,2017-04-10,-0.002642624539470415
control,2017-04-11,0.018178287276292098
control,2017-04-12,0.009086749236298562
control,2017-04-13,-0.0009123025308904987
control,2017-04-16,0.00485994247379481
control,2017-04-17,0.005487043085356573
control,2017-04-18,-0.0066349135548975065
control,2017-04-19,-0.000802800973003902
control,2017-04-21,0.0006281581271565368
control,2017-04-23,0.0033953000817612306
control,2017-04-24,0.000996247086311525
control,2017-04-25,0.002361775343296949
control,2017-04-26,-0.00497134156264762
control,2017-04-28,-0.0015257757763464425
control,2017-05-02,-0.0021501567705259693
control,2017-05-03,0.011418947145062601
control,2017-05-04,0.0057283761402674585
control,2017-05-07,-0.007106378167353997
control,2017-05-08,-0.005716697488842985
control,2017-05-09,0.0015619906201274553
control,2017-05-12,-0.000358976596940198
control,2017-05-16,0.004964849062869979
control,2017-05-17,0.01283421927054148
control,2017-05-18,-0.01134893667673469
control,2017-05-21,0.0002229811256633652
control,2017-05-22,-0.006853627964567533
control,2017-05-23,-0.00985600018884672
control,2017-05-24,-0.005693348368475301
control,2017-05-25,-0.003046994481674642
control,2017-05-26,0.00510646121060149
control,2017-05-30,-0.005162639502701719
control,2017-05-31,-0.0016210124138218982
control,2017-06-02,-0.013869484620908572
control,2017-06-04,9.745847148613669e-05
control,2017-06-06,0.008028449888459828
control,2017-06-08,0.0019042593656981915
control,2017-06-09,0.0037190192658478334
control,2017-06-13,-0.003148655357112187
control,2017-06-14,-0.004657457020887855
control,2017-06-15,0.0024903954469603904
control,2017-06-19,0.007823672339715359
control,2017-06-20,-0.0021635419255741427
control,2017-06-21,-0.006703702594607128
control,2017-06-22,0.0012295507370472828
control,2017-06-23,0.0009093158282069502
control,2017-06-28,-0.0031937101073364438
control,2017-06-29,0.000987316814790207
control,2017-06-30,-0.0007808213017210114
control,2017-07-03,0.015320440334222212
control,2017-07-05,-0.0009497299211094871
control,2017-07-10,-0.0022559200219344974
control,2017-07-11,0.0018208044720462936
control,2017-07-12,0.0006872417149863499
control,2017-07-14,-0.011497023613069096
control,2017-07-17,0.0014089850962640182
control,2017-07-18,0.0059104045551048945
control,2017-07-20,-0.007540315592223497
control,2017-07-21,0.00634802936346269
control,2017-07-23,0.0001631588863948551
control,2017-07-24,-0.002630524131624846
control,2017-07-25,0.0045421424966870525
control,2017-07-26,-0.012886703305383804
control,2017-07-27,-0.0032674634094942787
control,2017-07-28,0.0029358393573659432
control,2017-07-30,-0.0007763190415888924
control,2017-08-01,-0.0027899723140379683
control,2017-08-02,-0.0006097681124844248
control,2017-08-04,0.0014124149753989104
control,2017-08-07,-0.0014061641601432779
control,2017-08-08,0.0017655124599925008
control,2017-08-09,0.009816060836978436
control,2017-08-10,0.006828075004544036
control,2017-08-11,0.00016923409596709458
control,2017-08-14,0.007534362049970026
control,2017-08-15,0.004794678527319956
control,2017-08-16,0.0027949967087231046
control,2017-08-17,0.0035958625217018497
control,2017-08-18,-0.006059662094338737
control,2017-08-20,-0.00023967713011726567
control,2017-08-21,0.006450614413952182
control,2017-08-25,-0.00033444088487700487
control,2017-08-27,-0.0018951401607292652
control,2017-08-29,-0.012126997168986721
control,2017-08-31,-0.012808752290159903
control,2017-09-01,-0.0001884590873990388
control,2017-09-03,0.005303351882394998
control,2017-09-04,0.0002961416969019872
control,2017-09-05,-0.007707780671001503
control,2017-09-07,0.00461581243662624
control,2017-09-08,-0.002965128356691143
control,2017-09-10,0.003468377017924275
control,2017-09-11,0.004745901190439474
control,2017-09-12,-0.0035275846577999433
control,2017-09-13,-0.009287978977053624
control,2017-09-14,-0.009783546002465797
control,2017-09-17,0.0019763454596762333
control,2017-09-20,-0.009549415404848596
control,2017-09-21,0.002798539370457085
control,2017-09-24,-0.0008034681564784989
control,2017-09-25,0.00751926487511449
control,2017-09-26,-0.013466419278806032
control,2017-09-27,0.005845500272701086
control,2017-09-28,-0.004035138606055073
control,2017-09-29,-0.007436498119507702
control,2017-10-03,-0.0024980766888872408
control,2017-10-04,-0.0007567548503456597
control,2017-10-05,0.0009697583380324506
control,2017-10-06,-0.007907720097130824
control,2017-10-08,-0.00013160987038474952
control,2017-10-10,0.0030285101606109224
control,2017-10-12,0.00012000423562686166
control,2017-10-13,0.004664857462187865
control,2017-10-15,0.00014386958656678803
control,2017-10-16,-0.007728816579174504
control,2017-10-17,0.003459055509448409
control,2017-10-18,0.0007656854041543161
control,2017-10-19,-0.010957123414292134
control,2017-10-22,0.0021705818997004613
control,2017-10-23,-0.007019422914648839
control,2017-10-24,-0.006291484446236691
control,2017-10-25,-0.004743174384004885
control,2017-10-26,-0.010813140965908637
control,2017-10-27,-0.006806129968999959
control,2017-10-31,-0.0010496659467496092
control,2017-11-01,-0.0024990583321097687
control,2017-11-02,-0.002886752829233662
control,2017-11-03,0.0028540232303763974
control,2017-11-06,-0.009988624517438555
control,2017-11-08,0.0007591435030957483
control,2017-11-09,-0.0012265387164628156
control,2017-11-10,0.0038445069423332506
control,2017-11-14,-0.00567671738269116
control,2017-11-15,-0.004024476262337642
control,2017-11-16,-0.0025711948744404694
control,2017-11-17,0.011260210331697973
control,2017-11-20,0.010737966585612884
control,2017-11-22,0.005057954092367874
control,2017-11-24,-0.001453945798853096
control,2017-11-29,0.005666300878638455
control,2017-11-30,0.006111982870087312
control,2017-12-01,-0.0046853605688981295
control,2017-12-04,0.0006911370708395317
control,2017-12-05,0.004198037058581499
control,2017-12-07,0.01380189407674701
control,2017-12-08,-0.00411080842194877
control,2017-12-12,-0.002678331947733768
control,2017-12-13,0.006914832799940147
control,2017-12-14,-0.0033912056827350686
control,2017-12-15,-0.003870455082648272
control,2017-12-19,-0.0022813255051859272
control,2017-12-20,0.0008484893484530928
control,2017-12-21,-0.0011104754524674995
control,2017-12-22,0.005256781860980047
control,2017-12-26,0.006518913841578695
control,2017-12-27,0.00332802123450738
control,2017-12-28,0.004541845396313319
control,2017-12-29,0.006755773508679782
control,2018-01-01,-0.0010359333395603917
control,2018-01-02,0.011589360087514334
control,2018-01-04,-0.012168979240703722
control,2018-01-09,0.003816020129477738
control,2018-01-10,-0.008345205112736153
control,2018-01-12,0.012175541815648104
control,2018-01-16,-0.004002892602391678
control,2018-01-17,-0.012350017098031296
control,2018-01-18,-0.0019888505987582595
control,2018-01-19,-0.0015548472687359862
control,2018-01-22,-0.0014459554897528403
control,2018-01-23,0.005494417290223282
control,2018-01-24,0.0123710317041289
control,2018-01-25,-0.013436120886437863
control,2018-01-30,-0.0010161979339411292
control,2018-01-31,-0.009745131878110627
control,2018-02-01,0.0006940813947652241
control,2018-02-02,0.0038856505987343256
control,2018-02-05,-0.009588017342299332
control,2018-02-06,-0.013938547046194247
control,2018-02-07,0.0006945585066169934
control,2018-02-08,-0.008952585404696343
control,2018-02-13,0.004103822881442913
control,2018-02-14,0.017114107030321374
control,2018-02-15,-0.0014152374224365935
control,2018-02-16,-0.007863681791862018
control,2018-02-20,0.010725131905389608
control,2018-02-21,0.001060978817949876
control,2018-02-22,-0.006469088931996289
control,2018-02-26,0.001551264526326958
control,2018-02-27,0.007477703516898231
control,2018-03-01,-0.0013412220229514502
control,2018-03-02,0.0007744713736875408
control,2018-03-05,-0.0029527409920281663
control,2018-03-06,0.00922991797279478
control,2018-03-08,0.0007216979258229937
control,2018-03-09,-0.003183400188008488
control,2018-03-14,-0.002709237134767864
control,2018-03-15,0.004438406792484075
control,2018-03-16,0.0005269260879705445
control,2018-03-19,-0.003863210396124526
control,2018-03-20,-0.002197473205352829
control,2018-03-21,0.01235475106726295
control,2018-03-23,0.009061904621493576
control,2018-03-25,-0.0016315734801999385
control,2018-03-26,-0.004750507355274594
control,2018-03-27,-0.008102941492982659
control,2018-03-28,0.00993543767565674
control,2018-03-29,-0.001330039995800376
control,2018-04-04,-0.006612423330429653
control,2018-04-05,0.00021765654977366292
control,2018-04-06,-0.007828553179460563
control,2018-04-09,-0.003796160988754403
control,2018-04-10,0.002760830536818822
control,2018-04-11,0.00778828960561201
control,2018-04-12,0.00130685815192389
control,2018-04-13,-0.008723045579262978
control,2018-04-16,0.0005122561794632526
control,2018-04-17,-0.004102844136642766
control,2018-04-18,0.0007032945288577869
control,2018-04-19,-0.0018840780985470583
control,2018-04-20,0.0043237318008436405
control,2018-04-22,0.0014384830180897915
control,2018-04-24,-0.007903045116296978
control,2018-04-25,-0.0007329516083095302
control,2018-04-26,0.0004129508420045176
control,2018-04-29,-0.0017399872487411493
control,2018-05-01,0.0036666729128009804
control,2018-05-03,-0.0007184765942052094
control,2018-05-08,-0.005698716635310098
control,2018-05-09,-0.006040334405834017
control,2018-05-10,0.0031345652545350265
control,2018-05-11,-0.004661890500573009
control,2018-05-14,-0.006217674277758769
control,2018-05-15,0.01819138023718401
control,2018-05-16,-0.002819504588602225
control,2018-05-17,-0.0029181425393567237
control,2018-05-22,-0.00019171805093566222
control,2018-05-23,-0.001354573176483168
control,2018-05-24,0.005238833368665387
control,2018-05-25,-0.004994649393696335
control,2018-05-27,0.0007172099346798456
control,2018-05-28,-0.0018993362402369368
control,2018-05-29,0.0014443154117929262
control,2018-05-31,-0.005158587251208115
control,2018-06-01,0.00429301902486081
control,2018-06-05,-0.007145043351956496
control,2018-06-06,-0.0035776728084628583
control,2018-06-07,-0.005069600619692511
control,2018-06-08,-0.004153011460646383
control,2018-06-12,-0.0018751386961970789
control,2018-06-13,-0.007297705383757298
control,2018-06-14,0.0009802541785307083
control,2018-06-15,0.02051067666987745
control,2018-06-18,-0.00022313275651769174
control,2018-06-19,-0.007489287028597816
control,2018-06-20,0.0007140260805371002
control,2018-06-21,-0.0002185114810282789
control,2018-06-22,-0.0012983000792730866
control,2018-06-24,-0.0005425390431892455
control,2018-06-26,0.006418759998169854
control,2018-06-27,0.0017354055298217043
control,2018-06-28,0.0020339685791977108
control,2018-06-29,-0.0021490446972770283
control,2018-07-02,0.009878172491119485
control,2018-07-03,-0.01180529910457877
control,2018-07-04,0.006429063893141199
control,2018-07-05,-0.0036568661680791512
control,2018-07-10,-0.0007909242670798523
control,2018-07-11,0.0048694194471607215
control,2018-07-12,-0.0049382185102530484
control,2018-07-13,-0.0004722864465737349
control,2018-07-17,0.01215509396616776
control,2018-07-18,-0.0016631696673753019
control,2018-07-19,-0.002863000333493092
control,2018-07-20,0.0025082126400963627
control,2018-07-22,0.00038459922831539226
control,2018-07-23,-0.010094366685789074
control,2018-07-24,-0.0033089177671002394
control,2018-07-25,0.003577605398080992
control,2018-07-26,-0.010893381062464345
control,2018-07-27,-0.0006793922446272785
control,2018-07-31,-0.005676522189330081
control,2018-08-02,0.00788760075102422
control,2018-08-03,-0.007415179885826475
control,2018-08-06,-0.007481312508927114
control,2018-08-08,-0.006498215442492881
control,2018-08-09,-0.0045330330288326035
control,2018-08-10,-0.0005776113666555916
control,2018-08-13,0.021102280676539617
control,2018-08-15,0.01897783908225337
control,2018-08-16,-0.002336634708185273
control,2018-08-17,0.002309325982586174
control,2018-08-21,0.00407497283736887
control,2018-08-22,-0.0019835948636218507
control,2018-08-23,0.007288540517627677
control,2018-08-24,-0.020329981684586437
control,2018-08-27,-0.004125546264058077
control,2018-08-28,-0.008061005816389563
control,2018-08-30,0.0010625398365886893
control,2018-08-31,-0.005502966559673125
control,2018-09-03,-0.0019402902509638711
control,2018-09-04,0.0029598426575761262
control,2018-09-06,0.0021928467154628175
control,2018-09-07,-9.134290392035272e-05
control,2018-09-11,-0.005291325921892385
control,2018-09-12,0.006111074431166323
control,2018-09-13,-0.005963487850314711
control,2018-09-14,0.006132907599386725
control,2018-09-19,0.00017492202164531262
control,2018-09-20,0.000891789588512341
control,2018-09-21,-0.00882598310268367
control,2018-09-24,-0.0024968080298694772
control,2018-09-26,0.00039219483288623134
control,2018-09-27,0.006875774866970234
control,2018-09-28,-0.009873234211244654
control,2018-10-02,0.013169876670916932
control,2018-10-03,-0.009409995396214704
control,2018-10-04,-0.002329772712519463
control,2018-10-10,0.0016282929916399105
control,2018-10-11,0.024155178384810374
control,2018-10-15,0.004756569245758154
control,2018-10-17,0.0007427317190946906
control,2018-10-18,-0.004318783519371085
control,2018-10-19,-0.0034500923329900306
control,2018-10-23,0.0009049447404699986
control,2018-10-25,-0.0031525727777818357
control,2018-10-26,-0.005104257158385094
control,2018-10-29,0.002156534314403863
control,2018-10-30,0.001297552580309225
control,2018-10-31,0.0032141443844612766
control,2018-11-01,0.008729140710734837
control,2018-11-06,-0.0064098577083190195
control,2018-11-07,-0.002490472339279512
control,2018-11-08,-0.0002771621318837855
control,2018-11-09,0.009158459467472374
control,2018-11-12,-0.007695812341214536
control,2018-11-13,-0.002588110985787241
control,2018-11-14,0.004995979026625435
control,2018-11-16,0.003997491873748515
control,2018-11-20,-0.0036506337386322074
control,2018-11-21,-0.005733441517380397
control,2018-11-23,0.0015882496811375066
control,2018-11-27,0.006988680229518672
control,2018-11-28,-0.009395460778858604
control,2018-11-29,-0.002642196882548036
control,2018-11-30,-0.0016621132921119564
control,2018-12-03,-0.009818168046297203
control,2018-12-04,0.0035448876211542036
control,2018-12-06,-0.001952544129799166
control,2018-12-07,0.0037920090061773263
control,2018-12-09,-0.001277316970273841
control,2018-12-10,0.004493075270105195
control,2018-12-11,-0.0018367225724929017
control,2018-12-13,-0.0008010790043583851
control,2018-12-14,0.0017715269042855512
control,2018-12-17,-0.011194894857646645
control,2018-12-18,0.0011806112857580243
control,2018-12-19,-0.007004911889623479
control,2018-12-20,0.00391271954559645
control,2018-12-25,-0.0028947277100886126
control,2018-12-26,-0.002209987592509018
control,2018-12-28,0.0013100811027696487
control,2019-01-03,0.0048132372801392865
control,2019-01-04,-0.010660867956363873
control,2019-01-07,-0.005000581403513676
control,2019-01-08,-0.0028068261657078824
control,2019-01-09,0.00245997036969599
control,2019-01-10,-0.006223027709770485
control,2019-01-15,-0.002055713872771048
control,2019-01-16,-0.002202938203908887
control,2019-01-17,-0.0031846678239053094
control,2019-01-18,0.008073203682644699
control,2019-01-21,-0.0041096174382608455
control,2019-01-22,0.0008190133532398013
control,2019-01-23,-0.002167543024656374
control,2019-01-24,-0.0033082171467766035
control,2019-01-25,0.019990600006600377
control,2019-01-28,-0.003870634267575515
control,2019-01-29,0.00568064249713629
control,2019-01-30,0.00650544046384866
control,2019-01-31,-0.0024069130328124876
control,2019-02-01,-0.00015108647427812218
control,2019-02-06,0.003752060268309291
control,2019-02-07,-0.00499787729383858
control,2019-02-08,0.0017606938389759586
control,2019-02-13,-0.007583883391767161
control,2019-02-14,-0.0074934909128695475
control,2019-02-15,0.006763123227888351
control,2019-02-18,0.004855313263378646
control,2019-02-19,0.012251506423223755
control,2019-02-20,-0.0014963763966318441
control,2019-02-21,0.010882002939047264
control,2019-02-25,-0.0017815323781429201
control,2019-02-26,-0.004269928227574965
control,2019-02-27,0.0020796617319561385
control,2019-02-28,0.0023666339563794617
control,2019-03-01,0.018851983484166727
control,2019-03-04,-0.008174834790952224
control,2019-03-05,-0.00472670685247687
control,2019-03-06,-0.0024069715860938735
control,2019-03-07,-0.0023987155745063735
control,2019-03-08,0.008091264875232144
control,2019-03-12,0.0023157273454562574
control,2019-03-13,0.006132572931256347
control,2019-03-14,0.004713514613920133
control,2019-03-18,-0.0027492616710567686
control,2019-03-19,-0.0006914464800469959
control,2019-03-20,-0.01098785559278262
control,2019-03-21,-0.007554451345460351
control,2019-03-25,-0.009059382261330046
control,2019-03-27,0.0027069080984334
control,2019-03-28,0.014657417619597763
control,2019-03-29,-0.0030999870000675417
control,2019-04-02,-0.0048771158311178365
control,2019-04-03,-0.001152815657613834
control,2019-04-04,-0.0036333937151353727
control,2019-04-07,-0.0016223996535851565
control,2019-04-08,0.00381946216438275
control,2019-04-09,0.0006204863677297086
control,2019-04-10,0.001502608435693141
control,2019-04-11,0.008055271378272036
control,2019-04-14,2.0080506027024307e-05
control,2019-04-15,0.0005967069879855079
control,2019-04-16,0.005288853886180059
control,2019-04-17,-0.0013991444283403148
control,2019-04-18,-0.0026642759097786984
control,2019-04-23,0.0020616634562350177
control,2019-04-24,-0.0020498169350129194
control,2019-04-25,-0.0001808172625936056
control,2019-04-26,0.0029170901674748545
control,2019-05-01,0.002641751163038839
control,2019-05-02,0.0021449808056362846
control,2019-05-03,0.0011851816010909736
control,2019-05-05,0.001436365261697464
control,2019-05-06,-0.0034017415464826922
control,2019-05-07,-0.000634591010962971
control,2019-05-08,-0.005274053971606286
control,2019-05-10,-0.0031316165310986874
control,2019-05-14,-0.005008054907248688
control,2019-05-15,-0.0031219922686029802
control,2019-05-16,0.007189733158488456
control,2019-05-17,0.006339568830220169
control,2019-05-20,-0.0007282310222390387
control,2019-05-21,-0.0012911983896212642
control,2019-05-23,0.0070100789241627675
control,2019-05-26,-0.0008223992536207102
control,2019-05-28,0.0038597063162810275
control,2019-05-30,-0.012980804285343997
control,2019-05-31,0.015163410904576643
control,2019-06-02,0.0021276457285921155
control,2019-06-03,0.015023594993590614
control,2019-06-04,-0.0025944111959144505
control,2019-06-05,0.0014202036146888082
control,2019-06-07,0.0003312790251694836
control,2019-06-10,-0.007399293257094447
control,2019-06-11,-0.002775392362610837
control,2019-06-12,0.0032639787788119306
control,2019-06-13,0.005519973279990867
control,2019-06-14,-0.003647609972764157
control,2019-06-17,-0.001355451436836866
control,2019-06-18,0.0015535029743687305
control,2019-06-19,0.0028916186946618167
control,2019-06-20,0.026065233257150523
control,2019-06-21,0.0034735633268863923
control,2019-06-24,0.010522560492813481
control,2019-06-25,-0.0054518395649031295
control,2019-06-26,0.0005911364254564169
control,2019-06-27,-0.006499663281592688
control,2019-06-28,-0.001979428938763826
control,2019-06-30,0.009386838929697884
control,2019-07-01,-0.001164687160638018
control,2019-07-02,0.02256000296647653
control,2019-07-03,-0.00891267552740776
control,2019-07-04,-0.0045893960928875596
control,2019-07-05,0.00575687049997723
control,2019-07-09,-0.0019539409389349944
control,2019-07-10,0.0110848608711891
control,2019-07-11,-0.009035796273816768
control,2019-07-14,-0.000455278495269178
control,2019-07-16,0.0010961583555849862
control,2019-07-17,-0.011990000322570837
control,2019-07-18,0.00598086245713709
control,2019-07-23,0.002355927549155098
control,2019-07-25,-0.007263507928438277
control,2019-07-30,0.001222681758137109
control,2019-07-31,-0.01120589688207031
control,2019-08-01,-0.015284836079618884
control,2019-08-05,0.015528689783486717
control,2019-08-06,0.000788668730066436
control,2019-08-07,0.010931704615783005
control,2019-08-12,-0.007916056159111076
control,2019-08-13,-0.008877512546896843
control,2019-08-15,0.0010132455984361063
control,2019-08-16,-0.006867316648977925
control,2019-08-22,-0.0006284322350218387
control,2019-08-23,0.010451921831278488
control,2019-08-25,0.007507844728623518
control,2019-08-26,0.002858284079145042
control,2019-08-28,-0.002714704396315152
control,2019-08-29,-0.008069484740269443
control,2019-08-30,-0.00031735675488764846
control,2019-09-01,-0.001922602547048242
control,2019-09-03,0.008040281586923152
control,2019-09-04,0.00036171920208646706
control,2019-09-05,0.006901878699529254
control,2019-09-06,-0.00025650617926305155
control,2019-09-10,0.0036861933768702368
control,2019-09-12,-0.00039529836461066933
control,2019-09-13,0.00018114247186932345
control,2019-09-16,-0.004675980130319508
control,2019-09-17,-0.002422801137563479
control,2019-09-18,-0.007581060093281175
control,2019-09-20,0.00562591196156287
control,2019-09-24,0.0021874529336675073
control,2019-09-25,0.0042820517767009
control,2019-09-26,-0.003114687517694814
control,2019-09-27,0.0015677042550897395
control,2019-09-30,0.010068975477015542
control,2019-10-01,-0.008404078346403727
control,2019-10-02,0.006001834924482372
control,2019-10-03,0.0013196579935339748
control,2019-10-07,0.006317408832522867
control,2019-10-08,-0.010242589258931024
control,2019-10-09,0.0007322000947360458
control,2019-10-10,0.002664468681737409
control,2019-10-11,0.0009899559867750838
control,2019-10-15,-0.00776157564844313
control,2019-10-16,-0.0067573363500221355
control,2019-10-17,0.0005117833438628118
control,2019-10-22,-0.004186945249517109
control,2019-10-23,0.0013621157778484461
control,2019-10-24,0.003396065359339799
control,2019-10-25,-3.784836734586624e-05
control,2019-10-28,-0.007573826980221298
control,2019-10-29,0.0013903747175596011
control,2019-10-30,9.157854682810576e-05
control,2019-10-31,0.008992420312014228
control,2019-11-01,-0.0002667005268506562
control,2019-11-05,0.011754351043014215
control,2019-11-07,0.008134639751027144
control,2019-11-08,0.0009564464645567733
control,2019-11-11,-0.0033320601599147507
control,2019-11-12,-0.006122964935213764
control,2019-11-13,0.00168513541277793
control,2019-11-14,0.0011252766645226692
control,2019-11-19,0.00015606370241160215
control,2019-11-20,-0.00080696346214763
control,2019-11-21,0.0003135927782416095
control,2019-11-22,0.00011867702269759618
control,2019-11-24,0.00038119570287396576
control,2019-11-26,-0.004955348217461191
control,2019-11-29,0.003525873442942771
control,2019-12-02,-0.0010008713165771213
control,2019-12-03,0.008105419520607471
control,2019-12-04,-0.0046123062825051365
control,2019-12-06,0.009403793385514001
control,2019-12-08,-0.0011209283057355115
control,2019-12-10,-0.0013487108473975858
control,2019-12-11,0.003738922039070958
control,2019-12-12,-0.010340924802708455
control,2019-12-16,-0.0014001026483106578
control,2019-12-17,-0.003439784560124122
control,2019-12-18,-0.0014302632822668466
control,2019-12-19,-0.0009094745085396669
control,2019-12-24,0.009809741669022562
control,2019-12-26,0.008820142902489135
control,2019-12-27,-0.0016303345512003688
control,2019-12-30,0.0004423837728516347
control,2019-12-31,0.00044667724661140445
control,2020-01-02,-0.009275323423910489
control,2020-01-03,0.01650187468032536
control,2020-01-05,0.011302875528331867
control,2020-01-07,-0.024559813824032266
control,2020-01-08,-0.024638775563251978
control,2020-01-09,-0.00040783029201236137
control,2020-01-10,8.749028883714333e-05
control,2020-01-14,-0.0026189015068432396
control,2020-01-15,0.003181188199828449
control,2020-01-17,-0.0007754383613450823
control,2020-01-21,-0.0037251249221352273
control,2020-01-23,-0.0018338368498668194
control,2020-01-24,0.0019518662606723173
control,2020-01-26,0.003899950299494622
control,2020-01-27,-0.0012777196703615584
control,2020-01-28,0.004298785169985221
control,2020-01-29,-0.007179718988458019
control,2020-01-30,-0.0019252491481120987
control,2020-01-31,-0.010742884952255078
control,2020-02-02,-0.0009143998241860609
control,2020-02-04,0.009128678864601664
control,2020-02-05,-0.004219620896314587
control,2020-02-06,0.0017594387027723328
control,2020-02-07,0.0009768353794047328
control,2020-02-09,0.00023659958373272957
control,2020-02-10,-0.001986494564533392
control,2020-02-11,0.000320200072086307
control,2020-02-12,-0.004999197862366864
control,2020-02-13,0.0034775381998366677
control,2020-02-14,0.0031694982061557164
control,2020-02-18,0.009823136598040271
control,2020-02-19,0.003105969647900171
control,2020-02-20,0.005552982308904311
control,2020-02-21,0.012012213336894706
control,2020-02-23,0.009474764463646167
control,2020-02-24,-0.015248079315374242
control,2020-02-25,0.006034659868487621
control,2020-02-26,-0.010605989150741096
control,2020-02-27,-0.005354065965761308
control,2020-02-28,0.028412496705293805
control,2020-03-03,0.014466014031258415
control,2020-03-06,-0.0005412160646178738
control,2020-03-08,0.0025276267487260185
control,2020-03-09,0.003958466865186409
control,2020-03-10,0.0015037389410938963
control,2020-03-11,-0.0008149408071291477
control,2020-03-12,0.01850874757160945
control,2020-03-13,0.009020632487357462
control,2020-03-16,0.008812216834641442
control,2020-03-19,0.00027744112107639827
control,2020-03-20,-6.642113805459517e-05
control,2020-03-24,0.01351330369094986
control,2020-03-26,-0.0012480824750347327
control,2020-04-02,0.0026194620067866298
control,2020-04-03,-0.000694703158144667
control,2020-04-08,-0.0011540465832678326
control,2020-04-09,0.005615260889457048
control,2020-04-12,-0.000973772830401756
control,2020-04-13,0.0054982685082742185
control,2020-04-14,0.00046459408695616225
control,2020-04-15,-0.001563068775404431
control,2020-04-16,-0.0035240449867061825
control,2020-04-17,0.004376727693505452
control,2020-04-19,0.0007795493383315847
control,2020-04-21,-0.0038093434190990343
control,2020-04-22,0.0031584636428706905
control,2020-04-23,0.0021827846022000916
control,2020-04-28,0.0002140403381695717
control,2020-04-29,-0.0003665225431846306
control,2020-04-30,-0.0076410525406975655
control,2020-05-01,-0.004701995000359716
control,2020-05-04,0.0004947061194690998
control,2020-05-05,-0.002384036786873761
control,2020-05-06,-6.195520130075899e-05
control,2020-05-07,0.0015670275627175294
control,2020-05-08,-0.005697250039436915
control,2020-05-10,-0.001682887112680092
control,2020-05-13,0.002091799046137885
control,2020-05-14,0.0037349559240387226
control,2020-05-15,0.0014412508903918946
control,2020-05-17,0.001864362800021134
control,2020-05-18,-0.007665236577323592
control,2020-05-19,-0.00566806865115983
control,2020-05-20,-0.0002291964722285397
control,2020-05-26,-0.0066538689140843
control,2020-05-27,-0.001011887753374215
control,2020-05-28,0.0018175952448323957
control,2020-05-29,0.00030156224993182655
control,2020-05-31,0.0005284020590177437
control,2020-06-01,-0.00048395991954095017
control,2020-06-02,-0.006393752577901064
control,2020-06-03,0.007187540776248862
control,2020-06-05,0.0043573311469132835
control,2020-06-09,0.004292043619278988
control,2020-06-10,0.005017695749847423
control,2020-06-11,-0.004610015044501067
control,2020-06-17,-0.004245815834383988
control,2020-06-18,-0.002777940390772077
control,2020-06-19,0.00208729335488678
control,2020-06-21,0.001318685288811381
control,2020-06-23,0.001976363350392078
control,2020-06-24,-0.003671018027362712
control,2020-06-26,-0.006457713454328986
control,2020-06-28,-0.0004527865487471155
control,2020-06-30,-0.007445089795671667
control,2020-07-01,-0.007654592363374932
control,2020-07-02,-0.007232806002503557
control,2020-07-07,0.0031168274047881583
control,2020-07-08,0.00507786065408501
control,2020-07-10,-0.0014671797575398265
control,2020-07-13,0.0002573642445881997
control,2020-07-14,-0.0046936223165352725
control,2020-07-15,0.0008511100669156544
control,2020-07-16,0.001821270537986789
control,2020-07-21,0.011105695374468918
control,2020-07-22,0.01043543218838466
control,2020-07-23,0.005032349014358542
control,2020-07-24,0.0011052442049489628
control,2020-07-26,0.00299546729641506
control,2020-07-27,0.02241996592749779
control,2020-07-28,-0.004433485831976237
control,2020-07-30,-0.006241377159520645
control,2020-07-31,0.0017872910123339504
control,2020-08-02,-0.001077604022812458
control,2020-08-04,0.019108091622785955
control,2020-08-05,0.0017354433394607173
control,2020-08-06,0.004474914987666063
control,2020-08-07,-0.00011687088418711866
control,2020-08-10,-0.0030287068180153416
control,2020-08-11,0.03603383095059107
control,2020-08-12,-0.004726717800348403
control,2020-08-13,0.001630800757123461
control,2020-08-16,-0.0001853054509357772
control,2020-08-17,-0.011985572717061152
control,2020-08-18,0.003064412492654374
control,2020-08-19,0.010495574014650164
control,2020-08-21,-0.0031981040519379984
control,2020-08-25,-0.0013600977439922083
control,2020-08-26,-0.008648705810035682
control,2020-08-27,-0.00591974761485658
control,2020-08-30,-0.00024415424546902955
control,2020-08-31,-0.0007101086566348217
control,2020-09-01,-0.0009454988652253181
control,2020-09-02,0.004067155038106253
control,2020-09-03,0.0009462963406584361
control,2020-09-04,-0.002779894469157338
control,2020-09-08,-0.0015099926476551011
control,2020-09-09,0.0014992259505207535
control,2020-09-10,-0.001814615426249561
control,2020-09-11,0.0004966340657915448
control,2020-09-15,-0.0023323621653727217
control,2020-09-16,-0.0033552554244437325
control,2020-09-17,0.0006410509313256279
control,2020-09-20,-0.0010536060021026162
control,2020-09-21,-0.009859849640352745
control,2020-09-23,0.011360450350201272
control,2020-09-24,-0.004074147734985826
control,2020-09-29,0.0036064217655655943
control,2020-09-30,-0.0034635666473809205
control,2020-10-01,0.00019435829953330956
control,2020-10-02,-0.0039401336747918745
control,2020-10-06,-0.011840944376303654
control,2020-10-07,-0.003847706337785961
control,2020-10-08,-0.000929294957659829
control,2020-10-09,0.008828890685187654
control,2020-10-11,-0.0005096242597737167
control,2020-10-12,0.0001843892390536743
control,2020-10-13,0.00746750452219603
control,2020-10-14,-0.0037336247506949342
control,2020-10-16,-0.003169255215182457
control,2020-10-20,-0.004644271994992794
control,2020-10-21,0.002259654818384871
control,2020-10-22,0.0015832126225915023
control,2020-10-23,-0.002517195120458683
control,2020-10-25,-0.0015862873435389627
control,2020-10-26,-0.0006822333791762494
control,2020-10-27,-0.001303120409463718
control,2020-10-28,0.006418698908141818
control,2020-10-29,0.00016806265307239186
control,2020-10-30,-0.002457482478829426
control,2020-11-03,0.006569889930012491
control,2020-11-04,-0.004248985394320102
control,2020-11-05,0.010755004619612525
control,2020-11-06,-0.0009203408237724451
control,2020-11-09,0.028265948232042655
control,2020-11-11,0.00040785458974380124
control,2020-11-13,0.0011744274977762022
control,2020-11-18,0.001522777278373968
control,2020-11-19,3.626118973458823e-05
control,2020-11-20,-0.0008799286745773455
control,2020-11-24,0.006691632438195458
control,2020-11-26,-0.0028113147319157616
control,2020-11-27,0.006074597347516413
control,2020-11-30,0.0020824261202258007
control,2020-12-01,0.007942511135302482
control,2020-12-02,0.004143874389587789
control,2020-12-03,0.0022171491683018775
control,2020-12-04,-0.0019110929192560154
control,2020-12-07,0.008165096285021182
control,2020-12-08,0.0003667676678826635
control,2020-12-09,0.008284837247386354
control,2020-12-11,-0.0035127952154344606
control,2020-12-14,0.0023762603352651306
control,2020-12-15,0.004364880864809063
control,2020-12-16,0.002881087188702534
control,2020-12-17,0.00577855650170354
control,2020-12-23,-0.004935127985462567
control,2020-12-24,0.0001335354357598122
control,2020-12-27,0.0015079255701120587
control,2020-12-28,-0.004678328851064933
control,2020-12-30,0.003070021682784773
control,2020-12-31,0.0007671459472983738
control,2021-01-03,0.004398541895568998
control,2021-01-04,0.009860383111810924
control,2021-01-05,0.0015054535120588846
control,2021-01-06,-0.010697008531230212
control,2021-01-08,0.02111946537256273
control,2021-01-11,-0.0019467588008993425
control,2021-01-12,0.0009527570288430782
control,2021-01-14,-0.0017450524105213582
control,2021-01-15,0.00021881167571546407
control,2021-01-17,0.004212251668808435
control,2021-01-18,0.002226137971718691
control,2021-01-19,-9.140568720026248e-05
control,2021-01-21,-0.0009939221914138326
control,2021-01-22,0.0008314930325348307
control,2021-01-27,0.002816825127859784
control,2021-01-28,-0.0034181732943086413
control,2021-01-29,-0.006137266885438003
control,2021-02-01,-0.0024389944186667015
control,2021-02-02,0.004569843103389139
control,2021-02-07,0.0008916218973260304
control,2021-02-09,-0.0012100952121940091
control,2021-02-10,-0.002536160661095636
control,2021-02-11,0.00256731607343961
control,2021-02-12,-0.00114479462774235
control,2021-02-15,0.0003975609184342199
control,2021-02-16,0.010869142496675905
control,2021-02-17,0.003178158463463789
control,2021-02-18,-0.0009591791948004449
control,2021-02-19,-0.006279408079876972
control,2021-02-22,0.00903506711386245
control,2021-02-23,-0.0027962992282936803
control,2021-02-24,-0.003151095813179667
control,2021-02-25,0.005416441751125129
control,2021-02-26,0.012426949974249424
control,2021-03-01,-0.005781001145189929
control,2021-03-02,-0.006695440264718114
control,2021-03-03,-0.0014387346799981694
control,2021-03-04,0.0028018658852751455
control,2021-03-05,-0.0037258684661753364
control,2021-03-07,-0.00013560612980239515
control,2021-03-08,-0.011710390595231428
control,2021-03-09,0.0004742705913168138
control,2021-03-10,0.002106836401558233
control,2021-03-11,-0.0017762677590560758
control,2021-03-12,-0.0030815067901518774
control,2021-03-14,-0.0016243381737529995
control,2021-03-16,-0.0012463229280693846
control,2021-03-17,-0.009010037549812892
control,2021-03-18,-0.006533798806040695
control,2021-03-21,-0.003505657553508798
control,2021-03-22,-0.000688576006109823
control,2021-03-23,-7.151622570867961e-05
control,2021-03-24,-0.004312483445230627
control,2021-03-25,-0.004822941969460441
control,2021-03-26,-0.004560771557192425
control,2021-03-30,0.008856110977237545
control,2021-03-31,-0.012744341643245002
control,2021-04-01,0.005476864722152812
control,2021-04-05,-0.0003384869762031718
control,2021-04-06,0.0038852210748766556
control,2021-04-08,0.004382377561817978
control,2021-04-09,-0.004337175688127437
control,2021-04-13,-0.008550938672962633
control,2021-04-14,-0.005488025899970078
control,2021-04-15,0.006190599286987852
control,2021-04-16,0.0024028621860209595
control,2021-04-20,-0.004533341358416977
control,2021-04-21,0.005511099287132389
control,2021-04-22,-0.006336513560765994
control,2021-04-23,5.822301718588441e-05
control,2021-04-27,-0.0038026366187316183
control,2021-04-28,-0.00488152053547784
control,2021-04-29,-0.005219999471512627
control,2021-05-03,0.011177251228305266
control,2021-05-04,-0.00904641707977846
control,2021-05-05,-0.006972053991148109
control,2021-05-06,0.012396915913458064
control,2021-05-07,0.0053592061012142115
control,2021-05-10,-0.002050141056474513
control,2021-05-11,-0.002616378090599882
control,2021-05-12,-0.011137212657364885
control,2021-05-13,-0.005507744431349513
control,2021-05-14,0.006191256635959246
control,2021-05-16,0.0003423694567269371
control,2021-05-17,0.009316216654573679
control,2021-05-18,0.00029865724527572976
control,2021-05-19,-0.0013976669405074385
control,2021-05-21,-0.0014961252022493473
control,2021-05-25,-0.01132243929498599
control,2021-05-26,-0.002078479843007656
control,2021-05-27,-0.003683831709886354
control,2021-05-28,-0.00722249693971809
control,2021-06-01,-0.0061438644355499995
control,2021-06-03,-0.01996057611201165
control,2021-06-04,-0.011850155144279442
control,2021-06-07,0.003105378018915899
control,2021-06-08,-0.0032556352861743444
control,2021-06-10,-0.005364805766154937
control,2021-06-11,-0.010938866007943374
control,2021-06-13,0.00018450137356948185
control,2021-06-14,0.0028023518551422142
control,2021-06-16,0.015747564461660115
control,2021-06-17,0.011591283360214536
control,2021-06-18,0.0014383203843490993
control,2021-06-21,0.005395678310669214
control,2021-06-22,-0.0043096706048041875
control,2021-06-23,-0.005430676416810532
control,2021-06-24,-0.00098202670149349
control,2021-06-25,-0.003119440215333938
control,2021-06-29,0.003978064726235898
control,2021-07-01,0.000352734334061772
control,2021-07-02,0.0017955585248121755
control,2021-07-06,-3.744795554536458e-05
control,2021-07-08,-0.0030512330957818954
control,2021-07-13,-0.002627171925116139
control,2021-07-14,0.004564005843724452
control,2021-07-15,-0.0003278610550297627
control,2021-07-16,0.0041813483914789834
control,2021-07-19,-0.002435813655236023
control,2021-07-20,-0.004088230222240337
control,2021-07-21,0.0011206611855423584
control,2021-07-22,-0.006892753335617092
control,2021-07-23,-0.003819753319073331
control,2021-07-27,-0.002226675387143465
control,2021-07-28,0.002162474840313953
control,2021-07-29,0.011316275429034217
control,2021-08-02,-0.001689491025684712
control,2021-08-04,-0.002151215237747449
control,2021-08-05,0.001479170223096336
control,2021-08-06,0.02051205484892933
control,2021-08-08,0.019675013259749453
control,2021-08-11,0.006098893811403422
control,2021-08-12,-0.000559922204177594
control,2021-08-15,-0.0005863467022634249
control,2021-08-17,-0.001463834384161734
control,2021-08-18,-0.0031037891797183396
control,2021-08-19,-0.0009060983504570506
control,2021-08-22,-0.0002873335880926067
control,2021-08-23,-0.012605144247489087
control,2021-08-24,-0.0021560199928118817
control,2021-08-25,0.0037919947290928177
control,2021-08-26,-0.00503117248833535
control,2021-08-27,0.007904437369051972
control,2021-08-31,-0.0032135510363609167
control,2021-09-01,-0.002880425253883904
control,2021-09-02,-0.0005641669318133632
control,2021-09-03,0.004607299572363635
control,2021-09-06,0.0016413257023969127
control,2021-09-07,0.01202156488044579
control,2021-09-08,0.0005784484237034826
control,2021-09-10,-0.0066371413432707305
control,2021-09-12,-0.0003230059364163235
control,2021-09-14,-0.010057346486313786
control,2021-09-16,0.018158953832484195
control,2021-09-20,-0.006433289870997892
control,2021-09-21,0.0033775979462884794
control,2021-09-22,-0.006920319098977397
control,2021-09-23,0.008387068450953926
control,2021-09-28,0.004439903096324208
control,2021-09-29,-0.0005294310287081714
control,2021-09-30,0.003524010718046783
control,2021-10-01,-0.002010361986489442
control,2021-10-03,-0.0006960435188628256
control,2021-10-04,0.0011498437952915665
control,2021-10-06,-0.007737370546405634
control,2021-10-07,-0.005101445694244829
control,2021-10-08,-0.005272673415165629
control,2021-10-10,-0.0005146506257447105
control,2021-10-11,-0.0027357864075812192
control,2021-10-12,-0.0004995566799609893
control,2021-10-13,0.011612659799793106
control,2021-10-14,-0.0005466841028276599
control,2021-10-15,0.009456455718988909
control,2021-10-18,-0.0039292707555442005
control,2021-10-19,-0.001781720194122441
control,2021-10-20,-0.0019197586741045306
control,2021-10-21,-0.001981566967231151
control,2021-10-22,0.0009057807524243411
control,2021-10-26,-0.0008335153201445121
control,2021-10-28,6.250529684551979e-05
control,2021-10-29,0.004490188222179435
control,2021-11-01,0.004101690407941198
control,2021-11-02,-0.004618273022115966
control,2021-11-03,0.004518422589657491
control,2021-11-04,0.0017338232955363385
control,2021-11-05,0.00947053277610751
control,2021-11-07,-0.0013481286128084883
control,2021-11-09,0.001490060460402312
control,2021-11-10,0.007695106254785698
control,2021-11-12,-0.0008952306103770525
control,2021-11-14,-0.0017382186133348908
control,2021-11-15,0.0012571427107454067
control,2021-11-16,-0.010492368660203368
control,2021-11-18,-0.004479047887448861
control,2021-11-19,0.004789511937593848
control,2021-11-21,-0.0012181208829438407
control,2021-11-22,-0.01984334090305921
control,2021-11-23,0.005157433043263176
control,2021-11-24,-0.0037488028043508393
control,2021-11-28,-0.007576335937825481
control,2021-11-29,-0.004577658398069175
control,2021-11-30,-0.013221482737240163
control,2021-12-02,0.00161247486035766
control,2021-12-03,0.0002717082313201219
control,2021-12-07,-0.004904548661164062
control,2021-12-08,-0.0024922378644452827
control,2021-12-09,0.0015528400884757467
control,2021-12-10,-0.005208400415894588
control,2021-12-14,0.0051002467038175564
control,2021-12-15,-0.007623579311303659
control,2021-12-16,0.00966313991651544
control,2021-12-17,-0.0014160149326671624
control,2021-12-20,-0.005871107929412895
control,2021-12-21,-0.0015122462062248374
control,2021-12-22,0.0015878578510018272
control,2021-12-23,0.0017253613455478407
control,2021-12-28,-0.004372781204106829
control,2021-12-29,3.101879879024082e-05
control,2021-12-30,0.004683185268392719
control,2021-12-31,0.007052399214785004
control,2022-01-02,-0.0013690745928770997
control,2022-01-03,0.014353593142707228
control,2022-01-05,-0.003938395988756135
control,2022-01-06,0.009618165907419762
control,2022-01-07,-0.0056379946227788
control,2022-01-11,0.01022605716558774
control,2022-01-12,0.000872593353576734
control,2022-01-13,-0.004345228853751234
control,2022-01-14,-0.006353194285376615
control,2022-01-17,-0.0021286621096693104
control,2022-01-18,-0.0009401087545955908
control,2022-01-19,0.009451511053687273
control,2022-01-20,-0.002776657032869525
control,2022-01-21,0.0006320866923649514
control,2022-01-24,0.0036966704538559515
control,2022-01-25,0.002871509447989637
control,2022-01-26,0.007697656323462638
control,2022-01-27,0.009634414210472815
control,2022-01-28,0.00014392230102193735
control,2022-02-01,0.00021522411670906247
control,2022-02-02,-0.00699057081217573
control,2022-02-03,-0.006568018404768896
control,2022-02-04,-0.0009680731646961773
control,2022-02-07,0.005990481051085908
control,2022-02-08,0.0011608711202137393
control,2022-02-09,0.002038118550488989
control,2022-02-10,-0.0055786372742625346
control,2022-02-11,-0.022244331901631144
control,2022-02-14,-0.008657958286677725
control,2022-02-15,-0.011587360579707443
control,2022-02-17,0.01390200933057528
control,2022-02-18,-0.0017310536954385036
control,2022-02-20,0.0009609209237382737
control,2022-02-21,0.0013146851517774033
control,2022-02-23,-0.009836889798933286
control,2022-02-24,-0.0027095615470366383
control,2022-02-27,-0.005758568114196637
control,2022-02-28,-0.001138165057037957
control,2022-03-01,0.010846873962431268
control,2022-03-06,0.0071551034881598636
control,2022-03-08,0.016626448671612854
control,2022-03-09,-0.003481459257351275
control,2022-03-10,-0.006318884996082489
control,2022-03-11,-0.005978911613495448
control,2022-03-14,0.006032391430260248
control,2022-03-15,0.0104450098081142
control,2022-03-16,-0.0066347487758718
control,2022-03-17,0.004589559333007032
control,2022-03-18,0.0012386582239207278
control,2022-03-22,-0.0007005805552330939
control,2022-03-23,0.0024237346856404436
control,2022-03-24,0.0034094451779160006
control,2022-03-29,5.479242736218643e-05
control,2022-03-30,0.0014693862960030593
control,2022-03-31,-0.0007238966963400568
control,2022-04-01,-0.0021312285673746635
control,2022-04-04,0.0018512116544995864
control,2022-04-05,-0.005955316350377875
control,2022-04-06,-0.002245415031044519
control,2022-04-07,-0.0003320890653131729
control,2022-04-08,0.003331103490190226
control,2022-04-10,-0.0014503126069727753
control,2022-04-11,-0.003743189861124276
control,2022-04-12,-0.0015905473856992313
control,2022-04-13,-0.0007062990245441684
control,2022-04-14,-0.004217732187984953
control,2022-04-17,0.0023149065909593217
control,2022-04-18,-0.0044490849433055715
control,2022-04-19,0.010333135932024883
control,2022-04-20,-0.005225255757583058
control,2022-04-21,-0.004769162914009917
control,2022-04-22,0.0022075512256496364
control,2022-04-27,0.0038140634436949006
control,2022-04-28,-0.00572409847706091
control,2022-04-29,-0.0004955647716678025
control,2022-05-03,-0.00558151174161747
control,2022-05-04,0.006067283957805678
control,2022-05-05,-0.00768839678275055
control,2022-05-06,-0.004261375824660847
control,2022-05-09,0.009681336579045453
control,2022-05-10,0.006844754485054213
control,2022-05-11,-0.008201833308714265
control,2022-05-12,-0.013998347245844466
control,2022-05-13,-0.00012154519686368321
control,2022-05-17,-0.005775878559087833
control,2022-05-18,-0.0013723619018933208
control,2022-05-19,0.0066256340450089254
control,2022-05-20,-0.0013814979215122267
control,2022-05-22,-0.0013163664984624937
control,2022-05-23,-0.0017223350983931994
control,2022-05-24,0.0006248146914596533
control,2022-05-25,-0.001992279023126911
control,2022-05-26,-0.00430144981926343
control,2022-05-31,0.005009067546452891
control,2022-06-01,-0.004839601652041148
control,2022-06-02,0.008252283139770722
control,2022-06-03,-0.008388190096032757
control,2022-06-07,-0.006768811235686691
control,2022-06-08,-0.0013391317954893507
control,2022-06-09,-0.001156561440228378
control,2022-06-10,-0.013709786550629544
control,2022-06-12,0.00025554928955417533
control,2022-06-13,0.021997581885720232
control,2022-06-14,-0.0007270851976447745
control,2022-06-15,0.0006477183251420344
control,2022-06-16,0.0029840777628208732
control,2022-06-20,-0.0005948658897855688
control,2022-06-21,0.0012238550330935889
control,2022-06-22,-0.0031830231932401896
control,2022-06-23,-0.0005968742463069763
control,2022-06-24,-0.0015035740687671865
control,2022-06-26,-0.00045194291417458737
control,2022-06-27,0.0024165551795774167
control,2022-06-28,0.0008153268221417089
control,2022-06-29,-0.00041572011169803327
control,2022-06-30,0.0021935080181895413
control,2022-07-01,-0.0035955650691581694
control,2022-07-03,-0.0018048778704236642
control,2022-07-05,0.015380636540741111
control,2022-07-06,0.009847760669964343
control,2022-07-08,-0.0024343492823615883
control,2022-07-11,0.0028450355733832524
control,2022-07-12,0.002428208033830339
control,2022-07-13,-0.004125259653064067
control,2022-07-14,-0.0022375065388556825
control,2022-07-18,-0.0012754936728517296
control,2022-07-19,-0.0017361734494354315
control,2022-07-20,0.004597969230169619
control,2022-07-21,-0.012688228181127718
control,2022-07-22,0.002743805060516321
control,2022-07-26,-0.0016774729360345753
control,2022-07-27,-0.012336686644585966
control,2022-07-28,0.006560327129057424
control,2022-07-29,0.0037583817601965206
control,2022-08-01,-0.005433900135030296
control,2022-08-02,-0.008752736735577223
control,2022-08-03,-0.004243838814950211
control,2022-08-04,0.009386768173331325
control,2022-08-09,0.0013127767918951318
control,2022-08-10,-0.004040259308127005
control,2022-08-11,-0.0007758361412841409
control,2022-08-12,0.0010194714669603075
control,2022-08-16,-0.0013958532139358487
control,2022-08-17,0.0028587799904071106
control,2022-08-18,0.0004558447937649491
control,2022-08-19,0.004014153868258418
control,2022-08-21,-0.0002279744996925848
control,2022-08-23,-0.0017209132131529392
control,2022-08-24,-0.0017066863945984308
control,2022-08-25,4.304837741068062e-05
control,2022-08-26,0.006195377819920199
control,2022-08-28,-0.00048711904289593187
control,2022-08-29,-0.00332469366203741
control,2022-08-31,0.006206520684667601
control,2022-09-01,0.0043125624592508975
control,2022-09-02,0.0011180485555605671
control,2022-09-05,-0.0034245040121028635
control,2022-09-06,-0.006719411128301451
control,2022-09-07,-0.009275838304651526
control,2022-09-08,-0.0048190227642681705
control,2022-09-09,-0.006678207061512624
control,2022-09-13,0.005236778862364213
control,2022-09-14,-0.0004355054253020647
control,2022-09-15,0.016889267349705684
control,2022-09-16,-0.007018038024107299
control,2022-09-19,-0.001655643875818913
control,2022-09-20,-0.006454446385334813
control,2022-09-21,-0.003854226594677794
control,2022-09-23,0.006199601918167754
control,2022-09-26,0.0063479979906003615
control,2022-09-28,-0.015658032280114878
control,2022-09-29,0.0006888365060854836
control,2022-09-30,-0.0025736034473782823
control,2022-10-04,0.00962187726051806
control,2022-10-07,0.005082517861361179
control,2022-10-11,0.0004962158032996238
control,2022-10-13,-0.0065421748003216245
control,2022-10-14,-0.0007434336758885144
control,2022-10-17,0.001176548019788258
control,2022-10-18,-0.0028628280759089133
control,2022-10-19,0.008383273654820748
control,2022-10-20,-0.0004159970210264308
control,2022-10-21,-0.016226031620237013
control,2022-10-23,0.001252552131360937
control,2022-10-24,0.0019186599760522712
control,2022-10-25,-0.003980885125358012
control,2022-10-26,0.002097463153701743
control,2022-10-28,0.00434494885643057
control,2022-11-01,-0.007083115336180333
control,2022-11-02,-0.010609777465688709
control,2022-11-03,0.0008124270223564032
control,2022-11-04,0.018485878861504774
control,2022-11-07,-0.000817488177897857
control,2022-11-08,-0.01735012765008509
control,2022-11-09,-0.0037675884856309123
control,2022-11-10,0.010477324827236921
control,2022-11-11,0.004421760867474956
control,2022-11-15,0.0017470697902583253
control,2022-11-17,0.0033096707905249487
control,2022-11-18,0.0011950893507205417
control,2022-11-23,-0.005687138783084055
control,2022-11-24,0.0006025340726376158
control,2022-11-25,-0.0016292022297525984
control,2022-11-28,0.0031092082369323305
control,2022-11-30,0.005446836973667475
control,2022-12-01,0.010777552311913635
control,2022-12-07,0.002133950739594776
control,2022-12-08,-0.000613509146927246
control,2022-12-09,0.0001087130906107103
control,2022-12-13,0.00539543340594232
control,2022-12-15,0.0069956240853307735
control,2022-12-19,0.0012723220694097533
control,2022-12-20,0.006872359099206674
control,2022-12-21,-0.0023862477379997036
control,2022-12-22,0.006638367570908659
control,2022-12-26,-0.0006680042107378749
control,2022-12-27,0.0030288855328789357
control,2022-12-28,-0.002119694646594623
control,2022-12-29,3.7191533788633124e-05
control,2022-12-30,0.0011963894542309167
control,2023-01-02,0.001197561950633335
control,2023-01-03,0.002405099602043075
control,2023-01-04,0.001768328291190452
control,2023-01-05,0.0011904470939364561
control,2023-01-06,0.002473326799075261
control,2023-01-08,-0.00021407908436009055
control,2023-01-11,-0.0016295469116411323
control,2023-01-12,0.004340649096621553
control,2023-01-13,0.006826918050014524
control,2023-01-15,-0.0020606606097101758
control,2023-01-17,0.0006791550523629704
control,2023-01-18,-0.0014169950649077897
control,2023-01-19,0.00216759108901274
control,2023-01-20,-0.00402194876630684
control,2023-01-24,0.0004429623238275341
control,2023-01-25,0.002271390679192964
control,2023-01-26,-0.007828589956991473
control,2023-01-27,-0.003960701921280517
control,2023-01-31,-0.0030832343563113734
control,2023-02-01,0.009586287620766682
control,2023-02-02,-0.017696150869577675
control,2023-02-03,0.0182136498188268
control,2023-02-05,-0.0016004704591625427
control,2023-02-06,-0.0006128054692580769
control,2023-02-07,-0.003134714585044285
control,2023-02-08,-0.003604423485918754
control,2023-02-09,-0.009050604239658347
control,2023-02-10,-0.0023597454371338308
control,2023-02-15,0.002619659071879667
control,2023-02-16,-0.0016957416339414568
control,2023-02-17,-0.006107502768956012
control,2023-02-20,-0.001586360282464261
control,2023-02-21,0.0005702917159314898
control,2023-02-22,-0.00832068508049571
control,2023-02-23,-3.368102952977074e-05
control,2023-02-24,0.002884388271048167
control,2023-02-28,-0.009115380950606655
control,2023-03-01,0.0023782661758323096
control,2023-03-03,0.007934600802024709
control,2023-03-06,0.002610716742210522
control,2023-03-07,0.014914806199691513
control,2023-03-08,-0.0013223338016837235
control,2023-03-09,0.003149586099363389
control,2023-03-10,0.01426597139060684
control,2023-03-12,0.002932249385128224
control,2023-03-13,-0.016421080939705023
control,2023-03-15,-0.010157818481310619
control,2023-03-17,0.020824735828701944
control,2023-03-19,-0.003848863123591752
control,2023-03-21,0.007100603558678634
control,2023-03-22,-0.0107956564046493
control,2023-03-23,0.0036472634618851486
control,2023-03-26,-0.00030475336675072755
control,2023-03-30,-0.006472974793226767
control,2023-03-31,-0.005064270003782506
control,2023-04-02,0.003039389387849626
control,2023-04-03,-0.009380781609124741
control,2023-04-04,0.009902358266178404
control,2023-04-05,-0.0015566815437742351
control,2023-04-06,0.0009303514456515627
control,2023-04-09,-0.0015035632995417623
control,2023-04-11,-0.0005024971633061687
control,2023-04-12,0.003344384951407
control,2023-04-13,0.003581776881163483
control,2023-04-14,0.003686750407868911
control,2023-04-19,-0.0009401575507642984
control,2023-04-20,-0.0010750534594966442
control,2023-04-21,0.0025894178619757795
control,2023-04-25,0.0010914383599812008
control,2023-04-26,-0.004360538085663644
control,2023-04-27,-0.0014274626421636007
control,2023-05-01,0.0017599805113523836
control,2023-05-02,0.0035344361759517672
control,2023-05-03,0.011307415541351505
control,2023-05-05,0.004605049596812886
control,2023-05-09,0.002173807576493376
control,2023-05-10,-0.002206896262830979
control,2023-05-11,0.0016593471462550925
control,2023-05-12,0.0002867354932508838
control,2023-05-15,0.0007328610202964658
control,2023-05-16,0.006804343924282095
control,2023-05-17,0.0008578193677058007
control,2023-05-18,0.006011740111362092
control,2023-05-22,-0.004461348723525
control,2023-05-23,-0.0024624890180372115
control,2023-05-24,-0.006890353322190187
control,2023-05-25,0.005827732071566118
control,2023-05-26,-0.002898778728839896
control,2023-05-29,-0.0002578697284710278
control,2023-05-30,-0.007522269858245003
control,2023-05-31,0.0009722368117174809
control,2023-06-01,-0.009611733786508526
control,2023-06-02,-0.014325448826748804
control,2023-06-04,-0.00098251216855757
control,2023-06-06,-0.00042840228901141586
control,2023-06-07,-0.009004263411435435
control,2023-06-08,-0.002095905066282389
control,2023-06-09,-0.003954731045596556
control,2023-06-13,-0.00977142075765434
control,2023-06-14,-0.0023845870498444338
control,2023-06-15,-0.008159213434287025
control,2023-06-16,-0.0013527872100996682
control,2023-06-20,0.004531151042518559
control,2023-06-21,-0.0020218869576057144
control,2023-06-22,0.0019960044052603322
control,2023-06-23,-0.003935816418359258
control,2023-06-26,-0.0016275889305502702
control,2023-06-27,0.00241685926168071
control,2023-06-28,0.0004296155318199838
control,2023-06-29,-0.003141960748006946
control,2023-06-30,0.0030816751555061547
control,2023-07-05,-0.0074295091538949965
control,2023-07-06,0.0012423731886301928
control,2023-07-07,-0.002177092939399698
control,2023-07-10,-0.0008363373011050082
control,2023-07-11,0.0032968673896741664
control,2023-07-12,0.010458449859409778
control,2023-07-13,-5.2112649549035556e-05
control,2023-07-14,-0.004775978557321238
control,2023-07-17,-0.00040606790243469487
control,2023-07-18,0.009438055136297354
control,2023-07-20,-0.004803791257313518
control,2023-07-21,0.0018105649683474053
control,2023-07-25,-0.0069874945396710365
control,2023-07-26,0.0029724213930778123
control,2023-07-27,-0.017435327726446605
control,2023-07-31,-0.0038017756763090455
control,2023-08-01,-0.0009918193473058795
control,2023-08-02,0.002617526589514563
control,2023-08-03,-0.0017835128110611485
control,2023-08-07,0.002460792367280708
control,2023-08-08,0.003201310926931272
control,2023-08-09,0.003314134569524104
control,2023-08-10,0.00046131841020073666
control,2023-08-15,0.0005331366627601761
control,2023-08-16,0.001693873973911059
control,2023-08-17,-0.00028921512956188385
control,2023-08-22,-0.0004049540985722895
control,2023-08-23,0.00897618513274551
control,2023-08-24,-0.0031334382571224163
control,2023-08-25,-0.0023160199911365074
control,2023-08-29,0.0066394026927682325
control,2023-08-30,0.0037070834014111325
control,2023-09-01,-0.0005250334927374145
control,2023-09-05,0.006861068067357877
control,2023-09-06,0.005436306082514183
control,2023-09-08,-0.004019972777254739
control,2023-09-10,-0.0014285580201582712
control,2023-09-11,0.0004168019566726021
control,2023-09-12,0.003821431199731689
control,2023-09-13,-0.0015694414718081051
control,2023-09-14,-0.0035207429229459197
control,2023-09-15,0.007383877518706371
control,2023-09-19,-0.002636416362337919
control,2023-09-20,-3.134725784604228e-05
control,2023-09-21,0.004772492960988304
control,2023-09-25,0.006209847050586867
control,2023-09-26,0.0105940940551083
control,2023-09-27,0.01647873426445698
control,2023-09-28,0.0038438283965923346
control,2023-09-29,-0.022495107189582354
control,2023-10-01,-0.0017094769027151055
control,2023-10-02,-0.01698235690658714
control,2023-10-03,-0.0021502564291851767
control,2023-10-05,-0.0034759407340472855
control,2023-10-06,-0.014144805790655097
control,2023-10-08,0.008621183868992965
control,2023-10-09,-0.011342259856688821
control,2023-10-10,-0.002665746529397322
control,2023-10-11,0.005982433197851686
control,2023-10-12,-0.004251982941700774
control,2023-10-13,0.029146683073069973
control,2023-10-17,-0.0007004737721198865
control,2023-10-18,0.00787878635183846
control,2023-10-19,0.00560185785443706
control,2023-10-20,-0.0007610872183727319
control,2023-10-22,1.692380189647475e-05
control,2023-10-23,-0.0035883545588938164
control,2023-10-24,-0.0035953255635231846
control,2023-10-25,0.0007118823812775417
control,2023-10-26,-0.0013168353230656401
control,2023-10-27,0.004957082599043561
control,2023-10-31,0.002888104059673525
control,2023-11-01,-0.002875145929291951
control,2023-11-03,0.0003093472587294621
control,2023-11-07,0.002975097537989823
control,2023-11-08,0.0025100795192743853
control,2023-11-09,-0.005602490074218616
control,2023-11-10,0.0028126448212935228
control,2023-11-13,0.002369257002187152
control,2023-11-14,0.006026837597269051
control,2023-11-15,-0.005049743265648975
control,2023-11-16,0.0032473136473046746
control,2023-11-17,-0.0035673568793517497
control,2023-11-19,0.0016407583258010387
control,2023-11-21,0.006515062945035561
control,2023-11-24,0.00079889513033718
control,2023-11-28,0.012649812695267298
control,2023-11-29,-0.00012028085050323389
control,2023-11-30,-0.002448896163684055
control,2023-12-01,0.01135817268870511
control,2023-12-03,0.01850208122048325
control,2023-12-04,0.014563949516736636
control,2023-12-05,0.00017890700522984156
control,2023-12-07,-0.0023903485755429276
control,2023-12-08,0.004552487165027668
control,2023-12-13,-0.017471379708160963
control,2023-12-14,0.0005571022825359652
control,2023-12-15,0.0021513911188982557
control,2023-12-19,0.002015865140031293
control,2023-12-21,0.002674503595454444
control,2023-12-22,-0.0007224370627682787
control,2023-12-27,0.003151004473818748
control,2023-12-28,-0.005712313454102135
control,2023-12-29,0.00042389565903555414
control,2024-01-03,0.004215780759958575
control,2024-01-05,-0.003342643687000517
control,2024-01-10,-0.0004093975566256068
control,2024-01-11,-0.002027906494534318
control,2024-01-12,0.0016508543296803572
control,2024-01-16,0.006740660135244257
control,2024-01-17,0.0054899043933814996
control,2024-01-19,0.0016865245102960912
control,2024-01-22,0.002292117693137257
control,2024-01-23,-0.001274099300346709
control,2024-01-24,0.0011521729508700864
control,2024-01-25,-0.004070548609903614
control,2024-01-26,-0.003193832571494252
control,2024-01-28,-0.0022662221358210085
control,2024-01-29,-0.004421564746411051
control,2024-01-30,-0.0006731734489383062
control,2024-01-31,-0.003944845799237297
control,2024-02-01,-0.010800177941229809
control,2024-02-02,-0.004380666458180292
control,2024-02-07,-0.0012789236969350782
control,2024-02-08,-0.0019033466977561638
control,2024-02-12,0.0018987733508989567
control,2024-02-13,-0.01786461482916229
control,2024-02-14,-0.0019257314748547727
control,2024-02-15,0.0032979467405986787
control,2024-02-16,0.0021300383586553436
control,2024-02-18,-0.0008759810341229057
control,2024-02-19,-0.00028603568868356164
control,2024-02-20,0.00038164726172894607
control,2024-02-21,-0.002753959495675932
control,2024-02-22,-0.004050101606437544
control,2024-02-23,-0.0083280835275333
control,2024-02-27,-0.003928437432391502
control,2024-02-28,-0.003387362125989973
control,2024-02-29,0.0032726380741406294
control,2024-03-01,0.01724698355516035
control,2024-03-04,-0.0158324318241541
control,2024-03-05,0.0034030088524729884
control,2024-03-06,0.002239921245367987
control,2024-03-07,0.004080238931744957
control,2024-03-08,0.006083303844677372
control,2024-03-11,-0.00028488634809124553
control,2024-03-12,0.00786351361964531
control,2024-03-14,-0.002340221002718095
control,2024-03-17,-0.0007614255471533728
control,2024-03-20,0.018241688615818756
control,2024-03-22,0.00028760759631053117
control,2024-03-26,-0.0009016688258446068
control,2024-03-28,0.013863991294554592
control,2024-03-31,0.0034087783519471137
control,2024-04-01,0.0004186632703298468
control,2024-04-02,0.0050856386902541715
control,2024-04-03,0.0031376582957982884
control,2024-04-04,-0.005169060992568825
control,2024-04-05,-0.01783376266534765
control,2024-04-08,-0.012086285323945355
control,2024-04-09,0.00014670260393905016
control,2024-04-10,0.0006080594031446538
control,2024-04-11,0.005329424417595685
control,2024-04-12,-0.011545042948555427
control,2024-04-15,-0.010880935996319835
control,2024-04-16,-0.0030282684712774305
control,2024-04-17,-0.001709573160070759
control,2024-04-19,-0.0008868630848416975
control,2024-04-23,0.0002669483609923836
control,2024-04-24,-0.005526892027188709
control,2024-04-25,-0.005861404083026711
control,2024-04-26,-0.0024001431851204706
control,2024-04-30,0.008953322592894273
control,2024-05-01,-0.011912127545716383
control,2024-05-03,-0.004860573088945677
control,2024-05-06,-0.010180192588814425
control,2024-05-08,0.00019125313305364756
control,2024-05-09,0.007474309036385692
control,2024-05-10,0.0033288852865545455
control,2024-05-15,0.009467304067643595
control,2024-05-16,-0.00421216138033955
control,2024-05-17,0.0048398162685682365
control,2024-05-19,-0.000812231146814839
control,2024-05-20,-0.0028264130316560426
control,2024-05-21,-0.0043325875075929405
control,2024-05-22,0.006965090357920346
control,2024-05-23,0.012091231856330662
control,2024-05-24,-0.0019037974566281702
control,2024-05-28,0.00022249931199118286
control,2024-05-29,0.0003927029499999411
control,2024-05-30,-0.002835642434831614
control,2024-05-31,-0.007269887789348174
control,2024-06-05,0.0005246961241732873
control,2024-06-06,0.005346653101586883
control,2024-06-07,-0.024643771160271322
control,2024-06-10,0.0023097521074214402
control,2024-06-11,0.00021674760146158967
control,2024-06-12,2.349512936786512e-05
control,2024-06-13,0.0020491357343356844
control,2024-06-14,0.0013506178040523934
control,2024-06-18,-0.005029625168190887
control,2024-06-19,-0.0011404099378531573
control,2024-06-20,0.006938513671031314
control,2024-06-21,-0.011764156110212838
control,2024-06-25,-0.00409828301931057
control,2024-06-26,0.004591989855820909
control,2024-06-27,0.0009241105557789314
control,2024-06-28,-0.001366857054016544
control,2024-07-03,0.006220450252724555
control,2024-07-05,0.00800565014856049
control,2024-07-08,0.006376079615369639
control,2024-07-09,-0.004146134427507308
control,2024-07-10,0.00024060673336760976
control,2024-07-11,0.00838975100826946
control,2024-07-15,-0.004971069763518712
control,2024-07-16,0.007988671602130721
control,2024-07-17,-0.0024700202634022252
control,2024-07-18,0.0026830138989582812
control,2024-07-19,0.01080900800622823
control,2024-07-22,-0.004545176599880379
control,2024-07-24,-0.0038248077292148833
control,2024-07-25,0.008123498603062485
control,2024-07-28,0.0015728976871008154
control,2024-07-29,0.0015728133263428863
control,2024-07-30,0.0018960727593904901
control,2024-07-31,0.008956672111554194
control,2024-08-01,-0.001508488915661642
control,2024-08-02,-0.005285584792815586
control,2024-08-07,-0.0010273327172604647
control,2024-08-08,0.004807388970872423
control,2024-08-09,0.0006911045683842953
control,2024-08-13,-0.0032258708931673205
control,2024-08-14,0.0022642530421775123
control,2024-08-15,-0.005305830361994687
control,2024-08-16,0.009823201019380976
control,2024-08-18,-0.0009771432367029708
control,2024-08-19,-0.0004891472940317461
control,2024-08-20,0.0012867161703618802
control,2024-08-21,-0.004239264721085521
control,2024-08-22,0.0015486053825997223
control,2024-08-23,-0.0007596168570829619
control,2024-08-27,-0.004758250007336664
control,2024-08-28,-0.0014991438139940786
control,2024-08-29,-0.0019186877699357231
control,2024-08-30,1.7429632137030738e-05
control,2024-09-03,-0.001129832192081058
control,2024-09-04,-0.00704813063737147
control,2024-09-05,0.005079410126806623
control,2024-09-06,-0.008257919045198027
control,2024-09-10,0.0033334139585352003
control,2024-09-11,-0.0023811722439037513
control,2024-09-12,0.009342089616271405
control,2024-09-13,0.005103797264823141
control,2024-09-16,0.0007698614303449375
control,2024-09-17,0.00021223760190961635
control,2024-09-18,-0.008775999849911549
control,2024-09-20,0.008072913753834704
control,2024-09-23,-0.0026709854860170806
control,2024-09-24,0.007003855046238647
control,2024-09-25,-0.002579444762434448
control,2024-09-26,0.00048175269077338094
control,2024-09-27,-0.0011886199756893751
control,2024-09-30,-0.00939321916564874
control,2024-10-01,-0.0018961750437330898
control,2024-10-03,-0.004774017130379667
control,2024-10-04,-0.003088445640410373
control,2024-10-08,0.005068278266144137
control,2024-10-11,0.006707241988126494
control,2024-10-14,-0.001592084750546497
control,2024-10-15,-0.005989496066490602
control,2024-10-16,0.0015602809546187894
control,2024-10-17,0.0026346008582267114
control,2024-10-18,0.008119389150465898
control,2024-10-20,0.00011131942343481104
control,2024-10-22,0.001848086509976447
control,2024-10-23,-0.009563468600251328
control,2024-10-25,-0.00998396213905709
control,2024-10-28,-0.005062163153135574
control,2024-10-29,0.009892769430823156
control,2024-10-30,0.0031745824222948102
control,2024-10-31,-0.01500343736547133
control,2024-11-03,-0.0018621267384480412
control,2024-11-04,-0.0016321132854280678
control,2024-11-05,-0.00486024888221751
control,2024-11-06,0.02065269693547874
control,2024-11-07,-0.014973181039671508
control,2024-11-10,-0.001508894054769412
control,2024-11-12,0.0027697328634663505
control,2024-11-13,0.004567453879933317
control,2024-11-14,0.0004672840152790155
control,2024-11-18,0.009629459534829401
control,2024-11-19,0.004878261063462978
control,2024-11-20,0.003016490244746136
control,2024-11-21,0.003286634142939176
control,2024-11-22,0.010470753016446082
control,2024-11-24,0.0007087132131010723
control,2024-11-25,0.01958347335910363
control,2024-11-27,-0.0010739078852469047
control,2024-11-28,-0.0024901411636708767
control,2024-11-29,-2.7382889499470665e-05
control,2024-12-03,-0.0020707097557532703
control,2024-12-04,-0.0037003973313303414
control,2024-12-05,-0.00042112115613408607
control,2024-12-06,-0.002238896132464211
control,2024-12-08,-0.0014147100930309308
control,2024-12-09,-0.005819971915126312
control,2024-12-10,0.004411043327286468
control,2024-12-11,0.004807139359626801
control,2024-12-12,-0.009338967084429984
control,2024-12-13,0.006146638678886199
control,2024-12-17,-0.0010321026141132724
control,2024-12-18,0.010648713876337009
control,2024-12-20,-0.0010214966129406477
control,2024-12-26,0.0029679334670588264
control,2024-12-27,-0.0009180253633845513
control,2024-12-30,-0.00510962098630202
control,2025-01-03,-0.005383872853038648
control,2025-01-07,-8.301433606243855e-05
control,2025-01-08,-0.0005875509840693018
control,2025-01-09,-0.00016661893478230657
control,2025-01-10,0.002968228948874534
control,2025-01-13,-0.006655879229937386
control,2025-01-15,0.004231472959880419
control,2025-01-16,0.004674137793521867
control,2025-01-19,0.0004709815633986541
control,2025-01-20,-0.00585443756721584
control,2025-01-21,0.008802990177505183
control,2025-01-22,0.002504664334405132
control,2025-01-23,-0.0036307460852225146
control,2025-01-24,0.003104398032616218
control,2025-01-29,-0.0016166555692551667
control,2025-01-30,0.00889839564276621
control,2025-01-31,-0.0002370496659036359
control,2025-02-02,-0.0006672981719694047
control,2025-02-03,-0.009568199669910038
control,2025-02-04,0.003033660621426637
control,2025-02-05,0.006841651420137945
control,2025-02-06,-0.005669922426512601
control,2025-02-07,-0.004001846023881186
control,2025-02-11,-0.006707169750003699
control,2025-02-12,-0.006977882948816678
control,2025-02-13,0.006115807030916562
control,2025-02-14,-0.014526383138988158
control,2025-02-18,0.00734267846876222
control,2025-02-19,-0.0006302657515987334
control,2025-02-20,-0.0016993904689894845
control,2025-02-21,-0.0032255473911755
control,2025-02-25,0.0005898510587853417
control,2025-02-27,0.0040978470647628894
control,2025-02-28,0.0027419761696496343
control,2025-03-03,0.0036518962946976235
control,2025-03-04,0.005149604017925153
control,2025-03-05,-0.002811712600725073
control,2025-03-06,-0.004703484658206442
control,2025-03-07,-0.005040916644762931
control,2025-03-11,-0.0010340248842424936
control,2025-03-12,0.0043311967055519
control,2025-03-13,0.012806331988199783
control,2025-03-14,-0.0017585447315360942
control,2025-03-17,-0.004703472761882707
control,2025-03-18,0.007841869470081926
control,2025-03-19,0.0030494961055187865
control,2025-03-20,-0.001694383961571252
control,2025-03-21,0.0005862115048024341
control,2025-03-25,-0.003677570337516455
control,2025-03-27,0.006632014828425527
control,2025-03-28,0.006780389160365557
control,2025-03-30,0.00042998625534849244
control,2025-03-31,-0.010264158873415235
control,2025-04-01,-0.003812913278695302
control,2025-04-02,0.003685630149611242
control,2025-04-03,-0.0025253736599246597
control,2025-04-04,0.0039701568409220055
control,2025-04-06,0.003460373169769734
control,2025-04-07,-0.0011602614909486091
control,2025-04-09,0.014499992856197432
control,2025-04-10,0.01622271575933553
control,2025-04-11,0.007141102091459071
control,2025-04-15,0.0008807300892524483
control,2025-04-16,0.015795421758998448
control,2025-04-21,0.012221808713515853
control,2025-04-22,-0.01532842863593798
control,2025-04-23,-0.0005696944895491727
control,2025-04-25,-0.0018098827304487725
control,2025-04-28,-0.005601641693539432
control,2025-04-30,0.003752232234801964
control,2025-05-01,0.0042182454837589155
control,2025-05-06,0.00871577879960246
control,2025-05-08,-0.011753785542154591
control,2025-05-09,-0.004942489639628221
control,2025-05-11,-0.0019456406668531823
control,2025-05-12,0.004022021298739483
control,2025-05-14,0.004231683055384558
control,2025-05-15,-0.010073659267950376
control,2025-05-18,-0.0015006961656598677
control,2025-05-19,-0.0033386474840959635
control,2025-05-20,-0.012376942440048727
control,2025-05-21,0.0021306117678853175
control,2025-05-22,-0.0035832632162000493
control,2025-05-23,0.001495968708137852
control,2025-05-27,0.001945644390389032
control,2025-05-28,0.003506656819290878
control,2025-05-29,-0.009748298582540248
control,2025-06-02,0.010228897547946215
control,2025-06-05,-0.003347181552553815
control,2025-06-06,0.004190007329067634
control,2025-06-10,-0.0016443469715266721
control,2025-06-11,0.0023708706795320116
control,2025-06-12,0.003273824746142872
control,2025-06-13,0.004910176385676785
control,2025-06-15,-0.0005064763284356125
control,2025-06-16,-0.007528816732116028
control,2025-06-17,-0.0008298389009332111
control,2025-06-18,-0.00154294343347172
control,2025-06-19,-0.0011141662246338202
control,2025-06-20,-0.0035148307377797323
control,2025-06-22,-0.00041019550164884944
control,2025-06-23,0.0044276416580922694
control,2025-06-24,0.00279621225652934
control,2025-06-26,-0.003896612259377363
control,2025-06-27,0.0063791203843073015
control,2025-06-29,-0.0015799809858420672
control,2025-06-30,0.00549263045128023
control,2025-07-01,0.004017681412257078
control,2025-07-02,-0.0016652375002991708
control,2025-07-03,-0.0007347384694518422
control,2025-07-08,-0.0012571517556278402
control,2025-07-09,-0.006053586802948651
control,2025-07-10,0.0003691531663031927
control,2025-07-11,0.004722529375557796
control,2025-07-13,-0.00034658726832649
control,2025-07-15,0.0018640668800166144
control,2025-07-16,-0.005530164436198721
control,2025-07-17,-0.004426683135946762
control,2025-07-18,0.0003739875187780511
control,2025-07-22,0.005021913430860627
control,2025-07-23,-0.009131350734345631
control,2025-07-24,0.002353049642575121
control,2025-07-25,0.003135703067564158
control,2025-07-27,-0.001962062712249135
control,2025-07-28,-0.005443397070730208
control,2025-07-30,0.0048571349725889746
control,2025-08-01,-0.01785916597874637
control,2025-08-03,-0.00046047997827475105
control,2025-08-05,-0.0005782127413809237
control,2025-08-07,0.002982575605131795
control,2025-08-10,-0.002891832847666816
control,2025-08-11,0.008583158064707224
control,2025-08-12,-0.0022135010752419443
control,2025-08-13,0.000575719596973252
control,2025-08-14,-0.007883542173048912
control,2025-08-17,0.001028380597513376
control,2025-08-18,-0.002016446192822576
control,2025-08-19,0.0027545144955196414
control,2025-08-20,-0.008256669208146265
control,2025-08-22,-0.011176732435645832
control,2025-08-26,-0.009611483768782807
control,2025-08-27,0.00012949455170275996
control,2025-08-28,0.0034818242699499393
control,2025-08-29,0.005499857648399717
control,2025-09-01,-0.00911822291774671
control,2025-09-02,0.0093312990378955
control,2025-09-03,0.004427044323232838
control,2025-09-04,-0.006076342940004578
control,2025-09-05,0.004864128191396821
control,2025-09-08,0.008679165279234482
control,2025-09-09,-0.0030395664469404
control,2025-09-11,-0.002896698201829637
control,2025-09-12,-0.0016404608354593693
control,2025-09-16,0.0018830008501930673
control,2025-09-17,0.0011879228956512492
control,2025-09-18,0.0012242884638960533
control,2025-09-19,0.0025653413232576664
control,2025-09-21,4.5214572590112285e-05
control,2025-09-23,0.003023234162682079
control,2025-09-24,-0.0015987328670974265
control,2025-09-26,-0.0007239986965167694
control,2025-09-29,0.01383450720164847
control,2025-09-30,0.006046837993931982
control,2025-10-01,-0.0019817805035845294
control,2025-10-02,-0.0021857186963544373
control,2025-10-05,0.00382950241035741
control,2025-10-06,0.010839310302892896
control,2025-10-07,0.0037531267018555557
control,2025-10-08,0.003237396006430098
control,2025-10-09,-0.0014121011635196243
control,2025-10-12,0.002453419355099183
control,2025-10-13,0.014918491021757317
control,2025-10-14,0.00565741271720119
control,2025-10-15,0.005731833741159273
control,2025-10-16,0.028663728176306833
control,2025-10-17,-0.0076036226741791335
control,2025-10-21,0.015986140506700337
control,2025-10-22,-0.0009158833327321338
control,2025-10-24,-0.004498806902099816
control,2025-10-27,0.006079162687739589
control,2025-10-28,0.0005654827763089301
control,2025-10-29,-0.006722164496843406
control,2025-10-30,-0.01249725432001236
control,2025-11-04,0.002859271522603904
control,2025-11-06,-0.0002319642551028198
control,2025-11-07,-0.0021075609349635285
control,2025-11-11,0.0019664462191226317
control,2025-11-12,0.0043180537200471925
control,2025-11-13,-0.0027706975387001387
control,2025-11-14,0.006661438818942215
control,2025-11-17,0.0035346326857210947
control,2025-11-18,-0.00762588427702212
control,2025-11-19,0.002248426187605908
control,2025-11-20,-0.0026537003890211497
control,2025-11-21,-0.002946653621253049
control,2025-11-25,-0.0012811498563223386
control,2025-11-26,0.00048671983138992076
control,2025-11-28,0.005940143318848455
control,2025-11-30,-0.0006677008642399739
control,2025-12-01,-0.00046561684014948657
control,2025-12-02,0.000231870159796371
control,2025-12-03,-0.0029185819775759906
control,2025-12-04,-0.0015281267770294864
control,2025-12-05,-0.002833884341700756
control,2025-12-09,-0.004673345758246621
control,2025-12-10,0.0013283874600129545
control,2025-12-11,0.004919056706877985
control,2025-12-12,0.001619749317204104
control,2025-12-15,-0.0007077831723083221
control,2025-12-16,-0.003315359422357893
control,2025-12-17,0.000395846777435217
control,2025-12-18,-0.0021053094703860206
control,2025-12-22,0.01544589447300729
control,2025-12-23,0.005560183377620285
control,2025-12-24,-0.0043919689907391535
control,2025-12-29,0.025257612079574845
control,2025-12-31,0.0005519570479995899
control,2026-01-02,-0.002491443127134422
control,2026-01-05,0.007932704993685155
control,2026-01-06,0.003935985029631822
control,2026-01-07,-0.004465864504338007
control,2026-01-08,-0.006589729819405208
control,2026-01-09,0.0030428700658364227
control,2026-01-11,0.0027460583544931133
control,2026-01-12,0.006718611415609383
control,2026-01-13,-0.004221383330917363
control,2026-01-14,-0.00254112442264498
control,2026-01-15,-0.0018123773222104471
control,2026-01-16,-0.0020547387034627316
control,2026-01-18,0.0067601993596447104
control,2026-01-21,-0.00048260391305522476
control,2026-01-22,0.008375774437447423
control,2026-01-23,0.002302736264690941
control,2026-01-25,0.005082635451005493
control,2026-01-26,0.00025472161976355397
control,2026-01-27,0.006280744957324448
control,2026-01-28,0.0319754324571541
control,2026-01-29,-0.021110947314051852
control,2026-01-30,0.015187592077088648
control,2026-02-02,-0.0024346877829158346
control,2026-02-03,0.0031463991823034512
control,2026-02-04,0.0008566922376606938
control,2026-02-05,0.007212466142988814
control,2026-02-06,-0.012782717365370557
control,2026-02-08,0.002796129804580226
control,2026-02-12,0.004527118259516915
control,2026-02-15,-0.0012576710663625664
control,2026-02-17,0.005105640705554546
control,2026-02-18,-0.0007919022664288033
control,2026-02-19,-0.0011785758231570814
control,2026-02-20,0.0040695936791039855
control,2026-02-22,0.002722733239576123
control,2026-02-23,0.003043450054229992
control,2026-02-24,-0.001274849686330553
control,2026-02-26,-0.002480901992063147
control,2026-02-27,0.0036215861773551813
control,2026-03-01,0.00530426978779633
control,2026-03-02,-0.0024262135919670253
control,2026-03-03,0.006969510011714886
control,2026-03-05,0.0009579082528348659
control,2026-03-08,-0.005257416600012019
control,2026-03-09,-0.005231882395506135
control,2026-03-10,0.0021509221277186833
control,2026-03-13,0.002019876362835542
control,2026-03-15,0.0006440734319828468
control,2026-03-17,-0.002137300906688071
control,2026-03-18,0.008296673423989405
control,2026-03-19,0.009811171715155824
control,2026-03-20,0.00070085155574405
control,2026-03-22,0.0007350474176363663
control,2026-03-23,0.0004464289910158033
control,2026-03-24,0.0021010376077991552
control,2026-03-25,-0.0034190676431234326
control,2026-03-26,0.005253432727783094
control,2026-03-27,-0.0034060348662662294
control,2026-03-31,0.007471299767233661
control,2026-04-01,0.005016492855687596
control,2026-04-02,-0.0006238837986965377
control,2026-04-07,0.007807787800289713
control,2026-04-08,-0.007121297919356395
control,2026-04-09,-0.003904139112978515
control,2026-04-12,0.0035602531605409622
control,2026-04-14,0.004328341534192733
control,2026-04-15,-0.0017229730228467497
control,2026-04-16,-0.0004167476846747123
control,2026-04-17,-0.0036614392491270535
control,2026-04-19,0.0007832279448941787
control,2026-04-20,0.001681586128017834
control,2026-04-21,0.00036490999718332616
control,2026-04-24,-0.003137192643743658
control,2026-04-28,0.005198400607072865
control,2026-04-29,-0.0005732931462599669
control,2026-04-30,0.0011469298950547559
control,2026-05-01,-0.0025630093997603175
control,2026-05-06,0.008002216782580599
control,2026-05-07,-0.0014771758418662042
control,2026-05-10,0.00010767878796933703
control,2026-05-12,-0.004206275231712833
control,2026-05-14,0.0013508169430341886
control,2026-05-15,0.008693805719215453
control,2026-05-18,-0.004797519858225694
control,2026-05-19,-0.008580811052209612
control,2026-05-20,-0.007174443055451188
control,2026-05-21,-0.001570238332930029
control,2026-05-24,0.002204008703426992
control,2026-05-25,-0.0019004317951407663
control,2026-05-27,0.003199646575912058
control,2026-05-28,-0.008930934761333472
control,2026-05-29,0.0018768968710408342
control,2026-06-03,0.0003808967964961751
control,2026-06-04,-0.003596484190644267
control,2026-06-05,0.011828199390452501
control,2026-06-07,-0.0033227156250888305
control,2026-06-08,-0.0030464651017380186
control,2026-06-09,-0.01351780538725533
control,2026-06-10,0.01688774907390554
control,2026-06-11,-0.0008832290960163523
control,2026-06-14,0.004917925763139933
control,2026-06-15,0.0013573734115617728
