time,champion,overlay_signal,overlay_now
2015-01-02,0.0,0.0,0.0
2015-01-04,0.0,0.0,0.0
2015-01-05,0.0,0.0,0.0
2015-01-06,0.0,0.0,0.0
2015-01-07,0.0,0.0,0.0
2015-01-08,0.0,0.0,0.0
2015-01-09,0.0,0.0,0.0
2015-01-11,0.0,0.0,0.0
2015-01-12,0.0,0.0,0.0
2015-01-13,0.0,0.0,0.0
2015-01-14,0.0,0.0,0.0
2015-01-15,0.0,0.0,0.0
2015-01-16,0.0,0.0,0.0
2015-01-18,0.0,0.0,0.0
2015-01-19,0.0,0.0,0.0
2015-01-20,0.0,0.0,0.0
2015-01-21,0.0,0.0,0.0
2015-01-22,0.0,0.0,0.0
2015-01-23,0.0,0.0,0.0
2015-01-25,0.0,0.0,0.0
2015-01-26,0.0,0.0,0.0
2015-01-27,0.0,0.0,0.0
2015-01-28,0.0,0.0,0.0
2015-01-29,0.0,0.0,0.0
2015-01-30,0.0,0.0,0.0
2015-02-01,0.0,0.0,0.0
2015-02-02,0.0,0.0,0.0
2015-02-03,0.0,0.0,0.0
2015-02-04,0.0,0.0,0.0
2015-02-05,0.0,0.0,0.0
2015-02-06,0.0,0.0,0.0
2015-02-08,0.0,0.0,0.0
2015-02-09,0.0,0.0,0.0
2015-02-10,0.0,0.0,0.0
2015-02-11,0.0,0.0,0.0
2015-02-12,0.0,0.0,0.0
2015-02-13,0.0,0.0,0.0
2015-02-15,0.0,0.0,0.0
2015-02-16,0.0,0.0,0.0
2015-02-17,0.0,0.0,0.0
2015-02-18,0.0,0.0,0.0
2015-02-19,0.0,0.0,0.0
2015-02-20,0.0,0.0,0.0
2015-02-22,0.0,0.0,0.0
2015-02-23,0.0,0.0,0.0
2015-02-24,0.0,0.0,0.0
2015-02-25,0.0,0.0,0.0
2015-02-26,0.0,0.0,0.0
2015-02-27,0.0,0.0,0.0
2015-03-01,0.0,0.0,0.0
2015-03-02,0.0,0.0,0.0
2015-03-03,0.0,0.0,0.0
2015-03-04,0.0,0.0,0.0
2015-03-05,0.0,0.0,0.0
2015-03-06,0.0,0.0,0.0
2015-03-08,0.0,0.0,0.0
2015-03-09,0.0,0.0,0.0
2015-03-10,0.0,0.0,0.0
2015-03-11,0.0,0.0,0.0
2015-03-12,0.0,0.0,0.0
2015-03-13,0.0,0.0,0.0
2015-03-15,0.0,0.0,0.0
2015-03-16,0.0,0.0,0.0
2015-03-17,0.0,0.0,0.0
2015-03-18,0.0,0.0,0.0
2015-03-19,0.0,0.0,0.0
2015-03-20,0.0,0.0,0.0
2015-03-22,0.0,0.0,0.0
2015-03-23,0.0,0.0,0.0
2015-03-24,0.0,0.0,0.0
2015-03-25,0.0,0.0,0.0
2015-03-26,0.0,0.0,0.0
2015-03-27,0.0,0.0,0.0
2015-03-29,0.0,0.0,0.0
2015-03-30,0.0,0.0,0.0
2015-03-31,0.0,0.0,0.0
2015-04-01,0.0,0.0,0.0
2015-04-02,0.0,0.0,0.0
2015-04-05,0.0,0.0,0.0
2015-04-06,0.0,0.0,0.0
2015-04-07,0.0,0.0,0.0
2015-04-08,0.0,0.0,0.0
2015-04-09,0.0,0.0,0.0
2015-04-10,0.0,0.0,0.0
2015-04-12,0.0,0.0,0.0
2015-04-13,0.0,0.0,0.0
2015-04-14,0.0,0.0,0.0
2015-04-15,0.0,0.0,0.0
2015-04-16,0.0,0.0,0.0
2015-04-17,0.0,0.0,0.0
2015-04-19,0.0,0.0,0.0
2015-04-20,0.0,0.0,0.0
2015-04-21,0.0,0.0,0.0
2015-04-22,0.0,0.0,0.0
2015-04-23,0.0,0.0,0.0
2015-04-24,0.0,0.0,0.0
2015-04-26,0.0,0.0,0.0
2015-04-27,0.0,0.0,0.0
2015-04-28,0.0,0.0,0.0
2015-04-29,0.0,0.0,0.0
2015-04-30,0.0,0.0,0.0
2015-05-01,0.0,0.0,0.0
2015-05-03,0.0,0.0,0.0
2015-05-04,0.0,0.0,0.0
2015-05-05,0.0,0.0,0.0
2015-05-06,0.0,0.0,0.0
2015-05-07,0.0,0.0,0.0
2015-05-08,0.0,0.0,0.0
2015-05-10,0.0,0.0,0.0
2015-05-11,0.0,0.0,0.0
2015-05-12,0.0,0.0,0.0
2015-05-13,0.0,0.0,0.0
2015-05-14,0.0,0.0,0.0
2015-05-15,0.0,0.0,0.0
2015-05-17,0.0,0.0,0.0
2015-05-18,0.0,0.0,0.0
2015-05-19,0.0,0.0,0.0
2015-05-20,0.0,0.0,0.0
2015-05-21,0.0,0.0,0.0
2015-05-22,0.0,0.0,0.0
2015-05-24,0.0,0.0,0.0
2015-05-25,0.0,0.0,0.0
2015-05-26,0.0,0.0,0.0
2015-05-27,0.0,0.0,0.0
2015-05-28,0.0,0.0,0.0
2015-05-29,0.0,0.0,0.0
2015-05-31,0.0,0.0,0.0
2015-06-01,0.0,0.0,0.0
2015-06-02,0.0,0.0,0.0
2015-06-03,0.0,0.0,0.0
2015-06-04,0.0,0.0,0.0
2015-06-05,0.0,0.0,0.0
2015-06-07,0.0,0.0,0.0
2015-06-08,0.0,0.0,0.0
2015-06-09,0.0,0.0,0.0
2015-06-10,0.0,0.0,0.0
2015-06-11,0.0,0.0,0.0
2015-06-12,0.0,0.0,0.0
2015-06-14,0.0,0.0,0.0
2015-06-15,0.0,0.0,0.0
2015-06-16,0.0,0.0,0.0
2015-06-17,0.0,0.0,0.0
2015-06-18,0.0,0.0,0.0
2015-06-19,0.0,0.0,0.0
2015-06-21,0.0,0.0,0.0
2015-06-22,0.0,0.0,0.0
2015-06-23,0.0,0.0,0.0
2015-06-24,0.0,0.0,0.0
2015-06-25,0.0,0.0,0.0
2015-06-26,0.0,0.0,0.0
2015-06-28,0.0,0.0,0.0
2015-06-29,0.0,0.0,0.0
2015-06-30,0.0,0.0,0.0
2015-07-01,0.0,0.0,0.0
2015-07-02,0.0,0.0,0.0
2015-07-03,0.0,0.0,0.0
2015-07-05,0.0,0.0,0.0
2015-07-06,0.0,0.0,0.0
2015-07-07,0.0,0.0,0.0
2015-07-08,0.0,0.0,0.0
2015-07-09,0.0,0.0,0.0
2015-07-10,0.0,0.0,0.0
2015-07-12,0.0,0.0,0.0
2015-07-13,0.0,0.0,0.0
2015-07-14,0.0,0.0,0.0
2015-07-15,0.0,0.0,0.0
2015-07-16,0.0,0.0,0.0
2015-07-17,0.0,0.0,0.0
2015-07-19,0.0,0.0,0.0
2015-07-20,0.0,0.0,0.0
2015-07-21,0.0,0.0,0.0
2015-07-22,0.0,0.0,0.0
2015-07-23,0.0,0.0,0.0
2015-07-24,0.0,0.0,0.0
2015-07-26,0.0,0.0,0.0
2015-07-27,0.0,0.0,0.0
2015-07-28,0.0,0.0,0.0
2015-07-29,0.0,0.0,0.0
2015-07-30,0.0,0.0,0.0
2015-07-31,0.0,0.0,0.0
2015-08-02,0.0,0.0,0.0
2015-08-03,0.0,0.0,0.0
2015-08-04,0.0,0.0,0.0
2015-08-05,0.0,0.0,0.0
2015-08-06,0.0,0.0,0.0
2015-08-07,0.0,0.0,0.0
2015-08-09,0.0,0.0,0.0
2015-08-10,0.0,0.0,0.0
2015-08-11,0.0,0.0,0.0
2015-08-12,0.0,0.0,0.0
2015-08-13,0.0,0.0,0.0
2015-08-14,0.0,0.0,0.0
2015-08-16,0.0,0.0,0.0
2015-08-17,0.0,0.0,0.0
2015-08-18,0.0,0.0,0.0
2015-08-19,0.0,0.0,0.0
2015-08-20,0.0,0.0,0.0
2015-08-21,0.0,0.0,0.0
2015-08-23,0.0,0.0,0.0
2015-08-24,0.0,0.0,0.0
2015-08-25,0.0,0.0,0.0
2015-08-26,0.0,0.0,0.0
2015-08-27,0.0,0.0,0.0
2015-08-28,0.0,0.0,0.0
2015-08-30,0.0,0.0,0.0
2015-08-31,0.0,0.0,0.0
2015-09-01,0.0,0.0,0.0
2015-09-02,0.0,0.0,0.0
2015-09-03,0.0,0.0,0.0
2015-09-04,0.0,0.0,0.0
2015-09-06,0.0,0.0,0.0
2015-09-07,0.0,0.0,0.0
2015-09-08,0.0,0.0,0.0
2015-09-09,0.0,0.0,0.0
2015-09-10,0.0,0.0,0.0
2015-09-11,0.0,0.0,0.0
2015-09-13,0.0,0.0,0.0
2015-09-14,0.0,0.0,0.0
2015-09-15,0.0,0.0,0.0
2015-09-16,0.0,0.0,0.0
2015-09-17,0.0,0.0,0.0
2015-09-18,0.0,0.0,0.0
2015-09-20,0.0,0.0,0.0
2015-09-21,0.0,0.0,0.0
2015-09-22,0.0,0.0,0.0
2015-09-23,0.0,0.0,0.0
2015-09-24,0.0,0.0,0.0
2015-09-25,0.0,0.0,0.0
2015-09-27,0.0,0.0,0.0
2015-09-28,0.0,0.0,0.0
2015-09-29,0.0,0.0,0.0
2015-09-30,0.0,0.0,0.0
2015-10-01,0.0,0.0,0.0
2015-10-02,0.0,0.0,0.0
2015-10-04,0.0,0.0,0.0
2015-10-05,0.0,0.0,0.0
2015-10-06,0.0,0.0,0.0
2015-10-07,0.0,0.0,0.0
2015-10-08,0.0,0.0,0.0
2015-10-09,0.0,0.0,0.0
2015-10-11,0.0,0.0,0.0
2015-10-12,0.0,0.0,0.0
2015-10-13,0.0,0.0,0.0
2015-10-14,0.0,0.0,0.0
2015-10-15,0.0,0.0,0.0
2015-10-16,0.0,0.0,0.0
2015-10-18,0.0,0.0,0.0
2015-10-19,0.0,0.0,0.0
2015-10-20,0.0,0.0,0.0
2015-10-21,0.0,0.0,0.0
2015-10-22,0.0,0.0,0.0
2015-10-23,0.0,0.0,0.0
2015-10-25,0.0,0.0,0.0
2015-10-26,0.0,0.0,0.0
2015-10-27,0.0,0.0,0.0
2015-10-28,0.0,0.0,0.0
2015-10-29,0.0,0.0,0.0
2015-10-30,0.0,0.0,0.0
2015-11-01,0.0,0.0,0.0
2015-11-02,0.0,0.0,0.0
2015-11-03,0.0,0.0,0.0
2015-11-04,0.0,0.0,0.0
2015-11-05,0.0,0.0,0.0
2015-11-06,0.0,0.0,0.0
2015-11-08,0.0,0.0,0.0
2015-11-09,0.0,0.0,0.0
2015-11-10,0.0,0.0,0.0
2015-11-11,0.0,0.0,0.0
2015-11-12,0.0,0.0,0.0
2015-11-13,0.0,0.0,0.0
2015-11-15,0.0,0.0,0.0
2015-11-16,0.0,0.0,0.0
2015-11-17,0.0,0.0,0.0
2015-11-18,0.0,0.0,0.0
2015-11-19,0.0,0.0,0.0
2015-11-20,0.0,0.0,0.0
2015-11-22,0.0,0.0,0.0
2015-11-23,0.0,0.0,0.0
2015-11-24,0.0,0.0,0.0
2015-11-25,0.0,0.0,0.0
2015-11-26,0.0,0.0,0.0
2015-11-27,0.0,0.0,0.0
2015-11-29,0.0,0.0,0.0
2015-11-30,0.0,0.0,0.0
2015-12-01,0.0,0.0,0.0
2015-12-02,0.0,0.0,0.0
2015-12-03,0.0,0.0,0.0
2015-12-04,0.0,0.0,0.0
2015-12-06,0.0,0.0,0.0
2015-12-07,0.0,0.0,0.0
2015-12-08,0.0,0.0,0.0
2015-12-09,0.0,0.0,0.0
2015-12-10,0.0,0.0,0.0
2015-12-11,0.0,0.0,0.0
2015-12-13,0.0,0.0,0.0
2015-12-14,0.0,0.0,0.0
2015-12-15,0.0,0.0,0.0
2015-12-16,0.0,0.0,0.0
2015-12-17,0.0,0.0,0.0
2015-12-18,0.0,0.0,0.0
2015-12-20,0.0,0.0,0.0
2015-12-21,0.0,0.0,0.0
2015-12-22,0.0,0.0,0.0
2015-12-23,0.0,0.0,0.0
2015-12-24,0.0,0.0,0.0
2015-12-27,0.0,0.0,0.0
2015-12-28,0.0,0.0,0.0
2015-12-29,0.0,0.0,0.0
2015-12-30,0.0,0.0,0.0
2015-12-31,0.0,0.0,0.0
2016-01-03,0.0,0.0,0.0
2016-01-04,0.0,0.0,0.0
2016-01-05,0.0,0.0,0.0
2016-01-06,0.0,0.0,0.0
2016-01-07,0.0,0.0,0.0
2016-01-08,0.0,0.0,0.0
2016-01-10,0.0,0.0,0.0
2016-01-11,0.0,0.0,0.0
2016-01-12,0.0,0.0,0.0
2016-01-13,0.0,0.0,0.0
2016-01-14,0.0,0.0,0.0
2016-01-15,0.0,0.0,0.0
2016-01-17,0.0,0.0,0.0
2016-01-18,0.0,0.0,0.0
2016-01-19,0.0,0.0,0.0
2016-01-20,0.0,0.0,0.0
2016-01-21,0.0,0.0,0.0
2016-01-22,0.0,0.0,0.0
2016-01-24,0.0,0.0,0.0
2016-01-25,0.0,0.0,0.0
2016-01-26,0.0,0.0,0.0
2016-01-27,0.0,0.0,0.0
2016-01-28,0.0,0.0,0.0
2016-01-29,0.0,0.0,0.0
2016-01-31,0.0,0.0,0.0
2016-02-01,0.0,0.0,0.0
2016-02-02,0.0,0.0,0.0
2016-02-03,0.0,0.0,0.0
2016-02-04,0.0,0.0,0.0
2016-02-05,0.0,0.0,0.0
2016-02-07,0.0,0.0,0.0
2016-02-08,0.0,0.0,0.0
2016-02-09,0.0,0.0,0.0
2016-02-10,0.0,0.0,0.0
2016-02-11,0.0,0.0,0.0
2016-02-12,0.0,0.0,0.0
2016-02-14,0.0,0.0,0.0
2016-02-15,0.0,0.0,0.0
2016-02-16,0.0,0.0,0.0
2016-02-17,0.0,0.0,0.0
2016-02-18,0.0,0.0,0.0
2016-02-19,0.0,0.0,0.0
2016-02-21,0.0,0.0,0.0
2016-02-22,0.0,0.0,0.0
2016-02-23,0.0,0.0,0.0
2016-02-24,0.0,0.0,0.0
2016-02-25,0.0,0.0,0.0
2016-02-26,0.0,0.0,0.0
2016-02-28,0.0,0.0,0.0
2016-02-29,0.0,0.0,0.0
2016-03-01,0.0,0.0,0.0
2016-03-02,0.0,0.0,0.0
2016-03-03,0.0,0.0,0.0
2016-03-04,0.0,0.0,0.0
2016-03-06,0.0,0.0,0.0
2016-03-07,0.0,0.0,0.0
2016-03-08,0.0,0.0,0.0
2016-03-09,0.0,0.0,0.0
2016-03-10,0.0,0.0,0.0
2016-03-11,0.0,0.0,0.0
2016-03-13,0.0,0.0,0.0
2016-03-14,0.0,0.0,0.0
2016-03-15,0.0,0.0,0.0
2016-03-16,0.0,0.0,0.0
2016-03-17,0.0,0.0,0.0
2016-03-18,0.0,0.0,0.0
2016-03-20,0.0,0.0,0.0
2016-03-21,0.0,0.0,0.0
2016-03-22,0.0,0.0,0.0
2016-03-23,0.0,0.0,0.0
2016-03-24,0.0,0.0,0.0
2016-03-27,0.0,0.0,0.0
2016-03-28,0.0,0.0,0.0
2016-03-29,0.0,0.0,0.0
2016-03-30,0.0,0.0,0.0
2016-03-31,0.0,0.0,0.0
2016-04-01,0.0,0.0,0.0
2016-04-03,0.0,0.0,0.0
2016-04-04,0.0,0.0,0.0
2016-04-05,0.0,0.0,0.0
2016-04-06,0.0,0.0,0.0
2016-04-07,0.0,0.0,0.0
2016-04-08,0.0,0.0,0.0
2016-04-10,0.0,0.0,0.0
2016-04-11,0.0,0.0,0.0
2016-04-12,0.0,0.0,0.0
2016-04-13,0.0,0.0,0.0
2016-04-14,0.0,0.0,0.0
2016-04-15,0.0,0.0,0.0
2016-04-17,0.0,0.0,0.0
2016-04-18,0.0,0.0,0.0
2016-04-19,0.0,0.0,0.0
2016-04-20,0.0,0.0,0.0
2016-04-21,0.0,0.0,0.0
2016-04-22,0.0,0.0,0.0
2016-04-24,0.0,0.0,0.0
2016-04-25,0.0,0.0,0.0
2016-04-26,0.0,0.0,0.0
2016-04-27,0.0,0.0,0.0
2016-04-28,0.0,0.0,0.0
2016-04-29,0.0,0.0,0.0
2016-05-01,0.0,0.0,0.0
2016-05-02,0.0,0.0,0.0
2016-05-03,0.0,0.0,0.0
2016-05-04,0.0,0.0,0.0
2016-05-05,0.0,0.0,0.0
2016-05-06,0.0,0.0,0.0
2016-05-08,0.0,0.0,0.0
2016-05-09,0.0,0.0,0.0
2016-05-10,0.0,0.0,0.0
2016-05-11,0.0,0.0,0.0
2016-05-12,0.0,0.0,0.0
2016-05-13,0.0,0.0,0.0
2016-05-15,0.0,0.0,0.0
2016-05-16,0.0,0.0,0.0
2016-05-17,0.0,0.0,0.0
2016-05-18,0.0,0.0,0.0
2016-05-19,0.0,0.0,0.0
2016-05-20,0.0,0.0,0.0
2016-05-22,0.0,0.0,0.0
2016-05-23,0.0,0.0,0.0
2016-05-24,0.0,0.0,0.0
2016-05-25,0.0,0.0,0.0
2016-05-26,0.0,0.0,0.0
2016-05-27,0.0,0.0,0.0
2016-05-29,0.0,0.0,0.0
2016-05-30,0.0,0.0,0.0
2016-05-31,0.0,0.0,0.0
2016-06-01,0.0,0.0,0.0
2016-06-02,0.0,0.0,0.0
2016-06-03,0.0,0.0,0.0
2016-06-05,0.0,0.0,0.0
2016-06-06,0.0,0.0,0.0
2016-06-07,0.0,0.0,0.0
2016-06-08,0.0,0.0,0.0
2016-06-09,0.0,0.0,0.0
2016-06-10,0.0,0.0,0.0
2016-06-12,0.0,0.0,0.0
2016-06-13,0.0,0.0,0.0
2016-06-14,0.0,0.0,0.0
2016-06-15,0.0,0.0,0.0
2016-06-16,0.0,0.0,0.0
2016-06-17,0.0,0.0,0.0
2016-06-19,0.0,0.0,0.0
2016-06-20,0.0,0.0,0.0
2016-06-21,0.0,0.0,0.0
2016-06-22,0.0,0.0,0.0
2016-06-23,0.0,0.0,0.0
2016-06-24,0.0,0.0,0.0
2016-06-26,0.0,0.0,0.0
2016-06-27,0.0,0.0,0.0
2016-06-28,0.0,0.0,0.0
2016-06-29,0.0,0.0,0.0
2016-06-30,0.0,0.0,0.0
2016-07-01,0.0,0.0,0.0
2016-07-03,0.0,0.0,0.0
2016-07-04,0.0,0.0,0.0
2016-07-05,0.0,0.0,0.0
2016-07-06,0.0,0.0,0.0
2016-07-07,0.0,0.0,0.0
2016-07-08,0.0,0.0,0.0
2016-07-10,0.0,0.0,0.0
2016-07-11,0.0,0.0,0.0
2016-07-12,0.0,0.0,0.0
2016-07-13,0.0,0.0,0.0
2016-07-14,0.0,0.0,0.0
2016-07-15,0.0,0.0,0.0
2016-07-17,0.0,0.0,0.0
2016-07-18,0.0,0.0,0.0
2016-07-19,0.0,0.0,0.0
2016-07-20,0.0,0.0,0.0
2016-07-21,0.0,0.0,0.0
2016-07-22,0.0,0.0,0.0
2016-07-24,0.0,0.0,0.0
2016-07-25,0.0,0.0,0.0
2016-07-26,0.0,0.0,0.0
2016-07-27,0.0,0.0,0.0
2016-07-28,0.0,0.0,0.0
2016-07-29,0.0,0.0,0.0
2016-07-31,0.0,0.0,0.0
2016-08-01,0.0,0.0,0.0
2016-08-02,0.0,0.0,0.0
2016-08-03,0.0,0.0,0.0
2016-08-04,0.0,0.0,0.0
2016-08-05,0.0,0.0,0.0
2016-08-07,0.0,0.0,0.0
2016-08-08,0.0,0.0,0.0
2016-08-09,0.0,0.0,0.0
2016-08-10,0.0,0.0,0.0
2016-08-11,0.0,0.0,0.0
2016-08-12,0.0,0.0,0.0
2016-08-14,0.0,0.0,0.0
2016-08-15,0.0,0.0,0.0
2016-08-16,0.0,0.0,0.0
2016-08-17,0.0,0.0,0.0
2016-08-18,0.0,0.0,0.0
2016-08-19,0.0,0.0,0.0
2016-08-21,0.0,0.0,0.0
2016-08-22,0.0,0.0,0.0
2016-08-23,0.0,0.0,0.0
2016-08-24,0.0,0.0,0.0
2016-08-25,0.0,0.0,0.0
2016-08-26,0.0,0.0,0.0
2016-08-28,0.0,0.0,0.0
2016-08-29,0.0,0.0,0.0
2016-08-30,0.0,0.0,0.0
2016-08-31,0.0,0.0,0.0
2016-09-01,0.0,0.0,0.0
2016-09-02,0.0,0.0,0.0
2016-09-04,0.0,0.0,0.0
2016-09-05,0.0,0.0,0.0
2016-09-06,0.0,0.0,0.0
2016-09-07,0.0,0.0,0.0
2016-09-08,0.0,0.0,0.0
2016-09-09,0.0,0.0,0.0
2016-09-11,0.0,0.0,0.0
2016-09-12,0.0,0.0,0.0
2016-09-13,0.0,0.0,0.0
2016-09-14,0.0,0.0,0.0
2016-09-15,0.0,0.0,0.0
2016-09-16,0.0,0.0,0.0
2016-09-18,0.0,0.0,0.0
2016-09-19,0.0,0.0,0.0
2016-09-20,0.0,0.0,0.0
2016-09-21,0.0,0.0,0.0
2016-09-22,0.0,0.0,0.0
2016-09-23,0.0,0.0,0.0
2016-09-25,0.0,0.0,0.0
2016-09-26,0.0,0.0,0.0
2016-09-27,0.0,0.0,0.0
2016-09-28,0.0,0.0,0.0
2016-09-29,0.0,0.0,0.0
2016-09-30,0.0,0.0,0.0
2016-10-02,0.0,0.0,0.0
2016-10-03,0.0,0.0,0.0
2016-10-04,0.0,0.0,0.0
2016-10-05,0.0,0.0,0.0
2016-10-06,0.0,0.0,0.0
2016-10-07,0.0,0.0,0.0
2016-10-09,0.0,0.0,0.0
2016-10-10,0.0,0.0,0.0
2016-10-11,0.0,0.0,0.0
2016-10-12,0.0,0.0,0.0
2016-10-13,0.0,0.0,0.0
2016-10-14,0.0,0.0,0.0
2016-10-16,0.0,0.0,0.0
2016-10-17,0.0,0.0,0.0
2016-10-18,0.0,0.0,0.0
2016-10-19,0.0,0.0,0.0
2016-10-20,0.0,0.0,0.0
2016-10-21,0.0,0.0,0.0
2016-10-23,0.0,0.0,0.0
2016-10-24,0.0,0.0,0.0
2016-10-25,0.0,0.0,0.0
2016-10-26,0.0,0.0,0.0
2016-10-27,0.0,0.0,0.0
2016-10-28,0.0,0.0,0.0
2016-10-30,0.0,0.0,0.0
2016-10-31,0.0,0.0,0.0
2016-11-01,0.0,0.0,0.0
2016-11-02,0.0,0.0,0.0
2016-11-03,0.0,0.0,0.0
2016-11-04,0.0,0.0,0.0
2016-11-06,0.0,0.0,0.0
2016-11-07,0.0,0.0,0.0
2016-11-08,0.0,0.0,0.0
2016-11-09,0.0,0.0,0.0
2016-11-10,0.0,0.0,0.0
2016-11-11,0.0,0.0,0.0
2016-11-13,0.0,0.0,0.0
2016-11-14,0.0,0.0,0.0
2016-11-15,0.0,0.0,0.0
2016-11-16,0.0,0.0,0.0
2016-11-17,0.0,0.0,0.0
2016-11-18,0.0,0.0,0.0
2016-11-20,0.0,0.0,0.0
2016-11-21,0.0,0.0,0.0
2016-11-22,0.0,0.0,0.0
2016-11-23,0.0,0.0,0.0
2016-11-24,0.0,0.0,0.0
2016-11-25,0.0,0.0,0.0
2016-11-27,0.0,0.0,0.0
2016-11-28,0.0,0.0,0.0
2016-11-29,0.0,0.0,0.0
2016-11-30,0.0,0.0,0.0
2016-12-01,0.0,0.0,0.0
2016-12-02,0.0,0.0,0.0
2016-12-04,0.0,0.0,0.0
2016-12-05,0.0,0.0,0.0
2016-12-06,0.0,0.0,0.0
2016-12-07,0.0,0.0,0.0
2016-12-08,0.0,0.0,0.0
2016-12-09,0.0,0.0,0.0
2016-12-11,0.0,0.0,0.0
2016-12-12,0.0,0.0,0.0
2016-12-13,0.0,0.0,0.0
2016-12-14,0.0,0.0,0.0
2016-12-15,0.0,0.0,0.0
2016-12-16,0.0,0.0,0.0
2016-12-18,0.0,0.0,0.0
2016-12-19,0.0,0.0,0.0
2016-12-20,0.0,0.0,0.0
2016-12-21,0.0,0.0,0.0
2016-12-22,0.0,0.0,0.0
2016-12-23,0.0,0.0,0.0
2016-12-26,0.0,0.0,0.0
2016-12-27,0.0,0.0,0.0
2016-12-28,0.0,0.0,0.0
2016-12-29,0.0,0.0,0.0
2016-12-30,0.0,0.0,0.0
2017-01-02,0.0,0.0,0.0
2017-01-03,0.0,0.0,0.0
2017-01-04,0.0,0.0,0.0
2017-01-05,0.0,0.0,0.0
2017-01-06,0.0,0.0,0.0
2017-01-08,0.0,0.0,0.0
2017-01-09,0.0,0.0,0.0
2017-01-10,0.0,0.0,0.0
2017-01-11,0.0,0.0,0.0
2017-01-12,0.0,0.0,0.0
2017-01-13,0.0,0.0,0.0
2017-01-15,0.0,0.0,0.0
2017-01-16,0.0,0.0,0.0
2017-01-17,0.0,0.0,0.0
2017-01-18,0.0,0.0,0.0
2017-01-19,0.0,0.0,0.0
2017-01-20,0.0,0.0,0.0
2017-01-22,0.0,0.0,0.0
2017-01-23,0.0,0.0,0.0
2017-01-24,0.0,0.0,0.0
2017-01-25,0.0,0.0,0.0
2017-01-26,0.0,0.0,0.0
2017-01-27,0.0,0.0,0.0
2017-01-29,0.0,0.0,0.0
2017-01-30,0.0,0.0,0.0
2017-01-31,0.0,0.0,0.0
2017-02-01,0.0,0.0,0.0
2017-02-02,0.0,0.0,0.0
2017-02-03,0.0,0.0,0.0
2017-02-05,0.0,0.0,0.0
2017-02-06,0.0,0.0,0.0
2017-02-07,0.0,0.0,0.0
2017-02-08,0.0,0.0,0.0
2017-02-09,0.0,0.0,0.0
2017-02-10,0.0,0.0,0.0
2017-02-12,0.0,0.0,0.0
2017-02-13,0.0,0.0,0.0
2017-02-14,0.0,0.0,0.0
2017-02-15,0.0,0.0,0.0
2017-02-16,0.0,0.0,0.0
2017-02-17,0.0,0.0,0.0
2017-02-19,0.0,0.0,0.0
2017-02-20,0.0,0.0,0.0
2017-02-21,0.0,0.0,0.0
2017-02-22,0.0,0.0,0.0
2017-02-23,0.0,0.0,0.0
2017-02-24,0.0,0.0,0.0
2017-02-26,0.0,0.0,0.0
2017-02-27,0.0,0.0,0.0
2017-02-28,0.0,0.0,0.0
2017-03-01,0.0,0.0,0.0
2017-03-02,0.0,0.0,0.0
2017-03-03,0.0,0.0,0.0
2017-03-05,0.0,0.0,0.0
2017-03-06,0.0,0.0,0.0
2017-03-07,0.0,0.0,0.0
2017-03-08,0.0,0.0,0.0
2017-03-09,0.0,0.0,0.0
2017-03-10,0.0,0.0,0.0
2017-03-12,0.0,0.0,0.0
2017-03-13,0.0,0.0,0.0
2017-03-14,0.0,0.0,0.0
2017-03-15,0.0,0.0,0.0
2017-03-16,0.0,0.0,0.0
2017-03-17,0.0,0.0,0.0
2017-03-19,0.0,0.0,0.0
2017-03-20,0.0,0.0,0.0
2017-03-21,0.0,0.0,0.0
2017-03-22,0.0,0.0,0.0
2017-03-23,0.0,0.0,0.0
2017-03-24,0.0,0.0,0.0
2017-03-26,0.0,0.0,0.0
2017-03-27,0.0,0.0,0.0
2017-03-28,0.0,0.0,0.0
2017-03-29,0.0,0.0,0.0
2017-03-30,0.0,0.0,0.0
2017-03-31,0.0,0.0,0.0
2017-04-02,0.0,0.0,0.0
2017-04-03,0.0,0.0,0.0
2017-04-04,0.0,0.0,0.0
2017-04-05,0.0,0.0,0.0
2017-04-06,0.0,0.0,0.0
2017-04-07,0.0,0.0,0.0
2017-04-09,0.0,0.0,0.0
2017-04-10,0.0,0.0,0.0
2017-04-11,0.0,0.0,0.0
2017-04-12,0.0,0.0,0.0
2017-04-13,0.0,0.0,0.0
2017-04-16,0.0,0.0,0.0
2017-04-17,0.0,0.0,0.0
2017-04-18,0.0,0.0,0.0
2017-04-19,0.0,0.0,0.0
2017-04-20,0.0,0.0,0.0
2017-04-21,0.0,0.0,0.0
2017-04-23,0.0,0.0,0.0
2017-04-24,0.0,0.0,0.0
2017-04-25,0.0,0.0,0.0
2017-04-26,0.0,0.0,0.0
2017-04-27,0.0,0.0,0.0
2017-04-28,0.0,0.0,0.0
2017-04-30,0.0,0.0,0.0
2017-05-01,0.0,0.0,0.0
2017-05-02,0.0,0.0,0.0
2017-05-03,0.0,0.0,0.0
2017-05-04,0.0,0.0,0.0
2017-05-05,0.0,0.0,0.0
2017-05-07,0.0,0.0,0.0
2017-05-08,0.0,0.0,0.0
2017-05-09,0.0,0.0,0.0
2017-05-10,0.0,0.0,0.0
2017-05-11,0.0,0.0,0.0
2017-05-12,0.0,0.0,0.0
2017-05-14,0.0,0.0,0.0
2017-05-15,0.0,0.0,0.0
2017-05-16,0.0,0.0,0.0
2017-05-17,0.0,0.0,0.0
2017-05-18,0.0,0.0,0.0
2017-05-19,0.0,0.0,0.0
2017-05-21,0.0,0.0,0.0
2017-05-22,0.0,0.0,0.0
2017-05-23,0.0,0.0,0.0
2017-05-24,0.0,0.0,0.0
2017-05-25,0.0,0.0,0.0
2017-05-26,0.0,0.0,0.0
2017-05-28,0.0,0.0,0.0
2017-05-29,0.0,0.0,0.0
2017-05-30,0.0,0.0,0.0
2017-05-31,0.0,0.0,0.0
2017-06-01,0.0,0.0,0.0
2017-06-02,0.0,0.0,0.0
2017-06-04,0.0,0.0,0.0
2017-06-05,0.0,0.0,0.0
2017-06-06,0.0,0.0,0.0
2017-06-07,0.0,0.0,0.0
2017-06-08,0.0,0.0,0.0
2017-06-09,0.0,0.0,0.0
2017-06-11,0.0,0.0,0.0
2017-06-12,0.0,0.0,0.0
2017-06-13,0.0,0.0,0.0
2017-06-14,0.0,0.0,0.0
2017-06-15,0.0,0.0,0.0
2017-06-16,0.0,0.0,0.0
2017-06-18,0.0,0.0,0.0
2017-06-19,0.0,0.0,0.0
2017-06-20,0.0,0.0,0.0
2017-06-21,0.0,0.0,0.0
2017-06-22,0.0,0.0,0.0
2017-06-23,0.0,0.0,0.0
2017-06-25,0.0,0.0,0.0
2017-06-26,0.0,0.0,0.0
2017-06-27,0.0,0.0,0.0
2017-06-28,0.0,0.0,0.0
2017-06-29,0.0,0.0,0.0
2017-06-30,0.0,0.0,0.0
2017-07-02,0.0,0.0,0.0
2017-07-03,0.0,0.0,0.0
2017-07-04,0.0,0.0,0.0
2017-07-05,0.0,0.0,0.0
2017-07-06,0.0,0.0,0.0
2017-07-07,0.0,0.0,0.0
2017-07-09,0.0,0.0,0.0
2017-07-10,0.0,0.0,0.0
2017-07-11,0.0,0.0,0.0
2017-07-12,0.0,0.0,0.0
2017-07-13,0.0,0.0,0.0
2017-07-14,0.0,0.0,0.0
2017-07-16,0.0,0.0,0.0
2017-07-17,0.0,0.0,0.0
2017-07-18,0.0,0.0,0.0
2017-07-19,0.0,0.0,0.0
2017-07-20,0.0,0.0,0.0
2017-07-21,0.0,0.0,0.0
2017-07-23,0.0,0.0,0.0
2017-07-24,0.0,0.0,0.0
2017-07-25,0.0,0.0,0.0
2017-07-26,0.0,0.0,0.0
2017-07-27,0.0,0.0,0.0
2017-07-28,0.0,0.0,0.0
2017-07-30,0.0,0.0,0.0
2017-07-31,0.0,0.0,0.0
2017-08-01,0.0,0.0,0.0
2017-08-02,0.0,0.0,0.0
2017-08-03,0.0,0.0,0.0
2017-08-04,0.0,0.0,0.0
2017-08-06,0.0,0.0,0.0
2017-08-07,0.0,0.0,0.0
2017-08-08,0.0,0.0,0.0
2017-08-09,0.0,0.0,0.0
2017-08-10,0.0,0.0,0.0
2017-08-11,0.0,0.0,0.0
2017-08-13,0.0,0.0,0.0
2017-08-14,0.0,0.0,0.0
2017-08-15,0.0,0.0,0.0
2017-08-16,0.0,0.0,0.0
2017-08-17,0.0,0.0,0.0
2017-08-18,0.0,0.0,0.0
2017-08-20,0.0,0.0,0.0
2017-08-21,0.0,0.0,0.0
2017-08-22,0.0,0.0,0.0
2017-08-23,0.0,0.0,0.0
2017-08-24,0.0,0.0,0.0
2017-08-25,0.0,0.0,0.0
2017-08-27,0.0,0.0,0.0
2017-08-28,0.0,0.0,0.0
2017-08-29,0.0,0.0,0.0
2017-08-30,0.0,0.0,0.0
2017-08-31,0.0,0.0,0.0
2017-09-01,0.0,0.0,0.0
2017-09-03,0.0,0.0,0.0
2017-09-04,0.0,0.0,0.0
2017-09-05,0.0,0.0,0.0
2017-09-06,0.0,0.0,0.0
2017-09-07,0.0,0.0,0.0
2017-09-08,0.0,0.0,0.0
2017-09-10,0.0,0.0,0.0
2017-09-11,0.0,0.0,0.0
2017-09-12,0.0,0.0,0.0
2017-09-13,0.0,0.0,0.0
2017-09-14,0.0,0.0,0.0
2017-09-15,0.0,0.0,0.0
2017-09-17,0.0,0.0,0.0
2017-09-18,0.0,0.0,0.0
2017-09-19,0.0,0.0,0.0
2017-09-20,0.0,0.0,0.0
2017-09-21,0.0,0.0,0.0
2017-09-22,0.0,0.0,0.0
2017-09-24,0.0,0.0,0.0
2017-09-25,0.0,0.0,0.0
2017-09-26,0.0,0.0,0.0
2017-09-27,0.0,0.0,0.0
2017-09-28,0.0,0.0,0.0
2017-09-29,0.0,0.0,0.0
2017-10-01,0.0,0.0,0.0
2017-10-02,0.0,0.0,0.0
2017-10-03,0.0,0.0,0.0
2017-10-04,0.0,0.0,0.0
2017-10-05,0.0,0.0,0.0
2017-10-06,0.0,0.0,0.0
2017-10-08,0.0,0.0,0.0
2017-10-09,0.0,0.0,0.0
2017-10-10,0.0,0.0,0.0
2017-10-11,0.0,0.0,0.0
2017-10-12,0.0,0.0,0.0
2017-10-13,0.0,0.0,0.0
2017-10-15,0.0,0.0,0.0
2017-10-16,0.0,0.0,0.0
2017-10-17,0.0,0.0,0.0
2017-10-18,0.0,0.0,0.0
2017-10-19,0.0,0.0,0.0
2017-10-20,0.0,0.0,0.0
2017-10-22,0.0,0.0,0.0
2017-10-23,0.0,0.0,0.0
2017-10-24,0.0,0.0,0.0
2017-10-25,0.0,0.0,0.0
2017-10-26,0.0,0.0,0.0
2017-10-27,0.0,0.0,0.0
2017-10-29,0.0,0.0,0.0
2017-10-30,0.0,0.0,0.0
2017-10-31,0.0,0.0,0.0
2017-11-01,0.0,0.0,0.0
2017-11-02,0.0,0.0,0.0
2017-11-03,0.0,0.0,0.0
2017-11-05,0.0,0.0,0.0
2017-11-06,0.0,0.0,0.0
2017-11-07,0.0,0.0,0.0
2017-11-08,0.0,0.0,0.0
2017-11-09,0.0,0.0,0.0
2017-11-10,0.0,0.0,0.0
2017-11-12,0.0,0.0,0.0
2017-11-13,0.0,0.0,0.0
2017-11-14,0.0,0.0,0.0
2017-11-15,0.0,0.0,0.0
2017-11-16,0.0,0.0,0.0
2017-11-17,0.0,0.0,0.0
2017-11-19,0.0,0.0,0.0
2017-11-20,0.0,0.0,0.0
2017-11-21,0.0,0.0,0.0
2017-11-22,0.0,0.0,0.0
2017-11-23,0.0,0.0,0.0
2017-11-24,0.0,0.0,0.0
2017-11-26,0.0,0.0,0.0
2017-11-27,0.0,0.0,0.0
2017-11-28,0.0,0.0,0.0
2017-11-29,0.0,0.0,0.0
2017-11-30,0.0,0.0,0.0
2017-12-01,0.0,0.0,0.0
2017-12-03,0.0,0.0,0.0
2017-12-04,0.0,0.0,0.0
2017-12-05,0.0,0.0,0.0
2017-12-06,0.0,0.0,0.0
2017-12-07,0.0,0.0,0.0
2017-12-08,0.0,0.0,0.0
2017-12-10,0.0,0.0,0.0
2017-12-11,0.0,0.0,0.0
2017-12-12,0.0,0.0,0.0
2017-12-13,0.0,0.0,0.0
2017-12-14,0.0,0.0,0.0
2017-12-15,0.0,0.0,0.0
2017-12-17,0.0,0.0,0.0
2017-12-18,0.0,0.0,0.0
2017-12-19,0.0,0.0,0.0
2017-12-20,0.0,0.0,0.0
2017-12-21,0.0,0.0,0.0
2017-12-22,0.0,0.0,0.0
2017-12-25,0.0,0.0,0.0
2017-12-26,0.0,0.0,0.0
2017-12-27,0.0,0.0,0.0
2017-12-28,0.0,0.0,0.0
2017-12-29,0.0,0.0,0.0
2018-01-01,0.0,0.0,0.0
2018-01-02,0.0,0.0,0.0
2018-01-03,0.0,0.0,0.0
2018-01-04,0.0,0.0,0.0
2018-01-05,0.0,0.0,0.0
2018-01-07,0.0,0.0,0.0
2018-01-08,0.0,0.0,0.0
2018-01-09,0.0,0.0,0.0
2018-01-10,0.0,0.0,0.0
2018-01-11,0.0,0.0,0.0
2018-01-12,0.0,0.0,0.0
2018-01-14,0.0,0.0,0.0
2018-01-15,0.0,0.0,0.0
2018-01-16,0.0,0.0,0.0
2018-01-17,0.0,0.0,0.0
2018-01-18,0.0,0.0,0.0
2018-01-19,0.0,0.0,0.0
2018-01-21,0.0,0.0,0.0
2018-01-22,0.0,0.0,0.0
2018-01-23,0.0,0.0,0.0
2018-01-24,0.0,0.0,0.0
2018-01-25,0.0,0.0,0.0
2018-01-26,0.0,0.0,0.0
2018-01-28,0.0,0.0,0.0
2018-01-29,0.0,0.0,0.0
2018-01-30,0.0,0.0,0.0
2018-01-31,0.0,0.0,0.0
2018-02-01,0.0,0.0,0.0
2018-02-02,0.0,0.0,0.0
2018-02-04,0.0,0.0,0.0
2018-02-05,0.0,0.0,0.0
2018-02-06,0.0,0.0,0.0
2018-02-07,0.0,0.0,0.0
2018-02-08,0.0,0.0,0.0
2018-02-09,0.0,0.0,0.0
2018-02-11,0.0,0.0,0.0
2018-02-12,0.0,0.0,0.0
2018-02-13,0.0,0.0,0.0
2018-02-14,0.0,0.0,0.0
2018-02-15,0.0,0.0,0.0
2018-02-16,0.0,0.0,0.0
2018-02-18,0.0,0.0,0.0
2018-02-19,0.0,0.0,0.0
2018-02-20,0.0,0.0,0.0
2018-02-21,0.0,0.0,0.0
2018-02-22,0.0,0.0,0.0
2018-02-23,0.0,0.0,0.0
2018-02-25,0.0,0.0,0.0
2018-02-26,0.0,0.0,0.0
2018-02-27,0.0,0.0,0.0
2018-02-28,0.0,0.0,0.0
2018-03-01,0.0,0.0,0.0
2018-03-02,0.0,0.0,0.0
2018-03-04,0.0,0.0,0.0
2018-03-05,0.0,0.0,0.0
2018-03-06,0.0,0.0,0.0
2018-03-07,0.0,0.0,0.0
2018-03-08,0.0,0.0,0.0
2018-03-09,0.0,0.0,0.0
2018-03-11,0.0,0.0,0.0
2018-03-12,0.0,0.0,0.0
2018-03-13,0.0,0.0,0.0
2018-03-14,0.0,0.0,0.0
2018-03-15,0.0,0.0,0.0
2018-03-16,0.0,0.0,0.0
2018-03-18,0.0,0.0,0.0
2018-03-19,0.0,0.0,0.0
2018-03-20,0.0,0.0,0.0
2018-03-21,0.0,0.0,0.0
2018-03-22,0.0,0.0,0.0
2018-03-23,0.0,0.0,0.0
2018-03-25,0.0,0.0,0.0
2018-03-26,0.0,0.0,0.0
2018-03-27,0.0,0.0,0.0
2018-03-28,0.0,0.0,0.0
2018-03-29,0.0,0.0,0.0
2018-04-01,0.0,0.0,0.0
2018-04-02,0.0,0.0,0.0
2018-04-03,0.0,0.0,0.0
2018-04-04,0.0,0.0,0.0
2018-04-05,0.0,0.0,0.0
2018-04-06,0.0,0.0,0.0
2018-04-08,0.0,0.0,0.0
2018-04-09,0.0,0.0,0.0
2018-04-10,0.0,0.0,0.0
2018-04-11,0.0,0.0,0.0
2018-04-12,0.0,0.0,0.0
2018-04-13,0.0,0.0,0.0
2018-04-15,0.0,0.0,0.0
2018-04-16,0.0,0.0,0.0
2018-04-17,0.0,0.0,0.0
2018-04-18,0.0,0.0,0.0
2018-04-19,0.0,0.0,0.0
2018-04-20,0.0,0.0,0.0
2018-04-22,0.0,0.0,0.0
2018-04-23,0.0,0.0,0.0
2018-04-24,0.0,0.0,0.0
2018-04-25,0.0,0.0,0.0
2018-04-26,0.0,0.0,0.0
2018-04-27,0.0,0.0,0.0
2018-04-29,0.0,0.0,0.0
2018-04-30,0.0,0.0,0.0
2018-05-01,0.0,0.0,0.0
2018-05-02,0.0,0.0,0.0
2018-05-03,0.0,0.0,0.0
2018-05-04,0.0,0.0,0.0
2018-05-06,0.0,0.0,0.0
2018-05-07,0.0,0.0,0.0
2018-05-08,0.0,0.0,0.0
2018-05-09,0.0,0.0,0.0
2018-05-10,0.0,0.0,0.0
2018-05-11,0.0,0.0,0.0
2018-05-13,0.0,0.0,0.0
2018-05-14,0.0,0.0,0.0
2018-05-15,0.0,0.0,0.0
2018-05-16,0.0,0.0,0.0
2018-05-17,0.0,0.0,0.0
2018-05-18,0.0,0.0,0.0
2018-05-20,0.0,0.0,0.0
2018-05-21,0.0,0.0,0.0
2018-05-22,0.0,0.0,0.0
2018-05-23,0.0,0.0,0.0
2018-05-24,0.0,0.0,0.0
2018-05-25,0.0,0.0,0.0
2018-05-27,0.0,0.0,0.0
2018-05-28,0.0,0.0,0.0
2018-05-29,0.0,0.0,0.0
2018-05-30,0.0,0.0,0.0
2018-05-31,0.0,0.0,0.0
2018-06-01,0.0,0.0,0.0
2018-06-03,0.0,0.0,0.0
2018-06-04,0.0,0.0,0.0
2018-06-05,0.0,0.0,0.0
2018-06-06,0.0,0.0,0.0
2018-06-07,0.0,0.0,0.0
2018-06-08,0.0,0.0,0.0
2018-06-10,0.0,0.0,0.0
2018-06-11,0.0,0.0,0.0
2018-06-12,0.0,0.0,0.0
2018-06-13,0.0,0.0,0.0
2018-06-14,0.0,0.0,0.0
2018-06-15,0.0,0.0,0.0
2018-06-17,0.0,0.0,0.0
2018-06-18,0.0,0.0,0.0
2018-06-19,0.0,0.0,0.0
2018-06-20,0.0,0.0,0.0
2018-06-21,0.0,0.0,0.0
2018-06-22,0.0,0.0,0.0
2018-06-24,0.0,0.0,0.0
2018-06-25,0.0,0.0,0.0
2018-06-26,0.0,0.0,0.0
2018-06-27,0.0,0.0,0.0
2018-06-28,0.0,0.0,0.0
2018-06-29,0.0,0.0,0.0
2018-07-01,0.0,0.0,0.0
2018-07-02,0.0,0.0,0.0
2018-07-03,0.0,0.0,0.0
2018-07-04,0.0,0.0,0.0
2018-07-05,0.0,0.0,0.0
2018-07-06,0.0,0.0,0.0
2018-07-08,0.0,0.0,0.0
2018-07-09,0.0,0.0,0.0
2018-07-10,0.0,0.0,0.0
2018-07-11,0.0,0.0,0.0
2018-07-12,0.0,0.0,0.0
2018-07-13,0.0,0.0,0.0
2018-07-15,0.0,0.0,0.0
2018-07-16,0.0,0.0,0.0
2018-07-17,0.0,0.0,0.0
2018-07-18,0.0,0.0,0.0
2018-07-19,0.0,0.0,0.0
2018-07-20,0.0,0.0,0.0
2018-07-22,0.0,0.0,0.0
2018-07-23,0.0,0.0,0.0
2018-07-24,0.0,0.0,0.0
2018-07-25,0.0,0.0,0.0
2018-07-26,0.0,0.0,0.0
2018-07-27,0.0,0.0,0.0
2018-07-29,0.0,0.0,0.0
2018-07-30,0.0,0.0,0.0
2018-07-31,0.0,0.0,0.0
2018-08-01,0.0,0.0,0.0
2018-08-02,0.0,0.0,0.0
2018-08-03,0.0,0.0,0.0
2018-08-05,0.0,0.0,0.0
2018-08-06,0.0,0.0,0.0
2018-08-07,0.0,0.0,0.0
2018-08-08,0.0,0.0,0.0
2018-08-09,0.0,0.0,0.0
2018-08-10,0.0,0.0,0.0
2018-08-12,0.0,0.0,0.0
2018-08-13,0.0,0.0,0.0
2018-08-14,0.0,0.0,0.0
2018-08-15,0.0,0.0,0.0
2018-08-16,0.0,0.0,0.0
2018-08-17,0.0,0.0,0.0
2018-08-19,0.0,0.0,0.0
2018-08-20,0.0,0.0,0.0
2018-08-21,0.0,0.0,0.0
2018-08-22,0.0,0.0,0.0
2018-08-23,0.0,0.0,0.0
2018-08-24,0.0,0.0,0.0
2018-08-26,0.0,0.0,0.0
2018-08-27,0.0,0.0,0.0
2018-08-28,0.0,0.0,0.0
2018-08-29,0.0,0.0,0.0
2018-08-30,0.0,0.0,0.0
2018-08-31,0.0,0.0,0.0
2018-09-02,0.0,0.0,0.0
2018-09-03,0.0,0.0,0.0
2018-09-04,0.0,0.0,0.0
2018-09-05,0.0,0.0,0.0
2018-09-06,0.0,0.0,0.0
2018-09-07,0.0,0.0,0.0
2018-09-09,0.0,0.0,0.0
2018-09-10,0.0,0.0,0.0
2018-09-11,0.0,0.0,0.0
2018-09-12,0.0,0.0,0.0
2018-09-13,0.0,0.0,0.0
2018-09-14,0.0,0.0,0.0
2018-09-16,0.0,0.0,0.0
2018-09-17,0.0,0.0,0.0
2018-09-18,0.0,0.0,0.0
2018-09-19,0.0,0.0,0.0
2018-09-20,0.0,0.0,0.0
2018-09-21,0.0,0.0,0.0
2018-09-23,0.0,0.0,0.0
2018-09-24,0.0,0.0,0.0
2018-09-25,0.0,0.0,0.0
2018-09-26,0.0,0.0,0.0
2018-09-27,0.0,0.0,0.0
2018-09-28,0.0,0.0,0.0
2018-09-30,0.0,0.0,0.0
2018-10-01,0.0,0.0,0.0
2018-10-02,0.0,0.0,0.0
2018-10-03,0.0,0.0,0.0
2018-10-04,0.0,0.0,0.0
2018-10-05,0.0,0.0,0.0
2018-10-07,0.0,0.0,0.0
2018-10-08,0.0,0.0,0.0
2018-10-09,0.0,0.0,0.0
2018-10-10,0.0,0.0,0.0
2018-10-11,0.0,0.0,0.0
2018-10-12,0.0,0.0,0.0
2018-10-14,0.0,0.0,0.0
2018-10-15,0.0,0.0,0.0
2018-10-16,0.0,0.0,0.0
2018-10-17,0.0,0.0,0.0
2018-10-18,0.0,0.0,0.0
2018-10-19,0.0,0.0,0.0
2018-10-21,0.0,0.0,0.0
2018-10-22,0.0,0.0,0.0
2018-10-23,0.0,0.0,0.0
2018-10-24,0.0,0.0,0.0
2018-10-25,0.0,0.0,0.0
2018-10-26,0.0,0.0,0.0
2018-10-28,0.0,0.0,0.0
2018-10-29,0.0,0.0,0.0
2018-10-30,0.0,0.0,0.0
2018-10-31,0.0,0.0,0.0
2018-11-01,0.0,0.0,0.0
2018-11-02,0.0,0.0,0.0
2018-11-04,0.0,0.0,0.0
2018-11-05,0.0,0.0,0.0
2018-11-06,0.0,0.0,0.0
2018-11-07,0.0,0.0,0.0
2018-11-08,0.0,0.0,0.0
2018-11-09,0.0,0.0,0.0
2018-11-11,0.0,0.0,0.0
2018-11-12,0.0,0.0,0.0
2018-11-13,0.0,0.0,0.0
2018-11-14,0.0,0.0,0.0
2018-11-15,0.0,0.0,0.0
2018-11-16,0.0,0.0,0.0
2018-11-18,0.0,0.0,0.0
2018-11-19,0.0,0.0,0.0
2018-11-20,0.0,0.0,0.0
2018-11-21,0.0,0.0,0.0
2018-11-22,0.0,0.0,0.0
2018-11-23,0.0,0.0,0.0
2018-11-25,0.0,0.0,0.0
2018-11-26,0.0,0.0,0.0
2018-11-27,0.0,0.0,0.0
2018-11-28,0.0,0.0,0.0
2018-11-29,0.0,0.0,0.0
2018-11-30,0.0,0.0,0.0
2018-12-02,0.0,0.0,0.0
2018-12-03,0.0,0.0,0.0
2018-12-04,0.0,0.0,0.0
2018-12-05,0.0,0.0,0.0
2018-12-06,0.0,0.0,0.0
2018-12-07,0.0,0.0,0.0
2018-12-09,0.0,0.0,0.0
2018-12-10,0.0,0.0,0.0
2018-12-11,0.0,0.0,0.0
2018-12-12,0.0,0.0,0.0
2018-12-13,0.0,0.0,0.0
2018-12-14,0.0,0.0,0.0
2018-12-16,0.0,0.0,0.0
2018-12-17,0.0,0.0,0.0
2018-12-18,0.0,0.0,0.0
2018-12-19,0.0,0.0,0.0
2018-12-20,0.0,0.0,0.0
2018-12-21,0.0,0.0,0.0
2018-12-23,0.0,0.0,0.0
2018-12-24,0.0,0.0,0.0
2018-12-25,0.0,0.0,0.0
2018-12-26,0.0,0.0,0.0
2018-12-27,0.0,0.0,0.0
2018-12-28,0.0,0.0,0.0
2018-12-30,0.0,0.0,0.0
2018-12-31,0.0,0.0,0.0
2019-01-01,0.0,0.0,0.0
2019-01-02,0.0,0.0,0.0
2019-01-03,0.0,0.0,0.0
2019-01-04,0.0,0.0,0.0
2019-01-06,0.0,0.0,0.0
2019-01-07,0.0,0.0,0.0
2019-01-08,0.0,0.0,0.0
2019-01-09,0.0,0.0,0.0
2019-01-10,0.0,0.0,0.0
2019-01-11,0.0,0.0,0.0
2019-01-13,0.0,0.0,0.0
2019-01-14,0.0,0.0,0.0
2019-01-15,0.0,0.0,0.0
2019-01-16,0.0,0.0,0.0
2019-01-17,0.0,0.0,0.0
2019-01-18,0.0,0.0,0.0
2019-01-20,0.0,0.0,0.0
2019-01-21,0.0,0.0,0.0
2019-01-22,0.0,0.0,0.0
2019-01-23,0.0,0.0,0.0
2019-01-24,0.0,0.0,0.0
2019-01-25,0.0,0.0,0.0
2019-01-27,0.0,0.0,0.0
2019-01-28,0.0,0.0,0.0
2019-01-29,0.0,0.0,0.0
2019-01-30,0.0,0.0,0.0
2019-01-31,0.0,0.0,0.0
2019-02-01,0.0,0.0,0.0
2019-02-03,0.0,0.0,0.0
2019-02-04,0.0,0.0,0.0
2019-02-05,0.0,0.0,0.0
2019-02-06,0.0,0.0,0.0
2019-02-07,0.0,0.0,0.0
2019-02-08,0.0,0.0,0.0
2019-02-10,0.0,0.0,0.0
2019-02-11,0.0,0.0,0.0
2019-02-12,0.0,0.0,0.0
2019-02-13,0.0,0.0,0.0
2019-02-14,0.0,0.0,0.0
2019-02-15,0.0,0.0,0.0
2019-02-17,0.0,0.0,0.0
2019-02-18,0.0,0.0,0.0
2019-02-19,0.0,0.0,0.0
2019-02-20,0.0,0.0,0.0
2019-02-21,0.0,0.0,0.0
2019-02-22,0.0,0.0,0.0
2019-02-24,0.0,0.0,0.0
2019-02-25,0.0,0.0,0.0
2019-02-26,0.0,0.0,0.0
2019-02-27,0.0,0.0,0.0
2019-02-28,0.0,0.0,0.0
2019-03-01,0.0,0.0,0.0
2019-03-03,0.0,0.0,0.0
2019-03-04,0.0,0.0,0.0
2019-03-05,0.0,0.0,0.0
2019-03-06,0.0,0.0,0.0
2019-03-07,0.0,0.0,0.0
2019-03-08,0.0,0.0,0.0
2019-03-10,0.0,0.0,0.0
2019-03-11,0.0,0.0,0.0
2019-03-12,0.0,0.0,0.0
2019-03-13,0.0,0.0,0.0
2019-03-14,0.0,0.0,0.0
2019-03-15,0.0,0.0,0.0
2019-03-17,0.0,0.0,0.0
2019-03-18,0.0,0.0,0.0
2019-03-19,0.0,0.0,0.0
2019-03-20,0.0,0.0,0.0
2019-03-21,0.0,0.0,0.0
2019-03-22,0.0,0.0,0.0
2019-03-24,0.0,0.0,0.0
2019-03-25,0.0,0.0,0.0
2019-03-26,0.0,0.0,0.0
2019-03-27,0.0,0.0,0.0
2019-03-28,0.0,0.0,0.0
2019-03-29,0.0,0.0,0.0
2019-03-31,0.0,0.0,0.0
2019-04-01,0.0,0.0,0.0
2019-04-02,0.0,0.0,0.0
2019-04-03,0.0,0.0,0.0
2019-04-04,0.0,0.0,0.0
2019-04-05,0.0,0.0,0.0
2019-04-07,0.0,0.0,0.0
2019-04-08,0.0,0.0,0.0
2019-04-09,0.0,0.0,0.0
2019-04-10,0.0,0.0,0.0
2019-04-11,0.0,0.0,0.0
2019-04-12,0.0,0.0,0.0
2019-04-14,0.0,0.0,0.0
2019-04-15,0.0,0.0,0.0
2019-04-16,0.0,0.0,0.0
2019-04-17,0.0,0.0,0.0
2019-04-18,0.0,0.0,0.0
2019-04-21,0.0,0.0,0.0
2019-04-22,0.0,0.0,0.0
2019-04-23,0.0,0.0,0.0
2019-04-24,0.0,0.0,0.0
2019-04-25,0.0,0.0,0.0
2019-04-26,0.0,0.0,0.0
2019-04-28,0.0,0.0,0.0
2019-04-29,0.0,0.0,0.0
2019-04-30,0.0,0.0,0.0
2019-05-01,0.0,0.0,0.0
2019-05-02,0.0,0.0,0.0
2019-05-03,0.0,0.0,0.0
2019-05-05,0.0,0.0,0.0
2019-05-06,0.0,0.0,0.0
2019-05-07,0.0,0.0,0.0
2019-05-08,0.0,0.0,0.0
2019-05-09,0.0,0.0,0.0
2019-05-10,0.0,0.0,0.0
2019-05-12,0.0,0.0,0.0
2019-05-13,0.0,0.0,0.0
2019-05-14,0.0,0.0,0.0
2019-05-15,0.0,0.0,0.0
2019-05-16,0.0,0.0,0.0
2019-05-17,0.0,0.0,0.0
2019-05-19,0.0,0.0,0.0
2019-05-20,0.0,0.0,0.0
2019-05-21,0.0,0.0,0.0
2019-05-22,0.0,0.0,0.0
2019-05-23,0.0,0.0,0.0
2019-05-24,0.0,0.0,0.0
2019-05-26,0.0,0.0,0.0
2019-05-27,0.0,0.0,0.0
2019-05-28,0.0,0.0,0.0
2019-05-29,0.0,0.0,0.0
2019-05-30,0.0,0.0,0.0
2019-05-31,0.0,0.0,0.0
2019-06-02,0.0,0.0,0.0
2019-06-03,0.0,0.0,0.0
2019-06-04,0.0,0.0,0.0
2019-06-05,0.0,0.0,0.0
2019-06-06,0.0,0.0,0.0
2019-06-07,0.0,0.0,0.0
2019-06-09,0.0,0.0,0.0
2019-06-10,0.0,0.0,0.0
2019-06-11,0.0,0.0,0.0
2019-06-12,0.0,0.0,0.0
2019-06-13,0.0,0.0,0.0
2019-06-14,0.0,0.0,0.0
2019-06-16,0.0,0.0,0.0
2019-06-17,0.0,0.0,0.0
2019-06-18,0.0,0.0,0.0
2019-06-19,0.0,0.0,0.0
2019-06-20,0.0,0.0,0.0
2019-06-21,0.0,0.0,0.0
2019-06-23,0.0,0.0,0.0
2019-06-24,0.0,0.0,0.0
2019-06-25,0.0,0.0,0.0
2019-06-26,0.0,0.0,0.0
2019-06-27,0.0,0.0,0.0
2019-06-28,0.0,0.0,0.0
2019-06-30,0.0,0.0,0.0
2019-07-01,0.0,0.0,0.0
2019-07-02,0.0,0.0,0.0
2019-07-03,0.0,0.0,0.0
2019-07-04,0.0,0.0,0.0
2019-07-05,0.0,0.0,0.0
2019-07-07,0.0,0.0,0.0
2019-07-08,0.0,0.0,0.0
2019-07-09,0.0,0.0,0.0
2019-07-10,0.0,0.0,0.0
2019-07-11,0.0,0.0,0.0
2019-07-12,0.0,0.0,0.0
2019-07-14,0.0,0.0,0.0
2019-07-15,0.0,0.0,0.0
2019-07-16,0.0,0.0,0.0
2019-07-17,0.0,0.0,0.0
2019-07-18,0.0,0.0,0.0
2019-07-19,0.0,0.0,0.0
2019-07-21,0.0,0.0,0.0
2019-07-22,0.0,0.0,0.0
2019-07-23,0.0,0.0,0.0
2019-07-24,0.0,0.0,0.0
2019-07-25,0.0,0.0,0.0
2019-07-26,0.0,0.0,0.0
2019-07-28,0.0,0.0,0.0
2019-07-29,0.0,0.0,0.0
2019-07-30,0.0,0.0,0.0
2019-07-31,0.0,0.0,0.0
2019-08-01,0.0,0.0,0.0
2019-08-02,0.0,0.0,0.0
2019-08-04,0.0,0.0,0.0
2019-08-05,0.0,0.0,0.0
2019-08-06,0.0,0.0,0.0
2019-08-07,0.0,0.0,0.0
2019-08-08,0.0,0.0,0.0
2019-08-09,0.0,0.0,0.0
2019-08-11,0.0,0.0,0.0
2019-08-12,0.0,0.0,0.0
2019-08-13,0.0,0.0,0.0
2019-08-14,0.0,0.0,0.0
2019-08-15,0.0,0.0,0.0
2019-08-16,0.0,0.0,0.0
2019-08-18,0.0,0.0,0.0
2019-08-19,0.0,0.0,0.0
2019-08-20,0.0,0.0,0.0
2019-08-21,0.0,0.0,0.0
2019-08-22,0.0,0.0,0.0
2019-08-23,0.0,0.0,0.0
2019-08-25,0.0,0.0,0.0
2019-08-26,0.0,0.0,0.0
2019-08-27,0.0,0.0,0.0
2019-08-28,0.0,0.0,0.0
2019-08-29,0.0,0.0,0.0
2019-08-30,0.0,0.0,0.0
2019-09-01,0.0,0.0,0.0
2019-09-02,0.0,0.0,0.0
2019-09-03,0.0,0.0,0.0
2019-09-04,0.0,0.0,0.0
2019-09-05,0.0,0.0,0.0
2019-09-06,0.0,0.0,0.0
2019-09-08,0.0,0.0,0.0
2019-09-09,0.0,0.0,0.0
2019-09-10,0.0,0.0,0.0
2019-09-11,0.0,0.0,0.0
2019-09-12,0.0,0.0,0.0
2019-09-13,0.0,0.0,0.0
2019-09-15,0.0,0.0,0.0
2019-09-16,0.0,0.0,0.0
2019-09-17,0.0,0.0,0.0
2019-09-18,0.0,0.0,0.0
2019-09-19,0.0,0.0,0.0
2019-09-20,0.0,0.0,0.0
2019-09-22,0.0,0.0,0.0
2019-09-23,0.0,0.0,0.0
2019-09-24,0.0,0.0,0.0
2019-09-25,0.0,0.0,0.0
2019-09-26,0.0,0.0,0.0
2019-09-27,0.0,0.0,0.0
2019-09-29,0.0,0.0,0.0
2019-09-30,0.0,0.0,0.0
2019-10-01,0.0,0.0,0.0
2019-10-02,0.0,0.0,0.0
2019-10-03,0.0,0.0,0.0
2019-10-04,0.0,0.0,0.0
2019-10-06,0.0,0.0,0.0
2019-10-07,0.0,0.0,0.0
2019-10-08,0.0,0.0,0.0
2019-10-09,0.0,0.0,0.0
2019-10-10,0.0,0.0,0.0
2019-10-11,0.0,0.0,0.0
2019-10-13,0.0,0.0,0.0
2019-10-14,0.0,0.0,0.0
2019-10-15,0.0,0.0,0.0
2019-10-16,0.0,0.0,0.0
2019-10-17,0.0,0.0,0.0
2019-10-18,0.0,0.0,0.0
2019-10-20,0.0,0.0,0.0
2019-10-21,0.0,0.0,0.0
2019-10-22,0.0,0.0,0.0
2019-10-23,0.0,0.0,0.0
2019-10-24,0.0,0.0,0.0
2019-10-25,0.0,0.0,0.0
2019-10-27,0.0,0.0,0.0
2019-10-28,0.0,0.0,0.0
2019-10-29,0.0,0.0,0.0
2019-10-30,0.0,0.0,0.0
2019-10-31,0.0,0.0,0.0
2019-11-01,0.0,0.0,0.0
2019-11-03,0.0,0.0,0.0
2019-11-04,0.0,0.0,0.0
2019-11-05,0.0,0.0,0.0
2019-11-06,0.0,0.0,0.0
2019-11-07,0.0,0.0,0.0
2019-11-08,0.0,0.0,0.0
2019-11-10,0.0,0.0,0.0
2019-11-11,0.0,0.0,0.0
2019-11-12,0.0,0.0,0.0
2019-11-13,0.0,0.0,0.0
2019-11-14,0.0,0.0,0.0
2019-11-15,0.0,0.0,0.0
2019-11-17,0.0,0.0,0.0
2019-11-18,0.0,0.0,0.0
2019-11-19,0.0,0.0,0.0
2019-11-20,0.0,0.0,0.0
2019-11-21,0.0,0.0,0.0
2019-11-22,0.0,0.0,0.0
2019-11-24,0.0,0.0,0.0
2019-11-25,0.0,0.0,0.0
2019-11-26,0.0,0.0,0.0
2019-11-27,0.0,0.0,0.0
2019-11-28,0.0,0.0,0.0
2019-11-29,0.0,0.0,0.0
2019-12-01,0.0,0.0,0.0
2019-12-02,0.0,0.0,0.0
2019-12-03,0.0,0.0,0.0
2019-12-04,0.0,0.0,0.0
2019-12-05,0.0,0.0,0.0
2019-12-06,0.0,0.0,0.0
2019-12-08,0.0,0.0,0.0
2019-12-09,0.0,0.0,0.0
2019-12-10,0.0,0.0,0.0
2019-12-11,0.0,0.0,0.0
2019-12-12,0.0,0.0,0.0
2019-12-13,0.0,0.0,0.0
2019-12-15,0.0,0.0,0.0
2019-12-16,0.0,0.0,0.0
2019-12-17,0.0,0.0,0.0
2019-12-18,0.0,0.0,0.0
2019-12-19,0.0,0.0,0.0
2019-12-20,0.0,0.0,0.0
2019-12-22,0.0,0.0,0.0
2019-12-23,0.0,0.0,0.0
2019-12-24,0.0,0.0,0.0
2019-12-25,0.0,0.0,0.0
2019-12-26,0.0,0.0,0.0
2019-12-27,0.0,0.0,0.0
2019-12-29,0.0,0.0,0.0
2019-12-30,0.0,0.0,0.0
2019-12-31,0.0,0.0,0.0
2020-01-01,0.0,0.0,0.0
2020-01-02,0.0,0.0,0.0
2020-01-03,0.0,0.0,0.0
2020-01-05,0.0,0.0,0.0
2020-01-06,0.0,0.0,0.0
2020-01-07,0.0,0.0,0.0
2020-01-08,0.0,0.0,0.0
2020-01-09,0.0,0.0,0.0
2020-01-10,0.0,0.0,0.0
2020-01-12,0.0,0.0,0.0
2020-01-13,0.0,0.0,0.0
2020-01-14,0.0,0.0,0.0
2020-01-15,0.0,0.0,0.0
2020-01-16,0.0,0.0,0.0
2020-01-17,0.0,0.0,0.0
2020-01-19,0.0,0.0,0.0
2020-01-20,0.0,0.0,0.0
2020-01-21,0.0,0.0,0.0
2020-01-22,0.0,0.0,0.0
2020-01-23,0.0,0.0,0.0
2020-01-24,0.0,0.0,0.0
2020-01-26,0.0,0.0,0.0
2020-01-27,0.0,0.0,0.0
2020-01-28,0.0,0.0,0.0
2020-01-29,0.0,0.0,0.0
2020-01-30,0.0,0.0,0.0
2020-01-31,0.0,0.0,0.0
2020-02-02,0.0,0.0,0.0
2020-02-03,0.0,0.0,0.0
2020-02-04,0.0,0.0,0.0
2020-02-05,0.0,0.0,0.0
2020-02-06,0.0,0.0,0.0
2020-02-07,0.0,0.0,0.0
2020-02-09,0.0,0.0,0.0
2020-02-10,0.0,0.0,0.0
2020-02-11,0.0,0.0,0.0
2020-02-12,0.0,0.0,0.0
2020-02-13,0.0,0.0,0.0
2020-02-14,0.0,0.0,0.0
2020-02-16,0.0,0.0,0.0
2020-02-17,0.0,0.0,0.0
2020-02-18,0.0,0.0,0.0
2020-02-19,0.0,0.0,0.0
2020-02-20,0.0,0.0,0.0
2020-02-21,0.0,0.0,0.0
2020-02-23,0.0,0.0,0.0
2020-02-24,0.0,0.0,0.0
2020-02-25,0.0,0.0,0.0
2020-02-26,0.0,0.0,0.0
2020-02-27,0.0,0.0,0.0
2020-02-28,0.0,0.0,0.0
2020-03-01,0.0,0.0,0.0
2020-03-02,0.0,0.0,0.0
2020-03-03,0.0,0.0,0.0
2020-03-04,0.0,0.0,0.0
2020-03-05,0.0,0.0,0.0
2020-03-06,0.0,0.0,0.0
2020-03-08,0.0,0.0,0.0
2020-03-09,0.0,0.0,0.0
2020-03-10,0.0,0.0,0.0
2020-03-11,0.0,0.0,0.0
2020-03-12,0.0,0.0,0.0
2020-03-13,0.0,0.0,0.0
2020-03-15,0.0,0.0,0.0
2020-03-16,0.0,0.0,0.0
2020-03-17,0.0,0.0,0.0
2020-03-18,0.0,0.0,0.0
2020-03-19,0.0,0.0,0.0
2020-03-20,0.0,0.0,0.0
2020-03-22,0.0,0.0,0.0
2020-03-23,0.0,0.0,0.0
2020-03-24,0.0,0.0,0.0
2020-03-25,0.0,0.0,0.0
2020-03-26,0.0,0.0,0.0
2020-03-27,0.0,0.0,0.0
2020-03-29,0.0,0.0,0.0
2020-03-30,0.0,0.0,0.0
2020-03-31,0.0,0.0,0.0
2020-04-01,0.0,0.0,0.0
2020-04-02,0.0,0.0,0.0
2020-04-03,0.0,0.0,0.0
2020-04-05,0.0,0.0,0.0
2020-04-06,0.0,0.0,0.0
2020-04-07,0.0,0.0,0.0
2020-04-08,0.0,0.0,0.0
2020-04-09,0.0,0.0,0.0
2020-04-12,0.0,0.0,0.0
2020-04-13,0.0,0.0,0.0
2020-04-14,0.0,0.0,0.0
2020-04-15,0.0,0.0,0.0
2020-04-16,0.0,0.0,0.0
2020-04-17,0.0,0.0,0.0
2020-04-19,0.0,0.0,0.0
2020-04-20,0.0,0.0,0.0
2020-04-21,0.0,0.0,0.0
2020-04-22,0.0,0.0,0.0
2020-04-23,0.0,0.0,0.0
2020-04-24,0.0,0.0,0.0
2020-04-26,0.0,0.0,0.0
2020-04-27,0.0,0.0,0.0
2020-04-28,0.0,0.0,0.0
2020-04-29,0.0,0.0,0.0
2020-04-30,0.0,0.0,0.0
2020-05-01,0.0,0.0,0.0
2020-05-03,0.0,0.0,0.0
2020-05-04,0.0,0.0,0.0
2020-05-05,0.0,0.0,0.0
2020-05-06,0.0,0.0,0.0
2020-05-07,0.0,0.0,0.0
2020-05-08,0.0,0.0,0.0
2020-05-10,0.0,0.0,0.0
2020-05-11,0.0,0.0,0.0
2020-05-12,0.0,0.0,0.0
2020-05-13,0.0,0.0,0.0
2020-05-14,0.0,0.0,0.0
2020-05-15,0.0,0.0,0.0
2020-05-17,0.0,0.0,0.0
2020-05-18,0.0,0.0,0.0
2020-05-19,0.0,0.0,0.0
2020-05-20,0.0,0.0,0.0
2020-05-21,0.0,0.0,0.0
2020-05-22,0.0,0.0,0.0
2020-05-24,0.0,0.0,0.0
2020-05-25,0.0,0.0,0.0
2020-05-26,0.0,0.0,0.0
2020-05-27,0.0,0.0,0.0
2020-05-28,0.0,0.0,0.0
2020-05-29,0.0,0.0,0.0
2020-05-31,0.0,0.0,0.0
2020-06-01,0.0,0.0,0.0
2020-06-02,0.0,0.0,0.0
2020-06-03,0.0,0.0,0.0
2020-06-04,0.0,0.0,0.0
2020-06-05,0.0,0.0,0.0
2020-06-07,0.0,0.0,0.0
2020-06-08,0.0,0.0,0.0
2020-06-09,0.0,0.0,0.0
2020-06-10,0.0,0.0,0.0
2020-06-11,0.0,0.0,0.0
2020-06-12,0.0,0.0,0.0
2020-06-14,0.0,0.0,0.0
2020-06-15,0.0,0.0,0.0
2020-06-16,0.0,0.0,0.0
2020-06-17,0.0,0.0,0.0
2020-06-18,0.0,0.0,0.0
2020-06-19,0.0,0.0,0.0
2020-06-21,0.0,0.0,0.0
2020-06-22,0.0,0.0,0.0
2020-06-23,0.0,0.0,0.0
2020-06-24,0.0,0.0,0.0
2020-06-25,0.0,0.0,0.0
2020-06-26,0.0,0.0,0.0
2020-06-28,0.0,0.0,0.0
2020-06-29,0.0,0.0,0.0
2020-06-30,0.0,0.0,0.0
2020-07-01,0.0,0.0,0.0
2020-07-02,0.0,0.0,0.0
2020-07-03,0.0,0.0,0.0
2020-07-05,0.0,0.0,0.0
2020-07-06,0.0,0.0,0.0
2020-07-07,0.0,0.0,0.0
2020-07-08,0.0,0.0,0.0
2020-07-09,-0.004231028454439456,0.001592426758302024,-0.004634452921740669
2020-07-10,-0.004471489498009876,0.002352670871315428,-0.004875829627310134
2020-07-12,0.0015679543990291373,0.002169066464178202,0.0011479588744388312
2020-07-13,0.0018879394044728965,0.00301379422280805,0.0014621360537280482
2020-07-14,0.007594629929778181,0.0021105293278956662,0.007150561453554358
2020-07-15,0.0022342511370335195,0.0022643797540839268,0.0017918886637303146
2020-07-16,-0.011993319508073221,-0.011993319508073221,-0.011993319508073221
2020-07-17,0.009326174036690766,0.0021189914119279034,0.00886553081173883
2020-07-19,0.00029410247425795796,0.00029410247425795796,0.00029410247425795796
2020-07-20,0.008213860526594736,0.0017513851173679704,0.007750216170952866
2020-07-21,0.023685298510147935,0.002478226533413172,0.023189032704068968
2020-07-22,0.023880493414833028,0.01964446390635825,0.023370871465515784
2020-07-23,0.009937682145414578,0.003434281095111637,0.009462097903258573
2020-07-24,0.015092808371610957,0.002581847181993159,0.014610172339809477
2020-07-26,0.006170692350325988,0.003941966488475252,0.005704041832587759
2020-07-27,0.040457574001127816,0.0018178294360957155,0.039947990785893145
2020-07-28,-0.006924504709536005,0.009493519465092502,-0.007287745879559689
2020-07-29,0.007788760458425505,0.004931892812944338,0.007318933397999194
2020-07-30,-0.008059521766566897,-0.008059521766566897,-0.008059521766566897
2020-07-31,0.01470690181988162,0.0020513637111053587,0.014228032171141098
2020-08-02,-0.0005779113559754373,-0.0005779113559754373,-0.0005779113559754373
2020-08-03,-0.004091750459944786,-0.004091750459944786,-0.004091750459944786
2020-08-04,0.04737523203034187,0.0019311914891797974,0.046854019675102485
2020-08-05,0.010562168938339474,0.0020810560231189464,0.010121141610901151
2020-08-06,0.023104107218477443,0.002521612002035621,0.022639029713127066
2020-08-07,-0.024340596168359707,-0.024340596168359707,-0.024340596168359707
2020-08-09,0.0002581869112600952,0.0002581869112600952,0.0002581869112600952
2020-08-10,-0.001687014494114645,0.0021262532028468064,-0.002081788898263254
2020-08-11,-0.08195443799659889,-0.08195443799659889,-0.08195443799659889
2020-08-12,0.0016849075974407354,0.002424202375054535,0.0014254018605037826
2020-08-13,0.013584849827643868,0.005420545461283637,0.013284119448443318
2020-08-14,-0.0054077983477143175,-0.0054077983477143175,-0.0054077983477143175
2020-08-16,-0.0064073599481699935,-0.0064073599481699935,-0.0064073599481699935
2020-08-17,0.01953336210244017,0.0020580226859034994,0.019260301473834795
2020-08-18,0.008720432798048489,0.0024389002790632447,0.00848466672486994
2020-08-19,-0.029321366472150216,-0.029321366472150216,-0.029321366472150216
2020-08-20,0.008025760788965532,0.002492201280372739,0.007818096994517049
2020-08-21,-0.004377777608159954,-0.004377777608159954,-0.004377777608159954
2020-08-23,0.0013873558476751046,0.00222512327219283,0.0012126124880368623
2020-08-24,-0.0015928028471439296,0.0024399866917589968,-0.0017506931262345504
2020-08-25,0.00012324161053956927,0.002247374318438953,-4.2240673383770486e-05
2020-08-26,0.007959229658146128,0.002061120418779598,0.0077652238690788305
2020-08-27,-0.007723763117616886,0.005552091250114606,-0.007776133716013702
2020-08-28,0.012204123653101922,0.001987787110281405,0.011998828882405313
2020-08-30,0.0002460219943122496,0.0002460219943122496,0.0002460219943122496
2020-08-31,-0.0016115444422217667,-0.0016115444422217667,-0.0016115444422217667
2020-09-01,0.0006573182000028387,0.0005034261238600068,0.0005034261238600068
2020-09-02,-0.008109566523533528,-0.008109566523533528,-0.008109566523533528
2020-09-03,-0.005063656349757837,-0.005063656349757837,-0.005063656349757837
2020-09-04,0.0001967504293773022,0.0019606182261071524,3.634699926035958e-05
2020-09-06,0.00012752167212703677,0.00012752167212703677,0.00012752167212703677
2020-09-07,-0.001125167466171902,-0.001125167466171902,-0.001125167466171902
2020-09-08,-0.00018071604585908916,0.0007763964363642677,-0.0003459717363808807
2020-09-09,0.0054431578239573924,0.00299279790503753,0.005264142774385236
2020-09-10,-0.000841524973580372,0.0019338464153684724,-0.0009985728341656065
2020-09-11,-0.0014573414166667083,0.001976366644252413,-0.0016119001009254953
2020-09-13,0.000832183016547942,0.000832183016547942,0.000832183016547942
2020-09-14,0.004340477568047173,0.0019002699130456267,0.004165832165854882
2020-09-15,-0.0011156561797010392,0.0018793621234466098,-0.0012722390678499263
2020-09-16,0.0024584028746235036,0.0019165501893221527,0.0022900913692331343
2020-09-17,-0.0033432932040529106,-0.0033432932040529106,-0.0033432932040529106
2020-09-18,-0.0005384917269321603,0.0006448079955737391,-0.0007037001463543075
2020-09-20,0.0006015881666234441,0.0006015881666234441,0.0006015881666234441
2020-09-21,-0.009804901920126372,-0.009804901920126372,-0.009804901920126372
2020-09-22,-0.004630405466805294,-0.004630405466805294,-0.004630405466805294
2020-09-23,-0.014762286679260422,-0.014762286679260422,-0.014762286679260422
2020-09-24,0.0026867023180922956,0.002441105605383605,0.0025192465421843596
2020-09-25,-0.0018895316037064794,0.0019370964075112803,-0.0020394454967547436
2020-09-27,-0.0003409241953606978,-0.0003409241953606978,-0.0003409241953606978
2020-09-28,0.006730883227918395,0.002430345463127658,0.006555781151256032
2020-09-29,0.003183599990154815,0.0018799465765767603,0.0030277548160762596
2020-09-30,-0.002183171679883579,0.0005716889102898572,-0.0023290544828538005
2020-10-01,0.004400115346674015,0.0019268799955061153,0.004243233669843029
2020-10-02,-0.0009068187891678053,0.0028306722532518746,-0.0010325738979501343
2020-10-04,0.0003607481676182137,0.0003607481676182137,0.0003607481676182137
2020-10-05,0.0032573142451886358,0.0022393121628454275,0.003106250898545685
2020-10-06,-0.009041818588733375,-0.009041818588733375,-0.009041818588733375
2020-10-07,0.0019716506267048925,0.0025526837378770937,0.0018321055031585085
2020-10-08,0.0024971073977469835,0.002175754089160928,0.0023530951973474304
2020-10-09,0.008399175694547342,0.008229285347142883,0.008229285347142883
2020-10-11,0.0003982946431407283,0.0003982946431407283,0.0003982946431407283
2020-10-12,-0.00014328298565710422,-0.00014328298565710422,-0.00014328298565710422
2020-10-13,-0.007114714141170124,-0.007114714141170124,-0.007114714141170124
2020-10-14,0.0014894580966009186,0.0022547890511735473,0.0013526399878125762
2020-10-15,0.00163928033114122,0.0006052683112781048,0.00149728252575203
2020-10-16,-0.0019575144882078848,-0.0019575144882078848,-0.0019575144882078848
2020-10-18,0.0003730185629017768,0.0003730185629017768,0.0003730185629017768
2020-10-19,0.0007961170129153261,0.000661702261466814,0.000661702261466814
2020-10-20,0.0020898471749710443,0.0019496481507435533,0.0019496481507435533
2020-10-21,0.0019238467004618108,0.0017842215220154696,0.0017842215220154696
2020-10-22,-0.004137625000326295,-0.004137625000326295,-0.004137625000326295
2020-10-23,-0.000631617543420275,0.0020263084408573264,-0.0007608948013709282
2020-10-25,-0.0002608310783630429,-0.0002608310783630429,-0.0002608310783630429
2020-10-26,0.0008467999907357505,0.0014674498858104111,0.0007082286763925384
2020-10-27,0.0003957464745402811,0.00025872474653621923,0.00025872474653621923
2020-10-28,-0.006107434377013456,-0.006107434377013456,-0.006107434377013456
2020-10-29,-0.0030363106014279426,-0.0030363106014279426,-0.0030363106014279426
2020-10-30,0.0032623355782369708,0.002122633007140957,0.003116961207685117
2020-11-01,-0.00020192778341339087,-0.00020192778341339087,-0.00020192778341339087
2020-11-02,0.005000000350848146,0.004847034073631114,0.004847034073631114
2020-11-03,0.005263948295144722,0.005109687272525799,0.005109687272525799
2020-11-04,-0.0027671334714395234,-0.0027671334714395234,-0.0027671334714395234
2020-11-05,0.010232395467166751,0.010058340494204739,0.010058340494204739
2020-11-06,0.0010587613414971557,0.0009215663316316917,0.0009215663316316917
2020-11-08,4.5094423301495966e-05,4.5094423301495966e-05,4.5094423301495966e-05
2020-11-09,-0.021491228991448882,0.002340620991966916,-0.021516974033248544
2020-11-10,0.0005330443152150484,0.0024000714582779947,0.00041905588071126823
2020-11-11,-0.003080012692419606,-0.003080012692419606,-0.003080012692419606
2020-11-12,0.003019610283779267,0.001964224066104263,0.002890554050266263
2020-11-13,0.002987504461132943,0.0028598828389009012,0.0028598828389009012
2020-11-15,0.0003710016273390811,0.0003710016273390811,0.0003710016273390811
2020-11-16,-3.4345224542968025e-05,0.0019606041067057405,-0.0001494827569936653
2020-11-17,-0.0018452365282284823,-0.0018452365282284823,-0.0018452365282284823
2020-11-18,-0.002441219984973997,-0.002441219984973997,-0.002441219984973997
2020-11-19,-0.0019044578321329591,-0.0019044578321329591,-0.0019044578321329591
2020-11-20,0.0016190945868016268,0.003239195892401383,0.00150706094364139
2020-11-22,0.0003706340869508159,0.0003706340869508159,0.0003706340869508159
2020-11-23,-0.008739748806045496,-0.008739748806045496,-0.008739748806045496
2020-11-24,-0.005833544476233516,-0.005833544476233516,-0.005833544476233516
2020-11-25,-5.7867476664603215e-05,0.0009752042217230002,-0.00017981901775614197
2020-11-26,-0.0003309533797071332,-0.0003309533797071332,-0.0003309533797071332
2020-11-27,-0.005628175494207417,-0.005628175494207417,-0.005628175494207417
2020-11-29,-5.1153461421292684e-05,-5.1153461421292684e-05,-5.1153461421292684e-05
2020-11-30,-0.0019162793205984502,-0.0019162793205984502,-0.0019162793205984502
2020-12-01,0.008098613699326861,0.002040599395347155,0.00794567596398352
2020-12-02,0.004234382407467438,0.002592296649952918,0.004100422496411266
2020-12-03,0.0025086308518307513,0.0025132327460095348,0.0023844995232872564
2020-12-04,-0.00030413711813257035,-0.00030413711813257035,-0.00030413711813257035
2020-12-06,-0.00016930716189281705,-0.00016930716189281705,-0.00016930716189281705
2020-12-07,0.006473734709899633,0.0020470165048822866,0.00632846616525869
2020-12-08,0.001575137273246944,0.002508150282793092,0.0014563784110999062
2020-12-09,-0.008290893508006245,-0.008290893508006245,-0.008290893508006245
2020-12-10,-3.8465492330261125e-05,0.0020244934323345367,-0.00015298822163884484
2020-12-11,0.0001248911336308583,0.001615844993955168,6.252604853891332e-06
2020-12-13,0.00024038184270794606,0.00024038184270794606,0.00024038184270794606
2020-12-14,-0.0022758968601624967,-0.0022758968601624967,-0.0022758968601624967
2020-12-15,0.006172840702277387,0.002107673941889948,0.0060287464483124425
2020-12-16,0.0030596686381233625,0.0020387288367757052,0.0029306096544523116
2020-12-17,0.004819613916550762,0.0019236953645383576,0.004682407208502538
2020-12-18,-0.0007773481077169333,-0.0007773481077169333,-0.0007773481077169333
2020-12-20,-0.00016408873519826853,-0.00016408873519826853,-0.00016408873519826853
2020-12-21,-0.0016762042965762615,0.0029670817580134848,-0.0017686604981814423
2020-12-22,-0.003722710581032731,-0.003722710581032731,-0.003722710581032731
2020-12-23,0.002371454843206773,0.0019488422863674002,0.0022453019783476745
2020-12-24,0.0015137437373232959,0.001214048082473639,0.0013885403598736838
2020-12-27,0.00024639552484977085,0.00024639552484977085,0.00024639552484977085
2020-12-28,-0.0028225651852164875,0.0021634358733411767,-0.002921765783311927
2020-12-29,-0.00016446565703532725,0.0007083795520987403,-0.0002873555369133174
2020-12-30,0.0039733770648506484,0.002093003642264266,0.003840026805308574
2020-12-31,0.0006400767042923594,0.0005156166397842478,0.0005156166397842478
2021-01-03,0.000978510532731565,0.000978510532731565,0.000978510532731565
2021-01-04,0.007248687228813925,0.007100360846333052,0.007100360846333052
2021-01-05,0.002326274395639778,0.0022003130282170578,0.0022003130282170578
2021-01-06,-0.005853955098689959,-0.005853955098689959,-0.005853955098689959
2021-01-07,-0.0014696939799939673,-0.0014696939799939673,-0.0014696939799939673
2021-01-08,-0.01526481226972588,-0.01526481226972588,-0.01526481226972588
2021-01-10,-0.0011014580285546559,-0.0011014580285546559,-0.0011014580285546559
2021-01-11,0.00011477115849187199,0.0005577438358552722,-9.039477644361447e-06
2021-01-12,0.0032545811819932376,0.002902759653190802,0.003128130712622334
2021-01-13,-0.0025533612992070056,-0.0025533612992070056,-0.0025533612992070056
2021-01-14,-9.322869698664895e-05,0.0018668573572203058,-0.0002089507630361493
2021-01-15,-0.005041662698404855,-0.005041662698404855,-0.005041662698404855
2021-01-17,-0.004419606622302602,-0.004419606622302602,-0.004419606622302602
2021-01-18,0.005415682287219356,0.0024728442215243736,0.005274719422954443
2021-01-19,0.001057975574222627,0.0009374250945405007,0.0009374250945405007
2021-01-20,0.006610524727854188,0.001939113986021699,0.006465208784710138
2021-01-21,0.00015027341415390418,0.00015027341415390418,0.00015027341415390418
2021-01-22,-0.0032891380933504923,-0.0032891380933504923,-0.0032891380933504923
2021-01-24,-9.344063407338902e-05,-9.344063407338902e-05,-9.344063407338902e-05
2021-01-25,-6.829124698768023e-05,0.0020109865884140434,-0.00018280211248833587
2021-01-26,-0.0006906229478864964,-0.0006906229478864964,-0.0006906229478864964
2021-01-27,-0.0023509406342755003,-0.0023509406342755003,-0.0023509406342755003
2021-01-28,0.0014295505341008728,0.00210729363693675,0.0013086496446515368
2021-01-29,0.0007478516101418155,0.001898965157076172,0.0006286980582969632
2021-01-31,0.0006008533446499852,0.0006008533446499852,0.0006008533446499852
2021-02-01,0.0011026066953999725,0.0019308682884881915,0.000982089270459651
2021-02-02,-0.004914919890803221,-0.004914919890803221,-0.004914919890803221
2021-02-03,-0.0007761979865216477,-0.0007761979865216477,-0.0007761979865216477
2021-02-04,-0.009296214003109772,-0.009296214003109772,-0.009296214003109772
2021-02-05,0.004440929493432567,0.0027282265361139872,0.0043060457137871246
2021-02-07,0.00010446997489667727,0.00010446997489667727,0.00010446997489667727
2021-02-08,0.003449914205716443,0.0021226861370393824,0.00331916655952205
2021-02-09,0.0010148101805077187,0.0019391582712231104,0.0008947428845312681
2021-02-10,0.0011247745478576011,0.0021488357384381747,0.0010056681393169164
2021-02-11,-0.003456043510011969,-0.003456043510011969,-0.003456043510011969
2021-02-12,-0.0009849553886587782,-0.0009849553886587782,-0.0009849553886587782
2021-02-14,-0.0011086426907495914,-0.0011086426907495914,-0.0011086426907495914
2021-02-15,-0.0003517811608254213,-0.0003517811608254213,-0.0003517811608254213
2021-02-16,-0.007485887621179468,-0.007485887621179468,-0.007485887621179468
2021-02-17,-0.0026020043335874886,-0.0026020043335874886,-0.0026020043335874886
2021-02-18,-0.0016041443078916885,0.0023517802121876897,-0.0017068149594406776
2021-02-19,0.003260685859935744,0.0031585189106063663,0.0031358778242879352
2021-02-21,-0.00025119875616847457,-0.00025119875616847457,-0.00025119875616847457
2021-02-22,0.006095351771743766,0.001911002426299918,0.005952493576794083
2021-02-23,-0.0009077976512518304,-0.0009077976512518304,-0.0009077976512518304
2021-02-24,-0.000890393423369176,-0.000890393423369176,-0.000890393423369176
2021-02-25,-0.008087558319186575,-0.008087558319186575,-0.008087558319186575
2021-02-26,-0.00871263746225633,-0.00871263746225633,-0.00871263746225633
2021-02-28,0.0005600552646712314,0.0005600552646712314,0.0005600552646712314
2021-03-01,-0.003935008560551616,-0.00402448030211431,-0.00402448030211431
2021-03-02,0.0031217363206671594,0.002152918420405925,0.0029926919985693496
2021-03-03,-0.006679627676206082,-0.006679627676206082,-0.006679627676206082
2021-03-04,-0.004395878635409861,-0.0044823631818893175,-0.0044823631818893175
2021-03-05,0.0018271285093161304,0.0017092158794471035,0.0017092158794471035
2021-03-07,0.00019504826046529697,0.00019504826046529697,0.00019504826046529697
2021-03-08,-0.0054071006068874975,0.0019305796503588568,-0.005498372229744214
2021-03-09,0.008485189157993492,0.002476556073908017,0.008326675755108348
2021-03-10,0.002424301822903659,0.0005550328381772207,0.002301517590290283
2021-03-11,-0.0010140400185092073,-0.0011180721102349426,-0.0011180721102349426
2021-03-12,0.000709347946746082,0.000709347946746082,0.000709347946746082
2021-03-14,-0.0004744430225642894,-0.0004744430225642894,-0.0004744430225642894
2021-03-15,0.0011876526629893054,0.001070993373219776,0.001070993373219776
2021-03-16,-4.404546223479565e-05,-4.404546223479565e-05,-4.404546223479565e-05
2021-03-17,0.004128590606281012,0.002693868682323478,0.003999596459843714
2021-03-18,-0.003660468030534067,-0.003660468030534067,-0.003660468030534067
2021-03-19,0.0026762313245000044,0.0025532486366681784,0.0025532486366681784
2021-03-21,-0.000866133252189398,-0.000866133252189398,-0.000866133252189398
2021-03-22,-6.295884812450142e-05,-6.295884812450142e-05,-6.295884812450142e-05
2021-03-23,-0.0032621038804590756,-0.0032621038804590756,-0.0032621038804590756
2021-03-24,0.0020149374519968844,0.0018948522597500089,0.0018948522597500089
2021-03-25,-0.0016563731087113282,-0.0017518120068117362,-0.0017518120068117362
2021-03-26,0.0008216920015854934,0.0007023231988000991,0.0007023231988000991
2021-03-28,-0.00018774534079752975,-0.00018774534079752975,-0.00018774534079752975
2021-03-29,-0.0048010773000319055,-0.0048010773000319055,-0.0048010773000319055
2021-03-30,-0.0063725025116188145,-0.0063725025116188145,-0.0063725025116188145
2021-03-31,0.005904170559675491,0.0032699161650347696,0.005764043193529619
2021-04-01,0.0054816967010235295,0.0025013869154413416,0.005344080669805922
2021-04-04,5.1546593580551225e-05,5.1546593580551225e-05,5.1546593580551225e-05
2021-04-05,0.0005724473026684379,0.0004522607499562118,0.0004522607499562118
2021-04-06,0.003451833269843027,0.0020018489294566072,0.0033249730015284607
2021-04-07,-0.0011793655502922696,-0.0011793655502922696,-0.0011793655502922696
2021-04-08,0.004202552477227094,0.002156008431040284,0.004072107994301968
2021-04-09,-0.002609570223483553,-0.002609570223483553,-0.002609570223483553
2021-04-11,-0.0002780007860354684,-0.0002780007860354684,-0.0002780007860354684
2021-04-12,-0.0022443879784757345,-0.0022443879784757345,-0.0022443879784757345
2021-04-13,0.004013619129804991,0.0023773458958773154,0.003884487414829291
2021-04-14,-0.0021971011429958607,-0.0021971011429958607,-0.0021971011429958607
2021-04-15,0.006309835139947883,0.0021047314224597177,0.006168716689947694
2021-04-16,0.002646396176699866,0.0025249599353750892,0.0025249599353750892
2021-04-18,0.0002615904462840409,0.0002615904462840409,0.0002615904462840409
2021-04-19,-0.0013479197895536553,-0.001449543638039555,-0.001449543638039555
2021-04-20,0.0010409659900799477,0.0009228713913922442,0.0009228713913922442
2021-04-21,0.003724549008921844,0.001974756879660783,0.003596351419219548
2021-04-22,-0.0024001704576979217,-0.0024001704576979217,-0.0024001704576979217
2021-04-23,-0.0016719471423771554,-0.0017746892660725766,-0.0017746892660725766
2021-04-25,1.9208678210981983e-05,1.9208678210981983e-05,1.9208678210981983e-05
2021-04-26,0.0008388274753437892,0.0007182719262978829,0.0007182719262978829
2021-04-27,-0.0015789681524995278,-0.0015789681524995278,-0.0015789681524995278
2021-04-28,0.0027086294008427905,0.002585698536320822,0.002585698536320822
2021-04-29,-0.0028828524624363284,-0.0028828524624363284,-0.0028828524624363284
2021-04-30,-0.0007610437306958739,-0.0007610437306958739,-0.0007610437306958739
2021-05-02,0.0005926816472987173,0.0005926816472987173,0.0005926816472987173
2021-05-03,0.005824491864780306,0.0019610174848334887,0.005686370415304715
2021-05-04,-0.0029897528853123673,-0.0029897528853123673,-0.0029897528853123673
2021-05-05,0.0019133918679756243,0.001792401839368969,0.001792401839368969
2021-05-06,0.006966645905302635,0.0020251368595705314,0.00682270801195249
2021-05-07,0.0038574950331116634,0.005429148506813308,0.003758080126464912
2021-05-09,0.0006601127125960339,0.0006601127125960339,0.0006601127125960339
2021-05-10,0.0007805310327193223,0.0006664114071087272,0.0006664114071087272
2021-05-11,8.127287644889152e-05,-3.818543883519263e-05,-3.818543883519263e-05
2021-05-12,-0.0042056855942710055,-0.0042056855942710055,-0.0042056855942710055
2021-05-13,0.0026289818864729795,0.0025062219193379767,0.0025062219193379767
2021-05-14,0.004097493391260475,0.001914417914185608,0.003967534416198128
2021-05-16,0.0005028510899763973,0.0005028510899763973,0.0005028510899763973
2021-05-17,0.005657442408487106,0.005519565725237744,0.005519565725237744
2021-05-18,0.00029347220717769,0.00029347220717769,0.00029347220717769
2021-05-19,-0.0006004944752725895,-0.0006794741545284046,-0.0006794741545284046
2021-05-20,0.001861397578522602,0.0017418780188903165,0.0017418780188903165
2021-05-21,0.0010330923961879813,0.000917604351966618,0.000917604351966618
2021-05-23,0.0006201440526122412,0.0006201440526122412,0.0006201440526122412
2021-05-24,-0.0013952168531231493,-0.0013952168531231493,-0.0013952168531231493
2021-05-25,0.005129911993838311,0.004987850370794086,0.004987850370794086
2021-05-26,-0.0007304265169224532,-0.0008457830576561304,-0.0008457830576561304
2021-05-27,0.0007401400646655865,0.0005967684519642346,0.0005967684519642346
2021-05-28,0.0016604464691790245,0.0014995188670810745,0.0014995188670810745
2021-05-30,-0.00014632333174020387,-0.00014632333174020387,-0.00014632333174020387
2021-05-31,0.0013238628024917864,0.001127274782708269,0.001127274782708269
2021-06-01,-0.003242257967376195,-0.0034420889596503287,-0.0034420889596503287
2021-06-02,0.004080202648489688,0.003851199953870072,0.003851199953870072
2021-06-03,-0.01632227404663193,-0.01632227404663193,-0.01632227404663193
2021-06-04,0.009020747670452942,0.008759772361469948,0.008759772361469948
2021-06-06,-0.00017870168045285964,-0.00017870168045285964,-0.00017870168045285964
2021-06-07,0.0036944587982242543,0.0034523737424760497,0.0034523737424760497
2021-06-08,-0.00256626437049483,-0.00256626437049483,-0.00256626437049483
2021-06-09,-0.002606821191695208,-0.002606821191695208,-0.002606821191695208
2021-06-10,0.005163495315991173,0.004917570792404293,0.004917570792404293
2021-06-11,-0.009564331205525555,-0.009564331205525555,-0.009564331205525555
2021-06-13,-0.001800245912939635,-0.001800245912939635,-0.001800245912939635
2021-06-14,-0.0022910444666429503,-0.0022910444666429503,-0.0022910444666429503
2021-06-15,-0.003643525648738996,-0.003643525648738996,-0.003643525648738996
2021-06-16,-0.017250849905014992,0.001900237703826364,-0.017442926745133657
2021-06-17,-0.018237785289148427,0.0025480657480374093,-0.018410007437383948
2021-06-18,-0.005578651720844967,0.0026089307837035614,-0.005743764493429419
2021-06-20,0.0006205682958899454,0.0006205682958899454,0.0006205682958899454
2021-06-21,0.004146978427313241,0.0021234117687255493,0.003973753886436143
2021-06-22,-0.0020352479353119264,-0.0020352479353119264,-0.0020352479353119264
2021-06-23,-0.0004468448194997443,0.001978118307518428,-0.0005854154553903761
2021-06-24,-0.0005659717082527333,0.002094027031846172,-0.0006977173738719646
2021-06-25,0.0019080183264419156,0.002495362410992571,0.0017698739510605883
2021-06-27,0.0002620177825253171,0.0002620177825253171,0.0002620177825253171
2021-06-28,-0.0007635913612223374,-0.0007635913612223374,-0.0007635913612223374
2021-06-29,-0.004441289586148035,-0.004441289586148035,-0.004441289586148035
2021-06-30,0.001954274244302767,0.0018122300851504702,0.0018122300851504702
2021-07-01,0.002102910690795185,0.001960923098353815,0.001960923098353815
2021-07-02,0.0031910433583783133,0.0020352341775039706,0.0030450139870557714
2021-07-04,-0.00029198606343390444,-0.00029198606343390444,-0.00029198606343390444
2021-07-05,0.00189805437454881,0.0017583202611863205,0.0017583202611863205
2021-07-06,0.0008734363334211755,0.0007388374025907977,0.0007388374025907977
2021-07-07,0.0023145306130980293,0.002171946576727674,0.002171946576727674
2021-07-08,3.338471399219831e-05,-0.00010010114763946707,-0.00010010114763946707
2021-07-09,0.0013608647382629538,0.0012208692034148547,0.0012208692034148547
2021-07-11,-0.000412702098257919,-0.000412702098257919,-0.000412702098257919
2021-07-12,-5.552819563489066e-05,-5.552819563489066e-05,-5.552819563489066e-05
2021-07-13,-0.0006520594050956968,-0.0007878162720391839,-0.0007878162720391839
2021-07-14,0.00575238843827139,0.0020912617315870224,0.005595490039078796
2021-07-15,0.0008104040993007085,0.0006687409958125456,0.0006687409958125456
2021-07-16,-0.005115646109108822,-0.005115646109108822,-0.005115646109108822
2021-07-18,0.0011633947701951153,0.0011633947701951153,0.0011633947701951153
2021-07-19,-0.0013811888837973198,-0.0013811888837973198,-0.0013811888837973198
2021-07-20,-0.00105692159013218,-0.0011817154881302813,-0.0011817154881302813
2021-07-21,-0.0016619291347804383,-0.0016619291347804383,-0.0016619291347804383
2021-07-22,0.0013698442192664744,0.0012281166695067307,0.0012281166695067307
2021-07-23,-0.001574076275607429,-0.001574076275607429,-0.001574076275607429
2021-07-25,-0.0004928508332225598,-0.0004928508332225598,-0.0004928508332225598
2021-07-26,-0.0005297692042547887,-0.0006615001997691927,-0.0006615001997691927
2021-07-27,0.0006643772572419971,0.0005573406801040479,0.0005228377610593489
2021-07-28,0.002777476363257397,0.002001205685808892,0.002633080805056464
2021-07-29,0.005849460229807902,0.00197060084072461,0.005692535811145023
2021-07-30,-0.003999265770690702,-0.003999265770690702,-0.003999265770690702
2021-08-01,-6.721162695754257e-05,-6.721162695754257e-05,-6.721162695754257e-05
2021-08-02,-0.0002885831034506161,-0.00042887096748654686,-0.00042887096748654686
2021-08-03,-0.000541600094576846,-0.000541600094576846,-0.000541600094576846
2021-08-04,0.00030763505504123584,0.00017400050309732042,0.00017400050309732042
2021-08-05,-0.00208990926246446,-0.00208990926246446,-0.00208990926246446
2021-08-06,-0.010897256025804014,-0.010897256025804014,-0.010897256025804014
2021-08-08,-0.01163106632796405,-0.01163106632796405,-0.01163106632796405
2021-08-09,0.0030977518625082473,0.0020644293613126703,0.002970499752868861
2021-08-10,-0.0011643571354743218,-0.0011643571354743218,-0.0011643571354743218
2021-08-11,0.006494005108835889,0.001959235927476025,0.0063523642914346395
2021-08-12,0.00012375407040233254,0.00012375407040233254,0.00012375407040233254
2021-08-13,0.00619144432774932,0.002366381200885077,0.006056022657047898
2021-08-15,-0.00016949628168156278,-0.00016949628168156278,-0.00016949628168156278
2021-08-16,0.0018440895017258429,0.001737416014612361,0.001737416014612361
2021-08-17,-6.60377267871801e-05,-6.60377267871801e-05,-6.60377267871801e-05
2021-08-18,0.00024712689749427526,0.0001402185353964636,0.0001402185353964636
2021-08-19,-0.0014129880440808139,-0.0014129880440808139,-0.0014129880440808139
2021-08-20,7.48205011806389e-05,-2.9534946028404288e-05,-2.9534946028404288e-05
2021-08-22,-0.0007814911316397808,-0.0007814911316397808,-0.0007814911316397808
2021-08-23,0.005799153443045485,0.0021234348595901855,0.005671237294333949
2021-08-24,-0.0005041232140704072,-0.0006099766301899486,-0.0006099766301899486
2021-08-25,-0.002203211721311586,-0.002203211721311586,-0.002203211721311586
2021-08-26,0.0004382445140486911,0.0004382445140486911,0.0004382445140486911
2021-08-27,0.004777849993868166,0.0021146223153198623,0.004655753178793596
2021-08-29,-6.904818564265336e-05,-6.904818564265336e-05,-6.904818564265336e-05
2021-08-30,-0.0015074590658127143,-0.0015074590658127143,-0.0015074590658127143
2021-08-31,0.0007965292027100458,0.0006890266754643088,0.0006890266754643088
2021-09-01,-0.00016364209359723004,-0.00016364209359723004,-0.00016364209359723004
2021-09-02,-0.0011427477626867095,-0.0011427477626867095,-0.0011427477626867095
2021-09-03,0.003847463773502638,0.0037306472100578506,0.0037306472100578506
2021-09-05,-0.0004180835104311684,-0.0004180835104311684,-0.0004180835104311684
2021-09-06,-0.0006812008246171573,-0.0006812008246171573,-0.0006812008246171573
2021-09-07,-0.00621582633032453,-0.00621582633032453,-0.00621582633032453
2021-09-08,-0.0011208906665496046,-0.0011208906665496046,-0.0011208906665496046
2021-09-09,0.0012799171752026224,0.0011790789236815543,0.0011790789236815543
2021-09-10,-0.001852061006142401,-0.001852061006142401,-0.001852061006142401
2021-09-12,-0.00017238324463998757,-0.00017238324463998757,-0.00017238324463998757
2021-09-13,0.001412394786348679,0.0013090573155731728,0.0013090573155731728
2021-09-14,0.0023658497446909215,0.002262482920694221,0.002262482920694221
2021-09-15,-0.0017723210008808402,-0.0017723210008808402,-0.0017723210008808402
2021-09-16,-0.008632954748497467,-0.008632954748497467,-0.008632954748497467
2021-09-17,-0.00012799766014998955,-0.00022173506251694922,-0.00022173506251694922
2021-09-19,-6.290599916801056e-05,-6.290599916801056e-05,-6.290599916801056e-05
2021-09-20,0.002503293295068268,0.0020023261185037238,0.0023935776049601727
2021-09-21,0.0022356241888768446,0.0019218714843930661,0.002126968961576192
2021-09-22,-0.0016670114184592472,-0.0017690830726518826,-0.0017690830726518826
2021-09-23,-0.0044605123514979495,-0.0044605123514979495,-0.0044605123514979495
2021-09-24,0.0006709759456430367,0.0005714393871495622,0.0005714393871495622
2021-09-26,-8.916203455755003e-05,-8.916203455755003e-05,-8.916203455755003e-05
2021-09-27,1.216925790082465e-05,-8.508050001319088e-05,-8.508050001319088e-05
2021-09-28,-0.003419241482735053,-0.003419241482735053,-0.003419241482735053
2021-09-29,-0.001110589197000183,-0.0012013514511475536,-0.0012013514511475536
2021-09-30,0.0052313997631540056,0.0022944441277450863,0.005106405643490098
2021-10-01,0.001794258553638213,0.0016878858767775933,0.0016878858767775933
2021-10-03,0.0002721531422877099,0.0002721531422877099,0.0002721531422877099
2021-10-04,0.0006893763774196146,0.0005825970765198793,0.0005825970765198793
2021-10-05,-0.001782014464080535,-0.001782014464080535,-0.001782014464080535
2021-10-06,0.0012553978022324462,0.0011472153007126228,0.0011472153007126228
2021-10-07,-0.0017654225784782566,-0.0017654225784782566,-0.0017654225784782566
2021-10-08,0.0006466625544178431,0.0005493124546912984,0.0005493124546912984
2021-10-10,-0.0006292553795998574,-0.0006292553795998574,-0.0006292553795998574
2021-10-11,-0.0007640127363099632,-0.0007640127363099632,-0.0007640127363099632
2021-10-12,0.0017635051273341953,0.0016578591596916315,0.0016578591596916315
2021-10-13,0.0066628562355177424,0.002042669218139192,0.006530525858085244
2021-10-14,0.0007867427026086148,0.0006812838229519323,0.0006812838229519323
2021-10-15,-0.0061144499381559,-0.0061144499381559,-0.0061144499381559
2021-10-17,0.0009446209666389271,0.0009446209666389271,0.0009446209666389271
2021-10-18,-0.0013230425827692174,-0.0013230425827692174,-0.0013230425827692174
2021-10-19,0.0008258669265806974,0.0007246488764576769,0.0007246488764576769
2021-10-20,0.0027866585787283847,0.0021834175907801817,0.00267613467936963
2021-10-21,0.0006249622358203988,0.0006249622358203988,0.0006249622358203988
2021-10-22,0.0016562378531162919,0.0015505662959019227,0.0015505662959019227
2021-10-24,0.0001960638836797973,0.0001960638836797973,0.0001960638836797973
2021-10-25,0.002944358182640295,0.0019204216436367637,0.0028320388095950657
2021-10-26,-0.0027982991709356113,-0.0027982991709356113,-0.0027982991709356113
2021-10-27,0.0004835637281940358,0.000376527127088677,0.000376527127088677
2021-10-28,0.0009042792752823088,0.0008035535983859561,0.0008035535983859561
2021-10-29,-0.0032871679629832,-0.0032871679629832,-0.0032871679629832
2021-10-31,-0.0004676266653613971,-0.0004676266653613971,-0.0004676266653613971
2021-11-01,0.0022514837634741536,0.0019150038389825405,0.002142716211200804
2021-11-02,-0.0010426895232509457,-0.0010426895232509457,-0.0010426895232509457
2021-11-03,-0.0021153133361730965,-0.0021153133361730965,-0.0021153133361730965
2021-11-04,0.0033454589779682263,0.0026004224423305205,0.00323335838764276
2021-11-05,0.005468615781157242,0.002061583378943357,0.005342767012059867
2021-11-07,-0.00016235590539013755,-0.00016235590539013755,-0.00016235590539013755
2021-11-08,0.0020318405318475786,0.0019243749276337885,0.0019243749276337885
2021-11-09,0.0011629533503688314,0.001054962069253494,0.001054962069253494
2021-11-10,0.0036992737623072,0.003597953148232121,0.003597953148232121
2021-11-11,0.0023853099584970096,0.002276999521823281,0.002276999521823281
2021-11-12,0.000730044334824375,0.0006224452934865244,0.0006224452934865244
2021-11-14,-0.0002452452533111854,-0.0002452452533111854,-0.0002452452533111854
2021-11-15,-0.0006555139806022803,-0.0007830239787119158,-0.0007830239787119158
2021-11-16,-0.003608246008600956,-0.0037270572559138637,-0.0037270572559138637
2021-11-17,0.0043587306330849,0.0041938574537683185,0.0041938574537683185
2021-11-18,-0.002732650708603082,-0.002732650708603082,-0.002732650708603082
2021-11-19,-0.005140270716064145,-0.005140270716064145,-0.005140270716064145
2021-11-21,0.0002615397841701387,0.0002615397841701387,0.0002615397841701387
2021-11-22,-0.01419240722992551,-0.01419240722992551,-0.01419240722992551
2021-11-23,-0.0068964267456196274,-0.0068964267456196274,-0.0068964267456196274
2021-11-24,-0.0005529167620915741,-0.0005529167620915741,-0.0005529167620915741
2021-11-25,0.00033200466451428155,0.00033200466451428155,0.00033200466451428155
2021-11-26,0.0005243838331701213,0.002198528529775213,0.0003335482729164426
2021-11-28,0.004051539561816889,0.001982708356575116,0.003849455854549992
2021-11-29,-0.0017043325624430475,0.0021717412542745338,-0.0018838705639680092
2021-11-30,-0.004905790209078998,0.0024321415945886553,-0.005063260354042374
2021-12-01,0.002503861984864481,0.0023340752171713388,0.0023302186948813623
2021-12-02,-0.0035776386017113923,-0.0035776386017113923,-0.0035776386017113923
2021-12-03,0.003991458806781538,0.001388737880972721,0.0038269479707033717
2021-12-05,6.0890961786791236e-05,6.0890961786791236e-05,6.0890961786791236e-05
2021-12-06,-0.0009525873025334411,-0.0009525873025334411,-0.0009525873025334411
2021-12-07,0.0010258284806927754,0.0004398111076125711,0.0008752438249798556
2021-12-08,-0.00040647267323779104,-0.0005461135246802287,-0.0005461135246802287
2021-12-09,-0.00228246339822503,-0.00228246339822503,-0.00228246339822503
2021-12-10,0.001571816069389878,0.00142386983725332,0.00142386983725332
2021-12-12,-0.00017933208789889068,-0.00017933208789889068,-0.00017933208789889068
2021-12-13,0.0008897049865513165,0.0007438774712073049,0.0007438774712073049
2021-12-14,-0.003967184890468437,-0.003967184890468437,-0.003967184890468437
2021-12-15,0.0019715952557352173,0.0018208024722448975,0.0018208024722448975
2021-12-16,0.006066452105869569,0.0019900024070399107,0.00590089605375356
2021-12-17,-0.00033434242786150415,-0.00047503447276992764,-0.00047503447276992764
2021-12-19,-0.00013302984762464986,-0.00013302984762464986,-0.00013302984762464986
2021-12-20,-0.0026554238895351457,-0.0026554238895351457,-0.0026554238895351457
2021-12-21,-0.00018810133918009358,-0.0003299083942780465,-0.0003299083942780465
2021-12-22,0.003966897418803414,0.0025144529287585466,0.003810137544386749
2021-12-23,0.0014934436478351782,0.0013429241208830754,0.0013429241208830754
2021-12-26,-0.00020607913454660505,-0.00020607913454660505,-0.00020607913454660505
2021-12-27,0.0013797739346398346,0.0012297537118019504,0.0012297537118019504
2021-12-28,-0.0015704714046306419,-0.001707330223282861,-0.001707330223282861
2021-12-29,-8.050980469757815e-05,-8.050980469757815e-05,-8.050980469757815e-05
2021-12-30,0.0033481672012762895,0.0015916633592449637,0.003192827277517056
2021-12-31,0.003659450529584394,0.0023948639408742493,0.0035038649735474403
2022-01-02,-0.0005989947186251107,-0.0005989947186251107,-0.0005989947186251107
2022-01-03,-0.006797980866753794,-0.006797980866753794,-0.006797980866753794
2022-01-04,0.002879463948765137,0.0027305093515481564,0.0027305093515481564
2022-01-05,-0.0011413034774622364,-0.001279284785935835,-0.001279284785935835
2022-01-06,-0.005251387025656297,-0.005251387025656297,-0.005251387025656297
2022-01-07,0.0012774820466537069,0.001126635769977971,0.001126635769977971
2022-01-09,-0.00030226126681654126,-0.00030226126681654126,-0.00030226126681654126
2022-01-10,0.002160033687831587,0.002009728864701364,0.002009728864701364
2022-01-11,0.005061369103537552,0.0023272603781430683,0.004899330233184116
2022-01-12,0.001177788450668871,0.001027130296600906,0.001027130296600906
2022-01-13,-0.0011405258784006056,-0.0011405258784006056,-0.0011405258784006056
2022-01-14,-0.0007749315834477342,-0.0009132331015257657,-0.0009132331015257657
2022-01-16,-0.0002782413533258481,-0.0002782413533258481,-0.0002782413533258481
2022-01-17,0.0009861594347025143,0.0008400503350392912,0.0008400503350392912
2022-01-18,-0.0014511954464318077,-0.0014511954464318077,-0.0014511954464318077
2022-01-19,0.007559561396806626,0.0019832364604697485,0.007388277805616277
2022-01-20,-0.0001591481247286532,-0.0003010108780730446,-0.0003010108780730446
2022-01-21,-0.0011436443996139679,-0.0011436443996139679,-0.0011436443996139679
2022-01-23,0.00014335343127551618,0.00014335343127551618,0.00014335343127551618
2022-01-24,0.0028531751957909506,0.0027000630369971024,0.0027000630369971024
2022-01-25,0.0019670888429414485,0.001818009156020641,0.001818009156020641
2022-01-26,-0.007781218139883923,-0.007781218139883923,-0.007781218139883923
2022-01-27,-0.006569534978369492,-0.006569534978369492,-0.006569534978369492
2022-01-28,-0.0014305766505296848,-0.0014305766505296848,-0.0014305766505296848
2022-01-30,3.866968477846426e-05,3.866968477846426e-05,3.866968477846426e-05
2022-01-31,0.0025792588172419873,0.0024447149201799975,0.002428887614425853
2022-02-01,0.0009594455998524024,0.002071862168493117,0.0008141254254233116
2022-02-02,0.0022143714895216013,0.0020648143109118994,0.0020648143109118994
2022-02-03,-0.00057123787204351,-0.00057123787204351,-0.00057123787204351
2022-02-04,0.0007439379691393112,0.0006011558323622541,0.0006011558323622541
2022-02-06,0.0001853250422512119,0.0001853250422512119,0.0001853250422512119
2022-02-07,0.002854502209571254,0.002701334002108608,0.002701334002108608
2022-02-08,0.0015301123743968505,0.0013804467112479416,0.0013804467112479416
2022-02-09,0.0020654747872780165,0.0019137401409763644,0.0019137401409763644
2022-02-10,-0.0016353394298910704,-0.0017685589052176833,-0.0017685589052176833
2022-02-11,0.009143955091877768,0.00895996634233839,0.00895996634233839
2022-02-13,-0.00036727939861113697,-0.00036727939861113697,-0.00036727939861113697
2022-02-14,0.003375224050898426,0.0032200721304591175,0.0032200721304591175
2022-02-15,-0.00524475717541961,-0.005365294817229618,-0.005365294817229618
2022-02-16,0.005106782084791229,0.004945152063662831,0.004945152063662831
2022-02-17,0.009236739223765942,0.009034614029224263,0.009034614029224263
2022-02-18,-0.0007166305441520067,-0.0007166305441520067,-0.0007166305441520067
2022-02-20,0.00019908794196404694,0.00019908794196404694,0.00019908794196404694
2022-02-21,0.001456731422701436,0.0012336994014164797,0.0012336994014164797
2022-02-22,-0.007224454703995275,-0.007224454703995275,-0.007224454703995275
2022-02-23,0.005930320796352338,0.00565081775492792,0.00565081775492792
2022-02-24,-0.0023406043442151343,-0.002628745879357727,-0.002628745879357727
2022-02-25,-0.010223853466480082,-0.01051920403403059,-0.01051920403403059
2022-02-27,-0.0023647011219109036,-0.0023647011219109036,-0.0023647011219109036
2022-02-28,-0.001455268993060616,-0.0017644164192342716,-0.0017644164192342716
2022-03-01,0.022344192431365394,0.021957247427806373,0.021957247427806373
2022-03-02,-0.009077416208701412,-0.009077416208701412,-0.009077416208701412
2022-03-03,0.0032687582140167857,0.0029208829538416737,0.0029208829538416737
2022-03-04,0.019990101522531622,0.019603860142431217,0.019603860142431217
2022-03-06,0.0004933489100573322,0.0004933489100573322,0.0004933489100573322
2022-03-07,0.006878601236776806,0.006505527003027193,0.006505527003027193
2022-03-08,0.029869325009290945,0.029371820032829513,0.029371820032829513
2022-03-09,-0.0361792840126122,0.002867592630969351,-0.03647455196452379
2022-03-10,0.004824263839874497,0.004559738429348446,0.004453528288063159
2022-03-11,-0.0037957391663972113,-0.0037957391663972113,-0.0037957391663972113
2022-03-13,-0.004843158916007242,-0.004843158916007242,-0.004843158916007242
2022-03-14,-0.01172006602211332,0.004441775744930813,-0.012013816390836337
2022-03-15,-0.018967426174225865,-0.018967426174225865,-0.018967426174225865
2022-03-16,0.0035854261354209245,0.002302681643373908,0.0032921733470796495
2022-03-17,0.008569501405798307,0.0032039092918100796,0.008277093214276058
2022-03-18,-0.011108718184326254,-0.011108718184326254,-0.011108718184326254
2022-03-20,3.4756925125663796e-05,3.4756925125663796e-05,3.4756925125663796e-05
2022-03-21,0.006519744993094669,0.003028429616421849,0.006275991396727336
2022-03-22,-0.006397896628455118,-0.006397896628455118,-0.006397896628455118
2022-03-23,0.010304562085200624,0.002355614184602344,0.010068868683864005
2022-03-24,0.005038053657358079,0.0022762229983375334,0.004826727625224143
2022-03-25,-0.0011036659466500192,-0.0011036659466500192,-0.0011036659466500192
2022-03-27,0.000373782373626073,0.000373782373626073,0.000373782373626073
2022-03-28,-0.012026509034444334,-0.012026509034444334,-0.012026509034444334
2022-03-29,-0.0024830622357919427,-0.0024830622357919427,-0.0024830622357919427
2022-03-30,0.005472025465707881,0.0022103190335758215,0.00527443460434835
2022-03-31,0.00219427180950588,0.0019233174119663704,0.0020103174687695893
2022-04-01,-0.0034182389870464143,-0.0034182389870464143,-0.0034182389870464143
2022-04-03,0.0004953606318356874,0.0004953606318356874,0.0004953606318356874
2022-04-04,0.0019413631490910784,0.0021687884089592927,0.0017590905010477444
2022-04-05,-0.004012823538605875,0.003613232303669217,-0.004152479271478243
2022-04-06,0.0010476006809980272,0.0035854096542941314,0.0008790079037878382
2022-04-07,0.002684005611437113,0.0025362379027602114,0.0025004017932064053
2022-04-08,0.004824597095878953,0.004632450357498923,0.004632450357498923
2022-04-10,-0.0014480865843643274,-0.0014480865843643274,-0.0014480865843643274
2022-04-11,0.00242879634182873,0.002247632435130461,0.002247632435130461
2022-04-12,0.004183603193787523,0.003993518248163219,0.003993518248163219
2022-04-13,0.004004327424933549,0.0038148693136159277,0.0038148693136159277
2022-04-14,-0.0010705950959127204,-0.0010705950959127204,-0.0010705950959127204
2022-04-17,0.0043264104922470115,0.0041358892291383665,0.0041358892291383665
2022-04-18,-0.003032824368231027,-0.003199602404167552,-0.003199602404167552
2022-04-19,-0.009155041769978608,-0.009155041769978608,-0.009155041769978608
2022-04-20,0.0030632490871740376,0.002876603347223231,0.002876603347223231
2022-04-21,-0.0010615881087872284,-0.0010615881087872284,-0.0010615881087872284
2022-04-22,-0.006800353392295224,-0.006800353392295224,-0.006800353392295224
2022-04-24,-0.000292617871873348,-0.000292617871873348,-0.000292617871873348
2022-04-25,-0.010423577874821956,-0.010423577874821956,-0.010423577874821956
2022-04-26,0.0020993587149325875,0.002072686477778685,0.0019161962954454175
2022-04-27,-0.0068505416637007705,-0.0068505416637007705,-0.0068505416637007705
2022-04-28,0.0031854516920627736,0.0009437034875280346,0.003010542073518979
2022-04-29,-0.00022800286861839085,0.0018877595599902748,-0.0003815704675064306
2022-05-01,-0.00031552588935960586,-0.00031552588935960586,-0.00031552588935960586
2022-05-02,-0.009885826128578693,-0.009885826128578693,-0.009885826128578693
2022-05-03,0.0007592979026587392,0.0020883171966251486,0.0006334914716812368
2022-05-04,0.006604537122096637,0.0012293284022844367,0.006458267933138151
2022-05-05,-0.004662462579366879,-0.0047532625908219255,-0.0047532625908219255
2022-05-06,0.0022947285358805533,0.0021719663118519163,0.0021719663118519163
2022-05-08,-0.0007573464670223657,-0.0007573464670223657,-0.0007573464670223657
2022-05-09,-0.005589734175625771,-0.005589734175625771,-0.005589734175625771
2022-05-10,-0.004521558077063845,0.0025504774283350807,-0.00459971964114701
2022-05-11,0.004743609938036169,0.0019273202437933685,0.0046097007525315505
2022-05-12,-0.007101224393859513,-0.007101224393859513,-0.007101224393859513
2022-05-13,-0.0025475421767299083,-0.0025475421767299083,-0.0025475421767299083
2022-05-15,-8.618422563073369e-05,-8.618422563073369e-05,-8.618422563073369e-05
2022-05-16,0.0028039965138025604,0.0004595531232122632,0.0026923850606881796
2022-05-17,-0.0028263628525093893,-0.0028263628525093893,-0.0028263628525093893
2022-05-18,1.3779814267248439e-05,-9.194864067379858e-05,-9.194864067379858e-05
2022-05-19,0.005635603340053714,0.002399634030785153,0.005506891545403537
2022-05-20,0.0007889537273354806,0.000680049709770363,0.000680049709770363
2022-05-22,0.0002854568803927604,0.0002854568803927604,0.0002854568803927604
2022-05-23,0.0013043851167053831,0.0012046063981828513,0.0012046063981828513
2022-05-24,0.00288514189947002,0.0028420782822788314,0.0027766669658881456
2022-05-25,-0.002526987864436783,-0.002526987864436783,-0.002526987864436783
2022-05-26,8.937098060158128e-05,8.937098060158128e-05,8.937098060158128e-05
2022-05-27,0.00029109472863000284,0.0001830386947532081,0.0001830386947532081
2022-05-29,-0.000791285308629223,-0.000791285308629223,-0.000791285308629223
2022-05-30,0.00032447486119465454,0.00022460464509887343,0.00022460464509887343
2022-05-31,-0.0031355568843337085,-0.0031355568843337085,-0.0031355568843337085
2022-06-01,0.00225845058215158,0.002235637668226194,0.0021500779637920065
2022-06-02,0.004779720365965743,0.0019572471073363955,0.004656772254958886
2022-06-03,-0.003987129622771591,-0.003987129622771591,-0.003987129622771591
2022-06-05,0.00017972896410872125,0.00017972896410872125,0.00017972896410872125
2022-06-06,-0.0028688693438074847,-0.0028688693438074847,-0.0028688693438074847
2022-06-07,0.003012163105383084,0.0021289632680655288,0.0028989298293945693
2022-06-08,0.0005076751712928756,0.00040244457031005825,0.00040244457031005825
2022-06-09,-0.0012774911839464956,-0.0012774911839464956,-0.0012774911839464956
2022-06-10,0.005211212050286939,0.001971608013578753,0.005085978048800604
2022-06-12,-0.00016913806992465582,-0.00016913806992465582,-0.00016913806992465582
2022-06-13,-0.01080418716241937,-0.01080418716241937,-0.01080418716241937
2022-06-14,-0.0022691634314270415,-0.0022691634314270415,-0.0022691634314270415
2022-06-15,0.004446699848060015,0.0021585527178409427,0.004337600545831788
2022-06-16,0.0027226729327822575,0.0019245029949814983,0.002625255163387472
2022-06-17,-0.0016460572397401388,-0.0016460572397401388,-0.0016460572397401388
2022-06-19,0.0002677986749925094,0.0002677986749925094,0.0002677986749925094
2022-06-20,0.00021948259227491684,0.00021948259227491684,0.00021948259227491684
2022-06-21,-0.0013238553616082066,-0.0013238553616082066,-0.0013238553616082066
2022-06-22,0.0015104880401661878,0.0014212352836050265,0.0014212352836050265
2022-06-23,-0.002135724821559081,-0.002135724821559081,-0.002135724821559081
2022-06-24,0.00017970253999759293,8.78812213503263e-05,8.78812213503263e-05
2022-06-26,-0.0005685720494087674,-0.0005685720494087674,-0.0005685720494087674
2022-06-27,-0.001174641586631499,-0.001174641586631499,-0.001174641586631499
2022-06-28,-0.0010677958738637648,-0.0010677958738637648,-0.0010677958738637648
2022-06-29,-4.0563551815846724e-05,-0.00011968036861372856,-0.00011968036861372856
2022-06-30,-0.0021748041834112773,-0.0021748041834112773,-0.0021748041834112773
2022-07-01,0.0008334437751124524,0.0007404770699746854,0.0007404770699746854
2022-07-03,-0.0004897345530695581,-0.0004897345530695581,-0.0004897345530695581
2022-07-04,-0.00016233485091219756,-0.00016233485091219756,-0.00016233485091219756
2022-07-05,-0.00697008967857229,-0.00697008967857229,-0.00697008967857229
2022-07-06,-0.005518656540155521,-0.005518656540155521,-0.005518656540155521
2022-07-07,0.0003511604175507115,0.00025895507182429266,0.00025895507182429266
2022-07-08,2.0710741258571488e-05,2.0710741258571488e-05,2.0710741258571488e-05
2022-07-10,-0.00018063835247060584,-0.00018063835247060584,-0.00018063835247060584
2022-07-11,-0.0013949982980310353,-0.0013949982980310353,-0.0013949982980310353
2022-07-12,-0.0019274333335808434,-0.0019274333335808434,-0.0019274333335808434
2022-07-13,0.001433150197491752,0.0019827265380033456,0.001344337213177589
2022-07-14,-0.003621876659889943,-0.003621876659889943,-0.003621876659889943
2022-07-15,-0.0006605601689601773,-0.0006605601689601773,-0.0006605601689601773
2022-07-17,0.0005127820604533167,0.0005127820604533167,0.0005127820604533167
2022-07-18,-0.00010171850066162566,-0.00018177848656119287,-0.00018177848656119287
2022-07-19,0.0005809866585916531,0.001945523774710179,0.0004970268567375299
2022-07-20,-0.002836158294027339,-0.002836158294027339,-0.002836158294027339
2022-07-21,0.00465927229773185,0.0024065196613551614,0.00455041452362274
2022-07-22,0.0016611178529854415,0.0019565711699990294,0.001570715316639468
2022-07-24,-0.00026219664009288394,-0.00026219664009288394,-0.00026219664009288394
2022-07-25,-0.0009226910197052218,-0.0009954975952200214,-0.0009954975952200214
2022-07-26,-0.00028876890811447615,-0.00028876890811447615,-0.00028876890811447615
2022-07-27,0.0036560643598032095,0.0008100855321193323,0.003556295756196755
2022-07-28,0.003011941751416405,0.0025338094289611497,0.002916093574588437
2022-07-29,0.002225105885082356,0.0019470077540823935,0.0021312283845161023
2022-07-31,-0.0005035702215006365,-0.0005035702215006365,-0.0005035702215006365
2022-08-01,0.0018497372517390707,0.0020268072137679233,0.0017586633288182766
2022-08-02,-0.002772825691211258,0.00244079007895644,-0.002825712006134226
2022-08-03,0.0010328081958811295,0.0009462225802759497,0.0009462225802759497
2022-08-04,0.005391492913178944,0.0021874226202373732,0.005277652575713542
2022-08-05,-0.003272715864973162,-0.003272715864973162,-0.003272715864973162
2022-08-07,0.00015420295014611441,0.00015420295014611441,0.00015420295014611441
2022-08-08,0.003120976490218397,0.0019108022775301955,0.00302159480863899
2022-08-09,0.0007750579934150969,0.0006838524754462401,0.0006838524754462401
2022-08-10,-0.00034193866903179244,-0.00041549950003887505,-0.00041549950003887505
2022-08-11,-0.00024473547747238085,-0.00024473547747238085,-0.00024473547747238085
2022-08-12,0.002643088783470563,0.001603536342785623,0.002545639867742604
2022-08-14,-0.00038653275010087614,-0.00038653275010087614,-0.00038653275010087614
2022-08-15,-0.0037179893305822683,-0.0037179893305822683,-0.0037179893305822683
2022-08-16,-0.0005689934589901743,-0.0005689934589901743,-0.0005689934589901743
2022-08-17,-0.0018537053513692024,-0.0018537053513692024,-0.0018537053513692024
2022-08-18,-0.001193323237247117,-0.001193323237247117,-0.001193323237247117
2022-08-19,-0.001660035841270374,-0.001660035841270374,-0.001660035841270374
2022-08-21,-0.00010817656339467259,-0.00010817656339467259,-0.00010817656339467259
2022-08-22,-0.0020218575347331065,-0.0020218575347331065,-0.0020218575347331065
2022-08-23,0.0020203051177379596,0.002192161437454887,0.0019293069824384223
2022-08-24,0.0007170209970805145,0.0006250151652548008,0.0006250151652548008
2022-08-25,0.0009507364889464268,0.0008649448972522186,0.0008649448972522186
2022-08-26,-0.0033381594822655676,-0.0033381594822655676,-0.0033381594822655676
2022-08-28,-0.0006245547403183219,-0.0006245547403183219,-0.0006245547403183219
2022-08-29,0.0008456902678500243,0.0008516223420083775,0.0007533560017145535
2022-08-30,-0.0030392703794745956,-0.0030392703794745956,-0.0030392703794745956
2022-08-31,-0.002715057686454345,-0.002715057686454345,-0.002715057686454345
2022-09-01,-0.00211500163402367,-0.00211500163402367,-0.00211500163402367
2022-09-02,0.0025188166187547914,0.00198132791734595,0.0024233212181914727
2022-09-04,-0.0005487703956582695,-0.0005487703956582695,-0.0005487703956582695
2022-09-05,0.0008671135926367144,0.000459450011410535,0.0007740803972280619
2022-09-06,-0.0024231014367140542,-0.0024231014367140542,-0.0024231014367140542
2022-09-07,0.0027381669976774196,0.001984944477379217,0.0026413382330248616
2022-09-08,-0.0010333114353105852,0.0020652944787306663,-0.0011056682310231205
2022-09-09,0.0008276756779929518,0.002013371257275277,0.0007428879631124811
2022-09-11,0.00020375563751445314,0.00020375563751445314,0.00020375563751445314
2022-09-12,0.0015905417321238587,0.0019211664504589616,0.0015003124982674544
2022-09-13,-0.00470278370607131,-0.00470278370607131,-0.00470278370607131
2022-09-14,-0.0009671873923344074,-0.0009671873923344074,-0.0009671873923344074
2022-09-15,-0.006574430008858446,-0.006574430008858446,-0.006574430008858446
2022-09-16,0.001950467435362001,0.002009719030382916,0.001862169017210234
2022-09-18,0.0002630127536710921,0.0002630127536710921,0.0002630127536710921
2022-09-19,-0.00039888299483518334,-0.00039888299483518334,-0.00039888299483518334
2022-09-20,-0.0023005949683541824,-0.0023005949683541824,-0.0023005949683541824
2022-09-21,5.453594668379542e-05,0.003144595524768379,-1.4668575821910406e-06
2022-09-22,0.0018641101113122717,0.0021983968254965566,0.0017790354737998938
2022-09-23,-0.005502450239164025,-0.005502450239164025,-0.005502450239164025
2022-09-25,9.195558771295481e-05,9.195558771295481e-05,9.195558771295481e-05
2022-09-26,-0.0030094433824361683,-0.0030094433824361683,-0.0030094433824361683
2022-09-27,-0.00021052612099743226,-0.00021052612099743226,-0.00021052612099743226
2022-09-28,0.0048814599496665705,0.002835645668981583,0.004777605991290479
2022-09-29,0.0015678491157979227,0.0014116827359157557,0.0014888961394107806
2022-09-30,-0.0005256871629439202,0.0008261155182029768,-0.0005997120587710151
2022-10-02,-5.307917339030607e-05,-5.307917339030607e-05,-5.307917339030607e-05
2022-10-03,0.006111130373651755,0.0022580522522599776,0.006001508393170991
2022-10-04,0.0038809013902718443,0.0021513217402040676,0.003794763949118958
2022-10-05,-0.0009490009943359959,-0.0009490009943359959,-0.0009490009943359959
2022-10-06,-0.0012574828592884662,-0.0012574828592884662,-0.0012574828592884662
2022-10-07,-0.002464531147663925,-0.002464531147663925,-0.002464531147663925
2022-10-09,-0.0003624643104991351,-0.0003624643104991351,-0.0003624643104991351
2022-10-10,-0.0038140064901845874,-0.0038140064901845874,-0.0038140064901845874
2022-10-11,-0.0007332935523390636,0.0016639085617985107,-0.0007862436885513525
2022-10-12,0.0018068735867106452,0.0007826303259777138,0.0017340271870938577
2022-10-13,-0.001439758732954065,-0.001439758732954065,-0.001439758732954065
2022-10-14,-0.002954080927195277,-0.002954080927195277,-0.002954080927195277
2022-10-16,0.00030966823273797,0.00030966823273797,0.00030966823273797
2022-10-17,0.000510798398587205,0.0024218361224500225,0.0004604019054802591
2022-10-18,0.00015391337779520152,0.00015391337779520152,0.00015391337779520152
2022-10-19,-0.003701474604343905,-0.003701474604343905,-0.003701474604343905
2022-10-20,-0.00017580741885748398,0.0021097577869960828,-0.00022539256343575648
2022-10-21,0.004827085734752362,0.0025533880876890723,0.0047342648130997995
2022-10-23,0.00032804844648550807,0.00032804844648550807,0.00032804844648550807
2022-10-24,-0.001200083766002531,-0.001200083766002531,-0.001200083766002531
2022-10-25,6.160132481953162e-05,0.0006227663523901274,-5.124662812654927e-06
2022-10-26,0.0023908576589422594,0.0019883011339102688,0.0023194729417866404
2022-10-27,-0.0009137923320075869,-0.0009137923320075869,-0.0009137923320075869
2022-10-28,-0.0024721826041119747,-0.0024721826041119747,-0.0024721826041119747
2022-10-30,2.5070131997536472e-05,2.5070131997536472e-05,2.5070131997536472e-05
2022-10-31,-0.0016631429882103456,-0.0016631429882103456,-0.0016631429882103456
2022-11-01,0.0022081920704872787,0.002228969221730116,0.0021403649165745373
2022-11-02,-0.0020605687634120714,0.002392626270980961,-0.002084410582615749
2022-11-03,-0.000781138737126945,-0.000781138737126945,-0.000781138737126945
2022-11-04,0.007403544046664563,0.0022593859978217315,0.007287296944526242
2022-11-06,-0.0007537901173908486,-0.0007537901173908486,-0.0007537901173908486
2022-11-07,9.782008236979445e-05,0.0007035328985191791,3.8414877941097434e-05
2022-11-08,0.004924823254081746,0.0032355814538808352,0.004838826024958317
2022-11-09,-0.0005057523246904861,-0.0005057523246904861,-0.0005057523246904861
2022-11-10,0.005807250205055719,0.0035646845615554066,0.005710733575627305
2022-11-11,0.00213155505230481,0.001054466536589759,0.002070346232807912
2022-11-13,0.00010722993965558496,0.00010722993965558496,0.00010722993965558496
2022-11-14,0.0007620674598326755,0.0006473101436053308,0.0007063144357831792
2022-11-15,0.0012562473511507817,0.0009914520551491013,0.00119956973299331
2022-11-16,-0.0005649057754376336,-0.0005649057754376336,-0.0005649057754376336
2022-11-17,-0.0015255376068875406,-0.0015255376068875406,-0.0015255376068875406
2022-11-18,-0.0011680462229835846,-0.0011680462229835846,-0.0011680462229835846
2022-11-20,7.63481342743441e-05,7.63481342743441e-05,7.63481342743441e-05
2022-11-21,-0.0014273697663094757,-0.0014273697663094757,-0.0014273697663094757
2022-11-22,9.639567477035896e-05,9.639567477035896e-05,9.639567477035896e-05
2022-11-23,0.001101504912574748,0.0007698476793841121,0.0010448219103305182
2022-11-24,0.0003365772529172952,0.00046945048594305186,0.00028152696582109464
2022-11-25,7.613757081884688e-05,7.613757081884688e-05,7.613757081884688e-05
2022-11-27,-0.00013021119747759564,-0.00013021119747759564,-0.00013021119747759564
2022-11-28,-0.0012357138725906864,-0.0012357138725906864,-0.0012357138725906864
2022-11-29,0.0007650613346120638,0.0011881068744388009,0.0007123759191019747
2022-11-30,0.002674258464821061,0.0026106454489995354,0.0026106454489995354
2022-12-01,0.00296863965727863,0.002905730173669634,0.002905730173669634
2022-12-02,-0.00044867900056431883,-0.00044867900056431883,-0.00044867900056431883
2022-12-04,0.00024639579028308095,0.00024639579028308095,0.00024639579028308095
2022-12-05,-0.00328021796843502,-0.00328021796843502,-0.00328021796843502
2022-12-06,0.00024350421562180824,0.00018945068584615756,0.00018945068584615756
2022-12-07,0.0018428876869357779,0.0017833409947961365,0.0017833409947961365
2022-12-08,0.0002850976354015731,0.0002850976354015731,0.0002850976354015731
2022-12-09,0.0007224763805015947,0.0006686409910598783,0.0006686409910598783
2022-12-11,-0.0001279964788858066,-0.0001279964788858066,-0.0001279964788858066
2022-12-12,-0.0012470417839649146,-0.0012470417839649146,-0.0012470417839649146
2022-12-13,0.003102176548919389,0.003044640233475353,0.003044640233475353
2022-12-14,-0.0003947153258541207,-0.0003947153258541207,-0.0003947153258541207
2022-12-15,-0.004637520736558649,-0.004637520736558649,-0.004637520736558649
2022-12-16,0.0024970712571334842,0.0024177103922876945,0.0024177103922876945
2022-12-18,-0.00020578424440217968,-0.00020578424440217968,-0.00020578424440217968
2022-12-19,-0.0007392737733434352,-0.0007392737733434352,-0.0007392737733434352
2022-12-20,0.005693669269791754,0.005579754805733595,0.005579754805733595
2022-12-21,-0.000662782432038811,-0.000662782432038811,-0.000662782432038811
2022-12-22,-0.004829929190845104,-0.004829929190845104,-0.004829929190845104
2022-12-23,0.0009764921117653585,0.0008708871270583899,0.0008708871270583899
2022-12-26,0.00023277348011218783,0.00023277348011218783,0.00023277348011218783
2022-12-27,0.0022532893812422603,0.002135434283736842,0.002135434283736842
2022-12-28,-0.0015383264130589941,-0.0015383264130589941,-0.0015383264130589941
2022-12-29,0.0026440670980465604,0.0025057696161245356,0.0025057696161245356
2022-12-30,0.002498945978745724,0.0023450667985497812,0.0023450667985497812
2023-01-02,0.0009707915637934869,0.0009707915637934869,0.0009707915637934869
2023-01-03,0.0016323204490835833,0.0014582147737371234,0.0014582147737371234
2023-01-04,0.006291973447444382,0.006088909409653246,0.006088909409653246
2023-01-05,-0.008147166747023833,-0.008147166747023833,-0.008147166747023833
2023-01-06,0.013043539904326659,0.012805665973129432,0.012805665973129432
2023-01-08,0.0005515822068524342,0.0005515822068524342,0.0005515822068524342
2023-01-09,0.0007641722817190189,0.0005586738995607361,0.0005586738995607361
2023-01-10,0.0031588343329602923,0.002934260378841257,0.002934260378841257
2023-01-11,-7.728463666301961e-05,-0.0002990735125657999,-0.0002990735125657999
2023-01-12,0.009888235243450923,0.009619932411670052,0.009619932411670052
2023-01-13,0.010167358167873201,0.009892294474910758,0.009892294474910758
2023-01-15,-0.0007878578451474285,-0.0007878578451474285,-0.0007878578451474285
2023-01-16,-0.0003182451300641489,-0.0005856086019950229,-0.0005856086019950229
2023-01-17,-0.005235411078006433,-0.005235411078006433,-0.005235411078006433
2023-01-18,-0.0007075167721912346,-0.0009979709292063303,-0.0009979709292063303
2023-01-19,0.013207039695879884,0.012873867889712863,0.012873867889712863
2023-01-20,-0.003638225689946442,-0.0039350411591355825,-0.0039350411591355825
2023-01-22,0.0011161998783480352,0.0011161998783480352,0.0011161998783480352
2023-01-23,0.0012251611687438984,0.000899149743612872,0.000899149743612872
2023-01-24,0.0032000375378341116,0.0028517892128250644,0.0028517892128250644
2023-01-25,0.007520323364998589,0.007153712721792932,0.007153712721792932
2023-01-26,-0.012157703225594708,-0.012157703225594708,-0.012157703225594708
2023-01-27,-0.002481357922348536,-0.002481357922348536,-0.002481357922348536
2023-01-29,0.0012285283065723844,0.0012285283065723844,0.0012285283065723844
2023-01-30,-0.004686514331683389,0.001774134673531638,-0.005065759375313363
2023-01-31,0.0038178205563131275,0.003425262686643046,0.003425262686643046
2023-02-01,0.018991235517794098,0.01856543222006553,0.01856543222006553
2023-02-02,-0.028443344076841764,0.003914964202061533,-0.028753739449972067
2023-02-03,-0.037537509000027364,0.0020116079807274596,-0.03787993558503541
2023-02-05,-0.0011258714149183717,-0.0011258714149183717,-0.0011258714149183717
2023-02-06,0.0029454426148042296,0.0035903949351145407,0.0026045584200648933
2023-02-07,0.0020195266609498957,0.0022248227077523194,0.001688642664884441
2023-02-08,0.00048530565901057864,0.001957198094194038,0.00016498767584818236
2023-02-09,-0.007350528914339757,0.0023912946021951366,-0.00764488095234767
2023-02-10,0.002022215623355082,0.0019961870370772427,0.0017217148277979726
2023-02-12,-0.0010115014351222936,-0.0010115014351222936,-0.0010115014351222936
2023-02-13,-0.0038022080620153465,0.0020757754234861565,-0.00407070376849517
2023-02-14,-0.00034619274964510776,0.0021777905752796427,-0.0006093731637628027
2023-02-15,-0.008614225548845358,0.00217341485368674,-0.00884761530218708
2023-02-16,-0.0012725030864372446,0.0018804799222999185,-0.0015042295206870815
2023-02-17,0.0036848727622518164,0.0015105332725173567,0.0034558962918064266
2023-02-19,-0.0008191561313501069,-0.0008191561313501069,-0.0008191561313501069
2023-02-20,0.0017315123984815292,0.00187009121679314,0.0015275775877109027
2023-02-21,-0.0020700981961344817,-0.0020700981961344817,-0.0020700981961344817
2023-02-22,-0.003971850726861036,0.002436805342877272,-0.004139955968768486
2023-02-23,-0.0008808242400511074,0.0025464675808964435,-0.0010517999953907414
2023-02-24,-0.004692213456143901,-0.004692213456143901,-0.004692213456143901
2023-02-26,-0.0003532080836971869,-0.0003532080836971869,-0.0003532080836971869
2023-02-27,0.001581357127016422,0.0020604313140273486,0.0014184867845402139
2023-02-28,0.0025083465830876583,0.0019286651652111481,0.002346537102430029
2023-03-01,0.003513189250497138,0.0021940623326497178,0.0033512585295817844
2023-03-02,0.00045877955999688104,0.0005218194065122579,0.00030429446929451203
2023-03-03,0.005013438926508808,0.0021799657156302147,0.004847501437154152
2023-03-05,-0.0003071863232960524,-0.0003071863232960524,-0.0003071863232960524
2023-03-06,-0.0019075815994953158,-0.0019075815994953158,-0.0019075815994953158
2023-03-07,-0.009195895867227546,-0.009195895867227546,-0.009195895867227546
2023-03-08,0.0006260926256179493,0.0018990926390260647,0.0004972696893611652
2023-03-09,0.004059116976478781,0.0020813966137898233,0.003918617401047489
2023-03-10,0.008834599712924197,0.0029977615136465583,0.008669165775500129
2023-03-12,-0.003300597304664133,-0.003300597304664133,-0.003300597304664133
2023-03-13,0.006814885238099741,0.006678720053361002,0.006678720053361002
2023-03-14,-0.0015887598803355884,-0.0015887598803355884,-0.0015887598803355884
2023-03-15,0.004367466449773634,0.004243610267736451,0.004243610267736451
2023-03-16,-0.00022123753711841238,-0.00022123753711841238,-0.00022123753711841238
2023-03-17,0.013650882462555108,0.013476179326807999,0.013476179326807999
2023-03-19,-0.0017919533164267784,-0.0017919533164267784,-0.0017919533164267784
2023-03-20,-7.067725004741569e-05,-0.0001770034161333713,-0.0001770034161333713
2023-03-21,-0.00928725323890737,-0.00928725323890737,-0.00928725323890737
2023-03-22,0.007070250891648407,0.0069037035487909786,0.0069037035487909786
2023-03-23,0.005794159212442548,0.0056164910329529584,0.0056164910329529584
2023-03-24,-0.004150814285134344,-0.004306863290959993,-0.004306863290959993
2023-03-26,0.0013183040453514287,0.0013183040453514287,0.0013183040453514287
2023-03-27,-0.006463676868213809,-0.006463676868213809,-0.006463676868213809
2023-03-28,0.0052407133832494835,0.005003271892857175,0.005003271892857175
2023-03-29,-0.003712996370474055,-0.003712996370474055,-0.003712996370474055
2023-03-30,0.007579424706660869,0.007312165016987679,0.007312165016987679
2023-03-31,-0.0044192043835636,-0.00467195974136972,-0.00467195974136972
2023-04-02,-0.003048214959698605,-0.003048214959698605,-0.003048214959698605
2023-04-03,0.012463654834554838,0.012154862262259421,0.012154862262259421
2023-04-04,0.0201502547616409,0.019821003669885234,0.019821003669885234
2023-04-05,-0.0005728564932717647,-0.0008651288515338744,-0.0008651288515338744
2023-04-06,-0.007608906999040284,-0.007608906999040284,-0.007608906999040284
2023-04-09,0.002298715789363547,0.002261261011637881,0.001979584878849898
2023-04-10,-0.00614170386012044,-0.00614170386012044,-0.00614170386012044
2023-04-11,0.005534770076984409,0.0024934604429011106,0.00520171850098953
2023-04-12,0.0076737783540868545,0.0026231605877147296,0.007331394020413875
2023-04-13,0.01314416925637688,0.0029978159127940973,0.012782706945922064
2023-04-14,-0.02075159633373549,0.00213767289708094,-0.02104269004401665
2023-04-16,6.954224927334615e-05,6.954224927334615e-05,6.954224927334615e-05
2023-04-17,-0.004958111917509334,0.0018118412061189975,-0.005282265755526611
2023-04-18,0.006836405923993987,0.0024424492119811416,0.006491485558572143
2023-04-19,-0.007548290260620495,-0.007548290260620495,-0.007548290260620495
2023-04-20,0.006283851262256485,0.0032688870176859654,0.0059399815480131925
2023-04-21,-0.012697803278299148,-0.012697803278299148,-0.012697803278299148
2023-04-23,0.0011824243246322998,0.0011824243246322998,0.0011824243246322998
2023-04-24,0.007001624269785832,0.0013717926227265233,0.006654111037014979
2023-04-25,0.004068486184881734,0.0027108891944259113,0.003720531210935018
2023-04-26,-0.006041948992007464,0.004032113115344251,-0.006358394559215487
2023-04-27,-0.002565455994238023,0.002990187054852012,-0.0029022124874427757
2023-04-28,0.002385691876527346,0.0029044904385706325,0.0020361189193730533
2023-04-30,-0.0025350725937585334,-0.0025350725937585334,-0.0025350725937585334
2023-05-01,-0.0031830701117526784,0.002421717562911856,-0.0035241378852708073
2023-05-02,0.020778336030677955,0.02039159376356161,0.02039159376356161
2023-05-03,0.0231360903796618,0.022749670742406455,0.022749670742406455
2023-05-04,-0.0033441593580411997,0.0020224613595182786,-0.0036874827783752975
2023-05-05,-0.01964089914301316,0.0022192319383369506,-0.019951851891369287
2023-05-07,0.0004665463872122796,0.0004665463872122796,0.0004665463872122796
2023-05-08,0.002906148308416392,0.002139208838776439,0.0025520154317374456
2023-05-09,0.010252613865951192,0.0020928147285237167,0.0098851261644698
2023-05-10,-0.003739484164146132,0.00510152149262891,-0.004054669169039043
2023-05-11,-0.009934711310358543,0.0017896651348413748,-0.010272160938581167
2023-05-12,-0.004369093419933993,0.0018524315655821626,-0.004715461587834365
2023-05-14,-0.0006090967166840283,-0.0006090967166840283,-0.0006090967166840283
2023-05-15,0.0030739901736487737,0.0035126074192507826,0.0027078534883844705
2023-05-16,-0.016235643505242755,0.0021206445304543134,-0.016577453234562903
2023-05-17,-0.00595431741917074,-0.00595431741917074,-0.00595431741917074
2023-05-18,-0.016072716525252332,-0.016072716525252332,-0.016072716525252332
2023-05-19,0.012412594214689434,0.002277480352908313,0.012020087897912635
2023-05-21,0.0008047810970570302,0.0008047810970570302,0.0008047810970570302
2023-05-22,-0.006333650813715748,-0.006333650813715748,-0.006333650813715748
2023-05-23,0.0031827609539720504,0.0021484362163830227,0.0028147034341229928
2023-05-24,-0.009996218641955172,0.002281814605211997,-0.01032582580791577
2023-05-25,-0.01071253055445116,0.0026205841753277072,-0.011013566452032884
2023-05-26,0.0029484667706523742,0.0023012558251857057,0.0026411355203470326
2023-05-28,-0.00047116345241785104,-0.00047116345241785104,-0.00047116345241785104
2023-05-29,-0.0001505673337530371,0.001834340729847883,-0.00042048312264757523
2023-05-30,0.0074271973767035555,0.002016998714861534,0.0071521702904556285
2023-05-31,0.003595225035699508,0.0025941533704173054,0.0033449592417108777
2023-06-01,0.004664852432267589,0.002768366038532308,0.004412388047874173
2023-06-02,-0.012811282581502673,0.002137478683638361,-0.013019039615607282
2023-06-04,-0.00019334820236400197,-0.00019334820236400197,-0.00019334820236400197
2023-06-05,0.005024220563706819,0.0044481270220889215,0.004803876624446177
2023-06-06,0.0008651426332052087,0.0006503863108529338,0.0006503863108529338
2023-06-07,-0.007485383313458031,0.0021276955679487616,-0.007671838461842717
2023-06-08,0.007555903677996751,0.004931682439619214,0.00733063850177363
2023-06-09,-0.0013179695439035958,-0.0013179695439035958,-0.0013179695439035958
2023-06-11,-4.629617064165297e-05,-4.629617064165297e-05,-4.629617064165297e-05
2023-06-12,-8.971801100054603e-05,-0.0002818290900759858,-0.0002818290900759858
2023-06-13,-0.005961019791374629,-0.005961019791374629,-0.005961019791374629
2023-06-14,0.00025684726743431795,0.0021835016785520544,6.503364986715255e-05
2023-06-15,0.005258704966756609,0.0031809023637889788,0.0050511550879865155
2023-06-16,-0.0006448470566912151,-0.000835642265906321,-0.000835642265906321
2023-06-18,1.4377694124149726e-05,1.4377694124149726e-05,1.4377694124149726e-05
2023-06-19,-0.0018470334750962678,-0.0018470334750962678,-0.0018470334750962678
2023-06-20,-0.005376258777541836,-0.005376258777541836,-0.005376258777541836
2023-06-21,-0.0013614678822936605,-0.0013614678822936605,-0.0013614678822936605
2023-06-22,-0.0070569493312231555,-0.0070569493312231555,-0.0070569493312231555
2023-06-23,0.00208045879468948,0.0023548985231975133,0.0018833913582047479
2023-06-25,0.0005451918185179844,0.0005451918185179844,0.0005451918185179844
2023-06-26,-0.0012492606415312405,-0.0014359584430437152,-0.0014359584430437152
2023-06-27,-0.002616078379760944,-0.0027975282580899753,-0.0027975282580899753
2023-06-28,-0.002418197997477786,-0.002418197997477786,-0.002418197997477786
2023-06-29,0.00014007751487228276,-5.770483671875253e-05,-5.770483671875253e-05
2023-06-30,0.004365771915500949,0.0020342928479311012,0.00416065550860726
2023-07-02,-0.00030059019920176873,-0.00030059019920176873,-0.00030059019920176873
2023-07-03,0.0010964887767989826,0.0009052158516888052,0.0009052158516888052
2023-07-04,0.001705867446503473,0.0015087437179367325,0.0015087437179367325
2023-07-05,-0.0033201619074036477,-0.003499953430606642,-0.003499953430606642
2023-07-06,-0.0020730627657899402,-0.0022595350435919907,-0.0022595350435919907
2023-07-07,0.004438513186770768,0.0018693192998430227,0.004233253901117403
2023-07-09,-0.0011675286458529574,-0.0011675286458529574,-0.0011675286458529574
2023-07-10,0.0006621176941035519,0.00046379532638149266,0.00046379532638149266
2023-07-11,0.0028386010227530226,0.002132972825424012,0.0026383163203735362
2023-07-12,0.008561234519139725,0.0020502176587814157,0.008343335733322644
2023-07-13,0.0006656861135717739,0.0004673153466856951,0.0004673153466856951
2023-07-14,-0.001943950356863202,-0.001943950356863202,-0.001943950356863202
2023-07-16,-0.0002124118032337067,-0.0002124118032337067,-0.0002124118032337067
2023-07-17,0.0007670899517633842,0.0005734182202643922,0.0005734182202643922
2023-07-18,0.00815438065914293,0.0018620425189835163,0.007938795139570846
2023-07-19,0.00039395846013657524,0.00019567739598581071,0.00019567739598581071
2023-07-20,-0.0023863138675322606,-0.002571690730875377,-0.002571690730875377
2023-07-21,-0.0037668525037991897,-0.0037668525037991897,-0.0037668525037991897
2023-07-23,-0.0005580576965168238,-0.0005580576965168238,-0.0005580576965168238
2023-07-24,-0.0026957208655520285,-0.002890574439775102,-0.002890574439775102
2023-07-25,0.004346824278788426,0.004120681884422217,0.004120681884422217
2023-07-26,0.0029924351829402197,0.002757444282974794,0.002757444282974794
2023-07-27,-0.011566960971491323,0.0018451640021953323,-0.01179660232822979
2023-07-28,0.0053800323279421065,0.0051134261694276715,0.0051134261694276715
2023-07-30,-0.0008619902760090529,-0.0008619902760090529,-0.0008619902760090529
2023-07-31,0.0024750275981003044,0.0022176117784459244,0.0022176117784459244
2023-08-01,-0.005558174854608459,-0.005558174854608459,-0.005558174854608459
2023-08-02,-0.006689566164902585,-0.006689566164902585,-0.006689566164902585
2023-08-03,-0.00045033928544498635,-0.00045033928544498635,-0.00045033928544498635
2023-08-04,0.003516865052912432,0.001991202758494746,0.003254750649149034
2023-08-06,-0.00037769437421018083,-0.00037769437421018083,-0.00037769437421018083
2023-08-07,-0.003913234116522789,-0.003913234116522789,-0.003913234116522789
2023-08-08,-0.004945025054176341,-0.004945025054176341,-0.004945025054176341
2023-08-09,-0.004542546918093934,0.0018677469735584769,-0.004787247847090134
2023-08-10,-0.0018111408355705122,0.0019260527409501599,-0.002061399771710484
2023-08-11,0.00037585142952984986,0.00012060604875233736,0.00012060604875233736
2023-08-13,-0.00045076356929935773,-0.00045076356929935773,-0.00045076356929935773
2023-08-14,-0.002103244708932575,-0.002103244708932575,-0.002103244708932575
2023-08-15,-0.002619236012334985,-0.002619236012334985,-0.002619236012334985
2023-08-16,-0.00428136817024558,0.0018784988253704674,-0.0045265393644197
2023-08-17,-0.0008245174619729713,0.00199974672689104,-0.0010765797975648974
2023-08-18,-0.0008772616740534499,0.0019435496129996655,-0.001129511766598102
2023-08-20,-0.00023796303197794985,-0.00023796303197794985,-0.00023796303197794985
2023-08-21,0.0019958700588376638,0.002717701549963707,0.0017396051726619
2023-08-22,0.0021895617972258886,0.0018274391644430843,0.0019301701712235784
2023-08-23,0.008820403573331793,0.001919785121635808,0.008546426561421797
2023-08-24,-0.0010769583855881862,-0.0013348878945457219,-0.0013348878945457219
2023-08-25,-0.0006324608888539589,-0.0006324608888539589,-0.0006324608888539589
2023-08-27,-0.0002985911988376403,-0.0002985911988376403,-0.0002985911988376403
2023-08-28,0.0026454756888694623,0.002257230788002558,0.0023859079181269916
2023-08-29,0.006787930109104147,0.003945220446767978,0.00651704436980797
2023-08-30,0.0036791498087071473,0.003416598495824468,0.003416598495824468
2023-08-31,-0.002383864744480549,-0.002383864744480549,-0.002383864744480549
2023-09-01,4.734441377267555e-05,-0.0002075032714440299,-0.0002075032714440299
2023-09-03,0.00022384476659298948,0.00022384476659298948,0.00022384476659298948
2023-09-04,-0.0014665597796883504,0.002302202365397171,-0.0017151588114681648
2023-09-05,-0.005037863000108219,-0.005037863000108219,-0.005037863000108219
2023-09-06,-0.0043516127591387834,-0.0043516127591387834,-0.0043516127591387834
2023-09-07,0.0018219423063698813,0.0018874796144074777,0.0015634730018090658
2023-09-08,-0.0012283499314559704,0.0018765378838441296,-0.0014801950622448917
2023-09-10,-0.00013538592988402538,-0.00013538592988402538,-0.00013538592988402538
2023-09-11,0.0013157748354776383,0.00211454580787375,0.0010591413643639073
2023-09-12,-0.004156783967470458,-0.004156783967470458,-0.004156783967470458
2023-09-13,-0.002024835825388636,-0.002024835825388636,-0.002024835825388636
2023-09-14,-2.0670965200751772e-05,0.0006959480815787579,-0.0002788077214652454
2023-09-15,0.0057768939433799306,0.0020663767458864173,0.005509452537929361
2023-09-17,-0.00031495867478539,-0.00031495867478539,-0.00031495867478539
2023-09-18,0.004949054749195399,0.0019083977071118613,0.004683710324495655
2023-09-19,-0.0011868683384164628,-0.0011868683384164628,-0.0011868683384164628
2023-09-20,-0.0005264709323148094,0.004683456633937342,-0.0007575225164042235
2023-09-21,-0.003806876681241314,-0.003806876681241314,-0.003806876681241314
2023-09-22,0.0016690725408602472,0.0018631174785708432,0.0014108763906560083
2023-09-24,-0.0006592232778554471,-0.0006592232778554471,-0.0006592232778554471
2023-09-25,-0.0038360315493770705,-0.0038360315493770705,-0.0038360315493770705
2023-09-26,-0.00695415133769626,-0.00695415133769626,-0.00695415133769626
2023-09-27,-0.011978281694897935,-0.011978281694897935,-0.011978281694897935
2023-09-28,-0.0050137346857468375,-0.0050137346857468375,-0.0050137346857468375
2023-09-29,-0.008946652348427408,0.0022957452380126136,-0.009175588225996834
2023-10-01,9.935403602563102e-05,9.935403602563102e-05,9.935403602563102e-05
2023-10-02,-0.011593988652705564,-0.011593988652705564,-0.011593988652705564
2023-10-03,0.000127699500580401,-0.00012204775483531629,-0.00012204775483531629
2023-10-04,6.96552841050953e-05,-0.0001806779408212125,-0.0001806779408212125
2023-10-05,-0.0008341281951517935,-0.0010831861672199307,-0.0010831861672199307
2023-10-06,0.005576332802641258,0.0037745492444720683,0.005313481888723989
2023-10-08,-0.0015874698018537884,-0.0015874698018537884,-0.0015874698018537884
2023-10-09,0.0065769783402351975,0.0020568562974151256,0.006338067061191906
2023-10-10,-0.001420099502806575,-0.001420099502806575,-0.001420099502806575
2023-10-11,0.005727857692264514,0.002242646620977033,0.005505914575353027
2023-10-12,-0.001722644320184765,-0.0019085426162978988,-0.0019085426162978988
2023-10-13,0.02370769181999582,0.0018692411185617498,0.023445485359846578
2023-10-15,0.0006725950414709821,0.0006725950414709821,0.0006725950414709821
2023-10-16,-0.001132583879011136,-0.001132583879011136,-0.001132583879011136
2023-10-17,0.0010541489282958076,0.0009564475594119692,0.0009564475594119692
2023-10-18,0.004754256884275176,0.002376543025431652,0.004635003322893743
2023-10-19,0.004721432602589447,0.0013126187925504476,0.004605017392001004
2023-10-20,0.000747524529461944,0.0006562737330160274,0.0006562737330160274
2023-10-22,-0.0007828544858970509,-0.0007828544858970509,-0.0007828544858970509
2023-10-23,0.00034179636303698026,0.0002466369732076827,0.0002466369732076827
2023-10-24,-0.00016792622901552282,-0.00016792622901552282,-0.00016792622901552282
2023-10-25,0.0017315147791201785,0.0016299151445002328,0.0016299151445002328
2023-10-26,0.00025757494106636573,0.00015434226951590945,0.00015434226951590945
2023-10-27,0.004244299949026386,0.00413184010541706,0.00413184010541706
2023-10-29,-0.0001187314114120426,-0.0001187314114120426,-0.0001187314114120426
2023-10-30,-0.0019829347174311067,-0.0019829347174311067,-0.0019829347174311067
2023-10-31,-0.00284851713566312,-0.0029623441100704168,-0.0029623441100704168
2023-11-01,0.0005044965253029959,0.0003581006151487338,0.0003581006151487338
2023-11-02,-5.698726803955757e-05,-5.698726803955757e-05,-5.698726803955757e-05
2023-11-03,0.002024631007414248,0.0018770077396530714,0.0018770077396530714
2023-11-05,-0.000185129236201716,-0.000185129236201716,-0.000185129236201716
2023-11-06,-0.004502003686557789,-0.004502003686557789,-0.004502003686557789
2023-11-07,-0.002760782563634107,-0.002760782563634107,-0.002760782563634107
2023-11-08,-0.007399446243959686,-0.007399446243959686,-0.007399446243959686
2023-11-09,0.0035740193337300717,0.0023306432648511175,0.0033530324630782647
2023-11-10,-0.008036748143715437,-0.008036748143715437,-0.008036748143715437
2023-11-12,2.1059929240254276e-05,2.1059929240254276e-05,2.1059929240254276e-05
2023-11-13,0.001864893832959378,0.0009978446703719462,0.0016463989333374042
2023-11-14,0.00619777998027247,0.0059686968378665686,0.0059686968378665686
2023-11-15,-0.0006051770471433037,-0.0008148508299243588,-0.0008148508299243588
2023-11-16,0.008734811666006726,0.008497263827036925,0.008497263827036925
2023-11-17,-0.0007960550732811411,-0.0010062832939261867,-0.0010062832939261867
2023-11-19,-0.001453634340630141,-0.001453634340630141,-0.001453634340630141
2023-11-20,0.002702245905243784,0.002484001270596462,0.002484001270596462
2023-11-21,0.0074117214116468585,0.007170513958725831,0.007170513958725831
2023-11-22,-0.0032351381089290782,-0.0034611643126128276,-0.0034611643126128276
2023-11-23,0.0011080457717609173,0.0008606877855904203,0.0008606877855904203
2023-11-24,0.0031226025004765286,0.002850811557622489,0.002850811557622489
2023-11-26,0.0001207659578515746,0.0001207659578515746,0.0001207659578515746
2023-11-27,0.00659366612696211,0.006279310436647814,0.006279310436647814
2023-11-28,0.017026056090547123,0.016654010371265505,0.016654010371265505
2023-11-29,0.0008028939327843702,0.0004629819443303504,0.0004629819443303504
2023-11-30,-0.002979030211025821,-0.002979030211025821,-0.002979030211025821
2023-12-01,0.021182309438453804,0.020746898684745843,0.020746898684745843
2023-12-03,0.029048622171056648,0.02885770470948807,0.02885770470948807
2023-12-04,-0.050612826774319615,-0.050612826774319615,-0.050612826774319615
2023-12-05,-0.008157963824696909,0.0018452339012215862,-0.008452752462870241
2023-12-06,0.0035067331497385243,0.002163424985722315,0.00320573382593381
2023-12-07,0.0005748343690501064,0.0018312591168602689,0.00028727352993351883
2023-12-08,-0.011932544938053034,0.001922677215881256,-0.012188004202385458
2023-12-10,0.00023967068942702183,0.00023967068942702183,0.00023967068942702183
2023-12-11,-0.010838296961287141,-0.010838296961287141,-0.010838296961287141
2023-12-12,-0.00013259679006448575,0.0018431014925617986,-0.0003635386831451808
2023-12-13,0.02057618047016707,0.0005494990120655985,0.020336111856112477
2023-12-14,0.001510861235240867,0.0018912739144183758,0.001307319538841993
2023-12-15,-0.005288941775785225,0.001911720111698174,-0.0054736194638095766
2023-12-17,-0.0007711375029732847,-0.0007711375029732847,-0.0007711375029732847
2023-12-18,0.0035130149614063452,0.001910427234654035,0.0033090033850265268
2023-12-19,0.004705161676021157,0.00449936776184017,0.00449936776184017
2023-12-20,-0.002737004933333591,-0.002737004933333591,-0.002737004933333591
2023-12-21,0.00682232619131413,0.006606414383795389,0.006606414383795389
2023-12-22,0.0012096010489002719,0.0010137025187694198,0.0010137025187694198
2023-12-25,0.00025839573858232076,0.00025839573858232076,0.00025839573858232076
2023-12-26,0.004114533488666399,0.003910682560769395,0.003910682560769395
2023-12-27,0.005076257984414828,0.004867624724662604,0.004867624724662604
2023-12-28,-0.004464237491762713,-0.004640169837210233,-0.004640169837210233
2023-12-29,-0.0012397762780304185,-0.0014302909019767397,-0.0014302909019767397
2024-01-01,-0.0007259159984839758,-0.0007259159984839758,-0.0007259159984839758
2024-01-02,-0.0015531788719041623,-0.0017430287808879283,-0.0017430287808879283
2024-01-03,-0.006167209546633337,-0.006167209546633337,-0.006167209546633337
2024-01-04,0.00047565322101981446,0.002176286971410903,0.0002818628251472084
2024-01-05,0.0005401533512110503,0.005500154747331206,0.0003803156830343182
2024-01-07,-0.00028721642996153737,-0.00028721642996153737,-0.00028721642996153737
2024-01-08,-0.004945136478924802,-0.004945136478924802,-0.004945136478924802
2024-01-09,-0.0007728050866364854,0.0018670425108247898,-0.000964774427590966
2024-01-10,-0.0013730746945986463,0.002106199164652656,-0.001561515041634872
2024-01-11,0.002757750340054873,0.001914423749499594,0.0025560775352206724
2024-01-12,0.005784446992459551,0.0055741785622015275,0.0055741785622015275
2024-01-14,2.7651060595890732e-05,2.7651060595890732e-05,2.7651060595890732e-05
2024-01-15,0.0024096871221516037,0.002210999969638003,0.002210999969638003
2024-01-16,-0.008835151453756743,-0.008835151453756743,-0.008835151453756743
2024-01-17,-0.00573225820738259,0.00185987558204731,-0.005910579270306996
2024-01-18,0.005316536913132358,0.0020810910864546813,0.005107340708897716
2024-01-19,0.00220723884917269,0.0021984056384573587,0.00200797075975607
2024-01-21,7.679470138395253e-05,7.679470138395253e-05,7.679470138395253e-05
2024-01-22,-0.0021020666189941095,-0.0021020666189941095,-0.0021020666189941095
2024-01-23,0.0025830443822219195,0.001912753333939408,0.002381864021943234
2024-01-24,-0.004204181466649688,0.0019004322271831652,-0.004386256761991393
2024-01-25,0.0017308715405463671,0.0023754001662324433,0.001533903315961533
2024-01-26,-0.0007601860555789849,-0.0007601860555789849,-0.0007601860555789849
2024-01-28,-0.0008390599539135046,-0.0008390599539135046,-0.0008390599539135046
2024-01-29,0.0035789377763873623,0.0019733412235917176,0.0033749768675137943
2024-01-30,0.0017418801164145793,0.0015442502677134723,0.0015442502677134723
2024-01-31,0.0007386819374049572,0.0005439429425392805,0.0005439429425392805
2024-02-01,0.0051971049462294795,0.0049883474153202285,0.0049883474153202285
2024-02-02,-0.005587657671577148,-0.005587657671577148,-0.005587657671577148
2024-02-04,-0.0001873556758363014,-0.0001873556758363014,-0.0001873556758363014
2024-02-05,-0.00435877241898023,-0.00435877241898023,-0.00435877241898023
2024-02-06,0.003469776399352269,0.0029541810634932434,0.0032684271616545664
2024-02-07,0.00048684924186920714,0.0002947783563418872,0.0002947783563418872
2024-02-08,-0.0008558117514641855,-0.0008558117514641855,-0.0008558117514641855
2024-02-09,-0.0033978229093175006,-0.0033978229093175006,-0.0033978229093175006
2024-02-11,0.00013523403854112803,0.00013523403854112803,0.00013523403854112803
2024-02-12,-0.00239224000798649,-0.00239224000798649,-0.00239224000798649
2024-02-13,-0.010071821444288752,0.0018597415871242,-0.01024961775063499
2024-02-14,0.0009030959114254551,0.0005856081682268608,0.0006933483288639753
2024-02-15,0.003720339378606802,0.001889595238324596,0.0035061693033420853
2024-02-16,0.003761960942783969,0.0024477191398532437,0.0035482705145923857
2024-02-18,0.0005835030556207968,0.0005835030556207968,0.0005835030556207968
2024-02-19,-0.0001474021580615565,-0.0003513049576540437,-0.0003513049576540437
2024-02-20,0.0032706865424442875,0.003058816003509296,0.003058816003509296
2024-02-21,0.0009671380182647764,0.0007604280330223087,0.0007604280330223087
2024-02-22,-0.00029350453186022837,-0.0004958467360400268,-0.0004958467360400268
2024-02-23,0.003713419019690955,0.00350092697131864,0.00350092697131864
2024-02-25,0.00012058302796093868,0.00012058302796093868,0.00012058302796093868
2024-02-26,-0.0008224624485506322,-0.0008224624485506322,-0.0008224624485506322
2024-02-27,-0.0007720960682941319,-0.0010024479777295996,-0.0010024479777295996
2024-02-28,0.002168727856824691,0.0019194234502114293,0.0019194234502114293
2024-02-29,0.00405155208725525,0.0037941268375832884,0.0037941268375832884
2024-03-01,0.017881906499312684,0.0019806855579420765,0.017579995924694947
2024-03-03,-0.0006440344441936381,-0.0006440344441936381,-0.0006440344441936381
2024-03-04,0.014511667583461415,0.014216557677588818,0.014216557677588818
2024-03-05,0.0057897406829181906,0.005514356147234143,0.005514356147234143
2024-03-06,0.00896634940945051,0.00868324614767001,0.00868324614767001
2024-03-07,0.0064746634710401325,0.006172974691731324,0.006172974691731324
2024-03-08,0.009374089358308807,0.00903622192638468,0.00903622192638468
2024-03-10,0.00115093171525901,0.0008013284138919214,0.0008013284138919214
2024-03-11,0.0018923675915744965,0.0015105943300616884,0.0015105943300616884
2024-03-12,-0.018282093452061176,-0.018282093452061176,-0.018282093452061176
2024-03-13,0.011260273950075502,0.010823782408587945,0.010823782408587945
2024-03-14,-0.008796474550905285,-0.008796474550905285,-0.008796474550905285
2024-03-15,-0.0036787226915536647,-0.004090942004368046,-0.004090942004368046
2024-03-17,0.0015072724079529356,0.0015072724079529356,0.0015072724079529356
2024-03-18,0.004880037052541815,0.004443193761533792,0.004443193761533792
2024-03-19,-0.0037643564577668014,-0.0037643564577668014,-0.0037643564577668014
2024-03-20,0.03659432490538205,0.036080941967569294,0.036080941967569294
2024-03-21,-0.01605643870318008,-0.016470142415586607,-0.016470142415586607
2024-03-22,-0.013312223691226643,0.0019468799851597696,-0.013759542760370674
2024-03-24,0.000481990049267031,0.000481990049267031,0.000481990049267031
2024-03-25,0.0040474103497942235,0.0035790250560089783,0.0035790250560089783
2024-03-26,0.0050987859075686745,0.0046275795377061545,0.0046275795377061545
2024-03-27,0.009088903908619907,0.0018138351735938578,0.00861255565404647
2024-03-28,0.03406045354395587,0.002297979681481473,0.03354472810155112
2024-03-31,0.00408607166674847,0.003119411138671351,0.0036169279695529803
2024-04-01,0.0011437986082578945,0.0017807289622954608,0.0006771901884611708
2024-04-02,0.022868088040255117,0.002814016877332488,0.02236406351155219
2024-04-03,0.00903586593119479,0.004485865225365735,0.008555952241939821
2024-04-04,-0.006776360845414019,0.0027610448065375722,-0.007226411704763375
2024-04-05,0.029174672234854614,0.0018392001535631267,0.028673171751609973
2024-04-07,-0.004294269959239141,-0.004294269959239141,-0.004294269959239141
2024-04-08,0.021950058859439955,0.0035741973938182175,0.02144083118026987
2024-04-09,0.00949828807012443,0.0024244132642287433,0.009019676721506813
2024-04-10,-0.012816844396253881,0.0030003245397754955,-0.01325326784394932
2024-04-11,0.029789774297355385,0.0023942592187992597,0.02927913359876983
2024-04-12,-0.023148467996047827,0.0065202692678224495,-0.023491184760223775
2024-04-14,-0.0013365253157206192,-0.0013365253157206192,-0.0013365253157206192
2024-04-15,0.012246835206923852,0.0020465062811948704,0.011790972363412804
2024-04-16,0.0009269191866814468,0.0021590352161271692,0.00048769501564544047
2024-04-17,-0.009011447554906233,0.001770874313229584,-0.009438895750652638
2024-04-18,0.008398472074391393,0.0020673729149957272,0.007948124012293693
2024-04-19,0.009619985595330128,0.002190870677546745,0.009167467898497431
2024-04-21,0.002364973330586895,0.002196813540973388,0.00192362486619266
2024-04-22,-0.03260351306620548,-0.03260351306620548,-0.03260351306620548
2024-04-23,-0.005615551777576832,-0.005615551777576832,-0.005615551777576832
2024-04-24,-0.004057239528606931,0.0033212083580421822,-0.004463216389926604
2024-04-25,0.008827464707671807,0.0018247181372670039,0.008394493574250855
2024-04-26,0.004197394658611052,0.002489658764269154,0.0037709300204914788
2024-04-28,0.0005212947355644814,0.0005212947355644814,0.0005212947355644814
2024-04-29,-0.0015957417003441198,0.0022093904737476556,-0.0020130601839862807
2024-04-30,-0.027151790281520632,-0.027151790281520632,-0.027151790281520632
2024-05-01,0.02060744226935514,0.0031906684499336205,0.020144794696393166
2024-05-02,-0.013000738352245737,-0.013000738352245737,-0.013000738352245737
2024-05-03,-0.000996344557712105,0.0019106988615432677,-0.0014146887577530924
2024-05-05,-0.0056772275199964955,-0.0056772275199964955,-0.0056772275199964955
2024-05-06,0.02083962780087889,0.006049007247860619,0.020356244850372428
2024-05-07,-0.007365021376291898,-0.007365021376291898,-0.007365021376291898
2024-05-08,-0.004325063562701348,0.002255463751996591,-0.004736658485297287
2024-05-09,0.025014024242862812,0.02455360506933498,0.02455360506933498
2024-05-10,0.008624187568971065,0.0022161726996923073,0.00819141671005081
2024-05-12,-0.0003092527534266728,-0.0003092527534266728,-0.0003092527534266728
2024-05-13,-0.01486181715518855,-0.01486181715518855,-0.01486181715518855
2024-05-14,0.010819668217054533,0.0017435992022951572,0.010385370224041901
2024-05-15,0.022967731311872696,0.0018696566178369987,0.02251602449985815
2024-05-16,-0.009244286392409977,-0.009244286392409977,-0.009244286392409977
2024-05-17,0.022496038633709817,0.0026604181002464287,0.02203576455579213
2024-05-19,0.001053587733184965,0.001053587733184965,0.001053587733184965
2024-05-20,0.005799868477882656,0.0027874451645848747,0.0053736163128168994
2024-05-21,-0.0028164961853044098,0.0025194904374984993,-0.003226996248345434
2024-05-22,-0.024366015555949534,0.002007072153527157,-0.02474718773055031
2024-05-23,-0.03191190249368973,-0.03191190249368973,-0.03191190249368973
2024-05-24,0.0012897161111892223,0.002002106203212374,0.0009013169639530632
2024-05-26,0.00026031731018753097,0.0018420586726425124,-0.00012691724148653443
2024-05-27,0.009479810533668274,0.0020423370416785573,0.009078260001943667
2024-05-28,0.004124998981055985,0.0021437503564085353,0.0037321336031265777
2024-05-29,-0.012850796376835656,-0.012850796376835656,-0.012850796376835656
2024-05-30,0.004348169837032576,0.0021894986954206887,0.003954940056904973
2024-05-31,-0.009557700287690298,0.0018363820223088409,-0.009930545393521596
2024-06-02,0.0004120470687725213,0.0004120470687725213,0.0004120470687725213
2024-06-03,0.01495979292131386,0.0018282118850808107,0.014551039860246107
2024-06-04,-0.013023966713770733,-0.013023966713770733,-0.013023966713770733
2024-06-05,0.015905975820313983,0.0018180393979875646,0.015495927156699486
2024-06-06,0.012785720985715373,0.012367678511490374,0.012367678511490374
2024-06-07,-0.04868410197421489,0.0024976968442723996,-0.04897407715078571
2024-06-09,0.0013678092113648668,0.0013678092113648668,0.0013678092113648668
2024-06-10,0.005603714648870987,0.003456748798007234,0.005326057975521571
2024-06-11,0.002270575613079966,0.0018865874667974602,0.002009162239269033
2024-06-12,0.00221349627391483,0.005538548047949363,0.0019799712805426027
2024-06-13,-0.006286243170389645,-0.006286243170389645,-0.006286243170389645
2024-06-14,0.011490879076792108,0.0022418268141369034,0.011222602510920953
2024-06-16,-0.0006042289587964802,-0.0006042289587964802,-0.0006042289587964802
2024-06-17,-0.0021448393344209696,-0.0021448393344209696,-0.0021448393344209696
2024-06-18,0.00257622229456037,0.0019025357388706746,0.0023412285589774146
2024-06-19,-4.730484192809378e-05,-0.00028055781936510535,-0.00028055781936510535
2024-06-20,0.011275685853811392,0.011012627770953177,0.011012627770953177
2024-06-21,-0.014145892493171353,-0.014145892493171353,-0.014145892493171353
2024-06-23,-0.0006218991370794429,-0.0006218991370794429,-0.0006218991370794429
2024-06-24,0.004109373094000596,0.0038766109533833193,0.0038766109533833193
2024-06-25,-0.0032897236941723967,0.0019888523247615637,-0.0035032526079395187
2024-06-26,-0.00808107051451892,-0.00808107051451892,-0.00808107051451892
2024-06-27,0.009836529515531474,0.002152984387739111,0.009587779865985462
2024-06-28,-5.78380229118322e-05,-0.00027038693624005994,-0.00027038693624005994
2024-06-30,0.00014926379464405193,0.00014926379464405193,0.00014926379464405193
2024-07-01,0.003304597967582849,0.0030791556631080573,0.0030791556631080573
2024-07-02,-0.0010780148819729428,-0.0010780148819729428,-0.0010780148819729428
2024-07-03,0.00923337295203601,0.008987696232056006,0.008987696232056006
2024-07-04,-4.014883882887221e-05,-4.014883882887221e-05,-4.014883882887221e-05
2024-07-05,0.011306947796961654,0.011058319766223536,0.011058319766223536
2024-07-07,-0.0010462448796450432,-0.0010462448796450432,-0.0010462448796450432
2024-07-08,-0.007896568413034235,-0.007896568413034235,-0.007896568413034235
2024-07-09,0.0005515314678706108,0.00032916567785724123,0.00032916567785724123
2024-07-10,0.0025498259603532257,0.0023231837292145463,0.0023231837292145463
2024-07-11,0.015467597143270994,0.015196869234712274,0.015196869234712274
2024-07-12,-0.00019428932533335926,-0.00042890228202128284,-0.00042890228202128284
2024-07-14,-0.0010951657448511171,-0.0010951657448511171,-0.0010951657448511171
2024-07-15,0.006198128632193044,0.005909002605680661,0.005909002605680661
2024-07-16,0.020316754053076078,0.019978182183643556,0.019978182183643556
2024-07-17,-0.0023362828685566054,-0.0026259835094165126,-0.0026259835094165126
2024-07-18,-0.007837653760324005,-0.008136269465261149,-0.008136269465261149
2024-07-19,-0.014378976905718144,-0.014378976905718144,-0.014378976905718144
2024-07-21,0.0030165985410692277,0.00269225845965196,0.00269225845965196
2024-07-22,-0.00651281177613653,-0.00651281177613653,-0.00651281177613653
2024-07-23,0.005918746002854299,0.00558807829586736,0.00558807829586736
2024-07-24,-0.0053507081133178135,0.001821243994680938,-0.005661262113969579
2024-07-25,-0.016017700239914556,-0.016017700239914556,-0.016017700239914556
2024-07-26,0.011098623853931497,0.002611834266502791,0.01075530852514011
2024-07-28,-0.00015730363268061444,-0.00015730363268061444,-0.00015730363268061444
2024-07-29,-0.008598455183653436,-0.008598455183653436,-0.008598455183653436
2024-07-30,0.013765585899342883,0.0020334134364924767,0.013420250426455185
2024-07-31,0.01763231138779786,0.017270292956444246,0.017270292956444246
2024-08-01,4.217958163769593e-05,-0.00027356145549149887,-0.00027356145549149887
2024-08-02,-0.001063988948667672,-0.0013812056985707316,-0.0013812056985707316
2024-08-04,0.00022872819768634942,0.00022872819768634942,0.00022872819768634942
2024-08-05,-0.01439730144245645,0.0032896951955417187,-0.014666936637541244
2024-08-06,-0.012195759428904256,0.0026878892039972025,-0.0124816670534101
2024-08-07,0.0010487464909216897,0.0020513417836294434,0.0007277708823647288
2024-08-08,0.01924206124816872,0.0025542946956466682,0.018879775143886432
2024-08-09,0.003385870630721917,0.0030614628462431685,0.0030614628462431685
2024-08-11,-0.0007595898727963242,-0.0007595898727963242,-0.0007595898727963242
2024-08-12,0.022168604108688452,0.02180597824999648,0.02180597824999648
2024-08-13,-0.00564849304552088,-0.00564849304552088,-0.00564849304552088
2024-08-14,-0.007881987050506191,-0.008186306116953514,-0.008186306116953514
2024-08-15,0.003631145487122397,0.0033050815834866076,0.0033050815834866076
2024-08-16,0.023560659327543042,0.0018159785668752952,0.023191722257022037
2024-08-18,0.00045718515916844593,0.00045718515916844593,0.00045718515916844593
2024-08-19,-0.001336639472311392,-0.001336639472311392,-0.001336639472311392
2024-08-20,0.004167509688189001,0.004104779410930796,0.0038349842532611656
2024-08-21,-0.0002797031937515461,0.0028553759557156293,-0.0006097969377108342
2024-08-22,-0.011613254843563374,-0.011613254843563374,-0.011613254843563374
2024-08-23,0.012211677086336085,0.00259015330615517,0.01184619663714598
2024-08-25,0.0008300501322007425,0.0008300501322007425,0.0008300501322007425
2024-08-26,0.0003268284333771991,0.002640327449782601,-1.5424727317023902e-05
2024-08-27,0.005197269469120284,0.0005001708080220177,0.004841008080053505
2024-08-28,-0.008300200958844333,-0.008300200958844333,-0.008300200958844333
2024-08-29,0.004648781377796379,0.001978401598299996,0.004284095343476158
2024-08-30,-0.007993314973817738,0.00183905670522139,-0.008343598555701505
2024-09-01,-0.0006142434976300333,-0.0006142434976300333,-0.0006142434976300333
2024-09-02,-0.003051300149925468,-0.003051300149925468,-0.003051300149925468
2024-09-03,-0.002129220328808095,0.0028277454198027247,-0.002496772798065395
2024-09-04,0.001454170412337165,0.002838768424967273,0.0010725316705102658
2024-09-05,0.01197922327319109,0.0032473695763210993,0.011566241384066136
2024-09-06,-0.010940845800901666,0.0018554006326790037,-0.01131428643789239
2024-09-08,8.419590835110785e-05,8.419590835110785e-05,8.419590835110785e-05
2024-09-09,0.005149890467606946,0.0024311519044864145,0.004747288502608268
2024-09-10,0.007011928664742006,0.0021030331647376548,0.006600617472359301
2024-09-11,-0.003607124291884514,0.0037100780220243154,-0.003995924803162967
2024-09-12,0.02726954274282423,0.002108004927585148,0.02681562785192794
2024-09-13,0.011067345171727904,0.0019806343921414814,0.01063951737696404
2024-09-15,0.0005537877712976847,0.0005537877712976847,0.0005537877712976847
2024-09-16,0.001293027386445362,0.002059752881679784,0.0008798926020577194
2024-09-17,-0.005463631875849558,-0.005463631875849558,-0.005463631875849558
2024-09-18,-0.007795104697095247,0.0018786162801562572,-0.008195740852401063
2024-09-19,0.016627587106031953,0.0033101675633005747,0.016181664304913544
2024-09-20,0.019820768273205905,0.002179542397955528,0.019377878576543328
2024-09-22,-0.0003983163943225798,-0.0003983163943225798,-0.0003983163943225798
2024-09-23,0.004025260530393702,0.0019428568735486013,0.003607888139915265
2024-09-24,0.017915312847400167,0.0019578394088164025,0.017477519568314927
2024-09-25,-0.0010825009828555037,0.0033953036363071035,-0.001485683855772016
2024-09-26,0.009474115027689396,0.0017528445683515923,0.009049476889329767
2024-09-27,-0.006940108645947887,-0.006940108645947887,-0.006940108645947887
2024-09-29,0.0016047313625990756,0.0017617879581268846,0.0011871609548024195
2024-09-30,-0.01626885278521867,-0.01626885278521867,-0.01626885278521867
2024-10-01,0.013681993330235655,0.0018413624015563136,0.013240817097722098
2024-10-02,0.001231463204396883,0.0004132648271443646,0.0008058486774148534
2024-10-03,-0.002021060792642768,0.000676176661849721,-0.0024447104002447333
2024-10-04,-0.0017530231230758816,0.002363456747784056,-0.002171941370342678
2024-10-06,-0.00033348744137876686,-0.00033348744137876686,-0.00033348744137876686
2024-10-07,-0.003913690897466236,0.0020763617592740834,-0.004343902837332864
2024-10-08,-0.012799437762329585,0.0020352039805598176,-0.013222382019268392
2024-10-09,-0.00831795178692956,-0.00831795178692956,-0.00831795178692956
2024-10-10,0.015915557968327665,0.001791381562201108,0.01545331920708932
2024-10-11,0.014120862016499761,0.0024355119610796694,0.013657064323867254
2024-10-13,-2.321597396094602e-05,-2.321597396094602e-05,-2.321597396094602e-05
2024-10-14,0.0020553500544901503,0.003697807982598609,0.0016154740746833181
2024-10-15,0.007183126072752425,0.0017312766449770695,0.006726476373931986
2024-10-16,0.008514334172132779,0.0020253640092215116,0.008048922944406234
2024-10-17,0.011228583713129106,0.003013559359914217,0.010750531555471421
2024-10-18,0.016431375700932598,0.00308005811128096,0.015940567891387383
2024-10-20,0.0008168811199445695,0.0008168811199445695,0.0008168811199445695
2024-10-21,-0.0006842812800421902,0.0032712616426499737,-0.0011436460617150251
2024-10-22,0.014847143983217017,0.0033674320197588496,0.014347934222735372
2024-10-23,-0.015411165839642088,0.0019835486584891325,-0.015863141015792087
2024-10-24,0.009523346055003755,0.002628151032319106,0.009036856407990602
2024-10-25,0.007778125835996916,0.001981206551900784,0.007295628799560162
2024-10-27,9.855960899487291e-05,9.855960899487291e-05,9.855960899487291e-05
2024-10-28,0.006602060369992896,0.0026743516395702363,0.006120044292464094
2024-10-29,0.018907585119641548,0.0021096253315403086,0.018401320871370936
2024-10-30,0.004235608222935037,0.002831708258532503,0.003749975068977651
2024-10-31,-0.024602294824534205,-0.024602294824534205,-0.024602294824534205
2024-11-01,-0.006767188802325726,0.0017184604020362407,-0.007240777105012566
2024-11-03,0.0010589607979932087,0.0010589607979932087,0.0010589607979932087
2024-11-04,-0.001164985396487061,0.0023512550667726564,-0.0016428649552879524
2024-11-05,0.00701555409313321,0.0018446401883252443,0.006526009909552308
2024-11-06,-0.049211385076850654,0.0029218567547526528,-0.04959848633330014
2024-11-07,0.02647749622760251,0.0021305997158949856,0.02599396776814555
2024-11-08,-0.013903302526094547,-0.013903302526094547,-0.013903302526094547
2024-11-10,0.0015220751170966571,0.0015220751170966571,0.0015220751170966571
2024-11-11,-0.033896751039259695,-0.033896751039259695,-0.033896751039259695
2024-11-12,-0.0131149579510836,-0.0131149579510836,-0.0131149579510836
2024-11-13,-0.014132844417351994,0.001889426120669772,-0.014477003043916983
2024-11-14,-0.002847497858307014,0.0011591662881999898,-0.003189094562415155
2024-11-15,-0.0019065521099515207,0.0021053669499227217,-0.002229709834888646
2024-11-17,-0.0008695000668450846,-0.0008695000668450846,-0.0008695000668450846
2024-11-18,0.017149008118779653,0.001841845408853224,0.016814988830817907
2024-11-19,0.009267726692528304,0.002353354317266353,0.00896405935210855
2024-11-20,0.006005776123539337,0.0033580029629059994,0.005713514294030932
2024-11-21,0.006485839611070503,0.002012733961044934,0.00619441162939125
2024-11-22,0.016715022975545963,0.016398018397101692,0.016398018397101692
2024-11-24,0.0022922577053738854,0.00215210418517171,0.00215210418517171
2024-11-25,-0.03972659692919072,-0.03972659692919072,-0.03972659692919072
2024-11-26,0.005891864529517138,0.003068770098137034,0.005679320501290894
2024-11-27,0.0015865228574395024,0.0022465152854207757,0.0013923362124441644
2024-11-28,0.0006854403265563266,0.0019950072772473982,0.0004929234477722834
2024-11-29,0.00344720965483055,0.003246423922442624,0.003246423922442624
2024-12-01,-0.0007507119238943201,-0.0007507119238943201,-0.0007507119238943201
2024-12-02,-0.0006673840675429869,-0.0006673840675429869,-0.0006673840675429869
2024-12-03,8.712784656978302e-05,-9.898751036202798e-05,-9.898751036202798e-05
2024-12-04,0.0021051093802617405,0.0019106662528655324,0.0019106662528655324
2024-12-05,-0.003984876913744852,-0.003984876913744852,-0.003984876913744852
2024-12-06,0.0002170915931875146,0.001947968923825899,2.5712559613320405e-05
2024-12-08,-0.0006898202473136712,-0.0006898202473136712,-0.0006898202473136712
2024-12-09,0.006385296684623678,0.006174062976918256,0.006174062976918256
2024-12-10,0.0096078543385899,0.009388341352055525,0.009388341352055525
2024-12-11,0.006520693889293036,0.006308917943500022,0.006308917943500022
2024-12-12,-0.010292368473111244,-0.010292368473111244,-0.010292368473111244
2024-12-13,-0.008617148787126772,0.002186702408136407,-0.00877828407210587
2024-12-15,0.0004994952276197162,0.0004994952276197162,0.0004994952276197162
2024-12-16,9.657024055309001e-05,0.0021111730983361834,-9.348765994371717e-05
2024-12-17,-0.0010543758370849371,-0.0010543758370849371,-0.0010543758370849371
2024-12-18,-0.015726824837509826,-0.015726824837509826,-0.015726824837509826
2024-12-19,0.0013800049169761007,0.003443288713073748,0.0011941945929728839
2024-12-20,0.0078008520768749895,0.0019083374171670027,0.007587503982057762
2024-12-22,0.0005187962439595769,0.0005187962439595769,0.0005187962439595769
2024-12-23,-0.002394291329955765,0.0019803917920039387,-0.002577731293299962
2024-12-24,0.00032091444491811065,0.000496514282222442,0.00012441880042486224
2024-12-25,0.00015724094795607524,0.00015724094795607524,0.00015724094795607524
2024-12-26,0.0035513031715505242,0.002112376961943259,0.003350339325825119
2024-12-27,-0.0032053837841502023,-0.0032053837841502023,-0.0032053837841502023
2024-12-29,0.00026598849238030427,0.00026598849238030427,0.00026598849238030427
2024-12-30,-0.004667280918086714,-0.004667280918086714,-0.004667280918086714
2024-12-31,0.005144362307369953,0.0021805799373987318,0.0049383031546675026
2025-01-01,-0.00027643336128823243,-0.00027643336128823243,-0.00027643336128823243
2025-01-02,0.008707223572721271,0.008490888926061355,0.008490888926061355
2025-01-03,-0.005442462349904138,-0.005442462349904138,-0.005442462349904138
2025-01-05,-3.090598777738689e-05,-3.090598777738689e-05,-3.090598777738689e-05
2025-01-06,-0.001205426544290157,0.002449949479413312,-0.0013884936069209885
2025-01-07,0.00407315675497594,0.0038706307450411407,0.0038706307450411407
2025-01-08,0.003461866737141528,0.003261124788235133,0.003261124788235133
2025-01-09,0.0024701734935920036,0.002272220283629413,0.002272220283629413
2025-01-10,0.005355125816886643,0.005148383284044867,0.005148383284044867
2025-01-12,0.00020487153951171923,0.00020487153951171923,0.00020487153951171923
2025-01-13,-0.006349689136671564,-0.006349689136671564,-0.006349689136671564
2025-01-14,0.001866753769754618,0.001668853735096734,0.001668853735096734
2025-01-15,0.005029012953786416,0.004823661444902962,0.004823661444902962
2025-01-16,0.005385110198557278,0.005178597908055956,0.005178597908055956
2025-01-17,-0.0030560450326578043,-0.003253209099190077,-0.003253209099190077
2025-01-19,-0.0017471215387347173,-0.0017471215387347173,-0.0017471215387347173
2025-01-20,0.004218017104611839,0.003988961975027845,0.003988961975027845
2025-01-21,0.010281315199794156,0.01002305511465266,0.01002305511465266
2025-01-22,0.003463285384814762,0.0032123279127779245,0.0032123279127779245
2025-01-23,0.0002400182473366483,-2.404406992829181e-05,-2.404406992829181e-05
2025-01-24,0.004853350673763489,0.0045627972083547436,0.0045627972083547436
2025-01-26,-9.444269964297875e-05,-9.444269964297875e-05,-9.444269964297875e-05
2025-01-27,-0.010969302689438023,-0.010969302689438023,-0.010969302689438023
2025-01-28,0.008288028063173797,0.007954532991945366,0.007954532991945366
2025-01-29,-0.0010596368170490622,-0.0010596368170490622,-0.0010596368170490622
2025-01-30,0.016280794384442913,0.015906184344632812,0.015906184344632812
2025-01-31,0.0002635101818249693,-7.730988988640034e-05,-7.730988988640034e-05
2025-02-02,-0.004150713596847516,-0.004150713596847516,-0.004150713596847516
2025-02-03,0.009781895495749213,0.009388093779540217,0.009388093779540217
2025-02-04,0.014163551841977963,0.013750254296704437,0.013750254296704437
2025-02-05,0.014031237731970608,0.013605048905552248,0.013605048905552248
2025-02-06,-0.005915651462233734,-0.005915651462233734,-0.005915651462233734
2025-02-07,0.0006837303930750681,0.00026535260283739096,0.00026535260283739096
2025-02-09,0.0021840069540067894,0.0017535245752090724,0.0017535245752090724
2025-02-10,0.02842806390952703,0.0022750327298378136,0.02794156474349698
2025-02-11,-0.01072879593461945,0.0018992104305606283,-0.01115701883816829
2025-02-12,0.0045434922926955,0.0025689022840524036,0.004094939698769207
2025-02-13,0.012614557547510761,0.003677894414514653,0.012147631206583432
2025-02-14,-0.024609108724771768,0.0018275783852234574,-0.025020013094686773
2025-02-16,-0.00756808843523535,-0.00756808843523535,-0.00756808843523535
2025-02-17,0.007461560215339918,0.002329965600024803,0.0070081782676339605
2025-02-18,0.01887594479864315,0.0019621992038506364,0.018407428064923625
2025-02-19,0.0014275098820314498,0.0029124038648128334,0.0009854301983586032
2025-02-20,0.001171695756655722,0.0021545213998157937,0.0007280452060007612
2025-02-21,-0.0037639353912523707,0.0018176333601866831,-0.004201910008948227
2025-02-23,-0.0011089345494778228,-0.0011089345494778228,-0.0011089345494778228
2025-02-24,0.007234016985632743,0.0020835254289447067,0.006781370966080707
2025-02-25,-0.01652889301285496,-0.01652889301285496,-0.01652889301285496
2025-02-26,-0.0028252217887738,-0.0028252217887738,-0.0028252217887738
2025-02-27,-0.022631322970954076,-0.022631322970954076,-0.022631322970954076
2025-02-28,-0.010008481174929616,0.0019089540262026623,-0.010437582623900984
2025-03-02,-0.0011970628372054155,-0.0011970628372054155,-0.0011970628372054155
2025-03-03,0.011349262770880282,0.002237560156115929,0.01088997773646068
2025-03-04,0.011449746684445662,0.01098713625390052,0.01098713625390052
2025-03-05,0.0022822378249584803,0.00228718846229571,0.0018371369239816358
2025-03-06,-0.004879535253039351,0.0027211163286609036,-0.0053104447775182
2025-03-07,0.005481093592544755,0.0028501683439432295,0.005030955934724289
2025-03-09,0.0014710989370129894,0.0014710989370129894,0.0014710989370129894
2025-03-10,-0.017096859055949834,-0.017096859055949834,-0.017096859055949834
2025-03-11,0.01546501759143908,0.014991628488620274,0.014991628488620274
2025-03-12,0.01325651023364491,0.012793496845240612,0.012793496845240612
2025-03-13,0.02588259449599775,0.0017359372496609192,0.025407505004232295
2025-03-14,-0.001350429895828955,0.0029652991076953026,-0.001786750988041263
2025-03-16,8.242331172215805e-05,0.0019202750588640076,-0.0003602471166878686
2025-03-17,0.006102438059723287,0.0022355845546861157,0.005651313658241427
2025-03-18,0.016272337329161054,0.0023657866715729075,0.01580448876004248
2025-03-19,0.009942938003840206,0.001808386498825275,0.00948731595711658
2025-03-20,-0.002934757822793161,0.0022565440812792326,-0.0033717358712353493
2025-03-21,-0.011228585052873824,-0.011228585052873824,-0.011228585052873824
2025-03-23,0.00016192433067419208,0.00016192433067419208,0.00016192433067419208
2025-03-24,-0.0074441819975779545,0.002270678124223123,-0.007873982780303709
2025-03-25,0.005130863538859276,0.0023164693148314654,0.004681242184414132
2025-03-26,0.00011502929083419624,0.0017693671271720864,-0.00032806861325452614
2025-03-27,0.016985331784580456,0.0018679161667159824,0.016515907297721195
2025-03-28,0.01348578736423787,0.001740274464415511,0.013021720498841326
2025-03-30,-0.0009033344264151099,-0.0009033344264151099,-0.0009033344264151099
2025-03-31,0.017222393268392526,0.001963522443567547,0.016750901371023662
2025-04-01,-0.003961894265390142,0.0019508344652426628,-0.004404487217804232
2025-04-02,0.025356243412557662,0.0038675233296010065,0.0248482067558772
2025-04-03,-0.019281415300444648,0.004519834509160359,-0.01966487812421964
2025-04-04,-0.03846005574929246,0.01116709076669218,-0.03856385260141005
2025-04-06,-0.01608455721991008,-0.01608455721991008,-0.01608455721991008
2025-04-07,-0.00012385689658491963,0.011948392565487402,-0.00044251471201069506
2025-04-08,-0.003314368458195087,0.0029555600756683152,-0.003716090988092287
2025-04-09,0.05251088329418603,0.002867459051077236,0.05199995267575684
2025-04-10,0.03710996415754809,0.036693059009281145,0.036693059009281145
2025-04-11,0.015180673716487817,0.01483224538759082,0.01483224538759082
2025-04-13,0.001182823001960244,0.001182823001960244,0.001182823001960244
2025-04-14,-0.003264649736370617,-0.0035480943344542585,-0.0035480943344542585
2025-04-15,0.012255302836858136,0.011935632115224552,0.011935632115224552
2025-04-16,0.030124835712726658,0.00239111463509126,0.029764272928941533
2025-04-17,-0.0056399282395114565,0.0022299483760451566,-0.005915106269686967
2025-04-20,0.0030455139802592988,0.0024125062669832667,0.0027508749758997602
2025-04-21,0.025133696799072028,0.004708815967722868,0.024746069433178183
2025-04-22,-0.024593528138921794,0.0030386200616617483,-0.024802199773321286
2025-04-23,-0.00785868133389553,0.002151387292446571,-0.008112410321951114
2025-04-24,0.008174378013054519,0.003809295266887214,0.00788009771483528
2025-04-25,-0.010851602500202572,-0.010851602500202572,-0.010851602500202572
2025-04-27,-0.007046983910140728,-0.007046983910140728,-0.007046983910140728
2025-04-28,0.009081404166204616,0.0019345924936778362,0.008789278904729879
2025-04-29,-0.006074424722290117,-0.006074424722290117,-0.006074424722290117
2025-04-30,-0.015155115287412773,-0.015155115287412773,-0.015155115287412773
2025-05-01,-0.01118334715980994,-0.01118334715980994,-0.01118334715980994
2025-05-02,0.00033639367639889554,0.002060703776918492,7.892301756060789e-05
2025-05-04,0.0023036203234166326,0.0025571612684324517,0.0020454166462468616
2025-05-05,0.02494052063361063,0.0036044765049054158,0.02459543527261155
2025-05-06,0.01757058702032436,0.017239428746491627,0.017239428746491627
2025-05-07,-0.004041096719094692,-0.004281307741969174,-0.004281307741969174
2025-05-08,-0.016065913574689294,0.0033076367580399135,-0.016233972554439778
2025-05-09,0.0029169207887281647,0.0024380996411905117,0.0026710806061375765
2025-05-11,0.0015713704105058156,0.0015713704105058156,0.0015713704105058156
2025-05-12,-0.013349088439105622,-0.013349088439105622,-0.013349088439105622
2025-05-13,0.0033457195789399095,0.002772763906524272,0.003102527685636495
2025-05-14,-0.01562131907541164,-0.01562131907541164,-0.01562131907541164
2025-05-15,0.013221976445961495,0.002403663890877331,0.012960775615691176
2025-05-16,-0.008752488842216778,-0.008752488842216778,-0.008752488842216778
2025-05-18,0.004041119162263074,0.004250058684733348,0.003824069177218838
2025-05-19,-0.00547538202273865,-0.00547538202273865,-0.00547538202273865
2025-05-20,0.01687200768095134,0.003589224241818681,0.01659112363495692
2025-05-21,0.005804499313694253,0.005582677307857149,0.005582677307857149
2025-05-22,-0.0053564591709799846,-0.005530314193200377,-0.005530314193200377
2025-05-23,0.012926564274731723,0.01267820110670963,0.01267820110670963
2025-05-25,-0.001997218729856422,-0.001997218729856422,-0.001997218729856422
2025-05-26,0.0020575856261579443,0.0018466379952120377,0.0018466379952120377
2025-05-27,-0.008975752155398194,-0.008975752155398194,-0.008975752155398194
2025-05-28,-0.011656985164026764,0.002712063457883351,-0.01181451644948727
2025-05-29,0.012661277773867476,0.0019309004309013345,0.012420856896947349
2025-05-30,-0.005687306576104028,-0.005687306576104028,-0.005687306576104028
2025-06-01,0.0006582158885246784,0.0006582158885246784,0.0006582158885246784
2025-06-02,0.016864215817866967,0.0020550415986777134,0.016610338960353795
2025-06-03,-0.004917735081828929,-0.004917735081828929,-0.004917735081828929
2025-06-04,0.005434247994318997,0.005213057257340386,0.005213057257340386
2025-06-05,-0.0036411994085854453,-0.0038362249543352437,-0.0038362249543352437
2025-06-06,-0.012044301750326128,0.002092234145821086,-0.01221438549444786
2025-06-08,0.00015455011419713253,0.00015455011419713253,0.00015455011419713253
2025-06-09,0.003390810584437191,0.002752328454915956,0.0031771205562696405
2025-06-10,0.0010073377730323763,0.002261183161205081,0.000799942551162831
2025-06-11,0.008383126144838436,0.0081545171423313,0.0081545171423313
2025-06-12,0.0068498708596654405,0.006624238930927185,0.006624238930927185
2025-06-13,0.006869040422583644,0.006636701632410795,0.006636701632410795
2025-06-15,-0.0013060498800159684,-0.0013060498800159684,-0.0013060498800159684
2025-06-16,-0.010454984267374201,-0.010454984267374201,-0.010454984267374201
2025-06-17,-0.003603965852857636,-0.003603965852857636,-0.003603965852857636
2025-06-18,-0.0022101535542706895,0.001981550389063746,-0.0024435043907302034
2025-06-19,-0.0024397957820103,-0.0024397957820103,-0.0024397957820103
2025-06-20,-2.4227436217118058e-05,0.0011354432891290981,-0.0002688990966297996
2025-06-22,-0.0018426892524106263,-0.0018426892524106263,-0.0018426892524106263
2025-06-23,-0.006322643746571712,0.002447005272725612,-0.006545958217983172
2025-06-24,-0.0054676593385111875,0.0020836259709725636,-0.005697659269421057
2025-06-25,0.003325332615804506,0.002066644769679851,0.003073389052710312
2025-06-26,-0.004494060270517812,0.0018672584516959453,-0.004728607983370084
2025-06-27,-0.0115366419817471,-0.0115366419817471,-0.0115366419817471
2025-06-29,-0.0005113351660239141,-0.0005113351660239141,-0.0005113351660239141
2025-06-30,0.012111114495661789,0.0018743477448582991,0.011839148832715104
2025-07-01,0.0068792341017188995,0.0020226911508176753,0.006618623326230226
2025-07-02,0.0016120701586644088,0.0013621982139188247,0.0013621982139188247
2025-07-03,-0.0040101229988860915,0.0033872923745009013,-0.004229478441030768
2025-07-04,0.002682687123036638,0.0029034146703920873,0.0024347289153033255
2025-07-06,-0.0024860048148767733,-0.0024860048148767733,-0.0024860048148767733
2025-07-07,0.0024717764126154806,0.0004519930269037087,0.002221402747697378
2025-07-08,-0.009004957643186052,-0.009004957643186052,-0.009004957643186052
2025-07-09,0.003370995353611443,0.0018349391898989287,0.003118734006996122
2025-07-10,0.0014350961773545623,0.0020746694827485247,0.0011878560240183183
2025-07-11,0.007526924379273274,0.0072636725418065195,0.0072636725418065195
2025-07-13,0.0005625763982942403,0.0005625763982942403,0.0005625763982942403
2025-07-14,-0.0059906234027145,-0.0059906234027145,-0.0059906234027145
2025-07-15,-0.00413608806160984,0.0018739112147530587,-0.004371380075703172
2025-07-16,0.0045351781752294915,0.004280241728202689,0.004280241728202689
2025-07-17,-0.001006622099199116,-0.001006622099199116,-0.001006622099199116
2025-07-18,0.0024093021658100826,0.0021601645357790145,0.0021601645357790145
2025-07-20,0.0006071758777922353,0.0006071758777922353,0.0006071758777922353
2025-07-21,0.012195069630566943,0.011922279109946619,0.011922279109946619
2025-07-22,0.009338848316660474,0.009071515992512337,0.009071515992512337
2025-07-23,-0.011416488154067603,-0.011416488154067603,-0.011416488154067603
2025-07-24,-0.005659863995529388,-0.005659863995529388,-0.005659863995529388
2025-07-25,-0.009545728520522049,-0.009545728520522049,-0.009545728520522049
2025-07-27,0.00019067086618341733,0.00019067086618341733,0.00019067086618341733
2025-07-28,-0.00587792823368959,0.00255658658579581,-0.0061156222212728545
2025-07-29,0.004612313328734136,0.002331357974297358,0.004344270291742908
2025-07-30,-0.012487013540102482,-0.012487013540102482,-0.012487013540102482
2025-07-31,0.0011350944153469,0.002499617539319725,0.0008769437987618822
2025-08-01,0.020985755169015533,0.020680495351501477,0.020680495351501477
2025-08-03,0.0004485528679000229,0.0004485528679000229,0.0004485528679000229
2025-08-04,0.005864162628215848,0.005593315069743905,0.005593315069743905
2025-08-05,0.0017082042682534072,0.0014464111064464889,0.0014464111064464889
2025-08-06,-0.00353230868067992,-0.00353230868067992,-0.00353230868067992
2025-08-07,0.008416900501722087,0.008139550183291199,0.008139550183291199
2025-08-08,-0.0002982989157455774,-0.0002982989157455774,-0.0002982989157455774
2025-08-10,-0.0007494624730266986,-0.0007494624730266986,-0.0007494624730266986
2025-08-11,-0.010557462726006613,-0.010557462726006613,-0.010557462726006613
2025-08-12,-0.0001832394618903755,-0.0001832394618903755,-0.0001832394618903755
2025-08-13,0.004163341275855874,0.001903239089971273,0.003896328198380556
2025-08-14,-0.00898592424431741,-0.00898592424431741,-0.00898592424431741
2025-08-15,0.0004577935767813292,0.001898181411992018,0.00019884601827364098
2025-08-17,-0.0017593328285291892,-0.0017593328285291892,-0.0017593328285291892
2025-08-18,-0.0010909068291532677,0.0020813201149719714,-0.0013454377998229202
2025-08-19,-0.006104896099604774,0.001993955694448676,-0.00634850829251187
2025-08-20,0.009273690780975412,0.0025501283343560355,0.008992378475689317
2025-08-21,-0.0017497842516737618,-0.0017497842516737618,-0.0017497842516737618
2025-08-22,0.009746436311004069,0.009460906621763394,0.009460906621763394
2025-08-24,0.00037574436058681053,0.00037574436058681053,0.00037574436058681053
2025-08-25,-0.0028966602178447797,-0.0031457188497360884,-0.0031457188497360884
2025-08-26,0.006035292095857974,0.005763728981929424,0.005763728981929424
2025-08-27,0.000899613836144117,0.0006370511734846507,0.0006370511734846507
2025-08-28,0.005498238577148245,0.005227788944049605,0.005227788944049605
2025-08-29,0.008530233572180216,0.00824005623194331,0.00824005623194331
2025-08-31,0.0005403212636224736,0.0005403212636224736,0.0005403212636224736
2025-09-01,0.011525721255440305,0.0111833196449668,0.0111833196449668
2025-09-02,0.016411407473386843,0.016051240977670415,0.016051240977670415
2025-09-03,0.00989903954146449,0.00955422713578988,0.00955422713578988
2025-09-04,-0.0014208011753521531,-0.0014208011753521531,-0.0014208011753521531
2025-09-05,0.012307068430422242,0.01192928717832353,0.01192928717832353
2025-09-07,0.00014067256341190564,0.00014067256341190564,0.00014067256341190564
2025-09-08,0.017377876710075887,0.01695930777466191,0.01695930777466191
2025-09-09,-0.0013642504150561498,-0.0017450846237912995,-0.0017450846237912995
2025-09-10,0.005651471258046838,0.00524364588702781,0.00524364588702781
2025-09-11,-0.005996592915589185,-0.005996592915589185,-0.005996592915589185
2025-09-12,0.0038651539931626646,0.0034414939972789963,0.0034414939972789963
2025-09-14,-0.0023574932234552625,-0.0023574932234552625,-0.0023574932234552625
2025-09-15,0.015426128169269651,0.0018771614420360879,0.014962889768751191
2025-09-16,0.006370834763393773,0.0018413142466775232,0.005919704260431665
2025-09-17,-0.011270694375989512,-0.011270694375989512,-0.011270694375989512
2025-09-18,-0.010412958664396236,0.002872219030532506,-0.010836157595324539
2025-09-19,0.019865535376748227,0.0036814927937188157,0.019377110454748346
2025-09-21,-0.0007056945157905283,-0.0007056945157905283,-0.0007056945157905283
2025-09-22,0.02474452318228174,0.001761770313379062,0.024266788306024613
2025-09-23,0.007182828811901454,0.003117247591375883,0.006725389042372522
2025-09-24,-0.006960806844846603,0.0022001354825266417,-0.007395949489904383
2025-09-25,-0.002256701195812815,0.002925755860484239,-0.002695434816706917
2025-09-26,0.005381055888560716,0.0018724219601814582,0.004927338076963878
2025-09-28,-0.0005020474301026506,-0.0005020474301026506,-0.0005020474301026506
2025-09-29,0.024847229028998732,0.003520963872451862,0.024348346058621878
2025-09-30,0.010130466884235774,0.002133538825403463,0.009669580549142213
2025-10-01,-0.0007215792019485131,0.0020884757492960655,-0.0011665825921132866
2025-10-02,0.001668757488300189,0.0020636446579846254,0.0012202438895371807
2025-10-03,0.010611462536775475,0.003622005755013648,0.010145771004613306
2025-10-05,0.008009489509759528,0.003635831967783697,0.0075500609944066915
2025-10-06,0.026611708194094478,0.002174128648557628,0.02612531760443828
2025-10-07,0.009383312758727584,0.0017712494837907457,0.008924043055344066
2025-10-08,0.005916532905743325,0.0028444530087324955,0.005461026564288696
2025-10-09,-0.011464358788333944,0.0031864473708944478,-0.011882668106821087
2025-10-10,0.011058695982093063,0.0037785074484390072,0.010591000400668842
2025-10-12,0.005294861990426675,0.007185382272256955,0.004854522551614015
2025-10-13,0.038686315932371484,0.0031766605790696655,0.03815472916354895
2025-10-14,0.015025556835655474,0.006504096313139569,0.01453367076591057
2025-10-15,0.015938295816741485,0.003851143616245632,0.01545093458556105
2025-10-16,0.05792626121984475,0.002859049563023884,0.05736448933897578
2025-10-17,-0.03498208347271546,0.003123230839649253,-0.03529973668635417
2025-10-19,-0.006200156302835168,-0.006200156302835168,-0.006200156302835168
2025-10-20,0.039877754986201955,0.004455417443251024,0.039395674915217886
2025-10-21,-0.07214955916548565,0.0023478278287857703,-0.07232311658005038
2025-10-22,0.01055993611516775,0.002495298326208374,0.010301892318923
2025-10-23,0.007235443734901204,0.0020951598124129005,0.006989540650822171
2025-10-24,-0.0033267057153661605,0.0027891455522975656,-0.003537279102347385
2025-10-26,-0.008013609134790553,-0.008013609134790553,-0.008013609134790553
2025-10-27,-0.013779629930537506,0.0021808729087655046,-0.013956002238932452
2025-10-28,-0.0040528191391957765,0.002352360906940593,-0.004242551450774039
2025-10-29,-0.0016688479576957408,0.003454729835262065,-0.0018451312019018187
2025-10-30,0.013943041226723742,0.003767022151341377,0.01369215434966437
2025-10-31,-0.004956040168908608,-0.004956040168908608,-0.004956040168908608
2025-11-02,-0.002642666705326646,-0.002642666705326646,-0.002642666705326646
2025-11-03,0.004725919829832703,0.0028910965742194737,0.004535259534750649
2025-11-04,-0.00975533408259445,-0.00975533408259445,-0.00975533408259445
2025-11-05,0.005412122935539595,0.00199197759250864,0.005222994125784052
2025-11-06,0.0022219929330567437,0.0018845717618085074,0.0020445134096906074
2025-11-07,0.002097137682844837,0.0022313269531130157,0.001921261055647681
2025-11-09,0.0001749842792382023,0.0001749842792382023,0.0001749842792382023
2025-11-10,0.016249951475029063,0.004895552278478581,0.01598435046051743
2025-11-11,0.0033679697960271294,0.0031934773079802443,0.0031934773079802443
2025-11-12,0.006926280204937774,0.006736514016976414,0.006736514016976414
2025-11-13,-0.00031605521185228494,-0.0004795932529261692,-0.0004795932529261692
2025-11-14,-0.014994969308849722,0.0019235648517020886,-0.015110105077352168
2025-11-16,-0.0003328796493175013,-0.0003328796493175013,-0.0003328796493175013
2025-11-17,-0.0071883444502351575,0.001964168535768425,-0.007328480575832925
2025-11-18,0.006125887861557964,0.003994303940656,0.005941012192883407
2025-11-19,0.004661524288300303,0.004481392467622868,0.004481392467622868
2025-11-20,-0.003934075282422546,-0.003934075282422546,-0.003934075282422546
2025-11-21,-0.002267596165113414,-0.0024129099531021853,-0.0024129099531021853
2025-11-23,8.196097331240564e-05,8.196097331240564e-05,8.196097331240564e-05
2025-11-24,0.012211501276947758,0.01200006423020773,0.01200006423020773
2025-11-25,-0.00039780429685710024,-0.0005589245442981806,-0.0005589245442981806
2025-11-26,0.003816616957907196,0.003643472845495409,0.003643472845495409
2025-11-27,-0.00024535948026757826,-0.00024535948026757826,-0.00024535948026757826
2025-11-28,0.007471216660796233,0.0072788856096897316,0.0072788856096897316
2025-11-30,0.0007372284493931575,0.0007372284493931575,0.0007372284493931575
2025-12-01,0.0006460168085789285,0.00048062150542334687,0.00048062150542334687
2025-12-02,-0.0020684759767920593,-0.0020684759767920593,-0.0020684759767920593
2025-12-03,-0.0003865365282493826,-0.0005496659953005443,-0.0005496659953005443
2025-12-04,-0.00024557191554586664,-0.00041776201683234077,-0.00041776201683234077
2025-12-05,-0.0016513542994768043,-0.0018137449509043509,-0.0018137449509043509
2025-12-07,0.001124116091343679,0.001124116091343679,0.001124116091343679
2025-12-08,-0.001761834500082767,-0.001761834500082767,-0.001761834500082767
2025-12-09,0.002815887967012756,0.00262565640685065,0.00262565640685065
2025-12-10,0.003788543868359471,0.0035941935523192414,0.0035941935523192414
2025-12-11,0.005434376882495006,0.00522777559050311,0.00522777559050311
2025-12-12,0.003761971749687388,0.0035563189295896216,0.0035563189295896216
2025-12-14,-1.2854024328421814e-05,-1.2854024328421814e-05,-1.2854024328421814e-05
2025-12-15,-2.5864977661079164e-05,-0.00023456332066099973,-0.00023456332066099973
2025-12-16,9.119357551272633e-05,-0.00013010958304178702,-0.00013010958304178702
2025-12-17,0.0051126189374604515,0.004869399651608773,0.004869399651608773
2025-12-18,-0.0006631093127260068,-0.0008789681914774019,-0.0008789681914774019
2025-12-19,0.0018614192208890874,0.0016076706056207845,0.0016076706056207845
2025-12-21,0.0022471689707233987,0.002114377950972854,0.002114377950972854
2025-12-22,0.022647963152923722,0.022281154566496045,0.022281154566496045
2025-12-23,0.008166014977067825,0.007872230687291173,0.007872230687291173
2025-12-24,-0.006222860654558736,-0.00648139763153142,-0.00648139763153142
2025-12-25,0.001314714931689665,0.001314714931689665,0.001314714931689665
2025-12-26,0.006724190240635274,0.0064235633260006225,0.0064235633260006225
2025-12-28,-0.0016424706518115924,-0.0016424706518115924,-0.0016424706518115924
2025-12-29,-0.04275718684459096,-0.04275718684459096,-0.04275718684459096
2025-12-30,-0.0018582533342840616,0.003065491614113998,-0.002134107747115368
2025-12-31,-0.005342198756963857,0.002667245923724876,-0.0056095663913208445
2026-01-01,0.004027725904114238,0.0019402078203925328,0.0037373185306204815
2026-01-02,-0.0037598827720121916,0.003320431145305042,-0.004020845611218908
2026-01-04,0.0006184622502639713,0.0006184622502639713,0.0006184622502639713
2026-01-05,0.014445282725469598,0.014135474068397453,0.014135474068397453
2026-01-06,0.012037388467757256,0.011731034414733268,0.011731034414733268
2026-01-07,-0.0066684923544956505,-0.0066684923544956505,-0.0066684923544956505
2026-01-08,0.0022794252175672965,0.001993972867483178,0.001993972867483178
2026-01-09,0.008456155571145024,0.008154974549447636,0.008154974549447636
2026-01-11,0.002222506874474938,0.0019397064359997203,0.0019397064359997203
2026-01-12,0.010145781843493799,0.009842913789645007,0.009842913789645007
2026-01-13,0.000945123974686699,0.0006635065994734656,0.0006635065994734656
2026-01-14,0.00221693796406593,0.0019328488352069234,0.0019328488352069234
2026-01-15,-0.0014080825085696443,-0.0016891758961463754,-0.0016891758961463754
2026-01-16,-0.002187612166063809,-0.002466171380197221,-0.002466171380197221
2026-01-18,0.004170615174631031,0.0038836159221699224,0.0038836159221699224
2026-01-19,-3.1269075294341246e-05,-0.000320101814068255,-0.000320101814068255
2026-01-20,0.024494851981765903,0.001882167202414864,0.02415299407718929
2026-01-21,0.00032167921313019406,0.006752272621099702,6.543794975610737e-05
2026-01-22,0.037376474242488265,0.002764162685396769,0.03698315529693909
2026-01-23,0.006875779529257114,0.0027117528006908114,0.006566148107116403
2026-01-25,0.0038175396847331565,0.003668129326190454,0.003668129326190454
2026-01-26,0.0008811114176238317,0.002193210451082766,0.0005855146108671198
2026-01-27,0.025114479561429925,0.0038608522873112942,0.02473609056468589
2026-01-28,0.0711167189300556,0.004997464217305641,0.07049902126852338
2026-01-29,-0.008516236384370724,0.001959551448288627,-0.008721854266681333
2026-01-30,-0.08240663314235418,-0.08240663314235418,-0.08240663314235418
2026-02-01,0.0001594184368850659,0.003629465677214142,3.554104969753494e-05
2026-02-02,-0.006950196903106029,-0.006950196903106029,-0.006950196903106029
2026-02-03,0.014972101753624525,0.0029880112623721106,0.014765232960399034
2026-02-04,0.0021182533057933274,0.0023550987248027516,0.002002138675688033
2026-02-05,-0.024059540627520023,-0.024059540627520023,-0.024059540627520023
2026-02-06,0.02070840707065585,0.00301085956354819,0.020455224203596627
2026-02-08,0.003544374066412448,0.0027879309035366002,0.0034490130545513746
2026-02-09,0.00014633513341119755,0.0020973184031932235,7.162225100575737e-05
2026-02-10,0.00044073791653850754,0.002156390051293189,0.00036528057041266545
2026-02-11,0.0016575989317416523,0.002098585488248005,0.001573242910112549
2026-02-12,-0.008405705364283029,-0.008405705364283029,-0.008405705364283029
2026-02-13,0.00597065353619409,0.002255754381531176,0.00585841644775957
2026-02-15,-0.00012747200411576155,-0.00012747200411576155,-0.00012747200411576155
2026-02-16,-0.0016223853441584806,-0.0016223853441584806,-0.0016223853441584806
2026-02-17,-0.0070753937075121644,-0.0070753937075121644,-0.0070753937075121644
2026-02-18,0.006412452451025899,0.0019416174834009656,0.006302627773019686
2026-02-19,0.0010850161825928769,0.002224045461506876,0.0010177664753677682
2026-02-20,0.006147374961979167,0.006037547057763424,0.006037547057763424
2026-02-22,0.0010049467975562771,0.0010049467975562771,0.0010049467975562771
2026-02-23,0.0051580537840457885,0.0050573661970025365,0.0050573661970025365
2026-02-24,-0.004318113765112771,-0.004318113765112771,-0.004318113765112771
2026-02-25,0.0012031870465510168,0.001136733042438297,0.001136733042438297
2026-02-26,0.0008956743482815373,0.000818349622118251,0.000818349622118251
2026-02-27,0.004814856373514157,0.004717230502918511,0.004717230502918511
2026-03-01,0.002026918043954737,0.001988621132106567,0.001988621132106567
2026-03-02,-0.0015082261837727848,-0.0015588234488445232,-0.0015588234488445232
2026-03-03,-0.011329824864660791,-0.011329824864660791,-0.011329824864660791
2026-03-04,0.0026190941721079943,0.002265953788932014,0.002539851781820881
2026-03-05,-0.004462699318641663,-0.004462699318641663,-0.004462699318641663
2026-03-06,0.004644633966413875,0.004548763136278628,0.004548763136278628
2026-03-08,-0.004340137324715119,-0.004340137324715119,-0.004340137324715119
2026-03-09,0.00559040561337288,0.005486046363626902,0.005486046363626902
2026-03-10,0.003208657374319961,0.0031256671190047075,0.0031256671190047075
2026-03-11,-0.0030392090903514487,-0.0030392090903514487,-0.0030392090903514487
2026-03-12,-0.0021570871536927333,-0.0022005780029386397,-0.0022005780029386397
2026-03-13,-0.0046599258656565895,-0.0046599258656565895,-0.0046599258656565895
2026-03-15,-0.0013870018733621694,-0.0013870018733621694,-0.0013870018733621694
2026-03-16,-0.0005202595847491012,-0.0005202595847491012,-0.0005202595847491012
2026-03-17,-0.00020452895918714406,-0.00020452895918714406,-0.00020452895918714406
2026-03-18,-0.009385085351632787,-0.009385085351632787,-0.009385085351632787
2026-03-19,-0.011208292781506821,-0.011208292781506821,-0.011208292781506821
2026-03-20,-0.010019523251672692,0.0020567260915833408,-0.010003388351023105
2026-03-22,-0.002543950010728903,-0.002543950010728903,-0.002543950010728903
2026-03-23,0.00028653386085152413,0.002524589287990339,0.0002312187525263398
2026-03-24,0.007647921053008509,0.0020230975989458883,0.0075292473310405745
2026-03-25,-0.0028807139259390824,0.0024421097135827923,-0.002899505751560589
2026-03-26,-0.006806248438229874,-0.006806248438229874,-0.006806248438229874
2026-03-27,0.004987892752273322,0.002076795339739041,0.004893683751092406
2026-03-29,-0.002515656155226344,-0.002515656155226344,-0.002515656155226344
2026-03-30,0.004660233173344541,0.002389338152454967,0.004571160024448194
2026-03-31,0.009381923068570356,0.0033691344484232657,0.009230304909783148
2026-04-01,0.003500554550006903,0.0024485432262128797,0.0034307917908284104
2026-04-02,-0.004930578792636996,-0.004930578792636996,-0.004930578792636996
2026-04-05,-0.0008529088405041282,-0.0008529088405041282,-0.0008529088405041282
2026-04-06,0.0014386873973039076,0.0013880877473817568,0.0013880877473817568
2026-04-07,0.007649119950054278,0.0006068199847051925,0.007570017411968615
2026-04-08,-0.004805560502418638,-0.004805560502418638,-0.004805560502418638
2026-04-09,0.0025385865817097487,0.0024783528098689467,0.0024783528098689467
2026-04-10,-0.0002892572579267891,-0.0003415847119361223,-0.0003415847119361223
2026-04-12,-0.0001863639463724424,-0.0001863639463724424,-0.0001863639463724424
2026-04-13,0.0035540816212094686,0.002014184219674417,0.0034835211161231786
2026-04-14,0.003172565038219536,0.0019997392211163617,0.0031059008215765685
2026-04-15,-0.00041808999427007704,-0.00041808999427007704,-0.00041808999427007704
2026-04-16,-0.0015280043384746506,-0.0015280043384746506,-0.0015280043384746506
2026-04-17,0.001590141364284145,0.0015433404406906864,0.0015433404406906864
2026-04-19,-0.0014155787514370513,-0.0014155787514370513,-0.0014155787514370513
2026-04-20,0.0028446853014635447,0.002781712410678647,0.002781712410678647
2026-04-21,-0.003650429392876139,-0.003650429392876139,-0.003650429392876139
2026-04-22,-0.0006200913293299267,-0.0006200913293299267,-0.0006200913293299267
2026-04-23,-0.0001730120594419607,-0.00020549076889297366,-0.00020549076889297366
2026-04-24,0.00041402250885557226,0.0003616673842198739,0.0003616673842198739
2026-04-26,-0.00022251665910969078,-0.00022251665910969078,-0.00022251665910969078
2026-04-27,0.000503338742918327,0.00046401163001183313,0.00046401163001183313
2026-04-28,-0.004237250668013852,-0.004237250668013852,-0.004237250668013852
2026-04-29,-0.0019348158372294055,-0.0019348158372294055,-0.0019348158372294055
2026-04-30,0.002935709727076421,0.0025737019234435624,0.0028764446965528264
2026-05-01,-0.0003642853953420735,-0.00041376231133970513,-0.00041376231133970513
2026-05-03,-0.00038792516458801765,-0.00038792516458801765,-0.00038792516458801765
2026-05-04,-0.00392473199496382,-0.00392473199496382,-0.00392473199496382
2026-05-05,0.002846095776360525,0.001946283542858391,0.0027824825488690103
2026-05-06,0.0045449948800318305,0.00204872580301546,0.004464070709246214
2026-05-07,0.00018582530254895773,0.00015017088755331598,0.00015017088755331598
2026-05-08,0.0004160877100167189,0.0003618790389584108,0.0003618790389584108
2026-05-10,0.00018425114075190248,0.00018425114075190248,0.00018425114075190248
2026-05-11,0.003522918316566594,0.002508652682506666,0.0034553670819945704
2026-05-12,-0.002041835628630114,-0.002041835628630114,-0.002041835628630114
2026-05-13,-0.0009733278711111244,-0.0009733278711111244,-0.0009733278711111244
2026-05-14,-0.001883958814835579,-0.001883958814835579,-0.001883958814835579
2026-05-15,-0.004666723400108898,-0.004666723400108898,-0.004666723400108898
2026-05-17,-0.00048590308051563706,-0.00048590308051563706,-0.00048590308051563706
2026-05-18,0.002385389270202857,0.0019359213068885464,0.0023262681369183294
2026-05-19,-0.0038326982014425985,-0.0038326982014425985,-0.0038326982014425985
2026-05-20,0.002528125444832015,0.0020857109092861596,0.002468402381486466
2026-05-21,-0.0004086298470833549,-0.0004086298470833549,-0.0004086298470833549
2026-05-22,-0.0009954221053799712,-0.0009954221053799712,-0.0009954221053799712
2026-05-24,0.0005180125965822488,0.0005180125965822488,0.0005180125965822488
2026-05-25,-0.0005772346597246755,-0.0005772346597246755,-0.0005772346597246755
2026-05-26,-0.0014790729720929564,-0.0014790729720929564,-0.0014790729720929564
2026-05-27,-0.003450225948864047,-0.003450225948864047,-0.003450225948864047
2026-05-28,0.002363849622445621,0.001830342008712021,0.002300554933164664
2026-05-29,0.0018909204408468236,0.002146485145664674,0.0018346617379657393
2026-05-31,0.0002233441607533464,0.0002233441607533464,0.0002233441607533464
2026-06-01,-0.002666867573889092,-0.002666867573889092,-0.002666867573889092
2026-06-02,-0.0003296133632290339,0.0020599942249822714,-0.0003676148187148584
2026-06-03,-0.0009157538340284269,-0.0009157538340284269,-0.0009157538340284269
2026-06-04,0.0004243101397479869,0.002899895473837204,0.00039347672408311576
2026-06-05,-0.006579603193293708,-0.006579603193293708,-0.006579603193293708
2026-06-07,0.0007210998574667914,0.0007210998574667914,0.0007210998574667914
2026-06-08,-0.0013574578646062695,-0.0013574578646062695,-0.0013574578646062695
2026-06-09,-0.005303425093846975,-0.005303425093846975,-0.005303425093846975
2026-06-10,-0.009603359521541293,-0.009603359521541293,-0.009603359521541293
2026-06-11,0.009431613141297632,0.0029073687589881237,0.009284675948415526
2026-06-12,6.1077420842622e-05,-2.010894158862759e-06,-2.010894158862759e-06
2026-06-14,-0.0003084995963699254,-0.0003084995963699254,-0.0003084995963699254
2026-06-15,0.0013558541193072805,0.0012992134058440624,0.0012992134058440624
