time,open,high,low,close,tick_volume,spread
2015-02-06,1265.15,1268.62,1228.12,1233.12,252503,0
2015-02-09,1235.85,1243.65,1234.11,1239.27,134933,0
2015-02-10,1237.85,1245.82,1230.71,1233.22,163553,0
2015-02-11,1233.79,1238.59,1216.41,1217.18,162774,0
2015-02-12,1218.48,1232.82,1218.02,1222.17,177948,0
2015-02-13,1223.11,1234.82,1222.67,1228.99,157714,0
2015-02-16,1228.28,1236.59,1227.77,1230.79,93667,0
2015-02-17,1230.85,1233.84,1203.58,1209.18,181197,0
2015-02-18,1209.39,1213.32,1197.41,1211.83,168935,0
2015-02-19,1212.75,1222.81,1205.19,1206.77,180007,0
2015-02-20,1207.26,1215.29,1198.01,1201.66,174586,0
2015-02-23,1202.96,1210.22,1189.65,1201.03,157337,0
2015-02-24,1201.92,1204.42,1190.09,1199.81,186694,0
2015-02-25,1201.01,1211.77,1200.85,1204.51,148259,0
2015-02-26,1204.16,1219.84,1203.44,1209.12,184047,0
2015-02-27,1208.52,1219.17,1204.25,1212.78,168613,0
2015-03-02,1215.16,1223.18,1204.34,1206.79,181025,0
2015-03-03,1205.82,1214.76,1195.17,1203.4,198396,0
2015-03-04,1203.54,1209.01,1198.09,1200.13,156357,0
2015-03-05,1200.34,1209.35,1196.33,1198.47,148940,0
2015-03-06,1197.78,1200.66,1163.53,1167.13,235845,0
2015-03-09,1169.03,1175.29,1165.66,1166.6,117072,0
2015-03-10,1167.11,1170.45,1154.93,1161.63,196039,0
2015-03-11,1161.9,1165.19,1147.42,1154.43,168418,0
2015-03-12,1155.23,1166.58,1148.38,1153.52,183883,0
2015-03-13,1153.4,1161.83,1151.2,1158.18,148712,0
2015-03-16,1158.17,1163.97,1150.21,1154.52,101950,0
2015-03-17,1153.91,1159.74,1142.58,1149.24,115501,0
2015-03-18,1149.03,1175.65,1145.78,1167.43,146836,0
2015-03-19,1167.44,1177.71,1159.38,1170.81,161727,0
2015-03-20,1170.44,1187.88,1168.6,1182.22,144536,0
2015-03-23,1183.96,1191.47,1179.18,1189.32,121165,0
2015-03-24,1189.5,1194.91,1185.2,1193.1,116525,0
2015-03-25,1192.69,1199.57,1186.48,1195.17,96068,0
2015-03-26,1195.29,1219.57,1194.3,1204.54,127657,0
2015-03-27,1203.81,1206.05,1192.45,1198.09,108503,0
2015-03-30,1197.96,1198.3,1182.23,1185.61,139098,0
2015-03-31,1185.75,1190.62,1178.29,1183.57,157724,0
2015-04-01,1183.42,1208.51,1180.7,1204.14,176317,0
2015-04-02,1203.77,1207.21,1194.75,1202.07,155483,0
2015-04-03,1201.41,1201.45,1199.64,1199.64,187,76
2015-04-06,1216.03,1224.13,1213.81,1214.39,166124,0
2015-04-07,1214.7,1215.66,1207.31,1208.91,129482,0
2015-04-08,1208.56,1212.21,1197.34,1202.03,166668,0
2015-04-09,1202.53,1203.18,1192.42,1194.15,147609,0
2015-04-10,1194.09,1210.59,1193.01,1207.24,148978,0
2015-04-13,1206.89,1209.41,1196.16,1198.39,161829,0
2015-04-14,1199.03,1201.34,1183.75,1192.3,223111,0
2015-04-15,1192.66,1204.48,1188.76,1202.35,198295,0
2015-04-16,1202.47,1209.08,1194.54,1198.23,233372,0
2015-04-17,1198.78,1207.63,1197.24,1204.27,184567,0
2015-04-20,1204.57,1209.02,1191.2,1195.69,187239,0
2015-04-21,1196.63,1204.15,1192.91,1202.05,139934,0
2015-04-22,1202.38,1204.72,1185.54,1186.88,186099,0
2015-04-23,1187.42,1197.91,1184.15,1193.8,176393,0
2015-04-24,1193.54,1195.88,1175.0,1179.24,175932,0
2015-04-27,1179.45,1207.12,1178.38,1201.79,213766,0
2015-04-28,1202.0,1214.96,1199.04,1212.06,209797,0
2015-04-29,1211.81,1213.99,1201.21,1204.92,222875,0
2015-04-30,1204.98,1207.22,1176.85,1183.97,251102,0
2015-05-01,1184.29,1185.13,1169.66,1178.4,164597,0
2015-05-04,1178.58,1192.76,1177.65,1188.28,151935,0
2015-05-05,1188.13,1199.86,1185.57,1192.83,148618,0
2015-05-06,1192.95,1197.55,1188.05,1192.01,180212,0
2015-05-07,1191.6,1192.72,1178.68,1184.22,171872,0
2015-05-08,1184.38,1193.62,1181.5,1188.38,204256,0
2015-05-11,1188.86,1191.67,1178.73,1183.66,136689,0
2015-05-12,1183.58,1196.99,1180.56,1193.65,190028,0
2015-05-13,1193.17,1218.8,1191.09,1215.69,223433,0
2015-05-14,1215.42,1227.24,1212.21,1220.86,215556,0
2015-05-15,1221.2,1226.09,1210.84,1223.78,194605,0
2015-05-18,1223.58,1232.22,1221.42,1225.35,145258,0
2015-05-19,1225.41,1225.43,1205.58,1207.63,177242,0
2015-05-20,1207.52,1213.33,1203.13,1209.74,160033,0
2015-05-21,1209.71,1212.67,1201.26,1206.03,149321,0
2015-05-22,1206.3,1214.82,1201.31,1206.26,153889,0
2015-05-25,1204.76,1209.15,1202.67,1206.55,59600,0
2015-05-26,1206.51,1207.45,1185.35,1187.18,180115,0
2015-05-27,1187.11,1190.86,1183.53,1187.98,134783,0
2015-05-28,1187.6,1192.14,1180.06,1188.13,155011,0
2015-05-29,1187.95,1193.95,1185.52,1190.42,149251,0
2015-06-01,1190.7,1204.2,1184.28,1189.15,175843,0
2015-06-02,1188.99,1196.25,1185.7,1192.77,172463,0
2015-06-03,1193.21,1195.48,1179.34,1184.81,169634,0
2015-06-04,1185.25,1186.24,1172.74,1176.43,192763,0
2015-06-05,1176.81,1178.53,1162.52,1171.52,165150,0
2015-06-08,1170.26,1177.57,1168.97,1173.78,178322,0
2015-06-09,1174.0,1182.87,1172.4,1176.79,144564,0
2015-06-10,1176.67,1192.23,1174.99,1185.85,180158,0
2015-06-11,1186.28,1187.89,1175.47,1182.04,149343,0
2015-06-12,1181.72,1184.15,1176.45,1181.47,129602,0
2015-06-15,1180.54,1190.37,1172.59,1186.11,161250,0
2015-06-16,1185.76,1187.84,1175.87,1182.04,127949,0
2015-06-17,1181.45,1189.05,1174.42,1184.82,145947,0
2015-06-18,1184.23,1205.68,1183.46,1201.95,195986,0
2015-06-19,1201.41,1204.11,1198.21,1200.19,131787,0
2015-06-22,1199.88,1200.88,1181.93,1185.78,131753,0
2015-06-23,1185.48,1188.02,1176.05,1178.42,132334,0
2015-06-24,1177.86,1180.22,1169.33,1175.07,129030,0
2015-06-25,1175.15,1178.05,1171.11,1172.74,120820,0
2015-06-26,1173.27,1178.57,1168.29,1175.18,141415,0
2015-06-29,1184.26,1187.9,1173.64,1179.32,229119,0
2015-06-30,1179.64,1180.47,1166.56,1171.83,222083,0
2015-07-01,1172.88,1175.0,1167.4,1168.48,165930,0
2015-07-02,1168.47,1169.65,1155.98,1165.63,162244,0
2015-07-03,1166.38,1170.18,1164.54,1168.58,89974,0
2015-07-06,1173.43,1174.75,1162.64,1170.05,183670,0
2015-07-07,1169.96,1170.33,1147.75,1156.74,229459,0
2015-07-08,1154.64,1164.64,1146.97,1157.4,257831,0
2015-07-09,1158.98,1167.69,1155.86,1159.73,204630,0
2015-07-10,1159.17,1165.33,1157.29,1163.59,163728,0
2015-07-13,1162.57,1164.76,1150.93,1157.78,164402,0
2015-07-14,1157.7,1159.75,1152.73,1155.35,133720,0
2015-07-15,1155.46,1156.71,1143.02,1149.34,149302,0
2015-07-16,1148.25,1149.39,1142.12,1145.23,175741,0
2015-07-17,1145.21,1145.68,1130.92,1134.23,171149,0
2015-07-20,1133.12,1133.21,1069.72,1096.7,315277,0
2015-07-21,1098.65,1109.82,1096.91,1100.92,194611,0
2015-07-22,1100.72,1103.33,1086.88,1094.01,213304,0
2015-07-23,1094.46,1105.79,1087.09,1090.63,222515,0
2015-07-24,1090.26,1101.48,1073.43,1099.08,275239,0
2015-07-27,1099.52,1104.93,1088.24,1094.13,241272,0
2015-07-28,1094.24,1098.94,1091.41,1095.23,164700,0
2015-07-29,1095.0,1101.89,1090.24,1096.78,216592,0
2015-07-30,1096.9,1098.57,1082.38,1088.53,203205,0
2015-07-31,1088.27,1103.46,1079.84,1095.48,228393,0
2015-08-03,1095.85,1097.68,1085.56,1086.66,183201,0
2015-08-04,1084.16,1094.78,1080.82,1087.61,199258,0
2015-08-05,1087.51,1092.48,1082.78,1084.77,195650,0
2015-08-06,1084.46,1094.0,1083.34,1089.33,172706,0
2015-08-07,1089.11,1099.43,1082.47,1094.17,228639,0
2015-08-10,1094.4,1108.84,1089.51,1104.43,205421,0
2015-08-11,1104.13,1119.32,1093.66,1108.75,290173,0
2015-08-12,1108.68,1125.75,1101.65,1123.91,298518,0
2015-08-13,1125.64,1126.71,1113.39,1115.09,222846,0
2015-08-14,1115.01,1121.01,1111.57,1114.82,185987,0
2015-08-17,1114.41,1122.74,1113.48,1117.34,167110,0
2015-08-18,1117.58,1121.12,1109.37,1117.49,176139,0
2015-08-19,1117.69,1134.56,1116.06,1134.19,216166,0
2015-08-20,1133.59,1153.95,1132.58,1152.08,254279,0
2015-08-21,1153.48,1168.16,1148.79,1160.54,309849,0
2015-08-24,1162.09,1170.01,1145.62,1154.97,468931,0
2015-08-25,1154.7,1156.53,1134.41,1140.5,343094,0
2015-08-26,1140.93,1146.36,1117.55,1124.77,346690,0
2015-08-27,1125.46,1129.19,1118.01,1124.56,296575,0
2015-08-28,1125.59,1140.76,1123.62,1134.02,299607,0
2015-08-31,1133.73,1136.56,1125.53,1134.71,216498,0
2015-09-01,1134.91,1147.85,1134.19,1139.97,261697,0
2015-09-02,1139.57,1142.36,1131.81,1133.78,240338,0
2015-09-03,1133.75,1134.24,1121.63,1125.11,207845,0
2015-09-04,1124.82,1133.14,1116.42,1122.33,200150,0
2015-09-07,1123.39,1124.73,1115.76,1118.94,118420,0
2015-09-08,1119.95,1126.67,1118.44,1121.27,178363,0
2015-09-09,1121.77,1125.32,1101.11,1107.35,228478,0
2015-09-10,1106.42,1114.97,1103.64,1110.37,220259,0
2015-09-11,1111.06,1112.83,1098.56,1107.68,175679,0
2015-09-14,1107.68,1110.4,1103.33,1108.77,142395,0
2015-09-15,1108.09,1109.31,1102.15,1105.24,121834,0
2015-09-16,1105.12,1124.11,1103.81,1119.15,201410,0
2015-09-17,1119.03,1135.77,1115.18,1132.34,246573,0
2015-09-18,1130.32,1141.68,1127.38,1139.04,253158,0
2015-09-21,1138.91,1139.81,1129.32,1133.3,144828,0
2015-09-22,1133.05,1136.51,1121.14,1124.3,185290,0
2015-09-23,1124.21,1134.18,1121.71,1129.98,158251,0
2015-09-24,1130.13,1156.65,1130.09,1153.98,268318,0
2015-09-25,1151.27,1151.27,1140.57,1145.56,232562,0
2015-09-28,1145.08,1148.14,1127.81,1132.17,246127,0
2015-09-29,1132.04,1134.63,1124.02,1127.11,214334,0
2015-09-30,1127.24,1128.08,1111.3,1114.47,241442,0
2015-10-01,1115.28,1119.13,1110.87,1113.52,173259,0
2015-10-02,1113.21,1141.21,1104.39,1138.72,281570,0
2015-10-05,1137.71,1141.92,1130.0,1135.43,226942,0
2015-10-06,1135.11,1151.18,1134.82,1146.97,195690,0
2015-10-07,1146.7,1153.57,1141.63,1145.32,200840,0
2015-10-08,1145.38,1151.21,1136.45,1139.07,223095,0
2015-10-09,1138.68,1159.61,1138.49,1156.53,228465,0
2015-10-12,1155.24,1168.9,1154.64,1163.78,165753,0
2015-10-13,1163.11,1168.64,1151.63,1168.09,237215,0
2015-10-14,1168.3,1189.7,1163.05,1184.58,254511,0
2015-10-15,1183.82,1191.44,1174.11,1182.7,248513,0
2015-10-16,1182.42,1184.44,1174.2,1177.14,213147,0
2015-10-19,1176.61,1178.13,1167.59,1170.2,197999,0
2015-10-20,1170.87,1180.72,1167.19,1176.35,199266,0
2015-10-21,1175.31,1179.13,1163.43,1166.95,237052,0
2015-10-22,1166.88,1171.72,1162.23,1165.43,260269,0
2015-10-23,1165.66,1179.29,1158.78,1164.37,289264,0
2015-10-26,1163.77,1169.59,1161.97,1163.0,202997,0
2015-10-27,1162.85,1168.63,1160.56,1166.5,190028,0
2015-10-28,1166.43,1182.86,1152.13,1155.77,291138,0
2015-10-29,1156.35,1162.59,1144.48,1145.78,278193,0
2015-10-30,1147.08,1149.97,1138.89,1141.74,247121,0
2015-11-02,1137.45,1142.94,1131.75,1133.46,200083,0
2015-11-03,1133.38,1138.25,1114.19,1117.61,228486,0
2015-11-04,1117.65,1122.76,1106.2,1107.51,260340,0
2015-11-05,1107.36,1111.54,1102.81,1103.57,207727,0
2015-11-06,1103.86,1110.38,1085.3,1088.62,199426,0
2015-11-09,1090.1,1095.59,1088.17,1091.95,208925,0
2015-11-10,1091.51,1095.19,1085.01,1089.6,171134,0
2015-11-11,1089.38,1093.95,1083.63,1085.84,172547,0
2015-11-12,1085.88,1089.52,1073.92,1084.9,241493,0
2015-11-13,1083.95,1088.54,1079.45,1083.54,236238,0
2015-11-16,1089.45,1098.01,1081.06,1082.68,254567,0
2015-11-17,1083.25,1085.06,1065.25,1070.06,270924,0
2015-11-18,1071.12,1075.39,1063.74,1070.87,272288,0
2015-11-19,1069.99,1087.38,1069.29,1082.04,276988,0
2015-11-20,1080.66,1088.01,1075.64,1077.98,241957,0
2015-11-23,1076.63,1077.08,1066.33,1068.92,251460,0
2015-11-24,1068.88,1081.01,1068.73,1075.31,230379,0
2015-11-25,1075.27,1080.74,1067.64,1071.1,190128,0
2015-11-26,1071.51,1074.8,1069.6,1071.65,110988,0
2015-11-27,1071.36,1073.73,1052.55,1058.04,183188,0
2015-11-30,1057.41,1069.68,1053.0,1064.37,188276,0
2015-12-01,1064.81,1074.58,1063.1,1069.24,212952,0
2015-12-02,1068.3,1071.36,1050.4,1053.49,233071,0
2015-12-03,1053.79,1065.39,1046.23,1062.1,325949,0
2015-12-04,1062.88,1088.78,1057.97,1086.76,357079,0
2015-12-07,1085.79,1086.55,1065.87,1070.76,257809,0
2015-12-08,1070.44,1079.03,1067.45,1074.52,294394,0
2015-12-09,1074.81,1085.3,1069.18,1072.67,298361,0
2015-12-10,1072.04,1076.42,1069.2,1071.21,248576,0
2015-12-11,1071.55,1079.53,1062.24,1074.66,300602,0
2015-12-14,1073.23,1077.48,1058.48,1060.12,278228,0
2015-12-15,1059.95,1068.6,1058.46,1060.8,263158,0
2015-12-16,1060.82,1078.27,1060.76,1072.18,257818,0
2015-12-17,1072.51,1073.1,1047.5,1051.55,294500,0
2015-12-18,1052.1,1071.49,1050.74,1065.85,260363,0
2015-12-21,1065.66,1081.71,1063.91,1078.28,237019,0
2015-12-22,1078.34,1080.69,1071.59,1072.6,186532,0
2015-12-23,1072.32,1075.43,1068.06,1070.2,143871,0
2015-12-24,1069.93,1076.74,1069.93,1076.05,130962,0
2015-12-28,1075.6,1076.86,1066.34,1068.9,187008,0
2015-12-29,1068.71,1075.17,1067.32,1068.62,189969,0
2015-12-30,1068.73,1072.03,1059.24,1061.08,144312,0
2015-12-31,1061.16,1063.46,1057.87,1060.91,138773,0
2016-01-04,1062.34,1083.44,1061.65,1074.43,303687,0
2016-01-05,1073.8,1081.9,1072.56,1078.07,254728,0
2016-01-06,1077.0,1095.13,1074.75,1093.01,311508,0
2016-01-07,1093.28,1110.01,1091.2,1108.93,422964,0
2016-01-08,1108.8,1113.12,1091.78,1103.85,393622,0
2016-01-11,1103.96,1108.42,1093.35,1095.4,302653,0
2016-01-12,1094.08,1099.14,1083.24,1089.48,286921,0
2016-01-13,1086.76,1095.4,1079.59,1093.65,271779,0
2016-01-14,1093.38,1095.15,1071.25,1077.18,315004,0
2016-01-15,1079.3,1097.34,1076.07,1088.72,388007,0
2016-01-18,1089.26,1093.22,1087.31,1088.88,194508,0
2016-01-19,1088.89,1094.45,1082.26,1087.18,326466,0
2016-01-20,1087.27,1109.56,1087.08,1100.83,363087,0
2016-01-21,1100.83,1104.44,1092.25,1101.16,380791,0
2016-01-22,1101.26,1102.78,1093.89,1097.78,269497,0
2016-01-25,1097.23,1108.88,1097.08,1107.67,238165,0
2016-01-26,1107.83,1122.84,1106.84,1120.09,257641,0
2016-01-27,1119.53,1127.94,1114.72,1124.76,259051,0
2016-01-28,1125.4,1125.75,1110.82,1114.28,268440,0
2016-01-29,1114.55,1118.38,1108.23,1117.99,278499,0
2016-02-01,1117.48,1129.65,1115.26,1128.37,255078,0
2016-02-02,1128.2,1131.0,1122.11,1128.62,243696,0
2016-02-03,1128.81,1145.45,1124.17,1142.34,371452,0
2016-02-04,1141.59,1157.29,1139.23,1155.36,384408,0
2016-02-05,1155.01,1174.4,1145.04,1173.06,387208,0
2016-02-08,1173.19,1200.81,1164.06,1190.02,402183,0
2016-02-09,1188.7,1198.82,1185.48,1188.76,412548,0
2016-02-10,1189.08,1197.65,1181.32,1197.41,393438,0
2016-02-11,1197.18,1263.34,1195.71,1248.7,526506,0
2016-02-12,1246.19,1248.19,1232.23,1238.13,378456,0
2016-02-15,1235.46,1235.46,1201.94,1209.07,221136,0
2016-02-16,1208.41,1216.9,1190.73,1199.53,388964,0
2016-02-17,1201.16,1213.66,1195.6,1208.31,360798,0
2016-02-18,1208.65,1239.84,1200.53,1230.65,359337,0
2016-02-19,1230.41,1234.44,1219.75,1227.29,336213,0
2016-02-22,1226.16,1226.16,1201.71,1208.42,244687,0
2016-02-23,1208.26,1228.2,1207.1,1226.44,208330,0
2016-02-24,1225.34,1253.24,1221.67,1229.17,309801,0
2016-02-25,1227.94,1242.97,1221.02,1233.2,327508,0
2016-02-26,1231.66,1240.25,1211.24,1223.32,255722,0
2016-02-29,1222.41,1241.0,1215.45,1238.3,249609,0
2016-03-01,1238.03,1248.47,1226.98,1231.57,279513,0
2016-03-02,1231.43,1243.98,1224.56,1240.09,219417,0
2016-03-03,1240.07,1268.24,1237.21,1265.51,277335,0
2016-03-04,1263.45,1279.71,1250.35,1258.78,358199,0
2016-03-07,1259.75,1273.1,1256.49,1267.22,263284,0
2016-03-08,1266.96,1278.04,1260.06,1261.5,271416,0
2016-03-09,1261.17,1264.88,1242.75,1252.88,239174,0
2016-03-10,1252.63,1273.27,1236.87,1271.98,280125,0
2016-03-11,1270.97,1284.33,1248.16,1249.23,254643,0
2016-03-14,1250.56,1261.01,1229.13,1235.0,168007,0
2016-03-15,1235.83,1238.0,1225.6,1232.44,184340,0
2016-03-16,1232.42,1263.86,1226.49,1262.04,202019,0
2016-03-17,1261.13,1270.84,1254.27,1257.72,278637,0
2016-03-18,1256.77,1266.88,1247.63,1255.04,222054,0
2016-03-21,1254.3,1255.81,1240.47,1243.44,127932,0
2016-03-22,1243.91,1260.12,1242.31,1248.0,141570,0
2016-03-23,1247.9,1249.31,1215.16,1220.13,125133,0
2016-03-24,1217.25,1223.71,1211.95,1217.12,101430,0
2016-03-28,1215.72,1223.05,1208.15,1221.34,95941,0
2016-03-29,1221.25,1242.9,1215.14,1240.72,141188,0
2016-03-30,1240.8,1243.99,1223.03,1224.46,119938,0
2016-03-31,1225.25,1240.32,1223.49,1232.44,120387,0
2016-04-01,1232.18,1235.21,1208.76,1222.16,145033,0
2016-04-04,1220.99,1222.54,1214.44,1215.55,106571,0
2016-04-05,1215.54,1236.74,1214.69,1230.47,128602,0
2016-04-06,1231.08,1232.12,1216.64,1222.03,126088,0
2016-04-07,1222.61,1243.19,1222.53,1240.6,154219,0
2016-04-08,1239.35,1242.6,1229.41,1240.49,120697,0
2016-04-11,1239.84,1258.78,1239.66,1257.51,145517,0
2016-04-12,1257.72,1262.54,1251.0,1255.41,127381,0
2016-04-13,1255.24,1256.63,1239.56,1243.16,128695,0
2016-04-14,1241.71,1244.04,1223.7,1226.33,145637,0
2016-04-15,1227.16,1235.79,1225.16,1233.73,111806,0
2016-04-18,1234.55,1241.55,1229.77,1232.57,114273,0
2016-04-19,1232.23,1256.62,1227.66,1250.21,139313,0
2016-04-20,1249.29,1257.91,1242.22,1243.7,138250,0
2016-04-21,1242.5,1270.19,1242.5,1248.77,169137,0
2016-04-22,1246.6,1252.48,1227.26,1232.73,145955,0
2016-04-25,1233.06,1242.23,1229.88,1237.5,105011,0
2016-04-26,1238.11,1244.79,1231.11,1243.68,102565,0
2016-04-27,1243.94,1252.66,1239.3,1245.98,124685,0
2016-04-28,1245.25,1269.47,1237.58,1266.29,150207,0
2016-04-29,1265.91,1296.62,1264.88,1293.68,144541,0
2016-05-02,1290.51,1303.65,1287.5,1291.24,149709,0
2016-05-03,1291.21,1301.69,1282.01,1286.33,157274,0
2016-05-04,1285.61,1289.74,1271.64,1279.71,148165,0
2016-05-05,1279.76,1286.37,1268.67,1278.09,144637,0
2016-05-06,1277.28,1295.47,1274.32,1288.8,157748,0
2016-05-09,1284.76,1287.46,1261.12,1263.09,144497,0
2016-05-10,1263.8,1269.61,1256.63,1266.15,138730,0
2016-05-11,1265.85,1279.02,1264.72,1277.12,130760,0
2016-05-12,1277.58,1280.78,1261.52,1263.42,140954,0
2016-05-13,1263.25,1276.26,1262.71,1273.3,139362,0
2016-05-16,1271.44,1288.62,1270.59,1273.62,204383,0
2016-05-17,1273.36,1282.27,1268.93,1279.26,220073,0
2016-05-18,1278.94,1281.45,1254.9,1257.88,240186,0
2016-05-19,1258.2,1261.23,1243.64,1254.2,242654,0
2016-05-20,1254.9,1260.12,1248.62,1251.91,187246,0
2016-05-23,1250.71,1255.94,1242.95,1249.0,192898,0
2016-05-24,1248.76,1252.09,1226.08,1226.7,212329,0
2016-05-25,1227.02,1230.08,1217.63,1224.33,203301,0
2016-05-26,1223.29,1234.17,1218.2,1219.62,194490,0
2016-05-27,1217.6,1223.5,1206.6,1211.64,181796,0
2016-05-30,1212.93,1213.36,1199.62,1207.4,62275,24
2016-05-31,1207.28,1218.15,1207.03,1215.08,191425,0
2016-06-01,1215.2,1220.32,1205.73,1212.57,180588,0
2016-06-02,1213.49,1217.57,1209.64,1211.03,184346,0
2016-06-03,1212.42,1244.59,1206.81,1244.51,216200,0
2016-06-06,1242.66,1248.65,1239.81,1244.89,193661,0
2016-06-07,1244.95,1246.53,1234.59,1244.29,168519,0
2016-06-08,1244.0,1264.31,1242.88,1261.84,185030,0
2016-06-09,1261.71,1271.68,1256.58,1269.32,172648,0
2016-06-10,1268.63,1278.09,1264.4,1274.07,177013,0
2016-06-13,1275.85,1287.09,1272.26,1283.87,217876,0
2016-06-14,1282.77,1289.73,1275.91,1285.87,180263,0
2016-06-15,1284.92,1296.76,1278.21,1291.51,196799,0
2016-06-16,1291.93,1315.54,1277.07,1278.75,293260,0
2016-06-17,1279.28,1299.5,1276.46,1298.55,212151,0
2016-06-20,1289.46,1292.2,1277.8,1289.75,161336,0
2016-06-21,1289.75,1294.12,1264.35,1267.18,219896,0
2016-06-22,1268.4,1270.6,1260.97,1266.06,179952,0
2016-06-23,1263.61,1271.84,1254.37,1255.96,152171,0
2016-06-24,1251.45,1358.25,1250.22,1315.67,404033,0
2016-06-27,1319.18,1335.23,1317.39,1324.88,411442,0
2016-06-28,1324.5,1325.94,1305.34,1312.01,336243,0
2016-06-29,1310.56,1327.78,1310.36,1318.6,271930,0
2016-06-30,1317.65,1324.06,1312.63,1321.58,277723,0
2016-07-01,1322.08,1344.49,1320.39,1342.28,259302,0
2016-07-04,1342.36,1357.34,1335.84,1350.83,179112,0
2016-07-05,1347.81,1357.44,1337.9,1356.03,316446,0
2016-07-06,1354.99,1375.05,1354.89,1363.68,257520,0
2016-07-07,1363.46,1370.65,1350.59,1360.28,305327,0
2016-07-08,1359.05,1370.2,1335.04,1364.93,288867,0
2016-07-11,1367.36,1375.0,1350.57,1354.57,365760,0
2016-07-12,1355.25,1357.59,1330.21,1332.68,318587,0
2016-07-13,1333.05,1345.17,1327.36,1342.48,298420,0
2016-07-14,1343.6,1347.03,1320.05,1334.53,353828,0
2016-07-15,1335.55,1338.81,1322.36,1338.29,297549,0
2016-07-18,1332.4,1335.36,1323.3,1328.37,247435,0
2016-07-19,1328.48,1334.89,1325.41,1331.93,249868,0
2016-07-20,1331.41,1338.25,1312.42,1315.34,198879,0
2016-07-21,1315.99,1333.79,1310.77,1331.12,201673,0
2016-07-22,1331.09,1333.75,1319.52,1322.39,216363,0
2016-07-25,1321.65,1323.69,1311.81,1315.76,173865,0
2016-07-26,1315.4,1324.46,1313.67,1320.2,198039,0
2016-07-27,1319.59,1342.32,1315.62,1339.46,223583,0
2016-07-28,1339.4,1345.52,1332.32,1335.32,234122,0
2016-07-29,1335.65,1354.9,1328.27,1351.11,295606,0
2016-08-01,1349.81,1354.77,1346.09,1352.73,186347,0
2016-08-02,1353.36,1367.21,1346.93,1363.67,223408,0
2016-08-03,1363.26,1366.33,1353.97,1358.15,196767,0
2016-08-04,1357.94,1364.93,1348.96,1360.96,210430,0
2016-08-05,1360.55,1364.59,1334.53,1336.87,204685,0
2016-08-08,1335.11,1338.2,1329.71,1334.97,189218,0
2016-08-09,1335.3,1342.51,1330.41,1340.45,163342,0
2016-08-10,1340.56,1357.11,1339.71,1346.0,220524,0
2016-08-11,1347.2,1353.22,1335.58,1338.46,191493,0
2016-08-12,1338.81,1356.27,1332.6,1336.58,233235,0
2016-08-15,1338.01,1343.73,1335.6,1339.2,148514,0
2016-08-16,1339.65,1357.94,1339.24,1346.37,222409,0
2016-08-17,1345.57,1351.57,1335.57,1348.44,198363,0
2016-08-18,1348.6,1355.95,1345.9,1352.17,228580,0
2016-08-19,1352.23,1352.71,1337.6,1340.92,198504,0
2016-08-22,1340.51,1341.31,1331.52,1338.63,277240,0
2016-08-23,1339.32,1344.58,1335.01,1338.06,223682,0
2016-08-24,1337.6,1339.99,1323.57,1323.9,235777,0
2016-08-25,1323.94,1326.98,1317.85,1321.46,186988,0
2016-08-26,1321.36,1342.12,1318.17,1321.85,246814,0
2016-08-29,1320.51,1324.99,1314.81,1323.25,227065,0
2016-08-30,1323.53,1325.34,1309.0,1310.36,225279,0
2016-08-31,1311.58,1315.99,1304.03,1308.81,214724,0
2016-09-01,1308.4,1315.01,1302.3,1312.94,212599,0
2016-09-02,1314.44,1329.99,1303.19,1324.8,214022,0
2016-09-05,1324.26,1328.5,1321.64,1326.81,121158,0
2016-09-06,1326.16,1352.45,1324.68,1350.26,241030,0
2016-09-07,1348.84,1352.51,1342.5,1344.74,199804,0
2016-09-08,1344.56,1349.28,1335.11,1337.65,240584,0
2016-09-09,1337.38,1339.46,1326.83,1327.83,212247,0
2016-09-12,1328.11,1330.14,1320.27,1327.38,249582,0
2016-09-13,1327.65,1331.88,1315.44,1317.84,267123,0
2016-09-14,1319.35,1326.04,1313.29,1321.98,235641,0
2016-09-15,1321.91,1327.95,1309.08,1314.41,258462,0
2016-09-16,1314.81,1317.98,1306.09,1309.66,184630,0
2016-09-19,1309.81,1318.27,1309.25,1313.21,153554,0
2016-09-20,1312.6,1317.8,1311.82,1314.86,131914,0
2016-09-21,1314.48,1336.94,1307.62,1335.92,244641,0
2016-09-22,1334.7,1343.55,1330.98,1337.72,194006,0
2016-09-23,1336.55,1340.56,1333.61,1338.72,155228,0
2016-09-26,1336.76,1342.02,1332.53,1337.86,208754,0
2016-09-27,1337.66,1339.42,1324.43,1326.87,217644,0
2016-09-28,1326.65,1327.45,1317.8,1321.47,148963,0
2016-09-29,1321.63,1325.71,1315.87,1320.4,218937,0
2016-09-30,1320.31,1327.97,1313.07,1315.89,250510,0
2016-10-03,1318.31,1319.52,1309.17,1311.73,149793,0
2016-10-04,1312.21,1312.97,1266.73,1268.45,183122,0
2016-10-05,1268.33,1277.05,1261.95,1266.69,151653,0
2016-10-06,1266.4,1269.32,1249.66,1254.39,173787,0
2016-10-07,1254.9,1265.28,1241.21,1256.54,212072,0
2016-10-10,1257.25,1264.85,1256.48,1259.47,140252,0
2016-10-11,1259.41,1262.15,1250.91,1252.59,177439,0
2016-10-12,1252.36,1258.82,1249.56,1255.24,180156,0
2016-10-13,1255.81,1262.23,1252.96,1257.68,200804,0
2016-10-14,1257.86,1259.33,1245.99,1250.43,217990,0
2016-10-17,1251.66,1257.11,1250.03,1254.92,179939,0
2016-10-18,1254.98,1264.61,1254.92,1262.52,169116,0
2016-10-19,1262.62,1273.23,1260.11,1269.58,162541,0
2016-10-20,1269.4,1274.52,1264.61,1265.66,159744,0
2016-10-21,1265.7,1268.08,1260.94,1266.79,132944,0
2016-10-24,1265.91,1271.81,1259.99,1264.16,136714,0
2016-10-25,1264.53,1276.51,1261.91,1273.87,168314,0
2016-10-26,1273.05,1276.37,1264.49,1266.48,110559,0
2016-10-27,1266.75,1272.69,1264.9,1268.52,171218,0
2016-10-28,1268.16,1284.1,1261.88,1275.71,201919,0
2016-10-31,1277.26,1279.41,1271.0,1276.87,168214,0
2016-11-01,1277.13,1291.8,1275.35,1288.04,183757,0
2016-11-02,1287.81,1307.96,1287.16,1296.69,217478,0
2016-11-03,1297.0,1306.7,1285.46,1301.84,215133,0
2016-11-04,1302.14,1307.09,1294.55,1304.27,187255,0
2016-11-07,1293.53,1295.77,1277.97,1281.38,230926,0
2016-11-08,1281.6,1290.57,1272.65,1275.54,235218,0
2016-11-09,1276.01,1337.23,1267.91,1277.11,651094,0
2016-11-10,1278.02,1292.13,1252.09,1259.29,387199,0
2016-11-11,1258.86,1265.31,1218.88,1227.24,336786,0
2016-11-14,1228.13,1231.15,1211.37,1220.09,361646,0
2016-11-15,1222.02,1231.45,1218.72,1228.35,288312,0
2016-11-16,1227.71,1232.96,1221.28,1224.81,254901,0
2016-11-17,1224.71,1231.33,1210.9,1216.73,272040,0
2016-11-18,1216.08,1217.63,1202.51,1208.51,260407,0
2016-11-21,1207.4,1217.68,1205.4,1213.94,214414,0
2016-11-22,1213.65,1220.95,1205.94,1211.85,216029,0
2016-11-23,1212.79,1214.87,1181.52,1186.87,237935,0
2016-11-24,1189.36,1190.8,1180.18,1184.03,146099,0
2016-11-25,1184.45,1193.14,1170.11,1183.71,217205,0
2016-11-28,1184.89,1197.53,1182.62,1192.84,286131,0
2016-11-29,1194.12,1195.0,1180.85,1188.15,254864,0
2016-11-30,1188.37,1194.83,1169.91,1172.62,283101,0
2016-12-01,1173.22,1176.6,1160.54,1171.29,278567,0
2016-12-02,1172.31,1178.04,1166.56,1176.87,227723,0
2016-12-05,1180.2,1187.93,1156.95,1170.03,332827,0
2016-12-06,1170.52,1175.24,1166.68,1169.44,201472,0
2016-12-07,1169.36,1180.17,1165.41,1173.5,188131,0
2016-12-08,1174.46,1178.57,1169.01,1170.35,225401,0
2016-12-09,1170.44,1171.96,1156.07,1158.35,188289,0
2016-12-12,1159.7,1165.72,1151.14,1161.83,212942,0
2016-12-13,1162.39,1164.87,1154.43,1158.06,214704,0
2016-12-14,1157.63,1165.09,1138.78,1142.94,258722,0
2016-12-15,1141.66,1144.28,1122.49,1127.96,291674,0
2016-12-16,1128.46,1141.16,1126.54,1134.65,168040,0
2016-12-19,1134.02,1142.24,1133.6,1138.47,185064,0
2016-12-20,1137.88,1139.73,1125.57,1131.73,197839,0
2016-12-21,1131.84,1137.03,1129.19,1131.59,148273,0
2016-12-22,1131.34,1134.03,1127.37,1128.2,137317,0
2016-12-23,1128.41,1135.72,1126.77,1133.39,65877,0
2016-12-27,1133.95,1150.79,1131.47,1138.86,108651,0
2016-12-28,1138.06,1144.41,1136.32,1141.55,126279,0
2016-12-29,1141.91,1159.4,1141.56,1157.83,141747,0
2016-12-30,1158.19,1163.15,1146.41,1152.12,134036,0
2017-01-03,1151.6,1164.35,1145.88,1159.09,250035,0
2017-01-04,1157.77,1167.83,1155.14,1162.64,244157,0
2017-01-05,1163.43,1184.94,1162.79,1180.3,301277,0
2017-01-06,1180.0,1182.92,1170.77,1172.59,244843,0
2017-01-09,1172.49,1186.08,1171.74,1181.01,242672,0
2017-01-10,1181.0,1190.53,1179.98,1187.41,222401,0
2017-01-11,1188.05,1198.17,1176.97,1191.44,292640,0
2017-01-12,1190.73,1206.88,1190.43,1195.38,270722,0
2017-01-13,1194.9,1201.18,1187.66,1197.33,246679,0
2017-01-16,1199.45,1208.48,1197.97,1202.5,149904,0
2017-01-17,1202.64,1218.77,1202.52,1216.56,271731,0
2017-01-18,1217.49,1217.61,1202.2,1203.59,226322,0
2017-01-19,1202.59,1206.41,1195.68,1204.73,298293,0
2017-01-20,1204.88,1214.87,1198.42,1209.94,273040,0
2017-01-23,1209.5,1219.39,1209.08,1217.8,262186,0
2017-01-24,1218.15,1219.85,1206.43,1208.67,193808,0
2017-01-25,1208.81,1209.73,1193.06,1199.6,216685,0
2017-01-26,1200.95,1202.52,1184.2,1188.38,224598,0
2017-01-27,1186.97,1191.59,1180.34,1191.49,238639,0
2017-01-30,1192.62,1199.33,1188.05,1195.2,246354,0
2017-01-31,1195.65,1215.23,1193.55,1210.36,299124,0
2017-02-01,1210.2,1213.14,1197.99,1209.7,304583,0
2017-02-02,1209.11,1225.21,1208.24,1215.74,319853,0
2017-02-03,1215.5,1221.31,1207.0,1219.95,268692,0
2017-02-06,1219.7,1235.55,1219.02,1235.45,275711,0
2017-02-07,1234.59,1235.71,1227.5,1233.49,270920,0
2017-02-08,1233.58,1244.64,1229.99,1241.68,272764,0
2017-02-09,1241.94,1244.44,1225.4,1227.53,264936,0
2017-02-10,1228.2,1237.04,1221.44,1233.68,280043,0
2017-02-13,1232.52,1232.61,1219.14,1225.2,237039,0
2017-02-14,1225.3,1234.42,1221.66,1228.57,272765,0
2017-02-15,1232.14,1233.36,1216.43,1232.81,220361,0
2017-02-16,1233.27,1242.3,1231.91,1239.01,289301,0
2017-02-17,1238.9,1243.71,1234.24,1234.83,250496,0
2017-02-20,1235.18,1238.89,1232.54,1237.42,124182,0
2017-02-21,1237.38,1238.75,1225.94,1235.75,234402,0
2017-02-22,1236.16,1240.54,1231.01,1237.45,265349,0
2017-02-23,1237.61,1251.03,1235.56,1249.19,257997,0
2017-02-24,1249.87,1260.05,1247.58,1256.98,231953,0
2017-02-27,1257.95,1263.79,1250.74,1252.7,236925,0
2017-02-28,1251.55,1258.32,1247.46,1248.0,244096,0
2017-03-01,1247.72,1250.57,1236.7,1249.23,344261,0
2017-03-02,1249.07,1249.9,1230.74,1234.17,251996,0
2017-03-03,1234.12,1236.21,1222.67,1234.42,270512,0
2017-03-06,1233.2,1236.76,1224.67,1225.18,224052,0
2017-03-07,1225.04,1227.12,1213.97,1215.72,210818,0
2017-03-08,1215.24,1218.49,1206.45,1207.75,220494,0
2017-03-09,1207.64,1208.92,1199.07,1200.24,264532,0
2017-03-10,1200.43,1206.25,1194.77,1204.43,254254,0
2017-03-13,1205.43,1211.11,1202.22,1203.7,199781,0
2017-03-14,1203.7,1207.53,1197.04,1198.47,212597,0
2017-03-15,1198.95,1221.97,1197.41,1218.59,234376,0
2017-03-16,1218.63,1233.67,1217.93,1226.01,246885,0
2017-03-17,1226.08,1231.6,1224.27,1229.25,187139,0
2017-03-20,1229.25,1235.45,1229.1,1234.12,161965,0
2017-03-21,1234.01,1247.53,1226.68,1244.85,238192,0
2017-03-22,1244.05,1251.23,1243.73,1248.78,271327,0
2017-03-23,1248.61,1253.22,1242.56,1245.37,243983,0
2017-03-24,1244.9,1251.77,1240.78,1245.57,210006,0
2017-03-27,1246.15,1260.97,1246.15,1254.09,213614,0
2017-03-28,1253.16,1258.33,1247.46,1251.47,205417,0
2017-03-29,1250.72,1254.57,1247.08,1253.07,207448,0
2017-03-30,1253.5,1253.74,1242.23,1243.43,176748,0
2017-03-31,1242.14,1250.5,1239.47,1248.96,184777,0
2017-04-03,1247.63,1253.62,1244.37,1252.8,191695,0
2017-04-04,1253.47,1261.22,1253.45,1255.98,200978,0
2017-04-05,1255.61,1257.24,1243.6,1255.21,248084,0
2017-04-06,1255.83,1258.82,1249.64,1251.77,230442,0
2017-04-07,1251.85,1270.83,1250.5,1254.3,335826,0
2017-04-10,1254.5,1257.01,1246.99,1254.63,218700,0
2017-04-11,1254.9,1275.06,1252.95,1273.93,261137,0
2017-04-12,1273.93,1286.62,1271.82,1286.55,269943,0
2017-04-13,1285.95,1288.54,1281.71,1287.44,251629,0
2017-04-17,1291.75,1295.45,1281.23,1284.84,182451,0
2017-04-18,1284.77,1292.24,1278.83,1289.8,251041,0
2017-04-19,1289.58,1290.61,1273.98,1279.14,236292,0
2017-04-20,1279.7,1283.36,1276.53,1281.43,240778,0
2017-04-21,1281.67,1288.2,1278.4,1284.29,239261,0
2017-04-24,1273.16,1277.34,1265.37,1275.39,262343,0
2017-04-25,1276.25,1278.06,1261.52,1263.32,230136,0
2017-04-26,1263.87,1270.56,1259.91,1269.2,243026,0
2017-04-27,1268.57,1269.49,1261.12,1264.23,217043,0
2017-04-28,1264.01,1268.46,1262.95,1267.99,190631,0
2017-05-01,1268.44,1271.15,1254.11,1256.87,148522,0
2017-05-02,1256.46,1257.7,1251.87,1256.75,184686,0
2017-05-03,1256.44,1256.87,1235.79,1238.55,199944,0
2017-05-04,1238.08,1241.22,1225.62,1227.46,226819,0
2017-05-05,1228.21,1235.51,1225.95,1227.56,228876,0
2017-05-08,1222.69,1236.5,1222.39,1226.21,202958,0
2017-05-09,1225.91,1228.54,1214.18,1221.26,205686,0
2017-05-10,1221.31,1225.58,1217.46,1218.99,191961,0
2017-05-11,1218.79,1227.65,1216.86,1224.83,193865,0
2017-05-12,1224.83,1231.69,1224.33,1228.48,183503,0
2017-05-15,1228.42,1237.27,1226.83,1230.08,188589,0
2017-05-16,1231.18,1239.05,1230.23,1236.95,179327,0
2017-05-17,1237.06,1261.12,1236.36,1260.41,288913,0
2017-05-18,1261.07,1265.0,1245.88,1246.56,342086,0
2017-05-19,1246.33,1256.33,1246.16,1255.33,226646,0
2017-05-22,1256.78,1262.53,1251.69,1260.09,184300,0
2017-05-23,1260.23,1263.72,1249.92,1251.33,230814,0
2017-05-24,1250.67,1258.87,1247.82,1258.33,212589,0
2017-05-25,1258.51,1259.58,1253.73,1255.69,194505,0
2017-05-26,1255.25,1269.39,1252.98,1266.94,186385,0
2017-05-29,1266.34,1269.1,1264.94,1266.5,67435,0
2017-05-30,1266.54,1270.41,1259.29,1263.1,170722,0
2017-05-31,1262.95,1274.08,1259.47,1268.7,191134,0
2017-06-01,1268.71,1270.24,1261.41,1265.62,184323,0
2017-06-02,1265.65,1279.4,1258.93,1278.56,190661,0
2017-06-05,1279.34,1283.34,1277.67,1279.43,153382,0
2017-06-06,1279.7,1296.01,1279.41,1293.92,207887,0
2017-06-07,1294.67,1294.9,1282.53,1286.83,203459,0
2017-06-08,1286.85,1288.85,1271.24,1278.69,227520,0
2017-06-09,1280.95,1280.95,1264.55,1266.6,230392,0
2017-06-12,1266.89,1270.26,1263.48,1265.66,206759,0
2017-06-13,1265.36,1268.87,1259.11,1266.26,171722,0
2017-06-14,1266.35,1280.85,1257.07,1261.83,250169,0
2017-06-15,1260.27,1266.64,1251.36,1253.91,217018,0
2017-06-16,1253.86,1257.07,1251.7,1253.38,166504,0
2017-06-19,1253.85,1255.58,1242.93,1243.25,183600,0
2017-06-20,1243.9,1248.04,1241.21,1242.82,186587,0
2017-06-21,1242.81,1247.76,1240.76,1246.08,196252,0
2017-06-22,1245.67,1254.68,1245.64,1250.4,201434,0
2017-06-23,1250.22,1258.8,1249.71,1256.61,155220,0
2017-06-26,1257.05,1258.03,1235.85,1244.3,186184,0
2017-06-27,1244.07,1253.06,1241.26,1246.8,208308,0
2017-06-28,1246.12,1254.76,1246.12,1248.85,230963,0
2017-06-29,1248.82,1253.11,1239.71,1245.1,258526,0
2017-06-30,1245.09,1248.15,1239.12,1241.43,230018,0
2017-07-03,1241.4,1242.68,1218.41,1219.46,204524,0
2017-07-04,1220.7,1226.46,1220.45,1223.38,119182,0
2017-07-05,1224.03,1228.76,1217.35,1226.83,208242,0
2017-07-06,1221.58,1229.09,1221.58,1224.6,189099,0
2017-07-07,1220.78,1228.33,1207.17,1212.2,181247,0
2017-07-10,1213.46,1215.5,1204.79,1214.25,109234,0
2017-07-11,1214.21,1217.35,1208.09,1217.21,117891,0
2017-07-12,1216.65,1225.7,1213.38,1220.14,130709,0
2017-07-13,1215.3,1224.36,1215.3,1217.5,164783,0
2017-07-14,1212.56,1232.77,1212.56,1228.81,168183,0
2017-07-17,1228.75,1235.95,1228.15,1233.61,146227,0
2017-07-18,1229.64,1244.51,1229.64,1242.03,175875,0
2017-07-19,1242.6,1243.95,1235.84,1241.13,148584,0
2017-07-20,1241.11,1247.5,1235.19,1244.62,205496,0
2017-07-21,1244.2,1255.63,1243.26,1254.7,185601,0
2017-07-24,1254.74,1258.77,1251.81,1255.31,181877,0
2017-07-25,1254.9,1257.68,1249.01,1249.71,205556,0
2017-07-26,1250.18,1263.46,1243.62,1260.84,233717,0
2017-07-27,1260.4,1265.19,1254.42,1258.42,265816,0
2017-07-28,1258.94,1270.77,1257.29,1268.91,217765,0
2017-07-31,1269.71,1271.05,1265.67,1269.37,169798,0
2017-08-01,1269.1,1274.04,1262.37,1268.92,200188,0
2017-08-02,1268.73,1272.75,1262.78,1266.18,183933,0
2017-08-03,1266.46,1270.75,1256.65,1268.85,197985,0
2017-08-04,1268.76,1270.13,1254.09,1258.73,184734,0
2017-08-07,1258.64,1259.82,1255.65,1257.67,150148,0
2017-08-08,1257.24,1265.12,1251.41,1260.74,180219,0
2017-08-09,1260.87,1278.64,1260.66,1277.39,238638,0
2017-08-10,1277.31,1287.76,1274.53,1286.25,222759,0
2017-08-11,1286.63,1291.93,1281.2,1290.41,210079,0
2017-08-14,1289.38,1289.73,1278.51,1281.3,194739,0
2017-08-15,1281.71,1282.0,1267.2,1271.52,186123,0
2017-08-16,1271.28,1283.75,1267.66,1283.08,180556,0
2017-08-17,1283.42,1290.08,1281.71,1287.74,232403,0
2017-08-18,1288.17,1300.74,1283.4,1284.62,248372,0
2017-08-21,1283.63,1293.76,1280.49,1291.59,181342,0
2017-08-22,1291.3,1292.49,1281.9,1284.96,172297,0
2017-08-23,1284.78,1291.42,1282.68,1290.44,170910,0
2017-08-24,1290.18,1291.1,1284.37,1286.15,188122,0
2017-08-25,1286.15,1294.52,1274.36,1291.47,194055,0
2017-08-28,1292.82,1312.03,1291.71,1309.61,165233,0
2017-08-29,1314.62,1325.94,1304.9,1309.48,266233,0
2017-08-30,1309.07,1313.68,1305.06,1308.15,197272,0
2017-08-31,1308.76,1323.53,1298.25,1321.41,215613,0
2017-09-01,1321.71,1328.76,1316.32,1324.59,202996,0
2017-09-04,1334.2,1339.72,1331.65,1333.96,133962,0
2017-09-05,1334.11,1344.26,1326.19,1339.95,249662,0
2017-09-06,1339.47,1342.39,1331.55,1334.01,219290,0
2017-09-07,1333.83,1349.79,1332.43,1349.31,243228,0
2017-09-08,1348.65,1357.43,1342.69,1346.48,241753,0
2017-09-11,1334.62,1339.96,1326.27,1327.25,205384,0
2017-09-12,1327.59,1331.98,1322.52,1331.26,251196,0
2017-09-13,1333.03,1334.59,1320.77,1323.0,212138,0
2017-09-14,1323.47,1330.55,1315.56,1329.56,202392,0
2017-09-15,1328.97,1334.24,1319.49,1320.29,217051,0
2017-09-18,1319.38,1319.82,1304.52,1307.19,238902,0
2017-09-19,1307.58,1311.6,1305.06,1310.9,185154,0
2017-09-20,1311.11,1315.94,1295.91,1300.08,209473,0
2017-09-21,1300.95,1301.62,1288.07,1291.22,221147,0
2017-09-22,1291.14,1298.61,1291.14,1296.89,186861,0
2017-09-25,1297.54,1311.99,1289.5,1310.28,279073,0
2017-09-26,1310.31,1313.56,1292.03,1293.8,260623,0
2017-09-27,1293.88,1296.16,1281.37,1282.16,202777,0
2017-09-28,1282.74,1288.71,1277.63,1286.98,202146,0
2017-09-29,1286.71,1290.25,1275.92,1279.37,192585,0
2017-10-02,1279.45,1279.69,1269.51,1270.95,175053,0
2017-10-03,1270.42,1274.68,1268.19,1271.54,150198,0
2017-10-04,1271.46,1282.12,1270.44,1274.64,161394,0
2017-10-05,1274.78,1278.92,1266.09,1267.57,145728,0
2017-10-06,1268.41,1276.39,1260.52,1276.17,183111,0
2017-10-09,1275.41,1285.36,1275.16,1283.94,152529,0
2017-10-10,1283.98,1294.13,1281.99,1287.92,188652,0
2017-10-11,1287.65,1293.42,1284.44,1291.32,190671,0
2017-10-12,1291.98,1297.39,1289.52,1293.27,213046,0
2017-10-13,1293.47,1303.66,1290.74,1303.3,271114,0
2017-10-16,1303.14,1305.91,1290.31,1294.57,252845,0
2017-10-17,1295.12,1296.15,1281.22,1285.14,270518,0
2017-10-18,1284.71,1288.78,1276.85,1280.81,235760,0
2017-10-19,1280.91,1290.36,1276.45,1289.36,317256,0
2017-10-20,1289.37,1290.99,1277.81,1280.11,298211,0
2017-10-23,1277.5,1283.15,1272.39,1281.93,263238,0
2017-10-24,1281.87,1283.53,1273.6,1276.47,270708,0
2017-10-25,1276.68,1279.95,1270.88,1277.36,311260,0
2017-10-26,1277.21,1282.44,1265.6,1266.9,307084,0
2017-10-27,1267.64,1273.94,1263.62,1273.43,289385,0
2017-10-30,1272.11,1278.68,1268.8,1276.01,241875,0
2017-10-31,1276.1,1278.05,1267.53,1271.0,235057,0
2017-11-01,1270.6,1280.78,1267.85,1274.52,296463,0
2017-11-02,1274.54,1283.99,1273.26,1276.15,300007,0
2017-11-03,1276.58,1280.39,1265.37,1270.03,235660,0
2017-11-06,1269.81,1282.81,1265.93,1281.49,271655,0
2017-11-07,1281.63,1281.74,1271.71,1275.23,267276,0
2017-11-08,1275.76,1287.08,1275.76,1281.16,267342,0
2017-11-09,1281.66,1288.44,1279.82,1284.63,339925,0
2017-11-10,1285.15,1286.94,1273.29,1275.6,282644,0
2017-11-13,1274.87,1279.77,1274.19,1277.94,152796,0
2017-11-14,1277.8,1283.49,1269.8,1280.32,188461,0
2017-11-15,1280.01,1289.46,1276.57,1278.34,424240,0
2017-11-16,1278.43,1281.7,1274.99,1278.3,367560,0
2017-11-17,1278.58,1296.87,1278.16,1294.11,402978,0
2017-11-20,1293.17,1294.72,1274.46,1276.65,401698,0
2017-11-21,1277.8,1284.66,1276.18,1280.37,370402,0
2017-11-22,1280.74,1294.59,1278.93,1291.94,376528,0
2017-11-23,1291.62,1293.47,1286.82,1290.93,196153,0
2017-11-24,1290.93,1293.14,1285.49,1288.27,280178,0
2017-11-27,1288.27,1299.16,1286.62,1294.26,336188,0
2017-11-28,1294.49,1297.34,1290.53,1293.75,337755,0
2017-11-29,1293.47,1296.59,1281.9,1283.24,396341,0
2017-11-30,1284.36,1285.23,1270.22,1274.7,424260,0
2017-12-01,1275.2,1289.27,1271.5,1279.88,418335,0
2017-12-04,1274.03,1277.05,1270.89,1275.94,316008,0
2017-12-05,1276.41,1276.95,1260.86,1265.66,298468,0
2017-12-06,1266.02,1269.16,1262.43,1263.12,319457,0
2017-12-07,1263.69,1264.37,1243.78,1246.64,317038,0
2017-12-08,1247.64,1252.26,1243.6,1248.04,283231,0
2017-12-11,1247.84,1251.46,1240.58,1241.54,241308,0
2017-12-12,1242.13,1246.12,1236.37,1243.77,239920,0
2017-12-13,1243.87,1257.01,1240.12,1255.51,299625,0
2017-12-14,1254.11,1258.99,1250.35,1252.5,304509,0
2017-12-15,1253.01,1261.76,1252.94,1255.33,358033,0
2017-12-18,1254.23,1263.9,1252.62,1261.62,348695,0
2017-12-19,1261.69,1265.19,1259.11,1261.64,328245,0
2017-12-20,1261.5,1267.8,1261.25,1265.37,332953,0
2017-12-21,1265.82,1268.89,1262.64,1266.52,294283,0
2017-12-22,1266.26,1276.17,1264.84,1275.28,278547,0
2017-12-26,1278.67,1283.72,1276.92,1283.08,144784,0
2017-12-27,1282.39,1288.92,1281.22,1287.01,286300,0
2017-12-28,1287.53,1295.13,1286.59,1294.86,277703,0
2017-12-29,1294.68,1307.48,1293.73,1302.54,282147,0
2018-01-02,1307.33,1318.82,1307.31,1317.82,281074,0
2018-01-03,1317.37,1321.36,1307.31,1312.78,357001,0
2018-01-04,1312.87,1325.94,1305.7,1322.69,384363,0
2018-01-05,1321.88,1323.26,1313.55,1319.9,351414,0
2018-01-08,1320.63,1322.06,1314.65,1320.27,283271,0
2018-01-09,1320.07,1320.36,1308.26,1312.61,373297,0
2018-01-10,1312.07,1327.6,1307.96,1316.59,477415,0
2018-01-11,1310.96,1323.89,1310.96,1322.34,409414,0
2018-01-12,1322.54,1339.27,1321.3,1338.17,437939,0
2018-01-15,1336.46,1344.64,1335.8,1339.93,285908,0
2018-01-16,1340.14,1342.22,1331.66,1338.37,433799,0
2018-01-17,1338.3,1343.88,1326.28,1326.61,500648,0
2018-01-18,1326.95,1333.06,1324.14,1327.04,435739,0
2018-01-19,1326.36,1337.98,1326.26,1331.43,391158,0
2018-01-22,1333.79,1335.62,1328.27,1333.87,328231,0
2018-01-23,1333.31,1341.7,1331.24,1341.11,387280,0
2018-01-24,1341.22,1362.02,1339.42,1357.97,456302,0
2018-01-25,1357.25,1365.98,1342.33,1348.22,574804,0
2018-01-26,1346.61,1357.06,1344.34,1350.0,506897,0
2018-01-29,1349.88,1352.39,1337.52,1340.32,411411,0
2018-01-30,1340.3,1348.9,1334.37,1338.59,482043,0
2018-01-31,1337.97,1347.57,1332.67,1344.94,504757,0
2018-02-01,1344.26,1350.97,1337.17,1348.39,505112,0
2018-02-02,1348.72,1350.06,1327.39,1332.57,544710,0
2018-02-05,1331.62,1341.59,1328.92,1339.56,582907,0
2018-02-06,1339.6,1346.08,1320.14,1324.4,794863,0
2018-02-07,1317.68,1332.3,1311.35,1318.29,610252,0
2018-02-08,1317.81,1322.03,1306.99,1318.34,661958,0
2018-02-09,1317.86,1322.63,1311.05,1315.64,675357,0
2018-02-12,1314.82,1326.7,1314.08,1322.86,410358,0
2018-02-13,1322.17,1331.02,1321.59,1328.99,439580,0
2018-02-14,1320.93,1355.63,1317.3,1350.14,537339,0
2018-02-15,1349.78,1357.07,1348.47,1353.07,472296,0
2018-02-16,1353.44,1361.69,1344.71,1347.43,455782,0
2018-02-19,1347.41,1351.34,1345.72,1346.6,249918,0
2018-02-20,1346.21,1348.1,1328.41,1329.33,399343,0
2018-02-21,1328.57,1336.22,1322.14,1324.37,446170,0
2018-02-22,1323.52,1332.07,1320.86,1331.85,416186,0
2018-02-23,1331.15,1332.13,1325.71,1328.78,349745,0
2018-02-26,1327.63,1341.0,1326.58,1332.93,375272,0
2018-02-27,1332.57,1336.7,1313.41,1318.29,420967,0
2018-02-28,1317.37,1322.49,1315.59,1318.08,391061,0
2018-03-01,1317.87,1321.07,1302.73,1317.16,517022,0
2018-03-02,1316.49,1325.42,1315.14,1322.12,458734,0
2018-03-05,1323.73,1327.73,1317.46,1319.88,435937,0
2018-03-06,1319.52,1338.46,1319.52,1334.3,447141,0
2018-03-07,1336.2,1340.42,1322.13,1325.35,480380,0
2018-03-08,1324.82,1329.0,1318.87,1322.14,419943,0
2018-03-09,1321.49,1325.14,1312.83,1323.36,412484,0
2018-03-12,1323.31,1324.17,1315.01,1322.7,327085,0
2018-03-13,1322.45,1328.28,1313.73,1326.31,408069,0
2018-03-14,1325.34,1330.01,1321.36,1324.74,400188,0
2018-03-15,1324.14,1327.88,1314.87,1316.44,375342,0
2018-03-16,1316.08,1321.72,1309.59,1313.47,365398,0
2018-03-19,1313.32,1319.58,1307.73,1317.02,395455,0
2018-03-20,1316.34,1318.24,1307.11,1311.06,362607,0
2018-03-21,1310.62,1336.65,1309.75,1331.8,438997,0
2018-03-22,1331.82,1334.87,1324.74,1328.61,482488,0
2018-03-23,1328.8,1350.2,1328.8,1347.51,501047,0
2018-03-26,1346.35,1355.87,1343.39,1353.44,378989,0
2018-03-27,1353.22,1356.84,1339.78,1344.59,403118,0
2018-03-28,1345.32,1346.99,1323.42,1324.83,500216,0
2018-03-29,1324.5,1328.3,1321.16,1325.04,399291,0
2018-04-02,1325.95,1344.88,1324.74,1341.04,391667,0
2018-04-03,1340.56,1342.45,1328.84,1332.54,451126,0
2018-04-04,1332.47,1348.22,1331.41,1333.24,487633,0
2018-04-05,1332.85,1334.85,1322.66,1326.37,392069,0
2018-04-06,1326.05,1335.42,1319.5,1332.69,513003,0
2018-04-09,1333.13,1337.95,1326.81,1336.06,410195,0
2018-04-10,1335.89,1342.53,1331.02,1339.08,451912,0
2018-04-11,1339.12,1365.2,1338.97,1353.08,461805,0
2018-04-12,1352.52,1353.15,1333.71,1334.87,473298,0
2018-04-13,1334.41,1347.1,1333.05,1345.07,415025,0
2018-04-16,1346.13,1350.48,1340.07,1345.59,378005,0
2018-04-17,1345.76,1349.36,1337.6,1347.17,380837,0
2018-04-18,1346.84,1355.67,1342.21,1349.21,416410,0
2018-04-19,1349.11,1354.65,1340.86,1345.7,445153,0
2018-04-20,1345.43,1346.15,1334.92,1335.44,390940,0
2018-04-23,1334.36,1335.43,1322.04,1324.76,367839,0
2018-04-24,1324.31,1332.64,1322.11,1330.77,408492,0
2018-04-25,1329.87,1332.03,1318.59,1322.88,361096,0
2018-04-26,1322.35,1326.57,1315.08,1317.01,362647,0
2018-04-27,1316.36,1325.19,1315.15,1322.91,335060,0
2018-04-30,1322.35,1325.25,1309.96,1314.98,317930,0
2018-05-01,1314.52,1316.32,1301.58,1304.0,322372,0
2018-05-02,1303.28,1313.43,1303.25,1304.92,416837,0
2018-05-03,1304.37,1318.06,1304.23,1312.19,417432,0
2018-05-04,1311.53,1315.32,1307.79,1314.6,350286,0
2018-05-07,1313.45,1318.86,1310.13,1314.2,309391,0
2018-05-08,1313.35,1317.77,1305.92,1314.67,407074,0
2018-05-09,1314.35,1317.38,1304.26,1312.36,399161,0
2018-05-10,1312.27,1322.82,1310.64,1321.05,426677,0
2018-05-11,1321.17,1325.9,1316.86,1317.93,345750,0
2018-05-14,1318.27,1322.29,1312.91,1313.13,324495,0
2018-05-15,1312.85,1314.84,1288.62,1290.77,417841,0
2018-05-16,1290.01,1296.87,1286.31,1290.48,410920,0
2018-05-17,1290.11,1294.34,1284.93,1290.77,393216,0
2018-05-18,1290.54,1294.18,1285.99,1292.48,338601,0
2018-05-21,1290.52,1293.12,1282.0,1292.48,353350,0
2018-05-22,1292.72,1296.09,1287.85,1291.02,381341,0
2018-05-23,1291.17,1298.35,1287.54,1293.18,476543,0
2018-05-24,1293.54,1306.59,1292.68,1304.25,413795,0
2018-05-25,1304.2,1307.75,1299.79,1300.52,402055,0
2018-05-28,1292.76,1300.3,1292.76,1298.02,273949,0
2018-05-29,1297.4,1306.57,1292.48,1298.64,533163,0
2018-05-30,1298.15,1304.28,1295.8,1301.55,554324,0
2018-05-31,1301.15,1306.43,1297.26,1298.24,505194,0
2018-06-01,1298.53,1300.54,1289.32,1293.27,425082,0
2018-06-04,1292.41,1298.08,1290.15,1291.81,356708,0
2018-06-05,1291.99,1300.5,1289.69,1296.49,366106,0
2018-06-06,1296.08,1301.76,1293.72,1295.95,355424,0
2018-06-07,1296.27,1303.09,1294.78,1296.71,391685,0
2018-06-08,1296.72,1300.51,1292.05,1298.6,360506,0
2018-06-11,1294.18,1302.2,1294.02,1300.35,302215,0
2018-06-12,1287.98,1300.47,1287.98,1295.52,348421,0
2018-06-13,1290.87,1301.2,1290.87,1299.46,323704,0
2018-06-14,1299.03,1309.28,1297.44,1302.25,371465,0
2018-06-15,1302.11,1303.07,1275.33,1280.19,418263,0
2018-06-18,1278.16,1282.39,1276.96,1278.2,281584,0
2018-06-19,1277.93,1283.99,1270.31,1274.46,414400,0
2018-06-20,1274.6,1276.38,1267.56,1267.56,340755,0
2018-06-21,1267.44,1270.06,1261.26,1267.24,357330,0
2018-06-22,1266.46,1271.11,1266.42,1269.21,304837,0
2018-06-25,1270.97,1272.56,1264.4,1265.32,305014,0
2018-06-26,1265.43,1267.61,1254.66,1258.45,326295,0
2018-06-27,1258.7,1260.05,1250.59,1251.79,375934,0
2018-06-28,1251.66,1254.24,1245.84,1248.14,367475,0
2018-06-29,1247.72,1255.57,1245.99,1252.74,353358,0
2018-07-02,1251.58,1254.15,1239.6,1241.49,203252,0
2018-07-03,1241.75,1256.85,1237.82,1252.78,211611,0
2018-07-04,1252.01,1261.07,1251.95,1256.47,148654,0
2018-07-05,1255.41,1259.68,1251.2,1257.17,212884,0
2018-07-06,1257.17,1258.94,1252.69,1254.56,192965,0
2018-07-09,1255.22,1265.85,1254.68,1257.41,182218,0
2018-07-10,1257.26,1260.24,1247.28,1255.93,197328,0
2018-07-11,1255.68,1256.84,1241.41,1242.18,232942,0
2018-07-12,1241.69,1248.5,1241.23,1246.94,232500,0
2018-07-13,1246.97,1248.04,1236.3,1241.06,195627,0
2018-07-16,1240.75,1245.51,1238.25,1240.8,183044,0
2018-07-17,1240.36,1244.94,1226.0,1227.28,208840,0
2018-07-18,1226.73,1229.1,1220.98,1227.5,192536,0
2018-07-19,1227.08,1228.98,1211.45,1222.86,240443,0
2018-07-20,1222.75,1232.22,1215.63,1231.59,261763,0
2018-07-23,1230.57,1235.15,1222.19,1224.42,229167,0
2018-07-24,1224.13,1229.45,1218.04,1224.45,232154,0
2018-07-25,1223.9,1234.14,1223.16,1231.57,235515,0
2018-07-26,1231.17,1235.18,1222.29,1222.84,213537,0
2018-07-27,1222.36,1227.32,1217.47,1222.81,198924,0
2018-07-30,1221.34,1225.03,1218.62,1221.28,158582,0
2018-07-31,1221.19,1228.53,1213.93,1223.94,215136,0
2018-08-01,1223.32,1224.76,1211.47,1216.05,201335,0
2018-08-02,1215.53,1221.05,1204.68,1207.72,205875,0
2018-08-03,1206.3,1219.98,1204.4,1213.14,206388,0
2018-08-06,1213.83,1217.85,1202.17,1207.1,168308,0
2018-08-07,1207.1,1216.1,1206.98,1210.58,171699,0
2018-08-08,1210.08,1215.82,1205.93,1213.38,178691,0
2018-08-09,1213.6,1217.31,1208.47,1212.16,190919,0
2018-08-10,1211.87,1217.09,1203.6,1211.38,248372,0
2018-08-13,1210.66,1213.8,1190.54,1193.64,222406,0
2018-08-14,1193.92,1198.67,1189.94,1193.93,173172,0
2018-08-15,1193.36,1194.66,1170.62,1174.65,210321,0
2018-08-16,1175.5,1182.02,1160.05,1173.93,234788,0
2018-08-17,1173.69,1185.0,1171.79,1184.17,190825,0
2018-08-20,1183.17,1190.79,1179.94,1190.36,156034,0
2018-08-21,1189.84,1196.91,1187.59,1196.12,183426,0
2018-08-22,1195.87,1201.52,1192.47,1195.42,180977,0
2018-08-23,1195.86,1196.54,1183.8,1185.27,178293,0
2018-08-24,1185.14,1208.49,1183.04,1205.88,190775,0
2018-08-27,1207.0,1212.33,1203.05,1211.07,150947,0
2018-08-28,1211.01,1214.21,1199.53,1200.96,177394,0
2018-08-29,1200.19,1207.26,1200.19,1206.53,169340,0
2018-08-30,1206.5,1207.81,1196.17,1199.61,180147,0
2018-08-31,1200.21,1208.77,1190.0,1200.78,198398,0
2018-09-03,1200.57,1203.84,1195.59,1201.25,138159,0
2018-09-04,1200.11,1201.93,1189.54,1191.03,195068,0
2018-09-05,1191.29,1198.37,1190.79,1196.48,176637,0
2018-09-06,1196.45,1206.95,1195.73,1199.97,207422,0
2018-09-07,1199.8,1203.48,1193.33,1195.83,200544,0
2018-09-10,1194.97,1198.49,1191.44,1195.57,163055,0
2018-09-11,1194.87,1199.32,1187.64,1198.37,167339,0
2018-09-12,1198.0,1208.43,1192.63,1206.06,179079,0
2018-09-13,1206.83,1212.6,1200.07,1201.26,181474,0
2018-09-14,1201.21,1208.52,1186.43,1193.43,175318,0
2018-09-17,1194.16,1204.77,1192.72,1200.93,156152,0
2018-09-18,1201.17,1203.48,1195.78,1198.04,196317,0
2018-09-19,1197.88,1206.16,1197.55,1203.68,168045,0
2018-09-20,1203.71,1208.4,1201.23,1207.07,170321,0
2018-09-21,1207.03,1211.03,1190.27,1199.1,180173,0
2018-09-24,1198.82,1204.12,1194.33,1198.66,141823,0
2018-09-25,1198.33,1203.34,1196.99,1201.06,149566,0
2018-09-26,1200.68,1202.44,1190.42,1194.22,189786,0
2018-09-27,1194.62,1198.52,1181.82,1182.52,172755,0
2018-09-28,1182.58,1193.94,1180.65,1191.51,170537,0
2018-10-01,1192.21,1192.29,1184.51,1188.66,154795,0
2018-10-02,1188.55,1208.19,1188.34,1202.74,176178,0
2018-10-03,1202.91,1208.25,1196.43,1196.85,173151,0
2018-10-04,1197.24,1206.74,1195.89,1199.72,187355,0
2018-10-05,1199.62,1205.76,1197.15,1202.75,182844,0
2018-10-08,1203.0,1204.04,1183.33,1187.96,139943,0
2018-10-09,1188.47,1191.81,1183.16,1189.48,174211,0
2018-10-10,1188.98,1194.75,1185.23,1194.03,168479,0
2018-10-11,1194.33,1226.3,1191.19,1224.82,228037,0
2018-10-12,1224.02,1224.06,1206.59,1217.76,187257,0
2018-10-15,1217.23,1233.22,1216.76,1226.81,174962,0
2018-10-16,1226.64,1232.36,1223.3,1224.42,163923,0
2018-10-17,1224.38,1229.43,1220.53,1222.21,165703,0
2018-10-18,1221.89,1230.1,1218.63,1225.75,178286,0
2018-10-19,1225.45,1230.75,1216.44,1226.38,167944,0
2018-10-22,1227.07,1229.51,1219.97,1221.86,147924,0
2018-10-23,1221.57,1239.71,1221.57,1230.34,166660,0
2018-10-24,1230.37,1234.22,1225.55,1233.33,167259,0
2018-10-25,1233.76,1239.14,1227.71,1231.86,169991,0
2018-10-26,1231.64,1243.36,1224.09,1233.53,212442,0
2018-10-29,1234.11,1235.35,1224.25,1229.47,185735,0
2018-10-30,1229.74,1230.54,1219.8,1222.97,167174,0
2018-10-31,1222.76,1223.23,1211.93,1214.48,163397,0
2018-11-01,1214.49,1237.33,1214.41,1233.04,183010,0
2018-11-02,1233.29,1236.37,1229.62,1232.75,196188,0
2018-11-05,1232.87,1235.1,1226.82,1231.36,148695,0
2018-11-06,1231.41,1235.89,1223.44,1227.03,156077,0
2018-11-07,1226.99,1236.43,1222.93,1226.36,213412,0
2018-11-08,1226.18,1227.04,1219.98,1223.37,166470,0
2018-11-09,1223.27,1223.62,1206.65,1209.32,166891,0
2018-11-12,1209.66,1211.41,1196.94,1200.16,150282,0
2018-11-13,1200.22,1205.11,1196.21,1201.99,177070,0
2018-11-14,1202.27,1216.49,1197.64,1210.54,197674,0
2018-11-15,1210.85,1216.42,1207.66,1212.69,196179,0
2018-11-16,1213.56,1225.23,1213.08,1221.2,170596,0
2018-11-19,1222.28,1225.16,1217.94,1223.85,152586,0
2018-11-20,1223.98,1228.7,1219.91,1221.52,177121,0
2018-11-21,1221.54,1230.03,1219.65,1225.82,152101,0
2018-11-22,1224.84,1229.06,1220.84,1226.96,95454,0
2018-11-23,1225.65,1228.5,1219.88,1222.51,121692,0
2018-11-26,1223.2,1228.07,1221.65,1222.15,141096,0
2018-11-27,1222.09,1225.21,1210.89,1214.47,150266,0
2018-11-28,1214.62,1226.65,1211.15,1221.06,146576,0
2018-11-29,1220.5,1228.94,1220.32,1224.03,165239,0
2018-11-30,1224.1,1225.52,1206.34,1221.96,142492,0
2018-12-03,1221.94,1234.87,1221.24,1230.84,171387,0
2018-12-04,1230.96,1241.89,1230.38,1238.54,185204,0
2018-12-05,1238.86,1239.2,1233.25,1237.06,114122,0
2018-12-06,1237.58,1244.29,1234.55,1237.76,202591,0
2018-12-07,1237.4,1249.99,1237.24,1248.41,174451,0
2018-12-10,1249.3,1250.73,1240.15,1244.09,185271,0
2018-12-11,1244.25,1249.46,1239.8,1242.83,187339,0
2018-12-12,1242.92,1247.19,1241.93,1245.39,166009,0
2018-12-13,1245.61,1246.68,1238.78,1242.0,161660,0
2018-12-14,1241.63,1242.99,1230.16,1238.0,159330,0
2018-12-17,1238.99,1248.06,1235.47,1245.8,134596,0
2018-12-18,1245.93,1250.34,1244.97,1249.37,149632,0
2018-12-19,1249.57,1257.99,1241.61,1242.98,178105,0
2018-12-20,1242.82,1266.43,1242.56,1259.69,305675,0
2018-12-21,1260.3,1262.7,1253.85,1255.38,152902,0
2018-12-24,1257.4,1269.75,1257.04,1268.3,111161,0
2018-12-26,1272.79,1279.05,1264.46,1266.78,112416,0
2018-12-27,1266.58,1278.92,1265.51,1275.5,165518,0
2018-12-28,1275.2,1282.1,1274.2,1280.59,145865,0
2018-12-31,1280.22,1284.02,1277.37,1280.23,90411,0
2019-01-02,1286.2,1288.7,1278.64,1284.6,120485,0
2019-01-03,1285.38,1294.96,1284.31,1293.97,171436,0
2019-01-04,1293.77,1298.52,1276.54,1284.53,174629,0
2019-01-07,1284.79,1295.03,1282.56,1288.72,143621,0
2019-01-08,1288.56,1290.18,1279.31,1285.04,140154,0
2019-01-09,1284.62,1293.9,1280.01,1292.93,152397,0
2019-01-10,1293.66,1297.03,1285.97,1286.1,149799,0
2019-01-11,1286.63,1295.12,1286.42,1287.39,135806,0
2019-01-14,1287.49,1295.79,1287.25,1291.37,128520,0
2019-01-15,1291.75,1294.61,1286.67,1288.92,146570,0
2019-01-16,1289.33,1294.95,1287.78,1293.62,128921,0
2019-01-17,1293.86,1295.33,1288.67,1291.78,130685,0
2019-01-18,1292.0,1292.41,1280.56,1281.18,127086,0
2019-01-21,1281.49,1283.5,1276.74,1280.03,77876,0
2019-01-22,1279.44,1285.41,1277.35,1284.97,120104,0
2019-01-23,1284.8,1286.47,1278.59,1282.42,112490,0
2019-01-24,1282.58,1284.76,1276.7,1280.75,123646,0
2019-01-25,1280.58,1303.91,1279.88,1302.79,131781,0
2019-01-28,1302.8,1304.35,1297.56,1303.21,96759,0
2019-01-29,1302.03,1311.94,1302.03,1311.66,115487,0
2019-01-30,1311.78,1323.37,1308.92,1319.59,135816,0
2019-01-31,1320.24,1326.25,1317.36,1321.05,138658,0
2019-02-01,1320.97,1323.46,1316.06,1317.71,125037,0
2019-02-04,1317.98,1318.98,1308.53,1311.96,111122,0
2019-02-05,1311.69,1316.78,1310.66,1314.87,106424,0
2019-02-06,1314.99,1315.74,1305.53,1306.33,104196,0
2019-02-07,1305.72,1311.9,1302.73,1309.95,121305,0
2019-02-08,1310.06,1315.6,1307.72,1313.95,105232,0
2019-02-11,1314.1,1314.8,1303.59,1308.1,110761,0
2019-02-12,1307.86,1314.7,1306.45,1310.57,118715,0
2019-02-13,1309.77,1318.11,1304.94,1305.88,126954,0
2019-02-14,1305.73,1314.33,1302.32,1312.21,132296,0
2019-02-15,1312.5,1322.57,1311.29,1321.26,131806,0
2019-02-18,1321.22,1327.61,1315.81,1326.06,84040,0
2019-02-19,1326.3,1341.81,1322.81,1341.16,136655,0
2019-02-20,1340.39,1346.67,1336.81,1338.2,148020,0
2019-02-21,1338.53,1341.43,1320.88,1323.3,158067,0
2019-02-22,1322.45,1333.05,1321.48,1327.56,140527,0
2019-02-25,1328.71,1332.51,1325.07,1327.24,135141,0
2019-02-26,1327.45,1330.15,1323.42,1328.69,132036,0
2019-02-27,1328.75,1329.84,1316.57,1319.62,114557,0
2019-02-28,1318.64,1327.22,1312.55,1313.08,122421,0
2019-03-01,1313.07,1315.17,1290.12,1293.42,137021,0
2019-03-04,1293.28,1296.99,1282.8,1286.46,136810,0
2019-03-05,1286.44,1289.55,1281.13,1287.38,130546,0
2019-03-06,1286.84,1290.86,1283.49,1286.15,132291,0
2019-03-07,1286.26,1288.99,1280.77,1285.33,132810,0
2019-03-08,1285.67,1300.69,1284.41,1298.23,146786,0
2019-03-11,1297.62,1299.05,1290.42,1293.27,126213,0
2019-03-12,1293.58,1302.19,1291.96,1301.15,126960,0
2019-03-13,1301.26,1311.2,1300.59,1309.1,124336,0
2019-03-14,1308.53,1310.31,1292.73,1296.08,137357,0
2019-03-15,1295.93,1306.36,1293.93,1301.92,128587,0
2019-03-18,1301.87,1306.67,1298.13,1303.41,115841,0
2019-03-19,1303.23,1310.87,1302.27,1306.41,121927,0
2019-03-20,1305.16,1316.98,1298.57,1312.34,138707,0
2019-03-21,1312.71,1320.35,1303.16,1309.28,140990,0
2019-03-22,1309.29,1314.92,1306.78,1313.07,130487,0
2019-03-25,1313.38,1324.49,1310.91,1322.01,122950,0
2019-03-26,1321.62,1323.22,1312.63,1315.1,116979,0
2019-03-27,1315.73,1319.27,1308.02,1309.63,139390,0
2019-03-28,1309.05,1312.27,1288.48,1289.87,129662,0
2019-03-29,1290.32,1299.71,1286.66,1292.16,121655,0
2019-04-01,1292.21,1296.97,1286.37,1287.3,115786,0
2019-04-02,1287.23,1292.52,1284.65,1292.34,102983,0
2019-04-03,1292.03,1294.53,1288.34,1289.66,95000,0
2019-04-04,1289.94,1294.35,1280.86,1292.38,94647,0
2019-04-05,1291.96,1293.54,1284.35,1291.49,95001,0
2019-04-08,1291.62,1303.66,1291.39,1297.49,89706,0
2019-04-09,1297.41,1306.15,1296.55,1303.9,96252,0
2019-04-10,1303.82,1310.53,1300.9,1307.94,97637,0
2019-04-11,1307.9,1309.14,1289.41,1292.26,110371,0
2019-04-12,1292.51,1295.76,1290.01,1290.46,100725,0
2019-04-15,1290.45,1291.9,1282.43,1287.57,97996,0
2019-04-16,1287.71,1288.72,1272.89,1276.69,107730,0
2019-04-17,1276.48,1279.71,1272.93,1273.76,100821,0
2019-04-18,1273.9,1277.65,1271.09,1275.47,93651,0
2019-04-22,1275.49,1279.77,1273.74,1274.7,70788,0
2019-04-23,1274.76,1276.44,1266.21,1272.1,93901,0
2019-04-24,1272.12,1278.49,1268.7,1275.5,106596,0
2019-04-25,1275.48,1282.53,1273.31,1277.18,108565,0
2019-04-26,1276.94,1288.67,1274.15,1285.95,115721,0
2019-04-29,1286.98,1286.98,1278.01,1279.49,96950,0
2019-04-30,1279.58,1286.15,1279.58,1283.29,110960,0
2019-05-01,1283.1,1287.23,1272.83,1276.48,116207,0
2019-05-02,1277.3,1277.97,1266.2,1270.48,115314,0
2019-05-03,1270.35,1282.52,1268.13,1278.97,107566,0
2019-05-06,1280.82,1285.77,1276.93,1280.2,120903,0
2019-05-07,1281.05,1286.03,1278.13,1284.28,121455,0
2019-05-08,1284.26,1291.44,1279.27,1280.49,123836,0
2019-05-09,1280.79,1288.17,1279.56,1283.4,133147,0
2019-05-10,1284.04,1289.37,1283.1,1285.66,136537,0
2019-05-13,1287.49,1301.19,1281.9,1299.79,128915,0
2019-05-14,1299.67,1303.23,1293.65,1296.76,105545,0
2019-05-15,1296.93,1300.84,1292.97,1296.35,113487,0
2019-05-16,1296.55,1298.72,1283.97,1286.31,111428,0
2019-05-17,1286.72,1288.9,1274.72,1277.48,117764,0
2019-05-20,1276.7,1278.95,1273.59,1277.63,99291,0
2019-05-21,1275.74,1277.86,1269.41,1274.69,92770,0
2019-05-22,1274.34,1277.26,1272.43,1273.41,89626,0
2019-05-23,1273.15,1287.27,1272.76,1283.56,119955,0
2019-05-24,1283.29,1285.2,1280.69,1284.8,95995,0
2019-05-27,1283.72,1287.33,1283.71,1284.95,50265,0
2019-05-28,1285.04,1286.54,1276.05,1279.4,109087,0
2019-05-29,1279.23,1285.51,1279.03,1280.2,123706,0
2019-05-30,1279.88,1289.17,1274.95,1288.41,111803,0
2019-05-31,1287.88,1306.92,1287.88,1305.13,133162,0
2019-06-03,1307.11,1327.92,1305.96,1324.48,135524,0
2019-06-04,1324.77,1329.0,1319.87,1325.59,128783,0
2019-06-05,1325.17,1344.04,1324.46,1330.09,148635,0
2019-06-06,1330.93,1339.79,1327.18,1335.52,133263,0
2019-06-07,1335.4,1348.23,1330.22,1340.24,122581,0
2019-06-10,1336.02,1337.65,1325.01,1327.84,118295,0
2019-06-11,1327.8,1329.84,1319.79,1326.65,113299,0
2019-06-12,1326.5,1338.38,1325.94,1333.23,123649,0
2019-06-13,1333.8,1343.09,1332.3,1341.81,113608,0
2019-06-14,1342.33,1358.12,1337.73,1340.82,146548,0
2019-06-17,1341.93,1343.47,1332.93,1339.48,117957,0
2019-06-18,1339.13,1354.57,1338.57,1346.51,154451,0
2019-06-19,1346.21,1362.54,1341.31,1359.64,150366,0
2019-06-20,1360.24,1393.95,1357.64,1388.35,215119,0
2019-06-21,1387.27,1411.76,1382.44,1398.68,231006,0
2019-06-24,1400.19,1421.41,1399.42,1419.11,176366,0
2019-06-25,1419.38,1439.21,1411.82,1423.19,259108,0
2019-06-26,1423.57,1424.23,1401.73,1408.67,229055,0
2019-06-27,1409.41,1412.12,1398.59,1409.1,172297,0
2019-06-28,1409.76,1424.6,1405.63,1409.91,175443,0
2019-07-01,1398.04,1398.04,1381.66,1383.75,198829,0
2019-07-02,1383.73,1420.97,1383.19,1418.0,177021,0
2019-07-03,1421.63,1437.73,1411.96,1418.41,207555,0
2019-07-04,1418.77,1421.61,1410.13,1415.29,93029,0
2019-07-05,1415.62,1424.15,1386.63,1398.09,173522,0
2019-07-08,1398.24,1407.54,1391.68,1395.28,142390,0
2019-07-09,1394.83,1399.93,1385.69,1397.51,132950,0
2019-07-10,1397.22,1418.87,1389.81,1417.87,156045,0
2019-07-11,1418.62,1427.07,1400.73,1403.73,160374,0
2019-07-12,1404.25,1416.84,1403.05,1414.83,136191,0
2019-07-15,1415.2,1419.73,1407.63,1413.7,125060,0
2019-07-16,1414.29,1418.22,1400.68,1405.82,138967,0
2019-07-17,1405.92,1426.75,1400.01,1426.21,133675,0
2019-07-18,1426.01,1448.07,1414.56,1445.65,183496,0
2019-07-19,1446.81,1452.92,1420.13,1424.96,203742,0
2019-07-22,1427.59,1429.98,1422.14,1424.67,144823,0
2019-07-23,1425.09,1430.21,1414.13,1417.6,152276,0
2019-07-24,1417.68,1429.51,1416.25,1425.11,138924,0
2019-07-25,1425.59,1433.73,1410.98,1414.11,146258,0
2019-07-26,1414.01,1424.79,1413.36,1418.31,121027,0
2019-07-29,1418.47,1428.11,1414.8,1426.62,96458,0
2019-07-30,1426.54,1433.2,1422.25,1430.61,116417,0
2019-07-31,1431.02,1434.47,1410.17,1412.23,149414,0
2019-08-01,1413.12,1445.96,1400.44,1444.89,198797,0
2019-08-02,1445.14,1448.96,1430.25,1440.32,221618,0
2019-08-05,1440.25,1469.72,1436.67,1463.72,231611,0
2019-08-06,1468.68,1474.84,1456.33,1474.27,212045,0
2019-08-07,1474.21,1510.33,1472.18,1501.25,249533,0
2019-08-08,1500.32,1509.53,1489.97,1500.88,212855,0
2019-08-09,1504.61,1508.96,1494.74,1497.02,193246,0
2019-08-12,1497.9,1519.99,1487.2,1511.72,180105,0
2019-08-13,1511.05,1534.96,1479.77,1501.35,232343,0
2019-08-14,1501.87,1524.03,1493.78,1516.18,244234,0
2019-08-15,1516.58,1526.97,1507.81,1523.42,256391,0
2019-08-16,1522.8,1527.97,1503.63,1512.1,191436,0
2019-08-19,1512.52,1512.91,1493.18,1495.79,177552,0
2019-08-20,1495.86,1508.55,1492.88,1507.36,145836,0
2019-08-21,1507.52,1508.03,1496.43,1502.31,145052,0
2019-08-22,1502.33,1504.55,1492.43,1498.16,145835,0
2019-08-23,1497.53,1530.2,1493.47,1526.25,192279,0
2019-08-26,1547.5,1555.21,1524.93,1527.38,245254,0
2019-08-27,1527.06,1544.65,1525.63,1542.63,175921,0
2019-08-28,1542.28,1546.83,1531.79,1541.01,188966,0
2019-08-29,1538.23,1550.33,1519.52,1526.87,219330,0
2019-08-30,1527.54,1533.11,1516.93,1520.55,195171,0
2019-09-02,1529.64,1533.77,1519.22,1528.96,109257,0
2019-09-03,1526.32,1549.68,1521.61,1548.7,204901,0
2019-09-04,1545.38,1556.98,1533.78,1552.6,204615,0
2019-09-05,1551.87,1552.95,1506.19,1518.89,218158,0
2019-09-06,1518.07,1527.86,1502.47,1506.38,229275,0
2019-09-09,1506.95,1515.46,1497.54,1498.81,180246,0
2019-09-10,1498.5,1500.97,1484.45,1485.77,191275,0
2019-09-11,1487.5,1498.23,1485.99,1496.52,154772,0
2019-09-12,1496.75,1524.13,1489.16,1498.97,198194,0
2019-09-13,1496.89,1508.97,1485.71,1488.55,166793,0
2019-09-16,1503.76,1512.09,1495.83,1498.4,189392,0
2019-09-17,1499.08,1507.07,1493.39,1501.32,158172,0
2019-09-18,1501.21,1511.54,1482.97,1493.24,131393,0
2019-09-19,1493.21,1504.45,1488.92,1498.47,169061,0
2019-09-20,1498.12,1517.03,1497.89,1516.27,143916,0
2019-09-23,1513.53,1526.77,1511.48,1522.12,165094,0
2019-09-24,1522.45,1535.63,1515.55,1531.17,135648,0
2019-09-25,1531.26,1535.08,1500.4,1503.64,137783,0
2019-09-26,1504.96,1512.25,1500.25,1504.56,124678,0
2019-09-27,1505.33,1507.37,1486.79,1496.61,140912,0
2019-09-30,1498.07,1500.41,1464.43,1472.29,119196,0
2019-10-01,1472.91,1487.19,1459.03,1479.38,124058,0
2019-10-02,1478.49,1505.02,1474.44,1499.92,122260,0
2019-10-03,1499.28,1519.48,1495.76,1504.83,124518,0
2019-10-04,1506.95,1515.54,1495.77,1504.5,133577,0
2019-10-07,1505.68,1509.26,1487.97,1493.27,127686,0
2019-10-08,1492.49,1509.65,1486.81,1505.48,153969,0
2019-10-09,1506.94,1512.45,1499.8,1505.42,192056,0
2019-10-10,1515.18,1516.98,1491.02,1493.39,247746,0
2019-10-11,1493.21,1503.14,1473.93,1487.93,250838,0
2019-10-14,1484.11,1497.09,1482.77,1493.03,179074,0
2019-10-15,1491.8,1498.53,1477.13,1481.0,200904,0
2019-10-16,1481.07,1491.53,1476.96,1489.52,212307,0
2019-10-17,1490.62,1497.31,1483.37,1492.23,204521,0
2019-10-18,1492.68,1494.17,1484.81,1489.93,181075,0
2019-10-21,1491.21,1495.17,1481.42,1484.06,159321,0
2019-10-22,1483.87,1488.93,1480.78,1487.77,175281,0
2019-10-23,1487.98,1496.23,1487.62,1491.75,169587,0
2019-10-24,1492.44,1503.97,1487.93,1502.9,169745,0
2019-10-25,1502.96,1517.93,1500.55,1504.16,188365,0
2019-10-28,1503.21,1508.17,1489.93,1492.54,179991,0
2019-10-29,1491.97,1494.74,1483.33,1487.9,175622,0
2019-10-30,1487.28,1496.62,1481.08,1495.6,183013,0
2019-10-31,1495.6,1514.19,1493.89,1512.13,189937,0
2019-11-01,1512.27,1516.09,1503.22,1513.9,180897,0
2019-11-04,1513.7,1514.77,1504.34,1509.48,161954,0
2019-11-05,1509.33,1509.62,1479.31,1483.78,206602,0
2019-11-06,1483.27,1494.15,1482.38,1490.14,181654,0
2019-11-07,1489.96,1492.21,1460.46,1468.52,227765,0
2019-11-08,1468.12,1472.91,1456.12,1458.72,207819,0
2019-11-11,1458.87,1466.42,1448.15,1455.65,160665,0
2019-11-12,1455.33,1460.42,1445.57,1456.3,213519,0
2019-11-13,1456.0,1467.06,1455.77,1463.26,203060,0
2019-11-14,1463.32,1474.59,1461.07,1470.97,197813,0
2019-11-15,1471.08,1471.34,1462.37,1467.37,164011,0
2019-11-18,1467.28,1473.9,1456.28,1470.78,176077,0
2019-11-19,1471.3,1475.28,1464.72,1472.31,187537,0
2019-11-20,1472.32,1478.82,1465.88,1471.05,204705,0
2019-11-21,1474.86,1475.63,1462.28,1464.32,208637,0
2019-11-22,1464.0,1473.2,1461.25,1461.81,178173,0
2019-11-25,1460.85,1462.08,1454.0,1454.94,149118,0
2019-11-26,1454.81,1462.88,1450.02,1461.3,142594,0
2019-11-27,1460.93,1461.9,1452.45,1453.93,140154,0
2019-11-28,1454.48,1458.28,1454.16,1455.74,80024,0
2019-11-29,1454.5,1466.53,1452.94,1463.83,119225,0
2019-12-02,1464.15,1465.29,1453.89,1462.45,169310,0
2019-12-03,1462.13,1481.74,1459.78,1477.32,172133,0
2019-12-04,1477.33,1484.01,1471.35,1474.33,194568,0
2019-12-05,1474.54,1480.29,1472.86,1475.76,171478,0
2019-12-06,1475.65,1479.82,1458.66,1459.53,150686,0
2019-12-09,1459.51,1465.35,1458.48,1461.71,120568,0
2019-12-10,1461.67,1469.17,1459.95,1464.35,159592,0
2019-12-11,1463.8,1478.88,1462.63,1474.72,154260,0
2019-12-12,1474.58,1486.69,1463.89,1469.4,164088,0
2019-12-13,1465.63,1478.01,1461.73,1475.44,209573,0
2019-12-16,1475.03,1479.88,1473.09,1475.9,140578,0
2019-12-17,1475.93,1480.49,1474.12,1475.99,137440,0
2019-12-18,1475.95,1479.28,1470.38,1475.45,129541,0
2019-12-19,1475.23,1481.65,1473.19,1478.7,128457,0
2019-12-20,1477.66,1480.96,1475.78,1477.93,119742,0
2019-12-23,1478.26,1486.12,1477.46,1485.38,119799,0
2019-12-24,1485.35,1500.44,1484.33,1498.99,99912,0
2019-12-26,1498.17,1512.56,1497.47,1511.04,125018,0
2019-12-27,1511.23,1515.29,1507.28,1510.63,147068,0
2019-12-30,1511.34,1516.11,1510.7,1514.96,138275,0
2019-12-31,1514.34,1525.27,1514.34,1520.21,134814,0
2020-01-02,1517.99,1531.33,1517.23,1528.77,149942,0
2020-01-03,1526.63,1553.51,1526.63,1551.44,222189,0
2020-01-06,1559.72,1587.86,1559.66,1565.63,258234,0
2020-01-07,1564.58,1577.32,1555.23,1573.24,225940,0
2020-01-08,1576.31,1611.35,1552.22,1556.36,324560,0
2020-01-09,1556.67,1561.31,1540.2,1552.08,215216,0
2020-01-10,1552.38,1563.13,1545.7,1561.76,187600,0
2020-01-13,1561.83,1561.83,1546.51,1548.34,170657,0
2020-01-14,1548.08,1548.9,1535.94,1546.25,203836,0
2020-01-15,1546.21,1558.17,1545.92,1556.22,185588,0
2020-01-16,1556.26,1558.08,1547.98,1552.46,159523,0
2020-01-17,1552.37,1561.21,1549.33,1556.83,159222,0
2020-01-20,1557.76,1562.76,1556.31,1560.5,87304,0
2020-01-21,1560.81,1568.59,1546.3,1557.91,205465,0
2020-01-22,1558.54,1559.22,1550.15,1558.6,169185,0
2020-01-23,1558.53,1567.91,1551.85,1562.8,191812,0
2020-01-24,1562.4,1575.95,1556.49,1570.9,176367,0
2020-01-27,1580.93,1588.54,1575.85,1581.88,231156,0
2020-01-28,1581.17,1583.03,1565.44,1567.78,187791,0
2020-01-29,1566.81,1578.0,1563.35,1577.11,159846,0
2020-01-30,1576.86,1585.99,1572.22,1573.85,219091,0
2020-01-31,1573.43,1590.48,1570.87,1588.83,216354,0
2020-02-03,1593.68,1593.76,1569.28,1576.3,216340,0
2020-02-04,1577.07,1579.61,1548.97,1552.74,201603,0
2020-02-05,1552.76,1562.41,1547.38,1556.41,216563,0
2020-02-06,1556.02,1568.24,1552.46,1566.46,191902,0
2020-02-07,1566.53,1574.05,1560.08,1570.0,223663,0
2020-02-10,1571.65,1577.01,1567.96,1571.87,191509,0
2020-02-11,1571.53,1574.05,1561.92,1567.63,188784,0
2020-02-12,1567.71,1570.46,1561.92,1565.73,175844,0
2020-02-13,1566.08,1578.33,1565.5,1575.98,204826,0
2020-02-14,1575.91,1585.01,1573.02,1583.69,162172,0
2020-02-17,1582.22,1583.78,1578.85,1580.86,82934,0
2020-02-18,1584.35,1605.09,1582.41,1601.35,189043,0
2020-02-19,1601.45,1612.91,1599.49,1611.34,200103,0
2020-02-20,1611.53,1623.73,1603.84,1619.26,249148,0
2020-02-21,1619.89,1649.23,1618.92,1643.73,266123,0
2020-02-24,1649.04,1689.27,1649.04,1658.5,338708,0
2020-02-25,1659.04,1663.84,1624.98,1635.26,368127,0
2020-02-26,1635.01,1654.95,1624.73,1640.5,343467,0
2020-02-27,1640.73,1660.37,1635.19,1644.23,350301,0
2020-02-28,1643.39,1649.46,1562.89,1584.7,377584,0
2020-03-02,1591.5,1611.01,1575.31,1589.75,368857,0
2020-03-03,1584.89,1649.29,1584.79,1639.48,308677,0
2020-03-04,1640.3,1653.13,1631.81,1635.73,273703,0
2020-03-05,1637.29,1674.57,1634.97,1671.58,279045,0
2020-03-06,1672.47,1692.09,1641.97,1674.06,348132,0
2020-03-09,1697.86,1703.44,1657.41,1678.15,309282,0
2020-03-10,1671.38,1671.42,1641.49,1649.37,315369,0
2020-03-11,1652.99,1671.24,1632.94,1636.63,289430,0
2020-03-12,1638.43,1650.12,1560.59,1578.63,324866,0
2020-03-13,1577.1,1597.91,1504.62,1529.78,357671,0
2020-03-16,1546.46,1563.05,1451.13,1509.09,383496,0
2020-03-17,1508.76,1553.92,1465.42,1527.8,355639,0
2020-03-18,1533.67,1543.37,1472.61,1484.63,336197,0
2020-03-19,1484.73,1500.79,1461.89,1474.34,267820,0
2020-03-20,1467.44,1515.93,1465.83,1498.64,230139,0
2020-03-23,1500.39,1561.22,1482.92,1552.39,233027,0
2020-03-24,1554.32,1632.81,1552.94,1625.33,164378,0
2020-03-25,1623.71,1638.85,1594.9,1616.35,137631,0
2020-03-26,1614.42,1644.53,1595.26,1628.93,118883,0
2020-03-27,1629.44,1635.25,1613.71,1622.55,127997,0
2020-03-30,1627.95,1632.88,1610.39,1620.31,128074,0
2020-03-31,1622.0,1623.42,1574.19,1576.78,155577,0
2020-04-01,1575.32,1599.96,1568.19,1591.26,142738,0
2020-04-02,1588.37,1620.17,1582.65,1611.66,220523,0
2020-04-03,1612.98,1626.04,1605.84,1615.7,215415,0
2020-04-06,1616.1,1669.88,1608.35,1658.19,251681,0
2020-04-07,1660.95,1674.02,1642.16,1647.94,288494,0
2020-04-08,1638.23,1656.87,1638.23,1645.4,213415,0
2020-04-09,1642.38,1690.43,1642.38,1683.56,294213,0
2020-04-13,1686.99,1723.27,1673.81,1711.98,246150,0
2020-04-14,1709.12,1747.7,1708.56,1726.54,370498,0
2020-04-15,1727.66,1731.17,1707.52,1716.5,307525,0
2020-04-16,1717.08,1738.73,1707.76,1718.38,370152,0
2020-04-17,1714.08,1719.11,1679.46,1682.14,383497,0
2020-04-20,1680.44,1702.7,1671.52,1695.28,379250,0
2020-04-21,1692.22,1697.86,1659.42,1683.54,390887,0
2020-04-22,1686.22,1718.74,1680.29,1714.87,319269,0
2020-04-23,1712.35,1738.78,1707.0,1730.31,401622,0
2020-04-24,1730.52,1736.35,1710.36,1726.41,362928,0
2020-04-27,1725.82,1727.59,1705.87,1714.94,383598,0
2020-04-28,1710.29,1716.5,1691.54,1707.65,435718,0
2020-04-29,1708.42,1717.67,1697.76,1712.89,387746,0
2020-04-30,1711.97,1721.73,1681.24,1685.98,393630,0
2020-05-01,1681.64,1705.56,1670.39,1699.6,481296,0
2020-05-04,1700.34,1714.16,1691.61,1701.0,275224,0
2020-05-05,1699.78,1712.04,1689.63,1704.71,280619,0
2020-05-06,1705.53,1708.17,1681.14,1685.19,283880,0
2020-05-07,1678.77,1722.01,1678.77,1715.25,312592,0
2020-05-08,1714.85,1723.6,1700.68,1702.09,350056,0
2020-05-11,1701.87,1712.15,1691.53,1697.64,343653,0
2020-05-12,1696.11,1710.97,1693.61,1702.26,317127,0
2020-05-13,1700.49,1718.08,1698.93,1715.3,406285,0
2020-05-14,1716.14,1736.44,1710.84,1730.06,371220,0
2020-05-15,1728.78,1751.68,1728.52,1741.85,401596,0
2020-05-18,1744.21,1765.08,1727.5,1732.2,810148,0
2020-05-19,1730.57,1748.03,1725.6,1744.24,851635,0
2020-05-20,1744.59,1753.93,1742.3,1747.21,693869,0
2020-05-21,1747.14,1748.79,1717.09,1726.76,720201,0
2020-05-22,1725.83,1740.13,1724.25,1735.45,549089,0
2020-05-25,1731.71,1734.82,1721.46,1728.22,249590,0
2020-05-26,1727.13,1735.47,1708.64,1710.31,631266,0
2020-05-27,1708.98,1716.0,1693.62,1709.57,629513,0
2020-05-28,1710.5,1727.65,1704.31,1718.68,612343,0
2020-05-29,1716.24,1737.69,1712.75,1730.41,525407,0
2020-06-01,1736.03,1744.59,1726.83,1739.48,506084,0
2020-06-02,1739.02,1745.16,1721.3,1727.45,507639,0
2020-06-03,1724.71,1732.06,1689.21,1698.26,579464,0
2020-06-04,1698.38,1721.83,1696.99,1712.8,536136,0
2020-06-05,1713.43,1716.21,1670.55,1684.3,630678,0
2020-06-08,1682.7,1701.14,1677.22,1698.39,539169,0
2020-06-09,1697.3,1720.86,1692.04,1714.16,539237,0
2020-06-10,1713.36,1739.89,1707.66,1737.83,445650,0
2020-06-11,1737.48,1744.76,1721.27,1728.56,578417,0
2020-06-12,1727.38,1743.03,1722.11,1730.57,372707,0
2020-06-15,1733.57,1735.31,1704.11,1725.24,384803,0
2020-06-16,1724.92,1732.84,1716.41,1726.41,357824,0
2020-06-17,1725.78,1730.29,1712.6,1726.19,274706,0
2020-06-18,1725.55,1737.77,1717.3,1722.48,289197,0
2020-06-19,1718.16,1745.28,1718.16,1742.26,263899,0
2020-06-22,1750.31,1763.2,1742.74,1754.55,321501,0
2020-06-23,1753.63,1771.07,1747.29,1766.95,318725,0
2020-06-24,1767.75,1779.43,1760.43,1761.28,338195,0
2020-06-25,1760.55,1768.87,1753.26,1763.63,285431,0
2020-06-26,1754.16,1772.03,1747.41,1769.57,278947,0
2020-06-29,1775.1,1775.67,1765.61,1772.6,265925,0
2020-06-30,1771.68,1786.06,1764.69,1780.54,264846,0
2020-07-01,1781.02,1789.13,1759.15,1769.84,309426,0
2020-07-02,1769.09,1779.54,1757.43,1774.97,270792,0
2020-07-03,1775.6,1777.1,1772.61,1774.9,121640,0
2020-07-06,1774.64,1787.0,1769.86,1784.25,244916,0
2020-07-07,1783.21,1797.35,1773.47,1794.6,271082,0
2020-07-08,1794.95,1818.11,1791.46,1808.45,265206,0
2020-07-09,1808.58,1815.93,1795.42,1802.32,297809,0
2020-07-10,1800.9,1810.78,1793.98,1798.57,255071,0
2020-07-13,1798.88,1813.4,1797.66,1802.27,284611,0
2020-07-14,1802.75,1810.86,1790.58,1808.99,310952,0
2020-07-15,1807.93,1815.05,1802.44,1809.97,254650,0
2020-07-16,1810.05,1813.29,1794.9,1796.84,234693,0
2020-07-17,1796.64,1812.01,1795.75,1809.68,195914,0
2020-07-20,1810.02,1820.55,1805.62,1817.21,255776,0
2020-07-21,1817.67,1843.47,1815.59,1841.48,317944,0
2020-07-22,1839.68,1872.02,1839.59,1871.22,475159,0
2020-07-23,1872.13,1898.36,1863.64,1885.97,493872,0
2020-07-24,1886.41,1906.56,1881.29,1901.63,377291,0
2020-07-27,1902.42,1945.62,1899.6,1940.96,505869,0
2020-07-28,1941.62,1981.16,1906.63,1957.98,564610,0
2020-07-29,1955.33,1980.85,1941.33,1970.82,400076,0
2020-07-30,1970.23,1971.56,1939.44,1957.54,427131,0
2020-07-31,1955.79,1983.98,1955.03,1975.02,433844,0
2020-08-03,1978.43,1989.14,1960.39,1975.98,323246,0
2020-08-04,1976.32,2019.93,1966.47,2018.53,303643,0
2020-08-05,2018.47,2055.73,2009.39,2038.96,412335,0
2020-08-06,2038.32,2069.74,2034.44,2063.25,373223,0
2020-08-07,2063.97,2074.97,2015.37,2033.15,473312,0
2020-08-10,2033.56,2049.87,2019.15,2027.61,352770,0
2020-08-11,2027.29,2030.0,1901.25,1912.57,523346,0
2020-08-12,1911.4,1949.48,1862.46,1918.98,511271,0
2020-08-13,1914.1,1966.29,1912.66,1953.64,418520,0
2020-08-14,1952.66,1962.37,1932.07,1943.57,364403,0
2020-08-17,1949.43,1990.68,1929.38,1984.43,363283,0
2020-08-18,1984.5,2015.61,1975.86,2002.22,398577,0
2020-08-19,2002.04,2006.53,1924.51,1927.66,449251,0
2020-08-20,1928.29,1955.32,1924.54,1946.17,443479,0
2020-08-21,1946.67,1955.97,1911.26,1938.98,407669,0
2020-08-24,1940.19,1961.88,1923.74,1928.38,350155,0
2020-08-25,1928.78,1937.49,1914.19,1926.87,352084,0
2020-08-26,1930.45,1954.82,1902.64,1953.14,362901,0
2020-08-27,1955.0,1976.72,1909.79,1928.32,415318,0
2020-08-28,1929.68,1973.81,1923.14,1964.34,400554,0
2020-08-31,1964.99,1976.62,1954.23,1968.22,319691,0
2020-09-01,1967.17,1992.4,1963.21,1970.63,337392,0
2020-09-02,1969.36,1973.26,1932.39,1943.08,352014,0
2020-09-03,1942.43,1951.1,1921.75,1930.45,362931,0
2020-09-04,1930.97,1948.36,1916.27,1933.09,343462,0
2020-09-07,1930.2,1941.37,1924.44,1928.29,162443,0
2020-09-08,1929.44,1940.86,1906.5,1931.51,347476,0
2020-09-09,1932.03,1950.85,1919.95,1947.37,276885,0
2020-09-10,1946.51,1966.53,1941.35,1946.01,317875,0
2020-09-11,1944.86,1954.8,1937.12,1940.48,300309,0
2020-09-14,1940.41,1962.56,1937.14,1956.52,253224,0
2020-09-15,1956.8,1972.21,1948.29,1953.34,275085,0
2020-09-16,1953.16,1973.64,1949.87,1959.15,311479,0
2020-09-17,1958.66,1960.96,1932.86,1944.2,352867,0
2020-09-18,1944.34,1960.1,1943.9,1950.42,289841,0
2020-09-21,1948.84,1955.62,1882.71,1911.92,387525,0
2020-09-22,1912.62,1920.04,1894.64,1900.34,384052,0
2020-09-23,1899.13,1905.4,1855.67,1862.74,456178,0
2020-09-24,1862.82,1877.19,1848.75,1868.66,490889,0
2020-09-25,1868.52,1875.18,1852.37,1860.14,382032,0
2020-09-28,1859.97,1882.99,1848.93,1881.84,345675,0
2020-09-29,1880.7,1899.12,1875.49,1897.48,332920,0
2020-09-30,1898.44,1902.27,1881.34,1885.23,336226,0
2020-10-01,1885.66,1912.12,1884.67,1905.94,345095,0
2020-10-02,1905.32,1917.11,1889.73,1900.58,312520,0
2020-10-05,1903.52,1918.73,1887.05,1913.65,257033,0
2020-10-06,1912.9,1921.09,1876.78,1877.56,282594,0
2020-10-07,1878.25,1898.03,1872.88,1887.83,260750,0
2020-10-08,1887.27,1900.73,1882.0,1893.5,243729,0
2020-10-09,1893.93,1930.41,1893.57,1929.87,256479,0
2020-10-12,1928.96,1933.2,1918.2,1922.63,242719,0
2020-10-13,1922.7,1925.38,1886.37,1891.07,276692,0
2020-10-14,1891.54,1912.94,1882.44,1900.49,249476,0
2020-10-15,1901.71,1908.91,1889.48,1907.92,275451,0
2020-10-16,1908.31,1913.92,1897.76,1898.76,229252,0
2020-10-19,1899.86,1918.57,1896.98,1903.44,237303,0
2020-10-20,1903.62,1914.11,1894.56,1907.53,226961,0
2020-10-21,1908.33,1931.42,1908.19,1924.6,243808,0
2020-10-22,1924.22,1925.94,1894.5,1903.67,232836,0
2020-10-23,1903.83,1914.23,1894.29,1901.41,209130,0
2020-10-26,1902.23,1908.64,1891.21,1901.68,243545,0
2020-10-27,1901.94,1911.42,1897.84,1907.35,200696,0
2020-10-28,1907.51,1910.87,1869.35,1876.81,299739,0
2020-10-29,1876.38,1884.99,1859.89,1867.11,279333,0
2020-10-30,1867.81,1889.8,1864.38,1878.37,284239,0
2020-11-02,1877.28,1896.02,1873.41,1895.06,264838,0
2020-11-03,1895.44,1910.55,1886.86,1908.94,235927,0
2020-11-04,1908.77,1916.33,1881.82,1903.27,389696,0
2020-11-05,1902.78,1952.76,1902.16,1949.17,351005,0
2020-11-06,1948.16,1960.35,1935.56,1951.81,324841,0
2020-11-09,1954.23,1965.58,1850.52,1863.13,454515,0
2020-11-10,1863.17,1890.36,1860.24,1877.39,379425,0
2020-11-11,1877.0,1884.48,1856.33,1865.5,279346,0
2020-11-12,1865.54,1883.81,1862.69,1876.71,290064,0
2020-11-13,1876.83,1896.83,1873.97,1889.28,251991,0
2020-11-16,1888.58,1899.03,1864.46,1888.66,292556,0
2020-11-17,1888.95,1893.44,1876.84,1880.19,232717,0
2020-11-18,1880.49,1884.85,1863.47,1871.97,234816,0
2020-11-19,1872.59,1874.13,1852.69,1866.84,247072,0
2020-11-20,1865.47,1879.75,1860.76,1870.9,216018,0
2020-11-23,1869.86,1876.14,1830.92,1837.49,241239,0
2020-11-24,1837.97,1838.99,1800.25,1807.71,293101,0
2020-11-25,1807.3,1817.68,1801.6,1807.07,212406,0
2020-11-26,1807.75,1818.26,1805.66,1810.2,117852,0
2020-11-27,1810.58,1813.88,1774.31,1786.76,190147,0
2020-11-30,1788.09,1789.9,1764.34,1777.64,256974,0
2020-12-01,1777.27,1817.29,1775.65,1815.42,244671,0
2020-12-02,1815.14,1832.55,1807.41,1830.72,221944,0
2020-12-03,1830.29,1843.92,1823.64,1840.98,238291,0
2020-12-04,1841.03,1848.19,1829.08,1838.6,203498,0
2020-12-07,1839.01,1868.52,1821.74,1863.1,224693,0
2020-12-08,1862.23,1875.28,1860.17,1870.83,202568,0
2020-12-09,1870.91,1871.0,1825.4,1839.41,245362,0
2020-12-10,1839.67,1849.98,1828.62,1835.96,211019,0
2020-12-11,1837.08,1847.67,1823.91,1839.91,178339,0
2020-12-14,1841.03,1841.48,1818.34,1827.82,204235,0
2020-12-15,1828.18,1855.35,1825.46,1853.67,211757,0
2020-12-16,1853.14,1865.77,1844.71,1864.06,256654,0
2020-12-17,1864.19,1896.27,1862.0,1886.04,265904,0
2020-12-18,1885.56,1889.64,1877.38,1880.55,218344,0
2020-12-21,1882.1,1906.72,1854.99,1876.25,334503,0
2020-12-22,1876.89,1884.26,1858.93,1859.91,269755,0
2020-12-23,1860.35,1878.56,1857.06,1872.63,254980,0
2020-12-24,1872.91,1883.46,1869.45,1879.3,130589,0
2020-12-28,1882.7,1900.2,1869.12,1873.05,197865,0
2020-12-29,1873.52,1886.44,1871.64,1878.17,174356,0
2020-12-30,1878.11,1894.04,1876.07,1893.81,143493,0
2020-12-31,1894.24,1900.89,1885.29,1893.68,145827,0
2021-01-01,1897.81,1897.81,1897.81,1897.81,1,0
2021-01-04,1903.39,1944.43,1903.39,1943.23,142101,0
2021-01-05,1941.49,1953.09,1934.31,1950.03,95998,5
2021-01-06,1953.56,1959.29,1900.81,1918.79,250454,0
2021-01-07,1919.25,1927.65,1906.77,1913.51,236187,0
2021-01-08,1914.51,1917.48,1828.27,1849.04,338616,0
2021-01-11,1848.08,1856.72,1817.0,1844.45,287524,0
2021-01-12,1843.88,1863.8,1836.7,1855.31,246855,0
2021-01-13,1854.7,1862.94,1841.91,1844.68,205991,0
2021-01-14,1845.2,1857.45,1828.38,1846.46,227235,0
2021-01-15,1846.75,1856.85,1823.3,1827.65,277959,0
2021-01-18,1827.7,1840.72,1802.91,1837.52,204914,0
2021-01-19,1837.72,1845.53,1833.06,1839.63,249651,0
2021-01-20,1839.99,1871.73,1832.43,1871.42,288030,0
2021-01-21,1871.08,1875.05,1858.28,1869.8,393521,0
2021-01-22,1870.11,1870.81,1837.35,1854.67,295905,0
2021-01-25,1855.33,1867.93,1847.07,1855.94,321941,0
2021-01-26,1855.57,1861.73,1848.33,1851.43,279714,0
2021-01-27,1850.08,1853.11,1831.35,1843.83,369863,0
2021-01-28,1843.95,1864.09,1834.0,1842.61,432085,0
2021-01-29,1842.69,1875.69,1839.53,1847.59,476101,0
2021-02-01,1863.24,1871.78,1849.1,1860.55,522012,0
2021-02-02,1860.32,1864.05,1829.42,1837.65,437908,0
2021-02-03,1837.79,1844.98,1829.6,1834.21,320502,0
2021-02-04,1833.64,1834.74,1784.9,1793.12,393996,0
2021-02-05,1793.58,1815.2,1791.98,1813.4,326766,0
2021-02-08,1815.93,1839.19,1807.76,1830.13,339013,0
2021-02-09,1830.07,1848.56,1828.83,1837.64,311399,0
2021-02-10,1838.02,1855.35,1834.05,1842.35,284184,0
2021-02-11,1843.08,1847.54,1821.2,1825.47,264325,0
2021-02-12,1825.67,1830.68,1810.52,1824.17,272385,0
2021-02-15,1825.4,1827.03,1816.07,1818.01,183150,0
2021-02-16,1819.03,1826.48,1789.48,1794.56,342605,0
2021-02-17,1794.09,1795.15,1769.47,1776.7,241742,0
2021-02-18,1776.51,1789.67,1768.42,1775.44,265472,0
2021-02-19,1776.71,1791.63,1760.63,1783.05,286508,0
2021-02-22,1782.36,1812.69,1780.68,1809.04,307037,0
2021-02-23,1809.67,1816.01,1795.6,1805.07,282147,0
2021-02-24,1805.08,1813.94,1783.43,1805.33,289531,0
2021-02-25,1805.47,1805.47,1765.28,1770.25,372747,0
2021-02-26,1770.71,1775.81,1717.18,1733.84,396770,0
2021-03-01,1733.19,1759.89,1719.63,1724.79,311625,0
2021-03-02,1724.89,1738.87,1707.2,1738.77,303958,0
2021-03-03,1738.06,1740.53,1701.86,1711.71,291804,0
2021-03-04,1710.74,1723.23,1690.42,1698.6,351748,0
2021-03-05,1697.58,1707.68,1687.18,1700.76,318244,0
2021-03-08,1701.81,1714.33,1676.77,1682.53,307886,0
2021-03-09,1683.25,1720.58,1680.12,1715.59,273343,0
2021-03-10,1716.04,1726.58,1708.2,1726.33,257950,0
2021-03-11,1726.55,1739.89,1719.27,1722.38,249375,0
2021-03-12,1722.18,1728.0,1699.21,1726.92,260490,0
2021-03-15,1728.56,1734.54,1721.66,1732.08,232808,0
2021-03-16,1731.86,1741.25,1726.21,1731.9,221015,0
2021-03-17,1732.35,1751.67,1724.16,1744.51,236290,0
2021-03-18,1748.74,1755.54,1719.25,1736.54,279415,0
2021-03-19,1735.77,1746.72,1728.49,1745.17,246950,0
2021-03-22,1743.8,1746.99,1727.39,1738.62,225322,0
2021-03-23,1739.58,1742.6,1724.68,1726.71,211547,0
2021-03-24,1727.15,1738.47,1723.79,1733.78,191238,0
2021-03-25,1734.91,1745.46,1721.7,1726.79,221043,0
2021-03-26,1727.94,1736.77,1721.62,1732.72,180729,0
2021-03-29,1729.64,1733.21,1705.65,1711.81,187491,0
2021-03-30,1712.56,1714.39,1678.77,1685.06,240648,0
2021-03-31,1685.44,1715.34,1677.86,1707.7,236155,0
2021-04-01,1707.18,1730.48,1705.76,1729.49,212246,0
2021-04-05,1727.76,1733.57,1721.25,1728.36,162078,0
2021-04-06,1727.5,1745.47,1727.16,1743.06,206356,0
2021-04-07,1742.78,1744.34,1730.57,1737.57,205499,0
2021-04-08,1737.55,1758.67,1733.14,1756.14,209107,0
2021-04-09,1755.18,1757.33,1731.07,1743.46,219700,0
2021-04-12,1742.49,1745.0,1727.46,1732.34,219236,0
2021-04-13,1730.78,1748.99,1723.7,1745.39,238866,0
2021-04-14,1744.11,1749.33,1732.58,1736.25,215055,0
2021-04-15,1735.36,1769.68,1734.33,1763.5,218453,0
2021-04-16,1763.24,1783.79,1759.72,1776.67,220568,0
2021-04-19,1776.49,1790.05,1766.76,1770.78,243851,0
2021-04-20,1770.3,1780.41,1763.53,1778.55,232425,0
2021-04-21,1778.22,1797.62,1775.47,1793.92,229776,0
2021-04-22,1792.95,1797.88,1777.37,1784.36,221776,0
2021-04-23,1783.65,1795.95,1770.01,1776.48,213742,0
2021-04-26,1774.78,1783.5,1768.84,1781.39,219128,0
2021-04-27,1780.96,1785.55,1773.75,1776.7,209759,0
2021-04-28,1775.9,1782.54,1762.58,1781.47,230258,0
2021-04-29,1781.52,1789.98,1756.33,1772.28,229855,0
2021-04-30,1771.98,1773.65,1764.24,1768.97,223139,0
2021-05-03,1768.15,1797.91,1765.96,1793.04,203089,0
2021-05-04,1792.75,1799.09,1770.97,1779.28,231870,0
2021-05-05,1778.24,1787.97,1770.28,1787.66,197318,0
2021-05-06,1786.4,1818.12,1781.91,1815.22,234926,0
2021-05-07,1814.43,1843.3,1812.84,1830.85,258521,0
2021-05-10,1830.79,1845.5,1829.93,1835.54,264102,0
2021-05-11,1835.54,1841.8,1818.05,1836.8,258513,0
2021-05-12,1837.09,1843.68,1813.24,1816.11,282879,0
2021-05-13,1812.38,1828.8,1808.76,1826.93,268510,0
2021-05-14,1825.48,1845.93,1819.77,1842.56,217388,0
2021-05-17,1844.06,1868.41,1840.99,1866.65,229757,0
2021-05-18,1862.93,1875.03,1862.93,1869.64,208396,0
2021-05-19,1869.22,1890.09,1852.13,1870.15,299899,0
2021-05-20,1868.92,1883.94,1863.81,1877.28,281480,0
2021-05-21,1877.48,1889.41,1870.1,1881.74,262659,0
2021-05-24,1881.5,1887.02,1875.17,1881.35,240464,0
2021-05-25,1880.22,1900.21,1872.68,1899.18,230809,0
2021-05-26,1898.98,1912.74,1890.67,1896.5,234844,0
2021-05-27,1894.91,1903.67,1888.18,1896.43,235063,0
2021-05-28,1896.15,1905.86,1882.27,1903.18,245284,0
2021-05-31,1902.87,1910.65,1902.11,1906.62,128350,0
2021-06-01,1906.58,1916.58,1892.37,1899.87,231412,0
2021-06-02,1898.99,1909.09,1894.36,1908.66,214257,0
2021-06-03,1908.11,1909.63,1865.31,1870.7,251019,0
2021-06-04,1868.65,1896.14,1855.5,1891.51,244266,0
2021-06-07,1890.54,1900.14,1881.5,1898.78,212011,0
2021-06-08,1898.25,1903.67,1883.77,1893.06,201780,0
2021-06-09,1890.72,1898.96,1887.33,1888.89,194212,0
2021-06-10,1888.15,1899.87,1869.84,1899.64,248091,0
2021-06-11,1898.16,1903.04,1874.44,1876.16,235513,0
2021-06-14,1877.3,1877.63,1844.77,1866.31,235786,0
2021-06-15,1865.9,1869.17,1851.65,1858.89,215556,0
2021-06-16,1858.49,1863.04,1803.33,1810.21,244619,0
2021-06-17,1811.31,1825.33,1767.21,1772.78,373690,0
2021-06-18,1772.52,1797.14,1760.91,1764.52,297958,0
2021-06-21,1763.92,1786.61,1763.92,1783.25,307030,0
2021-06-22,1781.12,1790.09,1772.42,1778.63,264032,0
2021-06-23,1777.63,1794.95,1773.33,1778.4,238819,0
2021-06-24,1778.22,1788.0,1772.85,1774.96,236563,0
2021-06-25,1775.2,1790.34,1773.7,1781.11,217446,0
2021-06-28,1780.59,1785.84,1770.65,1779.03,213664,0
2021-06-29,1778.12,1778.96,1750.69,1761.08,212302,0
2021-06-30,1760.26,1774.39,1753.33,1769.65,209719,0
2021-07-01,1769.23,1782.82,1765.64,1776.52,202553,0
2021-07-02,1775.57,1795.04,1774.3,1787.33,198616,0
2021-07-05,1785.71,1794.82,1784.47,1790.31,105689,0
2021-07-06,1791.15,1815.0,1790.11,1797.05,221290,0
2021-07-07,1795.18,1809.74,1793.85,1803.59,209365,0
2021-07-08,1802.02,1818.45,1793.83,1802.35,251693,0
2021-07-09,1802.34,1812.38,1796.38,1808.04,202281,0
2021-07-12,1807.98,1810.83,1791.65,1806.17,177281,0
2021-07-13,1806.28,1817.15,1798.6,1807.14,193863,0
2021-07-14,1807.89,1829.78,1804.55,1827.99,199832,0
2021-07-15,1827.5,1834.09,1820.22,1829.45,197847,0
2021-07-16,1829.89,1832.08,1808.96,1811.51,211977,0
2021-07-19,1811.32,1817.3,1794.98,1812.61,260309,0
2021-07-20,1812.68,1824.97,1805.1,1810.24,232383,0
2021-07-21,1810.43,1813.77,1794.68,1803.42,212664,0
2021-07-22,1803.86,1808.07,1792.74,1806.42,207668,0
2021-07-23,1807.06,1810.33,1789.63,1801.93,189637,0
2021-07-26,1802.29,1811.5,1796.38,1797.65,203540,0
2021-07-27,1798.02,1805.25,1793.6,1798.47,202253,0
2021-07-28,1800.57,1809.85,1792.54,1807.11,209654,0
2021-07-29,1807.38,1832.66,1807.22,1827.79,202988,0
2021-07-30,1828.86,1831.37,1810.2,1814.28,186632,0
2021-08-02,1814.65,1819.55,1805.78,1813.11,199882,0
2021-08-03,1813.52,1815.02,1807.12,1810.12,164444,0
2021-08-04,1810.29,1831.71,1806.4,1811.6,177097,0
2021-08-05,1812.03,1814.87,1797.81,1803.73,171399,0
2021-08-06,1804.66,1804.75,1758.65,1763.18,194314,0
2021-08-09,1761.13,1762.28,1682.99,1729.58,244853,0
2021-08-10,1728.99,1738.28,1717.71,1728.74,191760,0
2021-08-11,1729.74,1754.44,1724.08,1751.5,190927,0
2021-08-12,1751.41,1758.18,1741.58,1752.86,165031,0
2021-08-13,1753.18,1779.79,1751.69,1779.7,156533,0
2021-08-16,1779.24,1789.28,1770.8,1787.24,180094,0
2021-08-17,1787.16,1795.47,1780.53,1785.8,183438,0
2021-08-18,1786.23,1793.78,1777.32,1787.68,184447,0
2021-08-19,1787.37,1792.44,1774.41,1780.0,208047,0
2021-08-20,1780.12,1788.38,1778.33,1780.94,163402,0
2021-08-23,1781.48,1806.42,1776.44,1805.18,174777,0
2021-08-24,1805.47,1809.54,1800.7,1802.83,152676,0
2021-08-25,1802.6,1802.86,1782.51,1790.33,166161,0
2021-08-26,1791.04,1798.18,1780.04,1791.69,157233,0
2021-08-27,1792.39,1819.16,1784.13,1817.85,174598,0
2021-08-30,1818.13,1823.24,1807.76,1810.13,130834,0
2021-08-31,1810.01,1819.15,1801.71,1814.26,165970,0
2021-09-01,1814.49,1820.03,1808.69,1813.77,156247,0
2021-09-02,1813.98,1817.15,1804.86,1809.55,125314,0
2021-09-03,1809.53,1833.95,1808.94,1827.59,151669,0
2021-09-06,1828.2,1830.24,1821.38,1823.14,77929,0
2021-09-07,1823.56,1827.26,1792.04,1793.92,162951,0
2021-09-08,1795.21,1802.12,1782.39,1789.29,161478,0
2021-09-09,1789.52,1800.95,1783.86,1794.36,164257,0
2021-09-10,1794.08,1803.86,1787.21,1787.81,156661,0
2021-09-13,1787.43,1798.43,1783.64,1793.37,142085,0
2021-09-14,1793.53,1808.66,1780.69,1804.69,108691,0
2021-09-15,1803.94,1806.86,1790.72,1793.73,91694,0
2021-09-16,1794.17,1796.17,1745.34,1752.72,112703,0
2021-09-17,1753.74,1767.49,1747.43,1753.92,103307,0
2021-09-20,1754.37,1767.01,1742.46,1764.82,112868,0
2021-09-21,1764.49,1781.74,1757.94,1773.89,108467,0
2021-09-22,1774.92,1787.21,1764.7,1767.99,115796,0
2021-09-23,1768.81,1776.54,1737.86,1742.48,116654,0
2021-09-24,1744.75,1757.69,1740.46,1749.72,100549,0
2021-09-27,1749.87,1760.83,1744.87,1750.15,98221,0
2021-09-28,1750.72,1754.44,1728.14,1733.53,123498,0
2021-09-29,1734.25,1745.52,1721.66,1726.46,113229,0
2021-09-30,1726.68,1764.21,1722.23,1757.16,90455,0
2021-10-01,1755.77,1764.3,1749.75,1760.15,84805,7
2021-10-04,1760.86,1770.57,1747.74,1769.35,82839,5
2021-10-05,1768.56,1769.41,1748.61,1759.87,82729,7
2021-10-06,1760.06,1765.09,1745.86,1762.87,94435,7
2021-10-07,1763.03,1766.95,1751.97,1754.91,64872,7
2021-10-08,1756.0,1781.31,1753.35,1757.1,70509,7
2021-10-11,1757.04,1761.01,1750.13,1754.11,71862,7
2021-10-12,1753.88,1769.33,1750.74,1760.19,82403,7
2021-10-13,1760.78,1796.14,1757.9,1792.98,87833,7
2021-10-14,1793.04,1800.57,1786.7,1795.83,70969,7
2021-10-15,1796.11,1796.47,1764.85,1767.82,83737,7
2021-10-18,1767.22,1772.09,1760.31,1764.46,73379,7
2021-10-19,1764.99,1785.14,1762.96,1768.59,81124,7
2021-10-20,1769.39,1788.42,1766.87,1781.74,80119,7
2021-10-21,1782.5,1789.4,1776.51,1782.46,90572,7
2021-10-22,1783.37,1813.83,1782.9,1792.68,93101,7
2021-10-25,1793.05,1810.01,1792.29,1806.91,77043,7
2021-10-26,1807.43,1808.31,1782.37,1793.37,64469,7
2021-10-27,1793.09,1799.06,1783.5,1796.45,91540,7
2021-10-28,1796.81,1810.42,1792.33,1798.9,86625,7
2021-10-29,1799.49,1801.17,1771.96,1782.6,104631,7
2021-11-01,1783.36,1795.81,1779.14,1793.27,85354,7
2021-11-02,1792.82,1796.42,1786.38,1787.55,92713,7
2021-11-03,1787.73,1788.24,1758.82,1772.08,105608,7
2021-11-04,1771.48,1798.91,1770.81,1791.95,81755,7
2021-11-05,1791.2,1818.27,1785.03,1818.18,109069,7
2021-11-08,1815.65,1826.48,1812.4,1824.6,85095,7
2021-11-09,1824.29,1832.74,1819.16,1831.79,96891,7
2021-11-10,1831.73,1868.52,1822.3,1849.91,89512,7
2021-11-11,1849.01,1865.96,1842.91,1862.06,76291,7
2021-11-12,1861.82,1868.65,1845.23,1864.43,82069,7
2021-11-15,1866.82,1870.45,1856.34,1862.83,74449,7
2021-11-16,1863.13,1877.18,1849.69,1850.14,87005,7
2021-11-17,1850.21,1868.05,1849.55,1867.23,80670,7
2021-11-18,1866.22,1870.94,1855.09,1858.7,79240,7
2021-11-19,1859.22,1865.7,1842.95,1845.51,67888,7
2021-11-22,1842.06,1849.08,1802.3,1805.56,84314,7
2021-11-23,1808.1,1812.39,1781.98,1790.24,95759,7
2021-11-24,1789.1,1796.41,1778.54,1789.47,84547,7
2021-11-25,1787.96,1795.07,1786.02,1788.75,44429,7
2021-11-26,1790.45,1815.51,1780.57,1788.1,100072,7
2021-11-29,1788.92,1799.41,1774.22,1785.27,93094,7
2021-11-30,1785.18,1808.68,1769.87,1774.08,111135,7
2021-12-01,1775.78,1794.53,1772.2,1782.82,105017,0
2021-12-02,1781.47,1783.31,1761.93,1768.81,98368,0
2021-12-03,1769.74,1786.09,1766.14,1783.89,93085,7
2021-12-06,1782.14,1787.66,1775.72,1778.28,64709,7
2021-12-07,1779.1,1787.79,1772.2,1784.28,73560,7
2021-12-08,1784.74,1793.08,1779.64,1782.37,77882,7
2021-12-09,1783.03,1787.6,1773.28,1774.8,53106,7
2021-12-10,1775.89,1789.45,1770.13,1782.76,67953,7
2021-12-13,1782.76,1791.63,1781.84,1787.15,57690,7
2021-12-14,1785.96,1789.55,1766.52,1770.49,66609,7
2021-12-15,1771.35,1780.82,1752.92,1777.27,74059,7
2021-12-16,1778.54,1799.39,1775.52,1799.33,76957,7
2021-12-17,1798.43,1814.26,1795.86,1797.96,75467,7
2021-12-20,1800.34,1804.16,1788.33,1789.56,74203,7
2021-12-21,1790.96,1800.48,1784.87,1788.76,58925,7
2021-12-22,1789.02,1804.98,1785.92,1803.62,48591,7
2021-12-23,1803.67,1810.73,1798.9,1808.31,47111,7
2021-12-27,1805.98,1813.46,1803.0,1811.71,46630,7
2021-12-28,1811.76,1820.16,1804.99,1805.71,48408,7
2021-12-29,1806.54,1807.71,1789.42,1804.0,52540,7
2021-12-30,1804.15,1817.21,1796.16,1815.34,48087,7
2021-12-31,1814.67,1830.32,1814.29,1828.71,42486,7
2022-01-03,1830.59,1831.78,1798.39,1801.34,55543,7
2022-01-04,1802.55,1816.76,1798.55,1814.86,63859,7
2022-01-05,1813.94,1829.67,1807.68,1809.84,70893,7
2022-01-06,1810.15,1811.54,1786.39,1789.47,76488,7
2022-01-07,1791.26,1798.63,1782.57,1796.04,61866,7
2022-01-10,1795.17,1802.31,1790.35,1801.68,58915,7
2022-01-11,1800.57,1823.23,1800.05,1822.32,59772,7
2022-01-12,1820.23,1828.06,1814.74,1825.87,69831,7
2022-01-13,1825.91,1828.16,1812.42,1822.5,73558,7
2022-01-14,1821.5,1829.13,1814.7,1817.45,78282,7
2022-01-17,1817.36,1823.18,1813.12,1819.21,35966,7
2022-01-18,1818.46,1822.76,1805.75,1813.67,77797,7
2022-01-19,1814.15,1843.31,1810.23,1840.26,66939,7
2022-01-20,1840.29,1847.89,1835.92,1838.7,81052,7
2022-01-21,1839.39,1843.21,1828.53,1833.66,84010,7
2022-01-24,1832.94,1844.31,1829.68,1843.3,75820,7
2022-01-25,1843.0,1853.86,1834.95,1847.91,66486,7
2022-01-26,1847.68,1850.07,1814.97,1818.43,77106,7
2022-01-27,1819.9,1822.14,1791.81,1796.78,87558,7
2022-01-28,1797.65,1799.42,1780.29,1791.3,67536,7
2022-01-31,1789.13,1799.86,1785.58,1796.91,55472,7
2022-02-01,1797.55,1808.77,1795.74,1800.97,55256,7
2022-02-02,1801.19,1810.77,1794.42,1807.0,41430,7
2022-02-03,1806.89,1808.95,1788.7,1804.66,44768,7
2022-02-04,1804.86,1814.89,1792.23,1807.78,47437,7
2022-02-07,1808.56,1823.56,1807.9,1820.7,59676,7
2022-02-08,1821.2,1828.77,1815.43,1826.0,52248,7
2022-02-09,1825.74,1835.8,1824.66,1832.82,58157,7
2022-02-10,1832.83,1841.92,1821.59,1827.19,58001,7
2022-02-11,1827.24,1865.48,1820.97,1861.64,79295,7
2022-02-14,1855.94,1874.09,1850.81,1870.62,68256,7
2022-02-15,1870.74,1879.46,1844.55,1853.36,49969,7
2022-02-16,1853.9,1872.54,1850.31,1868.58,49795,7
2022-02-17,1869.79,1901.13,1867.84,1897.87,83390,7
2022-02-18,1898.66,1902.46,1886.57,1898.29,65668,7
2022-02-21,1902.53,1908.26,1887.63,1904.01,62076,7
2022-02-22,1911.8,1914.02,1891.47,1898.52,85855,7
2022-02-23,1899.0,1910.45,1889.67,1907.86,60802,7
2022-02-24,1909.79,1974.37,1878.11,1903.55,127609,7
2022-02-25,1906.72,1921.31,1883.1,1890.43,88383,7
2022-02-28,1920.01,1926.69,1890.98,1908.17,86477,7
2022-03-01,1908.42,1950.17,1901.42,1943.74,82877,7
2022-03-02,1942.99,1947.9,1913.8,1926.54,78684,7
2022-03-03,1929.44,1941.2,1922.05,1935.51,76077,7
2022-03-04,1937.05,1970.21,1929.64,1968.68,79901,7
2022-03-07,1980.95,2002.6,1961.04,1998.22,79988,7
2022-03-08,1997.41,2070.34,1981.09,2052.44,79931,7
2022-03-09,2049.9,2059.15,1975.99,1991.74,77406,7
2022-03-10,1991.54,2009.14,1970.83,1996.02,65544,7
2022-03-11,1997.39,1998.95,1958.66,1985.22,51213,7
2022-03-14,1979.99,1983.7,1949.65,1951.31,50339,7
2022-03-15,1952.86,1954.56,1907.07,1917.18,53402,7
2022-03-16,1920.4,1929.51,1895.27,1925.19,49597,7
2022-03-17,1925.38,1949.77,1923.15,1941.49,46043,7
2022-03-18,1942.48,1945.27,1918.01,1920.09,41268,7
2022-03-21,1924.73,1941.06,1917.95,1934.66,42844,7
2022-03-22,1936.28,1938.37,1910.71,1921.07,49121,7
2022-03-23,1921.41,1948.31,1915.55,1945.56,52996,7
2022-03-24,1944.49,1966.17,1937.38,1956.34,59664,7
2022-03-25,1959.13,1964.25,1943.11,1955.02,64243,7
2022-03-28,1955.5,1958.31,1916.96,1921.88,78269,7
2022-03-29,1922.43,1929.24,1890.1,1918.98,78659,7
2022-03-30,1920.3,1938.5,1915.93,1933.02,73774,7
2022-03-31,1933.27,1949.82,1919.13,1936.7,64880,7
2022-04-01,1937.31,1939.49,1918.04,1922.93,76413,7
2022-04-04,1924.28,1936.85,1915.36,1932.9,62043,7
2022-04-05,1932.84,1944.54,1917.99,1922.48,66387,7
2022-04-06,1923.11,1933.42,1915.01,1925.11,90878,7
2022-04-07,1924.0,1937.81,1920.53,1931.32,61006,7
2022-04-08,1931.76,1948.11,1927.6,1945.39,57898,7
2022-04-11,1947.92,1969.61,1939.96,1954.4,80292,7
2022-04-12,1952.34,1978.58,1949.75,1965.6,64938,7
2022-04-13,1966.97,1981.5,1962.85,1977.26,66711,7
2022-04-14,1977.16,1980.32,1960.37,1972.17,65132,7
2022-04-18,1972.59,1998.36,1971.88,1978.14,63681,7
2022-04-19,1977.6,1981.93,1943.58,1949.63,73179,7
2022-04-20,1950.01,1958.0,1939.27,1957.88,75513,7
2022-04-21,1956.08,1957.3,1936.72,1952.11,71556,7
2022-04-22,1950.33,1955.54,1926.54,1931.31,82737,7
2022-04-25,1932.44,1934.39,1891.48,1897.69,90948,7
2022-04-26,1899.05,1911.25,1895.68,1906.06,80762,7
2022-04-27,1906.08,1906.99,1881.34,1885.31,77479,7
2022-04-28,1885.57,1896.73,1872.07,1893.98,72505,7
2022-04-29,1895.12,1919.97,1892.57,1896.53,72776,7
2022-05-02,1899.31,1899.85,1854.46,1862.72,68586,7
2022-05-03,1863.55,1878.11,1850.38,1867.89,62726,7
2022-05-04,1867.98,1889.68,1861.38,1882.74,59090,7
2022-05-05,1882.11,1909.76,1872.45,1877.6,82256,7
2022-05-06,1876.48,1892.49,1866.18,1881.93,77924,7
2022-05-09,1883.49,1885.61,1851.75,1853.96,80456,7
2022-05-10,1853.44,1865.42,1835.48,1838.72,83766,7
2022-05-11,1839.02,1858.02,1832.03,1852.38,77444,7
2022-05-12,1851.42,1858.76,1821.51,1822.51,86212,7
2022-05-13,1822.93,1828.78,1799.08,1810.87,71431,7
2022-05-16,1814.08,1826.89,1786.72,1824.46,62130,7
2022-05-17,1824.94,1836.09,1812.88,1814.91,67270,7
2022-05-18,1814.56,1824.66,1807.23,1816.36,71900,7
2022-05-19,1816.56,1849.12,1810.9,1841.44,81979,7
2022-05-20,1842.09,1849.37,1832.37,1845.84,67148,7
2022-05-23,1848.71,1865.27,1843.1,1853.22,62626,7
2022-05-24,1853.49,1869.65,1849.34,1866.07,56041,7
2022-05-25,1865.24,1868.05,1841.9,1853.27,57433,7
2022-05-26,1852.65,1854.31,1840.95,1851.56,56977,7
2022-05-27,1851.28,1861.95,1847.98,1853.28,54252,7
2022-05-30,1852.56,1864.02,1848.18,1854.75,35542,7
2022-05-31,1856.03,1857.07,1835.13,1837.66,66742,7
2022-06-01,1837.12,1849.99,1828.47,1846.69,63728,7
2022-06-02,1847.13,1870.41,1844.09,1868.08,54217,7
2022-06-03,1868.95,1874.05,1847.37,1850.45,51002,7
2022-06-06,1850.66,1857.79,1840.64,1841.99,55779,7
2022-06-07,1841.13,1855.55,1837.04,1852.13,58281,7
2022-06-08,1852.67,1859.59,1844.53,1852.48,49023,7
2022-06-09,1852.94,1855.32,1840.01,1848.02,50912,7
2022-06-10,1847.73,1875.88,1825.02,1870.86,65434,7
2022-06-13,1877.96,1879.0,1819.13,1819.57,85281,7
2022-06-14,1815.4,1831.6,1805.09,1809.0,79563,7
2022-06-15,1807.58,1841.78,1807.48,1834.59,87889,7
2022-06-16,1833.12,1857.24,1815.38,1857.02,81464,7
2022-06-17,1853.51,1853.54,1833.88,1841.1,71494,7
2022-06-20,1836.06,1845.98,1834.65,1838.34,43715,7
2022-06-21,1837.73,1843.61,1828.58,1833.0,60616,7
2022-06-22,1832.42,1847.77,1823.34,1837.87,66601,7
2022-06-23,1837.46,1846.02,1822.49,1823.55,65653,7
2022-06-24,1823.99,1831.71,1816.9,1826.26,67004,7
2022-06-27,1836.07,1841.0,1820.75,1823.06,64059,7
2022-06-28,1822.59,1829.49,1818.46,1819.88,58244,7
2022-06-29,1819.35,1832.89,1811.99,1817.92,60576,0
2022-06-30,1818.11,1824.99,1802.72,1806.77,63914,7
2022-07-01,1806.88,1809.29,1784.49,1807.42,75363,7
2022-07-04,1809.78,1814.2,1803.95,1807.55,36926,7
2022-07-05,1807.73,1812.08,1763.91,1765.91,66930,7
2022-07-06,1766.97,1772.88,1732.26,1738.63,77415,7
2022-07-07,1740.16,1749.1,1736.45,1740.06,64748,7
2022-07-08,1740.65,1752.19,1732.97,1741.76,63160,7
2022-07-11,1741.03,1744.49,1731.24,1733.28,63190,13
2022-07-12,1733.43,1744.13,1723.13,1725.93,73238,13
2022-07-13,1725.76,1745.3,1707.3,1734.84,82998,13
2022-07-14,1735.78,1736.07,1697.41,1710.57,93108,7
2022-07-15,1710.95,1716.53,1699.11,1706.51,75661,7
2022-07-18,1706.89,1723.89,1706.53,1708.97,67248,7
2022-07-19,1709.88,1718.44,1705.32,1711.59,61008,7
2022-07-20,1711.15,1714.4,1692.47,1696.21,61810,7
2022-07-21,1696.57,1720.07,1680.85,1719.16,66293,7
2022-07-22,1718.13,1739.22,1712.86,1723.89,69250,7
2022-07-25,1725.98,1736.23,1714.72,1719.19,64189,7
2022-07-26,1718.98,1728.17,1713.64,1716.94,61731,7
2022-07-27,1717.35,1740.18,1711.46,1734.16,64648,7
2022-07-28,1734.24,1757.05,1733.96,1756.44,78458,7
2022-07-29,1755.28,1767.87,1752.09,1765.4,76729,7
2022-08-01,1765.09,1775.06,1758.31,1772.44,72122,7
2022-08-02,1771.72,1788.0,1760.45,1761.5,80717,7
2022-08-03,1761.9,1772.8,1754.27,1765.23,71721,7
2022-08-04,1765.43,1794.9,1763.15,1790.76,66215,7
2022-08-05,1790.7,1794.85,1764.97,1774.96,68547,7
2022-08-08,1773.11,1790.03,1771.18,1788.47,56726,7
2022-08-09,1788.56,1800.36,1783.2,1793.72,55223,7
2022-08-10,1794.09,1807.95,1786.96,1790.47,61392,7
2022-08-11,1792.63,1799.26,1783.46,1789.17,63891,7
2022-08-12,1789.79,1802.12,1784.91,1801.0,60070,7
2022-08-15,1801.53,1801.74,1772.95,1778.9,60002,7
2022-08-16,1779.41,1783.13,1771.44,1775.08,55320,7
2022-08-17,1775.78,1782.27,1759.83,1764.42,66418,7
2022-08-18,1762.49,1772.39,1755.34,1758.65,59725,7
2022-08-19,1758.85,1759.18,1745.57,1746.58,61666,7
2022-08-22,1745.58,1749.01,1727.72,1734.89,61252,7
2022-08-23,1735.83,1754.02,1730.8,1747.93,61695,7
2022-08-24,1747.41,1755.82,1742.47,1751.59,59791,7
2022-08-25,1751.35,1765.41,1749.88,1758.14,58416,7
2022-08-26,1758.12,1758.76,1734.15,1737.28,64756,7
2022-08-29,1734.82,1745.41,1720.32,1737.32,62806,7
2022-08-30,1737.87,1740.49,1721.19,1724.08,61324,7
2022-08-31,1723.04,1726.52,1709.54,1710.49,65079,7
2022-09-01,1711.01,1711.37,1688.76,1696.35,67276,7
2022-09-02,1697.24,1717.96,1694.99,1711.61,60828,7
2022-09-05,1711.13,1715.78,1707.69,1711.84,36174,7
2022-09-06,1710.59,1726.72,1699.8,1701.37,66708,7
2022-09-07,1702.12,1719.24,1691.38,1718.45,67816,7
2022-09-08,1718.4,1728.14,1703.91,1708.73,69231,7
2022-09-09,1708.58,1729.47,1708.42,1716.3,63310,7
2022-09-12,1718.22,1735.07,1711.91,1724.9,62772,7
2022-09-13,1724.71,1731.82,1697.07,1702.51,68899,0
2022-09-14,1701.11,1707.05,1693.61,1696.52,72610,7
2022-09-15,1697.42,1698.19,1660.28,1664.13,67747,7
2022-09-16,1664.77,1680.24,1654.06,1675.08,66947,7
2022-09-19,1674.33,1679.91,1659.63,1675.85,54824,7
2022-09-20,1675.55,1679.4,1659.93,1664.65,63315,7
2022-09-21,1664.88,1687.95,1654.02,1674.02,67887,7
2022-09-22,1671.54,1684.88,1655.66,1671.53,83502,7
2022-09-23,1671.38,1675.82,1639.74,1643.97,76506,7
2022-09-26,1643.02,1649.77,1621.08,1624.08,92914,7
2022-09-27,1623.86,1642.37,1623.6,1629.11,77822,7
2022-09-28,1629.82,1662.67,1614.75,1659.69,89855,7
2022-09-29,1658.71,1664.88,1641.46,1660.44,85312,7
2022-09-30,1661.25,1675.39,1659.2,1661.06,80486,7
2022-10-03,1664.2,1701.44,1659.68,1698.49,78784,7
2022-10-04,1699.03,1729.38,1695.12,1725.69,80678,7
2022-10-05,1724.81,1727.79,1700.51,1716.56,78788,7
2022-10-06,1715.94,1725.54,1706.91,1713.06,74745,7
2022-10-07,1711.67,1714.79,1690.53,1694.36,71054,7
2022-10-10,1696.18,1699.77,1665.63,1667.94,82143,7
2022-10-11,1668.47,1683.94,1660.99,1666.29,105346,7
2022-10-12,1666.33,1678.24,1661.33,1672.83,101702,7
2022-10-13,1673.68,1682.45,1642.33,1666.11,113291,7
2022-10-14,1665.68,1671.68,1640.15,1644.09,116309,7
2022-10-17,1646.05,1668.42,1644.07,1650.54,91495,7
2022-10-18,1650.44,1660.83,1645.8,1651.9,94943,7
2022-10-19,1651.93,1654.41,1627.66,1628.92,94760,7
2022-10-20,1629.36,1645.63,1622.45,1627.87,101302,7
2022-10-21,1628.1,1657.09,1617.22,1656.51,122943,7
2022-10-24,1659.82,1670.62,1643.88,1649.7,115174,7
2022-10-25,1649.9,1662.3,1638.26,1652.95,94951,7
2022-10-26,1652.25,1674.86,1649.71,1664.41,98164,7
2022-10-27,1664.17,1670.72,1654.79,1661.47,104430,7
2022-10-28,1662.01,1666.98,1637.97,1644.88,100709,7
2022-10-31,1643.64,1645.63,1631.68,1633.18,75154,7
2022-11-01,1632.55,1656.93,1630.54,1646.83,99852,7
2022-11-02,1646.32,1669.55,1634.98,1635.1,94977,7
2022-11-03,1634.3,1640.92,1616.6,1629.33,99828,7
2022-11-04,1629.05,1681.73,1628.8,1680.54,115280,7
2022-11-07,1675.31,1681.83,1666.87,1674.68,93356,7
2022-11-08,1674.38,1716.86,1664.71,1712.48,96729,7
2022-11-09,1711.59,1722.31,1702.15,1706.27,107327,7
2022-11-10,1705.87,1757.26,1703.79,1754.75,111782,7
2022-11-11,1753.16,1772.76,1747.22,1771.01,113946,7
2022-11-14,1763.69,1775.05,1753.23,1771.76,101521,7
2022-11-15,1770.28,1786.52,1767.0,1778.11,126083,7
2022-11-16,1777.79,1785.04,1770.32,1773.65,109083,7
2022-11-17,1773.24,1774.72,1754.44,1760.59,102662,7
2022-11-18,1760.3,1767.64,1747.51,1749.86,88679,7
2022-11-21,1751.23,1752.99,1732.5,1738.27,93348,7
2022-11-22,1738.97,1749.69,1737.05,1740.15,85641,7
2022-11-23,1739.87,1753.33,1723.8,1749.56,97921,0
2022-11-24,1749.55,1758.63,1749.01,1755.27,57702,7
2022-11-25,1754.83,1761.15,1745.92,1756.1,71268,7
2022-11-28,1753.17,1763.73,1739.61,1740.75,94602,7
2022-11-29,1740.88,1759.02,1740.31,1749.7,94941,7
2022-11-30,1748.98,1769.9,1744.84,1768.27,106262,7
2022-12-01,1769.78,1804.0,1769.39,1803.03,112379,7
2022-12-02,1802.29,1804.42,1778.47,1797.82,104797,7
2022-12-05,1794.67,1809.95,1765.81,1768.54,104399,7
2022-12-06,1767.86,1780.88,1767.31,1771.01,91668,7
2022-12-07,1770.76,1790.47,1768.72,1786.08,101902,7
2022-12-08,1786.1,1794.85,1781.45,1789.19,89896,7
2022-12-09,1789.69,1806.1,1788.45,1796.64,92857,7
2022-12-12,1795.93,1796.65,1777.47,1781.05,79542,7
2022-12-13,1780.97,1824.45,1780.83,1810.45,113755,0
2022-12-14,1810.55,1814.15,1795.26,1807.21,105337,7
2022-12-15,1807.06,1808.62,1773.69,1776.61,114009,7
2022-12-16,1776.2,1794.29,1774.28,1792.26,94979,7
2022-12-19,1792.18,1798.67,1783.87,1787.31,80690,7
2022-12-20,1787.23,1821.11,1784.56,1817.88,123016,7
2022-12-21,1817.78,1823.79,1811.83,1814.13,81899,7
2022-12-22,1813.86,1820.45,1784.81,1792.51,94617,7
2022-12-23,1792.84,1803.2,1791.15,1798.0,81438,7
2022-12-27,1800.59,1833.29,1800.17,1813.86,77856,7
2022-12-28,1813.48,1814.5,1796.99,1804.0,77695,7
2022-12-29,1804.85,1820.16,1804.35,1815.01,73503,7
2022-12-30,1814.53,1825.94,1813.34,1824.51,77728,7
2023-01-03,1827.97,1849.94,1823.71,1839.48,119280,7
2023-01-04,1838.37,1865.11,1836.1,1854.16,120140,7
2023-01-05,1854.68,1859.01,1825.06,1833.22,109429,7
2023-01-06,1831.69,1869.84,1831.3,1865.97,99024,7
2023-01-09,1866.26,1881.59,1866.26,1871.51,99031,7
2023-01-10,1870.45,1880.72,1867.83,1877.26,91589,7
2023-01-11,1877.1,1886.62,1867.1,1876.31,84527,7
2023-01-12,1877.0,1901.54,1870.82,1897.1,109231,0
2023-01-13,1895.89,1921.86,1892.23,1920.39,103295,7
2023-01-16,1918.21,1928.95,1910.83,1914.42,66059,7
2023-01-17,1916.27,1918.99,1903.78,1908.33,96603,7
2023-01-18,1908.19,1925.84,1896.58,1903.74,118325,7
2023-01-19,1903.24,1935.15,1900.94,1931.53,106597,7
2023-01-20,1932.07,1937.51,1920.69,1926.83,90245,7
2023-01-23,1924.23,1935.52,1911.37,1931.31,87384,7
2023-01-24,1930.97,1942.43,1917.15,1937.34,90955,7
2023-01-25,1937.32,1948.07,1919.86,1946.07,86568,7
2023-01-26,1946.43,1949.15,1918.62,1929.41,97442,7
2023-01-27,1928.91,1935.02,1916.69,1927.94,81764,7
2023-01-30,1926.75,1934.49,1920.66,1922.76,101524,7
2023-01-31,1922.54,1931.12,1900.76,1927.82,108571,7
2023-02-01,1927.45,1954.51,1920.52,1950.39,114796,7
2023-02-02,1953.05,1959.72,1911.29,1912.49,137784,7
2023-02-03,1912.98,1918.54,1861.42,1865.71,134855,7
2023-02-06,1864.22,1881.25,1863.05,1867.32,109800,7
2023-02-07,1867.56,1884.37,1864.92,1873.91,124501,7
2023-02-08,1872.82,1886.3,1869.05,1875.58,98098,7
2023-02-09,1874.83,1890.24,1858.93,1861.6,105752,7
2023-02-10,1862.16,1872.22,1852.71,1864.81,110854,7
2023-02-13,1864.07,1866.55,1850.47,1853.54,86090,7
2023-02-14,1853.55,1870.56,1843.27,1854.48,117336,7
2023-02-15,1853.53,1860.07,1829.95,1836.45,103614,7
2023-02-16,1836.5,1845.3,1827.63,1837.42,105574,7
2023-02-17,1835.34,1843.59,1818.91,1841.89,101184,7
2023-02-20,1841.21,1847.45,1837.22,1841.33,50409,7
2023-02-21,1842.13,1843.83,1830.23,1834.6,100385,7
2023-02-22,1834.92,1846.04,1823.55,1824.99,98193,7
2023-02-23,1825.46,1833.74,1817.39,1822.61,92731,7
2023-02-24,1822.65,1827.79,1808.93,1810.72,102635,7
2023-02-27,1811.8,1820.14,1806.65,1817.16,93783,7
2023-02-28,1817.15,1831.13,1804.63,1827.13,94418,7
2023-03-01,1826.82,1844.59,1823.02,1837.09,102992,7
2023-03-02,1837.5,1839.01,1829.96,1835.98,99603,7
2023-03-03,1836.2,1856.36,1836.2,1855.06,84810,7
2023-03-06,1853.71,1858.25,1845.1,1846.86,79528,7
2023-03-07,1846.0,1851.61,1812.71,1813.47,103638,7
2023-03-08,1813.95,1824.25,1809.33,1813.55,89237,7
2023-03-09,1814.48,1835.59,1811.91,1830.82,87294,7
2023-03-10,1830.86,1870.13,1827.73,1868.04,138264,7
2023-03-13,1882.66,1914.56,1871.5,1913.69,198722,7
2023-03-14,1911.97,1914.11,1895.39,1903.5,149666,7
2023-03-15,1904.28,1937.35,1885.67,1917.98,175489,7
2023-03-16,1919.02,1933.48,1907.49,1919.71,156043,7
2023-03-17,1919.77,1987.76,1918.25,1984.73,153784,7
2023-03-20,1985.24,2009.75,1965.82,1978.61,174637,7
2023-03-21,1978.75,1985.16,1935.37,1939.84,117474,7
2023-03-22,1939.62,1978.81,1934.23,1967.18,124556,7
2023-03-23,1967.69,2003.31,1964.42,1993.51,136237,7
2023-03-24,1992.59,2002.96,1975.17,1976.78,132328,7
2023-03-27,1976.58,1978.69,1944.0,1955.78,105600,7
2023-03-28,1957.52,1975.29,1949.14,1973.51,94264,7
2023-03-29,1973.97,1974.3,1958.68,1963.39,89349,7
2023-03-30,1963.88,1984.28,1955.35,1980.48,99175,7
2023-03-31,1980.03,1987.52,1966.87,1968.81,106495,7
2023-04-03,1966.24,1990.51,1949.73,1983.94,109791,7
2023-04-04,1985.32,2024.96,1976.93,2020.82,114061,7
2023-04-05,2021.08,2032.07,2009.97,2020.4,106301,7
2023-04-06,2021.07,2021.32,2000.83,2007.15,99861,7
2023-04-10,1997.06,2006.4,1981.61,1991.46,80195,7
2023-04-11,1991.12,2007.45,1988.77,2003.1,88816,7
2023-04-12,2003.09,2028.33,2001.3,2014.67,105560,7
2023-04-13,2014.39,2048.68,2013.94,2040.6,102012,7
2023-04-14,2040.11,2047.38,1992.33,2004.18,104917,7
2023-04-17,2000.95,2015.03,1981.18,1994.77,97773,7
2023-04-18,1994.52,2011.82,1991.26,2004.74,83964,7
2023-04-19,2005.12,2008.19,1969.22,1994.93,114111,7
2023-04-20,1994.07,2012.28,1990.4,2004.3,91883,7
2023-04-21,2003.99,2005.56,1971.59,1983.01,92648,7
2023-04-24,1982.18,1990.83,1974.05,1989.35,91352,7
2023-04-25,1991.34,2003.85,1976.08,1996.35,118832,7
2023-04-26,1996.91,2009.3,1983.33,1988.95,124125,7
2023-04-27,1989.63,2003.22,1973.98,1987.5,102891,7
2023-04-28,1987.42,1994.95,1976.15,1989.27,108249,7
2023-05-01,1989.83,2006.0,1977.06,1981.67,89370,7
2023-05-02,1981.56,2019.34,1978.37,2016.23,100410,7
2023-05-03,2016.12,2038.0,2007.26,2037.75,110889,7
2023-05-04,2061.36,2062.82,2030.27,2050.37,145804,7
2023-05-05,2049.02,2052.97,1999.49,2016.47,103650,7
2023-05-08,2016.1,2029.35,2014.12,2021.12,76762,7
2023-05-09,2020.75,2037.6,2019.46,2034.52,109395,7
2023-05-10,2034.15,2048.16,2021.44,2031.0,103472,7
2023-05-11,2029.8,2041.21,2011.1,2014.55,129519,7
2023-05-12,2015.09,2022.52,2000.87,2010.81,110375,7
2023-05-15,2008.56,2022.18,2008.56,2015.87,82111,7
2023-05-16,2016.36,2018.37,1985.47,1989.25,98573,7
2023-05-17,1988.23,1993.05,1975.05,1981.96,112955,7
2023-05-18,1982.24,1985.95,1951.94,1957.36,101454,7
2023-05-19,1958.2,1984.15,1953.97,1977.06,121685,7
2023-05-22,1978.02,1982.57,1968.83,1971.81,93047,7
2023-05-23,1971.67,1977.69,1954.21,1974.64,111043,7
2023-05-24,1976.42,1985.2,1956.72,1957.81,104799,7
2023-05-25,1958.38,1964.74,1938.79,1940.21,103356,7
2023-05-26,1941.03,1957.26,1936.68,1946.73,94893,7
2023-05-29,1942.98,1949.68,1940.25,1943.69,46738,7
2023-05-30,1942.94,1963.53,1932.01,1959.8,102483,7
2023-05-31,1958.74,1974.77,1953.67,1963.06,102918,7
2023-06-01,1963.38,1983.09,1953.32,1977.76,96147,7
2023-06-02,1977.0,1983.39,1947.93,1947.98,95665,7
2023-06-05,1947.35,1964.04,1938.09,1961.27,114015,7
2023-06-06,1961.24,1966.38,1954.36,1963.03,124680,7
2023-06-07,1963.13,1970.21,1939.86,1940.51,88888,7
2023-06-08,1940.08,1970.47,1940.08,1965.55,88638,7
2023-06-09,1966.02,1972.94,1956.64,1960.82,73435,7
2023-06-12,1959.57,1966.93,1949.17,1956.79,81623,7
2023-06-13,1957.04,1971.09,1940.03,1943.18,96962,7
2023-06-14,1943.51,1960.12,1939.96,1940.4,103309,7
2023-06-15,1943.55,1960.27,1924.59,1957.88,117700,7
2023-06-16,1957.43,1967.88,1953.19,1957.75,111799,7
2023-06-19,1958.44,1958.73,1947.79,1950.34,52000,7
2023-06-20,1951.33,1956.77,1929.8,1935.65,104158,7
2023-06-21,1936.47,1939.48,1919.12,1932.1,102677,7
2023-06-22,1933.33,1934.93,1912.4,1912.93,93457,7
2023-06-23,1914.21,1937.32,1910.16,1919.73,95862,7
2023-06-26,1923.24,1933.33,1921.48,1923.35,91606,7
2023-06-27,1923.73,1930.68,1910.97,1913.29,96280,7
2023-06-28,1914.55,1917.19,1902.83,1906.88,91977,7
2023-06-29,1907.78,1913.07,1892.95,1908.3,103854,7
2023-06-30,1908.71,1922.75,1900.47,1918.83,98261,7
2023-07-03,1918.49,1931.03,1910.04,1921.62,81596,7
2023-07-04,1921.12,1930.74,1919.87,1925.72,49513,7
2023-07-05,1926.19,1935.07,1915.2,1915.28,95720,7
2023-07-06,1916.22,1927.69,1902.66,1910.81,102112,7
2023-07-07,1911.01,1934.85,1909.53,1925.35,101464,7
2023-07-10,1925.16,1928.17,1912.65,1925.32,88535,7
2023-07-11,1925.29,1938.42,1924.27,1932.01,85434,7
2023-07-12,1932.25,1959.66,1932.22,1957.82,102470,7
2023-07-13,1957.8,1963.56,1952.29,1960.36,101075,7
2023-07-14,1960.53,1963.75,1950.89,1955.1,97351,7
2023-07-17,1954.96,1959.86,1945.71,1954.95,80975,7
2023-07-18,1954.65,1984.37,1954.65,1978.52,103801,7
2023-07-19,1978.8,1980.91,1969.79,1977.04,95329,7
2023-07-20,1978.21,1987.46,1965.3,1969.6,93102,7
2023-07-21,1970.49,1973.78,1956.76,1961.72,86801,7
2023-07-24,1962.35,1967.84,1953.44,1954.74,82832,7
2023-07-25,1955.15,1965.71,1951.38,1964.98,79774,7
2023-07-26,1964.78,1978.3,1961.99,1972.14,92640,7
2023-07-27,1971.21,1982.2,1942.56,1944.9,100774,7
2023-07-28,1946.82,1963.56,1945.37,1959.0,106265,7
2023-07-31,1959.72,1972.41,1950.43,1965.38,81955,7
2023-08-01,1965.74,1966.02,1941.27,1944.18,83105,7
2023-08-02,1950.08,1954.73,1932.85,1934.87,89388,7
2023-08-03,1935.35,1938.97,1929.45,1934.24,87717,7
2023-08-04,1934.79,1946.81,1925.41,1942.75,85103,7
2023-08-07,1942.53,1946.66,1931.46,1936.34,65371,7
2023-08-08,1936.54,1938.02,1922.78,1924.72,79360,7
2023-08-09,1924.94,1932.34,1914.01,1914.41,68203,7
2023-08-10,1915.37,1930.09,1912.46,1912.48,84548,7
2023-08-11,1912.61,1920.95,1910.75,1913.34,69178,7
2023-08-14,1913.79,1916.19,1902.71,1907.26,71765,7
2023-08-15,1907.19,1911.55,1895.96,1901.69,91235,7
2023-08-16,1901.88,1907.17,1891.78,1892.53,78181,7
2023-08-17,1894.21,1903.39,1884.95,1888.89,86837,7
2023-08-18,1889.53,1896.73,1886.74,1889.45,70270,7
2023-08-21,1889.41,1898.74,1884.84,1894.63,78535,7
2023-08-22,1894.65,1904.5,1889.1,1897.48,75289,7
2023-08-23,1897.86,1920.31,1897.58,1914.86,81726,7
2023-08-24,1916.91,1923.32,1911.78,1917.01,78702,7
2023-08-25,1916.86,1922.32,1903.72,1914.78,80217,7
2023-08-28,1915.68,1926.02,1912.78,1919.93,64324,7
2023-08-29,1920.26,1938.14,1914.4,1937.83,76664,7
2023-08-30,1937.08,1949.09,1934.96,1942.76,79608,7
2023-08-31,1943.83,1947.85,1938.95,1939.84,73912,7
2023-09-01,1940.07,1952.91,1934.42,1939.51,83506,7
2023-09-04,1940.32,1946.37,1936.79,1938.35,40837,7
2023-09-05,1938.74,1938.98,1925.3,1925.89,80565,7
2023-09-06,1926.38,1929.2,1915.27,1916.0,77953,7
2023-09-07,1917.33,1923.59,1916.18,1919.57,69922,7
2023-09-08,1919.36,1929.71,1917.32,1919.22,67723,7
2023-09-11,1919.7,1930.68,1916.69,1922.47,77001,7
2023-09-12,1922.83,1924.45,1907.56,1913.35,74346,7
2023-09-13,1913.4,1915.76,1905.58,1908.3,87433,7
2023-09-14,1909.03,1912.87,1900.98,1910.17,93017,7
2023-09-15,1910.73,1930.4,1909.77,1923.38,91419,7
2023-09-18,1923.97,1934.21,1922.49,1933.28,71890,7
2023-09-19,1933.78,1937.39,1929.71,1931.14,60902,7
2023-09-20,1932.36,1947.41,1927.87,1929.43,81354,7
2023-09-21,1929.79,1931.56,1913.89,1919.87,84323,7
2023-09-22,1919.77,1929.03,1919.77,1925.22,66606,7
2023-09-25,1926.15,1927.15,1915.08,1915.86,63022,7
2023-09-26,1916.21,1916.8,1899.07,1900.36,68020,7
2023-09-27,1900.8,1903.85,1872.48,1875.66,79796,7
2023-09-28,1876.61,1879.55,1857.58,1864.71,89991,7
2023-09-29,1865.02,1879.78,1846.3,1849.12,90163,7
2023-10-02,1847.38,1848.92,1827.06,1827.97,88298,7
2023-10-03,1828.86,1833.31,1815.02,1823.42,110426,7
2023-10-04,1823.74,1830.51,1816.55,1820.6,110875,7
2023-10-05,1821.84,1829.12,1812.93,1820.13,94261,7
2023-10-06,1820.74,1834.8,1810.37,1831.92,100981,7
2023-10-09,1853.32,1863.46,1844.19,1860.88,111043,7
2023-10-10,1861.17,1865.41,1853.0,1859.86,127610,7
2023-10-11,1860.34,1877.13,1858.61,1873.49,124434,7
2023-10-12,1874.27,1884.96,1867.86,1868.84,117967,7
2023-10-13,1869.21,1930.76,1869.2,1929.58,121375,7
2023-10-16,1927.38,1927.38,1908.14,1919.73,86064,7
2023-10-17,1919.82,1931.52,1912.33,1923.07,89093,7
2023-10-18,1923.34,1962.59,1923.27,1948.53,110307,7
2023-10-19,1947.52,1977.69,1945.19,1974.56,115453,7
2023-10-20,1973.11,1997.13,1971.96,1980.23,118006,7
2023-10-23,1972.35,1982.8,1964.31,1972.47,103232,7
2023-10-24,1973.41,1980.81,1953.57,1971.45,97569,7
2023-10-25,1970.2,1987.18,1962.89,1979.09,87894,7
2023-10-26,1980.7,1993.41,1971.68,1984.55,101970,7
2023-10-27,1983.84,2009.33,1976.83,2005.23,96290,7
2023-10-30,2003.08,2006.73,1990.85,1996.19,92767,7
2023-10-31,1995.8,2007.72,1978.75,1983.47,95121,7
2023-11-01,1983.6,1992.05,1969.85,1980.08,96347,7
2023-11-02,1982.25,1991.03,1978.82,1985.44,81788,7
2023-11-03,1986.03,2004.03,1983.2,1992.31,88193,7
2023-11-06,1991.44,1993.03,1977.28,1977.95,71816,7
2023-11-07,1978.16,1978.28,1956.67,1968.67,80607,7
2023-11-08,1969.16,1971.01,1947.41,1949.95,76829,7
2023-11-09,1950.73,1965.53,1944.59,1958.3,86791,7
2023-11-10,1958.15,1960.75,1932.93,1936.97,86229,7
2023-11-13,1940.33,1949.16,1919.39,1946.01,85349,7
2023-11-14,1946.16,1970.81,1943.77,1962.93,86786,7
2023-11-15,1962.67,1975.15,1955.4,1959.32,96384,7
2023-11-16,1960.38,1987.94,1956.51,1981.07,87560,7
2023-11-17,1981.26,1993.4,1978.63,1980.22,90713,7
2023-11-20,1977.55,1985.18,1965.29,1977.45,101653,7
2023-11-21,1978.55,2007.51,1978.38,1998.48,107704,7
2023-11-22,1998.57,2006.28,1986.89,1989.88,102852,7
2023-11-23,1989.86,1998.48,1989.64,1992.37,48196,7
2023-11-24,1993.18,2003.6,1991.43,2002.16,65851,7
2023-11-27,2001.13,2018.09,2000.48,2013.91,99369,7
2023-11-28,2013.38,2042.95,2011.69,2040.93,94168,7
2023-11-29,2041.06,2051.94,2035.41,2044.62,103342,7
2023-11-30,2044.84,2047.18,2030.98,2035.89,92748,7
2023-12-01,2037.52,2075.31,2033.85,2071.16,104836,7
2023-12-04,2074.33,2144.76,2020.09,2029.86,145938,0
2023-12-05,2029.67,2041.17,2009.79,2019.61,114822,7
2023-12-06,2019.31,2035.79,2017.23,2025.0,96276,7
2023-12-07,2026.07,2039.89,2020.21,2028.63,100705,7
2023-12-08,2028.79,2033.93,1994.64,2003.4,110738,7
2023-12-11,2005.62,2007.73,1975.86,1981.49,91919,7
2023-12-12,1982.46,1996.74,1977.2,1979.68,88394,7
2023-12-13,1980.07,2027.42,1973.02,2026.53,90536,7
2023-12-14,2025.16,2047.9,2024.56,2035.75,135901,7
2023-12-15,2036.44,2044.87,2015.57,2018.23,103454,7
2023-12-18,2019.57,2033.6,2015.93,2027.19,75838,7
2023-12-19,2027.78,2047.02,2021.63,2040.34,76956,7
2023-12-20,2039.93,2043.41,2027.42,2029.42,78107,7
2023-12-21,2032.29,2045.95,2031.49,2045.77,79758,7
2023-12-22,2047.25,2070.57,2046.82,2053.06,92382,7
2023-12-26,2057.17,2068.98,2053.46,2066.78,53052,7
2023-12-27,2067.71,2084.4,2061.43,2077.29,71283,7
2023-12-28,2077.96,2088.38,2064.57,2064.98,80590,7
2023-12-29,2066.82,2074.73,2058.24,2062.57,79332,7
2024-01-02,2065.22,2078.87,2055.92,2058.94,94039,7
2024-01-03,2058.92,2065.89,2030.6,2041.04,110655,7
2024-01-04,2042.23,2050.9,2036.22,2043.47,129980,7
2024-01-05,2043.11,2063.96,2024.36,2045.7,145057,7
2024-01-08,2044.57,2046.57,2016.76,2028.04,132799,7
2024-01-09,2028.45,2041.9,2026.08,2029.86,125439,7
2024-01-10,2030.64,2040.21,2020.47,2023.7,121378,7
2024-01-11,2025.04,2039.57,2013.28,2028.13,144406,7
2024-01-12,2029.23,2062.23,2029.23,2048.87,139106,7
2024-01-15,2047.84,2058.61,2045.76,2054.61,79295,7
2024-01-16,2055.0,2055.57,2024.25,2027.65,151744,7
2024-01-17,2027.8,2032.89,2001.85,2005.87,151937,7
2024-01-18,2006.86,2023.27,2005.74,2022.79,133031,7
2024-01-19,2024.06,2039.41,2020.42,2029.45,119803,7
2024-01-22,2028.7,2032.13,2016.54,2021.03,119048,7
2024-01-23,2021.65,2037.74,2019.61,2028.7,122754,7
2024-01-24,2029.27,2036.67,2011.14,2012.62,134153,7
2024-01-25,2015.79,2025.18,2009.02,2019.88,110764,7
2024-01-26,2019.93,2026.71,2015.94,2018.57,105778,7
2024-01-29,2023.64,2037.6,2019.25,2032.03,109365,7
2024-01-30,2032.67,2048.61,2029.06,2036.38,105931,7
2024-01-31,2036.45,2055.98,2030.81,2037.42,142459,7
2024-02-01,2040.12,2065.35,2029.99,2055.06,145702,7
2024-02-02,2054.42,2057.62,2027.63,2038.64,104156,7
2024-02-05,2041.52,2042.14,2014.91,2024.89,128650,7
2024-02-06,2025.36,2038.91,2022.87,2035.68,102706,7
2024-02-07,2035.75,2044.58,2030.6,2034.35,108811,7
2024-02-08,2035.33,2038.7,2020.15,2033.43,112527,7
2024-02-09,2034.83,2037.21,2020.33,2024.3,103239,7
2024-02-12,2026.68,2027.56,2011.89,2019.82,92508,7
2024-02-13,2019.68,2032.36,1990.14,1992.41,107856,0
2024-02-14,1992.01,1996.1,1984.19,1992.45,113422,7
2024-02-15,1993.26,2008.28,1990.2,2004.21,106835,7
2024-02-16,2004.54,2015.17,1995.05,2013.15,106136,7
2024-02-19,2011.81,2022.94,2011.78,2017.99,61969,7
2024-02-20,2016.99,2030.91,2015.01,2023.76,93159,7
2024-02-21,2024.31,2032.23,2019.95,2025.24,110536,7
2024-02-22,2026.14,2034.8,2019.6,2024.28,105533,7
2024-02-23,2024.37,2041.34,2016.02,2035.81,101665,7
2024-02-26,2033.15,2036.99,2025.08,2030.91,93380,7
2024-02-27,2030.93,2039.45,2028.76,2030.0,86122,7
2024-02-28,2029.9,2037.84,2024.49,2034.82,90979,7
2024-02-29,2035.26,2050.76,2028.08,2043.48,101858,7
2024-03-01,2043.36,2088.29,2039.01,2083.54,123780,7
2024-03-04,2082.87,2119.88,2079.44,2115.16,111501,7
2024-03-05,2114.06,2141.78,2110.43,2127.84,130858,7
2024-03-06,2127.47,2152.18,2123.67,2148.4,122261,7
2024-03-07,2147.7,2164.68,2144.13,2159.39,121262,7
2024-03-08,2158.96,2195.16,2153.96,2177.8,137069,7
2024-03-11,2179.88,2188.96,2174.85,2182.79,101843,7
2024-03-12,2181.93,2184.72,2150.59,2158.39,118572,7
2024-03-13,2158.53,2179.84,2155.74,2174.63,103696,7
2024-03-14,2174.09,2176.94,2152.78,2162.04,103537,7
2024-03-15,2162.3,2172.7,2155.16,2156.07,98646,7
2024-03-18,2153.49,2163.59,2146.05,2159.48,95516,7
2024-03-19,2160.17,2162.82,2147.11,2157.68,95111,7
2024-03-20,2157.9,2188.8,2149.59,2185.75,101658,7
2024-03-21,2187.12,2222.72,2166.41,2180.78,148311,7
2024-03-22,2182.14,2186.04,2157.13,2164.96,115784,7
2024-03-25,2166.27,2181.3,2163.55,2171.11,102049,7
2024-03-26,2171.75,2200.05,2167.56,2176.52,109227,7
2024-03-27,2178.63,2197.61,2173.05,2194.8,96973,7
2024-03-28,2192.01,2236.25,2187.35,2229.47,122914,7
2024-04-01,2239.37,2265.66,2228.5,2249.33,130423,7
2024-04-02,2249.77,2281.06,2246.67,2280.3,142185,7
2024-04-03,2281.44,2300.11,2265.51,2299.83,145586,7
2024-04-04,2299.64,2305.55,2279.97,2289.5,129165,7
2024-04-05,2291.77,2330.3,2267.74,2328.89,152305,7
2024-04-08,2327.79,2354.08,2302.86,2338.46,179414,7
2024-04-09,2337.64,2365.29,2337.2,2353.71,156767,7
2024-04-10,2352.79,2360.06,2319.36,2332.47,164192,0
2024-04-11,2334.32,2377.63,2325.69,2377.09,170135,7
2024-04-12,2373.94,2431.43,2333.78,2343.85,214923,9
2024-04-15,2358.69,2387.47,2324.24,2381.53,208311,7
2024-04-16,2382.74,2398.22,2362.98,2383.33,195447,9
2024-04-17,2383.49,2395.57,2361.06,2371.07,181189,9
2024-04-18,2365.33,2392.73,2363.71,2377.28,163586,9
2024-04-19,2379.53,2417.81,2372.87,2390.33,197581,7
2024-04-22,2384.33,2388.52,2325.01,2327.91,161016,9
2024-04-23,2330.31,2334.39,2291.33,2322.32,172674,9
2024-04-24,2322.21,2337.25,2311.76,2314.08,142761,9
2024-04-25,2317.57,2344.79,2305.11,2332.15,140069,9
2024-04-26,2332.56,2352.48,2326.28,2336.59,129818,7
2024-04-29,2333.77,2346.68,2319.88,2336.85,148802,9
2024-04-30,2336.0,2336.29,2285.12,2285.74,143543,7
2024-05-01,2288.19,2328.33,2281.61,2319.86,139556,9
2024-05-02,2320.26,2326.38,2285.47,2302.85,141707,9
2024-05-03,2305.18,2320.52,2277.31,2303.31,129612,0
2024-05-06,2302.31,2332.0,2291.81,2325.49,127965,9
2024-05-07,2325.17,2329.85,2309.9,2313.4,114307,7
2024-05-08,2315.12,2321.38,2303.63,2308.85,112344,9
2024-05-09,2310.11,2347.22,2306.55,2345.05,121387,9
2024-05-10,2345.66,2378.38,2345.26,2360.25,137030,9
2024-05-13,2361.48,2364.44,2332.07,2335.84,118996,9
2024-05-14,2337.33,2359.58,2334.78,2357.66,124782,9
2024-05-15,2357.2,2390.23,2351.85,2386.94,151017,9
2024-05-16,2387.71,2397.26,2370.95,2376.18,147678,9
2024-05-17,2378.04,2422.69,2373.93,2415.56,137230,9
2024-05-20,2425.19,2450.01,2407.31,2424.61,179209,9
2024-05-21,2427.17,2433.87,2406.13,2421.24,166215,9
2024-05-22,2421.22,2426.46,2374.98,2378.49,168784,9
2024-05-23,2379.37,2383.65,2326.99,2327.89,173622,7
2024-05-24,2329.43,2347.36,2325.36,2334.32,128161,9
2024-05-27,2335.93,2358.44,2332.28,2350.79,96773,9
2024-05-28,2352.44,2364.06,2340.3,2360.29,143414,9
2024-05-29,2361.75,2361.8,2334.53,2337.44,139265,14
2024-05-30,2338.61,2351.8,2322.54,2341.99,157983,14
2024-05-31,2343.5,2359.66,2320.58,2329.44,161294,14
2024-06-03,2328.67,2354.68,2314.73,2350.29,152616,14
2024-06-04,2351.34,2352.78,2315.61,2326.66,157574,15
2024-06-05,2328.05,2357.35,2325.85,2354.05,137660,14
2024-06-06,2355.69,2378.49,2353.52,2373.46,151284,15
2024-06-07,2376.34,2387.66,2286.73,2294.02,179834,0
2024-06-10,2290.05,2313.73,2287.72,2309.9,123412,15
2024-06-11,2310.63,2319.84,2297.69,2315.79,135679,15
2024-06-12,2316.62,2341.56,2310.66,2323.9,110746,16
2024-06-13,2324.5,2326.58,2295.54,2303.82,90531,13
2024-06-14,2303.73,2336.54,2301.46,2332.18,92755,20
2024-06-17,2331.13,2331.38,2310.01,2318.72,80503,15
2024-06-18,2320.15,2333.11,2306.57,2329.06,80680,15
2024-06-19,2328.78,2334.95,2323.74,2328.27,49513,15
2024-06-20,2329.22,2365.43,2327.71,2358.9,82589,15
2024-06-21,2359.33,2368.67,2316.66,2321.36,86924,9
2024-06-24,2321.1,2334.62,2317.68,2332.93,83557,15
2024-06-25,2333.87,2337.03,2315.45,2318.79,92230,10
2024-06-26,2319.94,2323.87,2293.6,2297.83,104099,11
2024-06-27,2298.65,2330.91,2296.5,2327.32,112034,15
2024-06-28,2327.0,2339.75,2319.05,2325.49,127493,10
2024-07-01,2323.04,2338.48,2318.49,2332.01,126759,8
2024-07-02,2331.86,2336.74,2319.02,2329.22,116844,13
2024-07-03,2330.2,2364.91,2326.83,2356.12,126512,12
2024-07-04,2356.12,2362.41,2350.45,2356.7,74838,16
2024-07-05,2356.82,2392.85,2350.57,2391.1,136865,9
2024-07-08,2389.45,2391.05,2351.04,2358.44,134233,15
2024-07-09,2358.9,2371.43,2349.39,2364.1,128387,13
2024-07-10,2363.58,2386.64,2363.07,2370.83,113754,12
2024-07-11,2371.85,2424.51,2371.13,2413.92,136941,8
2024-07-12,2413.11,2418.25,2391.41,2411.6,134630,9
2024-07-15,2411.88,2439.65,2401.31,2421.13,144703,13
2024-07-16,2421.97,2469.61,2420.0,2468.83,156429,14
2024-07-17,2467.73,2483.67,2451.43,2458.39,195858,9
2024-07-18,2458.58,2474.85,2440.33,2444.68,158937,14
2024-07-19,2444.76,2445.26,2393.81,2398.46,172952,10
2024-07-22,2403.8,2412.09,2383.78,2396.62,151118,14
2024-07-23,2397.62,2411.95,2388.25,2408.2,142226,9
2024-07-24,2408.65,2431.96,2397.06,2399.43,159662,14
2024-07-25,2397.64,2401.16,2353.06,2363.34,211485,9
2024-07-26,2364.3,2390.75,2355.79,2388.01,162562,10
2024-07-29,2388.05,2403.13,2369.63,2382.31,169216,14
2024-07-30,2382.3,2412.7,2376.5,2410.57,152240,14
2024-07-31,2410.89,2450.89,2403.85,2447.02,178833,9
2024-08-01,2447.58,2462.27,2430.22,2444.5,197385,9
2024-08-02,2447.13,2477.63,2410.77,2440.07,205658,9
2024-08-05,2440.31,2458.76,2364.3,2409.72,265358,9
2024-08-06,2411.12,2418.31,2381.57,2387.79,210298,12
2024-08-07,2390.05,2407.04,2379.01,2382.59,177639,8
2024-08-08,2381.38,2426.31,2380.97,2425.64,183002,12
2024-08-09,2426.67,2436.98,2416.86,2430.55,145822,9
2024-08-12,2428.17,2472.26,2423.81,2471.9,131779,14
2024-08-13,2470.29,2476.87,2458.43,2465.32,152674,8
2024-08-14,2466.2,2479.86,2438.08,2448.04,164348,12
2024-08-15,2448.17,2470.01,2432.15,2455.37,157188,9
2024-08-16,2455.85,2509.7,2450.69,2508.2,158996,9
2024-08-19,2505.89,2507.46,2485.6,2503.95,161747,9
2024-08-20,2503.68,2531.61,2497.3,2515.7,156224,8
2024-08-21,2513.85,2519.91,2493.39,2511.37,147661,14
2024-08-22,2512.14,2514.61,2470.73,2484.2,158394,13
2024-08-23,2485.27,2518.31,2484.22,2510.92,153946,9
2024-08-26,2511.93,2526.77,2508.69,2517.64,156695,14
2024-08-27,2517.64,2525.93,2503.49,2524.26,147676,13
2024-08-28,2525.22,2528.95,2493.64,2504.52,141781,14
2024-08-29,2506.12,2528.62,2503.61,2521.07,141043,14
2024-08-30,2520.67,2526.8,2494.12,2503.28,144562,14
2024-09-02,2502.75,2507.24,2490.04,2499.93,93479,14
2024-09-03,2499.31,2506.24,2473.48,2492.12,154828,14
2024-09-04,2492.65,2500.25,2471.83,2495.44,142297,8
2024-09-05,2495.27,2523.46,2493.81,2516.42,146117,14
2024-09-06,2516.23,2529.11,2485.11,2496.78,166338,14
2024-09-09,2496.94,2507.11,2485.54,2506.33,156479,9
2024-09-10,2506.63,2518.37,2500.13,2516.53,143411,11
2024-09-11,2516.68,2528.93,2500.84,2512.38,167093,14
2024-09-12,2512.29,2560.03,2510.99,2559.11,166858,14
2024-09-13,2558.3,2586.0,2556.62,2580.58,170403,14
2024-09-16,2578.71,2589.61,2575.26,2582.72,130285,11
2024-09-17,2582.49,2586.88,2560.74,2569.58,148527,8
2024-09-18,2570.19,2600.12,2546.77,2557.64,179075,11
2024-09-19,2558.88,2594.82,2551.04,2587.07,195270,14
2024-09-20,2586.39,2625.73,2584.77,2621.92,174899,14
2024-09-23,2621.01,2634.82,2613.84,2627.59,156257,14
2024-09-24,2626.98,2664.28,2622.62,2657.18,189149,12
2024-09-25,2658.59,2670.5,2649.62,2657.6,173636,8
2024-09-26,2658.04,2685.54,2654.8,2672.52,182336,14
2024-09-27,2672.08,2674.24,2643.05,2654.56,192335,14
2024-09-30,2661.6,2665.95,2624.62,2633.4,186361,13
2024-10-01,2633.55,2673.11,2633.16,2662.69,154937,8
2024-10-02,2661.79,2663.32,2641.11,2658.66,143209,14
2024-10-03,2658.8,2662.83,2637.23,2656.16,152739,15
2024-10-04,2655.89,2670.11,2631.98,2652.45,150368,14
2024-10-07,2651.59,2659.59,2637.73,2642.68,143201,14
2024-10-08,2642.0,2652.99,2604.71,2621.06,199233,9
2024-10-09,2621.72,2624.27,2605.11,2607.81,155108,14
2024-10-10,2607.7,2631.47,2602.55,2629.1,166281,14
2024-10-11,2628.47,2661.35,2628.11,2656.93,148562,14
2024-10-14,2649.67,2666.77,2643.12,2646.65,133512,8
2024-10-15,2649.11,2668.88,2638.02,2662.8,161818,14
2024-10-16,2662.2,2685.21,2658.65,2673.26,155653,14
2024-10-17,2674.52,2696.7,2673.11,2691.98,167321,14
2024-10-18,2692.97,2722.01,2692.26,2721.42,171616,14
2024-10-21,2722.91,2740.54,2714.14,2719.54,179376,14
2024-10-22,2719.27,2748.82,2719.08,2748.23,162101,14
2024-10-23,2747.05,2758.41,2708.74,2715.71,177279,14
2024-10-24,2716.31,2743.23,2715.7,2735.8,160772,14
2024-10-25,2735.88,2745.99,2717.0,2745.49,141801,18
2024-10-28,2733.74,2745.88,2724.65,2742.62,142125,15
2024-10-29,2741.28,2774.7,2739.82,2773.63,154391,14
2024-10-30,2773.32,2789.9,2770.84,2787.68,155114,14
2024-10-31,2786.3,2790.01,2731.52,2744.16,158596,15
2024-11-01,2745.23,2762.11,2733.12,2734.62,159798,18
2024-11-04,2731.95,2748.13,2731.65,2736.48,143379,15
2024-11-05,2737.26,2749.87,2724.66,2743.71,138674,15
2024-11-06,2743.01,2749.56,2652.3,2659.28,250372,19
2024-11-07,2662.09,2710.07,2643.13,2707.07,185430,18
2024-11-08,2704.17,2710.28,2680.25,2683.76,163463,14
2024-11-11,2683.36,2686.05,2610.6,2620.15,162591,17
2024-11-12,2621.09,2627.06,2589.65,2597.27,176705,11
2024-11-13,2597.91,2618.74,2572.94,2573.69,165970,15
2024-11-14,2573.99,2581.41,2536.75,2566.31,192621,17
2024-11-15,2566.43,2575.95,2554.44,2561.45,163760,18
2024-11-18,2567.97,2615.01,2567.94,2612.11,162059,18
2024-11-19,2610.5,2639.36,2610.38,2631.72,170133,18
2024-11-20,2632.37,2655.33,2618.8,2650.01,149352,18
2024-11-21,2649.77,2673.48,2648.79,2669.66,151735,15
2024-11-22,2669.58,2712.77,2668.04,2712.73,182397,19
2024-11-25,2710.91,2721.3,2615.54,2625.23,214066,18
2024-11-26,2627.45,2641.89,2605.21,2632.12,187983,18
2024-11-27,2631.17,2658.12,2627.0,2635.68,155623,18
2024-11-28,2637.65,2649.6,2620.92,2637.68,100296,18
2024-11-29,2638.83,2666.19,2633.98,2650.26,149433,18
2024-12-02,2648.7,2651.73,2621.83,2638.68,185805,17
2024-12-03,2638.86,2655.59,2634.0,2643.19,134096,18
2024-12-04,2642.37,2657.11,2632.35,2649.59,133806,18
2024-12-05,2649.02,2655.46,2623.46,2631.86,123870,18
2024-12-06,2631.82,2645.5,2613.48,2632.74,135928,18
2024-12-09,2643.1,2676.36,2627.41,2658.62,134127,18
2024-12-10,2660.85,2695.47,2657.84,2693.56,140886,18
2024-12-11,2695.04,2721.03,2674.69,2717.81,184302,13
2024-12-12,2717.47,2726.06,2675.02,2681.23,174077,0
2024-12-13,2680.42,2692.64,2646.02,2648.67,185042,17
2024-12-16,2648.79,2664.29,2643.44,2652.6,147543,19
2024-12-17,2651.99,2658.57,2632.99,2645.48,162614,17
2024-12-18,2646.68,2651.62,2586.58,2587.7,171733,15
2024-12-19,2587.29,2626.27,2586.4,2593.74,194174,27
2024-12-20,2594.1,2631.75,2589.52,2621.27,169834,15
2024-12-23,2622.24,2633.23,2608.08,2612.77,143254,28
2024-12-24,2614.52,2621.34,2610.1,2616.17,103975,28
2024-12-26,2615.85,2639.01,2614.59,2634.15,113382,28
2024-12-27,2631.9,2638.06,2611.52,2619.93,126719,28
2024-12-30,2621.49,2627.84,2596.0,2606.04,137509,26
2024-12-31,2605.82,2627.33,2602.47,2623.98,124770,28
2025-01-02,2625.04,2660.31,2621.54,2657.07,164557,16
2025-01-03,2657.7,2665.18,2636.61,2639.13,145047,28
2025-01-06,2639.6,2649.31,2614.66,2635.86,174875,27
2025-01-07,2635.67,2664.12,2632.78,2649.49,145083,28
2025-01-08,2648.41,2669.86,2645.12,2661.79,118605,22
2025-01-09,2662.17,2678.05,2655.42,2669.56,95220,22
2025-01-10,2670.32,2697.75,2664.01,2689.29,139769,22
2025-01-13,2689.47,2693.34,2656.66,2662.24,137562,14
2025-01-14,2664.21,2677.88,2659.83,2676.75,126063,23
2025-01-15,2676.71,2697.24,2669.21,2695.37,121649,22
2025-01-16,2696.26,2724.66,2689.7,2713.58,135443,22
2025-01-17,2714.06,2717.34,2699.18,2701.71,129104,22
2025-01-20,2701.1,2713.74,2689.34,2706.11,121377,22
2025-01-21,2707.91,2745.86,2702.59,2744.79,152794,23
2025-01-22,2743.55,2763.32,2741.84,2755.34,130561,22
2025-01-23,2755.32,2758.77,2735.84,2753.71,137348,22
2025-01-24,2753.85,2785.89,2753.59,2770.82,141484,22
2025-01-27,2765.67,2772.48,2730.4,2741.0,157018,22
2025-01-28,2740.93,2764.92,2734.73,2763.24,117055,22
2025-01-29,2763.1,2766.06,2744.8,2757.37,138440,22
2025-01-30,2758.34,2798.3,2758.25,2793.26,136352,22
2025-01-31,2793.11,2817.05,2791.0,2800.41,155062,22
2025-02-03,2801.71,2830.58,2772.07,2814.62,192409,22
2025-02-04,2813.35,2845.4,2807.17,2841.51,163135,22
2025-02-05,2841.22,2882.2,2839.66,2865.18,144263,19
2025-02-06,2867.5,2873.21,2834.06,2856.42,121732,13
2025-02-07,2855.99,2886.75,2852.46,2860.67,116462,19
2025-02-10,2861.42,2911.4,2860.17,2907.42,125545,16
2025-02-11,2911.83,2942.54,2881.78,2898.54,147356,19
2025-02-12,2897.83,2909.09,2864.04,2903.4,124924,19
2025-02-13,2904.66,2929.3,2900.39,2928.98,125820,13
2025-02-14,2928.1,2940.01,2877.03,2882.91,146454,19
2025-02-17,2893.54,2906.32,2878.81,2899.08,98566,13
2025-02-18,2898.94,2936.82,2891.91,2935.44,103629,16
2025-02-19,2935.14,2947.0,2918.61,2932.5,125015,18
2025-02-20,2933.64,2954.83,2924.06,2938.83,121338,19
2025-02-21,2939.55,2949.7,2916.68,2935.38,119297,19
2025-02-24,2939.55,2956.15,2921.32,2951.37,124398,19
2025-02-25,2952.82,2953.26,2888.22,2915.04,136568,17
2025-02-26,2915.91,2930.1,2890.73,2916.53,115297,19
2025-02-27,2915.57,2920.72,2867.73,2877.17,136441,20
2025-02-28,2876.5,2885.05,2832.58,2858.42,132410,20
2025-03-03,2873.06,2895.13,2858.88,2893.7,124982,21
2025-03-04,2892.68,2927.74,2881.81,2917.32,124378,23
2025-03-05,2917.7,2929.83,2894.28,2918.43,138626,23
2025-03-06,2918.34,2926.48,2891.22,2910.21,131087,21
2025-03-07,2912.61,2930.35,2896.79,2911.17,139318,23
2025-03-10,2912.26,2918.23,2880.18,2888.09,136992,19
2025-03-11,2889.33,2922.02,2880.27,2915.85,116318,19
2025-03-12,2915.19,2940.4,2906.03,2932.56,122600,21
2025-03-13,2934.97,2988.11,2932.85,2987.91,122521,21
2025-03-14,2984.2,3004.9,2978.43,2987.46,121927,21
2025-03-17,2987.57,3001.61,2982.2,3001.08,101931,21
2025-03-18,3001.02,3038.22,2999.29,3033.94,113307,21
2025-03-19,3033.69,3052.07,3022.78,3046.64,111641,21
2025-03-20,3048.44,3057.38,3025.68,3044.41,118080,21
2025-03-21,3044.9,3047.41,2999.36,3022.95,112285,21
2025-03-24,3023.36,3033.29,3002.38,3013.81,118977,21
2025-03-25,3011.53,3035.77,3007.48,3020.4,100854,21
2025-03-26,3021.11,3032.02,3012.21,3019.85,103256,21
2025-03-27,3020.33,3059.84,3017.56,3056.3,117930,21
2025-03-28,3055.94,3086.74,3054.13,3084.93,113244,21
2025-03-31,3092.45,3127.81,3076.65,3123.65,128641,21
2025-04-01,3124.68,3148.92,3100.73,3117.14,124688,21
2025-04-02,3114.07,3143.16,3105.23,3130.92,114383,21
2025-04-03,3129.95,3167.56,3054.25,3116.29,179616,21
2025-04-04,3114.38,3136.43,3015.88,3037.5,171245,21
2025-04-07,3027.85,3055.35,2956.66,2983.64,183464,21
2025-04-08,2981.95,3022.64,2974.69,2981.91,134374,21
2025-04-09,2982.72,3099.41,2969.95,3079.28,169037,21
2025-04-10,3080.26,3176.29,3071.33,3172.54,149738,0
2025-04-11,3179.39,3245.32,3177.15,3234.25,162199,21
2025-04-14,3221.92,3245.68,3193.73,3211.28,129591,21
2025-04-15,3212.38,3233.47,3209.96,3228.54,95545,21
2025-04-16,3230.8,3342.41,3230.71,3340.77,140304,21
2025-04-17,3348.72,3357.64,3284.01,3327.95,130434,21
2025-04-21,3331.86,3430.42,3331.27,3424.67,132466,23
2025-04-22,3427.9,3499.88,3366.71,3380.04,165458,21
2025-04-23,3326.95,3386.54,3260.09,3289.13,159208,21
2025-04-24,3305.88,3367.27,3305.3,3347.51,133775,21
2025-04-25,3352.56,3370.65,3265.09,3313.61,128364,21
2025-04-28,3325.87,3352.95,3267.87,3342.84,122343,21
2025-04-29,3345.24,3345.24,3299.67,3318.4,110339,21
2025-04-30,3317.59,3327.97,3266.79,3290.31,117348,21
2025-05-01,3285.3,3287.87,3201.92,3237.3,123411,21
2025-05-02,3239.09,3269.2,3222.79,3238.68,119363,21
2025-05-05,3238.61,3337.55,3237.73,3331.26,115396,21
2025-05-06,3333.33,3430.86,3323.33,3430.14,136653,21
2025-05-07,3416.74,3421.67,3360.08,3366.59,137507,21
2025-05-08,3372.35,3414.52,3288.69,3307.62,138126,23
2025-05-09,3310.32,3347.5,3274.6,3327.63,121710,23
2025-05-12,3288.5,3292.35,3207.69,3235.04,142981,23
2025-05-13,3237.38,3265.12,3215.8,3251.12,117146,23
2025-05-14,3251.8,3256.98,3167.96,3181.37,134700,23
2025-05-15,3180.48,3239.47,3120.81,3237.16,134556,23
2025-05-16,3241.66,3252.03,3154.22,3201.87,127881,23
2025-05-19,3215.86,3249.71,3206.57,3230.63,105153,23
2025-05-20,3228.02,3295.68,3204.56,3290.04,107247,23
2025-05-21,3292.38,3324.79,3285.27,3314.62,117442,23
2025-05-22,3318.83,3345.29,3279.22,3293.96,127958,23
2025-05-23,3297.33,3365.89,3287.03,3358.91,119647,23
2025-05-26,3351.71,3356.72,3323.68,3341.05,72594,23
2025-05-27,3346.18,3349.86,3284.95,3302.95,117016,23
2025-05-28,3304.05,3325.41,3288.22,3290.8,105991,23
2025-05-29,3289.28,3330.76,3245.47,3317.69,126839,23
2025-05-30,3317.64,3322.62,3271.54,3291.54,115105,23
2025-06-02,3303.09,3382.64,3300.18,3381.67,123355,23
2025-06-03,3384.74,3392.06,3333.1,3353.05,118944,23
2025-06-04,3356.65,3384.65,3343.74,3372.83,112824,23
2025-06-05,3373.99,3403.23,3339.52,3352.29,123285,23
2025-06-06,3355.86,3375.49,3307.04,3311.35,116468,23
2025-06-09,3317.76,3338.16,3293.35,3326.52,103807,23
2025-06-10,3324.2,3349.07,3301.76,3323.07,107403,23
2025-06-11,3322.27,3360.61,3315.4,3352.95,112227,23
2025-06-12,3357.64,3398.82,3338.15,3385.29,127458,23
2025-06-13,3383.83,3446.72,3379.67,3432.75,133979,23
2025-06-16,3440.97,3451.19,3382.24,3383.66,110166,23
2025-06-17,3388.18,3403.19,3366.11,3389.77,108990,23
2025-06-18,3395.46,3399.97,3362.5,3367.0,105229,23
2025-06-19,3371.19,3387.93,3347.47,3370.46,80209,23
2025-06-20,3370.15,3374.42,3340.34,3368.77,90109,23
2025-06-23,3383.5,3393.35,3346.95,3368.82,104119,23
2025-06-24,3358.6,3363.68,3295.39,3322.91,106885,23
2025-06-25,3322.65,3337.08,3311.84,3332.04,79347,23
2025-06-26,3333.84,3350.23,3309.84,3329.86,92233,23
2025-06-27,3325.21,3325.26,3256.12,3274.49,104771,23
2025-06-30,3272.53,3309.37,3248.86,3302.63,87364,21
2025-07-01,3303.94,3357.89,3302.24,3339.22,88647,21
2025-07-02,3339.85,3359.9,3327.55,3355.79,80659,21
2025-07-03,3359.37,3365.65,3311.52,3325.7,80657,21
2025-07-04,3324.64,3345.03,3323.45,3336.95,54078,21
2025-07-07,3341.37,3341.9,3296.39,3336.9,98189,21
2025-07-08,3340.65,3345.77,3287.09,3300.21,91162,21
2025-07-09,3302.8,3316.75,3282.72,3313.51,92007,21
2025-07-10,3315.66,3330.24,3310.0,3324.12,77147,21
2025-07-11,3325.51,3368.63,3321.73,3357.23,105496,21
2025-07-14,3360.49,3374.9,3340.97,3342.03,101792,21
2025-07-15,3342.88,3366.31,3320.18,3325.44,84989,21
2025-07-16,3326.05,3377.43,3319.57,3347.45,94076,21
2025-07-17,3350.69,3352.04,3309.68,3337.56,86943,21
2025-07-18,3341.5,3361.17,3331.78,3351.23,77452,21
2025-07-21,3348.73,3401.42,3344.88,3396.94,85832,21
2025-07-22,3398.81,3433.35,3383.27,3428.86,93113,21
2025-07-23,3430.83,3438.81,3381.43,3388.58,104822,21
2025-07-24,3390.51,3393.26,3351.16,3367.14,97570,21
2025-07-25,3369.29,3373.38,3324.91,3336.35,81239,21
2025-07-28,3329.25,3345.25,3301.67,3315.68,89733,21
2025-07-29,3313.88,3334.08,3307.84,3325.43,95003,21
2025-07-30,3327.58,3333.94,3268.06,3274.71,91488,21
2025-07-31,3277.15,3314.75,3276.24,3290.32,98130,21
2025-08-01,3291.52,3362.52,3281.55,3362.17,106411,21
2025-08-04,3364.13,3385.36,3344.96,3373.6,95063,21
2025-08-05,3376.07,3390.34,3349.78,3378.86,84744,21
2025-08-06,3381.14,3385.2,3358.2,3367.82,85777,21
2025-08-07,3372.33,3401.63,3365.19,3395.65,129442,21
2025-08-08,3407.59,3407.62,3374.36,3397.48,183849,0
2025-08-11,3400.47,3401.83,3341.15,3343.6,122964,21
2025-08-12,3344.12,3359.15,3331.06,3349.22,127701,21
2025-08-13,3349.83,3370.74,3342.61,3355.84,101898,21
2025-08-14,3357.19,3374.72,3329.75,3334.96,128140,21
2025-08-15,3336.43,3348.67,3332.14,3335.53,101572,21
2025-08-18,3334.57,3358.32,3323.46,3332.54,92852,21
2025-08-19,3333.25,3345.24,3314.78,3315.23,90824,21
2025-08-20,3316.33,3350.13,3311.41,3348.18,93106,21
2025-08-21,3351.02,3352.01,3325.14,3338.16,92787,21
2025-08-22,3339.97,3378.73,3321.38,3371.48,103006,21
2025-08-25,3368.58,3376.22,3359.75,3364.43,69945,21
2025-08-26,3366.5,3391.09,3351.24,3391.05,111875,21
2025-08-27,3390.48,3398.81,3373.8,3395.85,98397,21
2025-08-28,3397.94,3423.01,3384.48,3416.5,112601,21
2025-08-29,3416.32,3453.82,3404.29,3447.29,122486,21
2025-09-01,3445.83,3489.84,3437.01,3475.48,120615,21
2025-09-02,3475.88,3539.96,3470.17,3535.57,187881,21
2025-09-03,3532.75,3578.32,3526.23,3560.4,165843,21
2025-09-04,3560.19,3564.05,3511.46,3544.84,161840,21
2025-09-05,3545.35,3600.02,3539.93,3587.31,158818,21
2025-09-08,3591.63,3646.35,3579.48,3636.97,122901,21
2025-09-09,3636.09,3674.58,3626.36,3629.12,132752,21
2025-09-10,3627.51,3657.47,3620.23,3638.91,119024,21
2025-09-11,3644.13,3648.97,3611.93,3633.64,110371,21
2025-09-12,3635.9,3656.53,3630.48,3642.32,108896,21
2025-09-15,3644.63,3685.44,3626.54,3680.69,113105,21
2025-09-16,3679.6,3702.92,3674.67,3692.04,119923,21
2025-09-17,3691.35,3707.42,3646.14,3658.76,134278,21
2025-09-18,3659.43,3672.96,3627.9,3643.8,133751,21
2025-09-19,3643.1,3685.17,3632.22,3684.29,127090,21
2025-09-22,3687.88,3748.74,3683.61,3747.8,132471,21
2025-09-23,3746.55,3791.01,3736.7,3763.4,149380,21
2025-09-24,3765.4,3779.23,3717.48,3735.89,131640,21
2025-09-25,3739.3,3761.45,3722.01,3751.8,139034,21
2025-09-26,3747.48,3783.73,3734.43,3761.78,131266,21
2025-09-29,3764.52,3833.46,3763.35,3830.92,149876,15
2025-09-30,3831.81,3871.55,3792.99,3858.06,151305,15
2025-10-01,3860.0,3895.18,3853.34,3863.29,148522,15
2025-10-02,3864.57,3896.78,3819.42,3855.44,135653,15
2025-10-03,3857.07,3891.59,3837.97,3885.46,135214,15
2025-10-06,3888.17,3970.05,3884.11,3960.11,165116,15
2025-10-07,3960.56,3991.02,3940.89,3985.25,164567,15
2025-10-08,3986.17,4059.12,3984.53,4044.48,163488,15
2025-10-09,4036.35,4057.79,3944.26,3976.1,180093,15
2025-10-10,3977.41,4022.81,3946.93,4010.28,183778,17
2025-10-13,4010.13,4117.01,4010.13,4111.07,165834,17
2025-10-14,4113.1,4179.63,4089.97,4143.95,187052,17
2025-10-15,4140.67,4218.08,4140.64,4209.68,163370,17
2025-10-16,4212.57,4325.48,4199.57,4324.66,172078,15
2025-10-17,4337.13,4379.2,4185.75,4246.35,215675,15
2025-10-20,4259.89,4381.25,4219.01,4357.11,185447,19
2025-10-21,4366.18,4375.18,4080.74,4127.22,204869,19
2025-10-22,4122.42,4161.26,4003.3,4102.04,206300,15
2025-10-23,4110.5,4154.66,4065.9,4119.31,174883,15
2025-10-24,4126.31,4144.38,4044.38,4110.84,161552,19
2025-10-27,4083.43,4108.62,3971.54,3985.99,182005,17
2025-10-28,3988.4,4019.61,3886.56,3953.98,176462,17
2025-10-29,3955.19,4029.88,3915.23,3933.66,179053,19
2025-10-30,3921.73,4026.99,3915.23,4025.35,181660,19
2025-10-31,4020.55,4046.04,3972.28,4002.49,172177,19
2025-11-03,3995.64,4030.5,3962.68,4001.55,151612,15
2025-11-04,4004.77,4004.77,3928.72,3931.93,146894,15
2025-11-05,3937.7,3990.42,3929.45,3982.28,129327,15
2025-11-06,3968.6,4019.5,3964.51,3977.72,127722,17
2025-11-07,3978.93,4027.4,3978.11,3999.57,123089,15
2025-11-10,4006.48,4115.83,4004.17,4115.65,157730,17
2025-11-11,4116.3,4148.86,4097.09,4126.41,155827,17
2025-11-12,4130.52,4211.66,4098.8,4198.65,181649,17
2025-11-13,4202.78,4244.93,4145.41,4171.48,193731,17
2025-11-14,4176.94,4211.14,4032.21,4079.39,200464,17
2025-11-17,4077.87,4106.63,4006.91,4044.44,188906,17
2025-11-18,4050.74,4082.46,3997.99,4067.69,187634,17
2025-11-19,4067.2,4132.73,4055.59,4081.59,187201,17
2025-11-20,4088.11,4110.03,4038.94,4077.35,197404,15
2025-11-21,4073.62,4100.95,4022.57,4065.69,198840,17
2025-11-24,4067.39,4139.9,4040.14,4139.56,167908,17
2025-11-25,4134.42,4159.24,4109.57,4130.93,172503,20
2025-11-26,4134.29,4173.34,4129.72,4164.34,154827,20
2025-11-27,4164.67,4168.64,4142.57,4157.17,109465,20
2025-11-28,4159.35,4226.75,4129.31,4219.29,104256,20
2025-12-01,4225.62,4264.46,4205.48,4232.46,201664,21
2025-12-02,4231.41,4235.83,4163.52,4207.94,173418,21
2025-12-03,4202.81,4241.52,4194.55,4206.04,177561,21
2025-12-04,4206.7,4219.65,4174.99,4208.59,173666,21
2025-12-05,4208.9,4259.21,4191.95,4196.86,172590,22
2025-12-08,4203.18,4218.84,4176.0,4188.88,171670,22
2025-12-09,4191.81,4221.32,4169.92,4209.39,182763,21
2025-12-10,4208.78,4238.71,4181.87,4228.33,173644,21
2025-12-11,4227.95,4285.9,4204.2,4282.98,190870,21
2025-12-12,4282.67,4353.6,4257.76,4302.74,207660,21
2025-12-15,4303.29,4350.22,4285.22,4302.43,191343,21
2025-12-16,4307.19,4334.98,4271.33,4303.65,193998,21
2025-12-17,4303.64,4348.86,4302.57,4340.88,198333,21
2025-12-18,4339.04,4374.58,4308.8,4332.13,193546,21
2025-12-19,4335.61,4356.48,4309.22,4338.6,170634,21
2025-12-22,4340.69,4449.15,4339.69,4445.53,158852,21
2025-12-23,4449.47,4499.69,4430.36,4488.47,189381,21
2025-12-24,4488.37,4525.57,4448.43,4479.48,170424,21
2025-12-26,4486.88,4549.7,4482.2,4531.49,208488,21
2025-12-29,4540.32,4545.98,4300.55,4332.35,236150,22
2025-12-30,4340.31,4404.06,4323.48,4346.58,215709,22
2025-12-31,4341.02,4373.08,4274.6,4314.45,206674,24
2026-01-02,4327.16,4402.24,4309.64,4330.51,179738,22
2026-01-05,4356.68,4455.66,4349.83,4448.38,210092,22
2026-01-06,4454.29,4497.33,4427.81,4497.22,191587,24
2026-01-07,4498.38,4500.44,4423.36,4452.94,200460,23
2026-01-08,4461.79,4479.49,4407.66,4476.47,205880,23
2026-01-09,4477.29,4517.07,4452.86,4510.22,183051,23
2026-01-12,4521.15,4630.12,4521.04,4593.75,210385,23
2026-01-13,4596.71,4634.56,4569.78,4587.85,200327,23
2026-01-14,4591.6,4642.88,4591.35,4620.71,229298,23
2026-01-15,4622.31,4624.46,4580.89,4614.76,239829,23
2026-01-16,4618.6,4620.29,4536.64,4594.61,219740,23
2026-01-19,4648.66,4690.55,4644.81,4670.66,158606,23
2026-01-20,4668.59,4766.16,4659.44,4763.32,220949,23
2026-01-21,4762.08,4888.26,4755.53,4836.52,255720,23
2026-01-22,4815.92,4940.64,4772.26,4936.42,224573,24
2026-01-23,4952.04,4989.58,4899.77,4982.44,224338,24
2026-01-26,5014.0,5110.96,4989.9,5014.71,293738,27
2026-01-27,5034.61,5190.26,5013.77,5189.31,281167,27
2026-01-28,5182.28,5402.09,5156.83,5399.72,300553,27
2026-01-29,5440.57,5598.08,5103.39,5393.99,337129,27
2026-01-30,5419.47,5450.51,4690.03,4863.57,365008,39
2026-02-02,4825.15,4884.66,4402.59,4664.12,355815,39
2026-02-03,4700.48,4993.81,4695.25,4938.79,315761,39
2026-02-04,4957.36,5091.83,4851.78,4963.32,276248,33
2026-02-05,4995.05,5023.61,4759.6,4770.46,314978,36
2026-02-06,4776.68,4971.23,4651.04,4960.19,260834,39
2026-02-09,4987.55,5086.46,4964.96,5065.28,231459,39
2026-02-10,5056.64,5078.54,4987.7,5023.25,222976,39
2026-02-11,5033.59,5118.84,5018.59,5078.82,207221,36
2026-02-12,5095.32,5096.18,4878.53,4919.66,214348,36
2026-02-13,4891.66,5046.02,4888.63,5042.78,217580,36
2026-02-16,5015.19,5032.34,4965.73,4993.49,122392,35
2026-02-17,4998.2,5000.66,4842.03,4877.64,203742,35
2026-02-18,4870.68,5010.77,4854.0,4979.28,167144,35
2026-02-19,4972.97,5022.14,4960.77,4999.04,165451,35
2026-02-20,5001.81,5104.85,4981.69,5103.59,184695,35
2026-02-23,5117.59,5237.75,5117.54,5231.23,207567,35
2026-02-24,5243.06,5249.58,5093.52,5148.0,206847,40
2026-02-25,5136.04,5217.42,5127.74,5170.69,192084,40
2026-02-26,5175.98,5205.22,5130.29,5187.0,208934,35
2026-02-27,5181.85,5278.74,5166.85,5277.51,205341,35
2026-03-02,5358.16,5418.89,5260.32,5327.04,288403,51
2026-03-03,5344.76,5379.48,4995.98,5087.21,306775,45
2026-03-04,5110.33,5205.77,5103.69,5135.69,270529,45
2026-03-05,5151.98,5194.61,5050.72,5077.2,254959,45
2026-03-06,5089.8,5174.31,5061.83,5170.92,236079,45
2026-03-09,5164.39,5168.4,5014.76,5138.39,283565,0
2026-03-10,5127.42,5238.35,5116.99,5195.62,236439,45
2026-03-11,5191.49,5223.04,5145.14,5176.16,202439,45
2026-03-12,5177.44,5191.49,5054.81,5080.63,218346,45
2026-03-13,5083.43,5128.07,5009.46,5018.52,215998,45
2026-03-16,5015.17,5037.76,4967.0,5009.16,248665,45
2026-03-17,5010.84,5044.21,4973.36,5002.82,195691,45
2026-03-18,5000.67,5016.11,4806.57,4825.37,229318,45
2026-03-19,4825.2,4866.94,4502.36,4657.62,301393,45
2026-03-20,4659.13,4735.52,4477.16,4497.16,296653,45
2026-03-23,4474.93,4535.72,4098.74,4412.09,377098,45
2026-03-24,4380.2,4483.73,4305.8,4465.51,350744,45
2026-03-25,4479.02,4602.39,4455.73,4505.79,283985,45
2026-03-26,4520.93,4544.25,4350.89,4401.57,300449,45
2026-03-27,4386.78,4555.14,4375.32,4498.41,248096,45
2026-03-30,4511.48,4580.43,4418.17,4504.4,273764,45
2026-03-31,4517.29,4686.8,4482.52,4667.83,275283,37
2026-04-01,4673.76,4792.65,4661.21,4762.37,250101,37
2026-04-02,4759.27,4800.26,4553.93,4670.6,273301,37
2026-04-06,4636.15,4706.41,4600.63,4650.11,213310,37
2026-04-07,4661.65,4718.52,4607.46,4711.98,249097,37
2026-04-08,4744.36,4857.22,4699.47,4719.86,263318,37
2026-04-09,4727.3,4800.96,4698.76,4764.86,217868,37
2026-04-10,4771.92,4794.9,4730.36,4750.34,198269,37
2026-04-13,4669.24,4749.9,4644.16,4738.91,216467,37
2026-04-14,4745.91,4846.05,4745.13,4840.95,192426,47
2026-04-15,4848.6,4871.23,4786.19,4789.01,209456,45
2026-04-16,4796.48,4838.12,4772.62,4789.86,221515,47
2026-04-17,4793.98,4891.05,4767.54,4832.74,229239,39
2026-04-20,4773.29,4827.36,4736.81,4816.78,243335,39
2026-04-21,4825.12,4832.58,4668.27,4712.96,273211,39
2026-04-22,4725.41,4772.14,4714.98,4738.33,219254,44
2026-04-23,4741.61,4753.39,4664.11,4690.34,299464,39
2026-04-24,4694.77,4740.19,4657.47,4706.74,269860,39
2026-04-27,4696.83,4729.81,4667.04,4679.79,233900,41
2026-04-28,4682.33,4701.07,4554.73,4593.06,275281,42
2026-04-29,4598.41,4610.13,4510.08,4541.81,278221,42
2026-04-30,4539.7,4646.76,4539.37,4618.42,279010,42
2026-05-01,4628.74,4660.08,4560.21,4613.13,220722,42
2026-05-04,4625.35,4629.13,4500.56,4521.4,264185,42
2026-05-05,4520.26,4586.43,4513.44,4555.83,202591,42
2026-05-06,4552.25,4722.86,4546.13,4689.31,270338,42
2026-05-07,4690.44,4764.59,4685.04,4702.3,281156,42
2026-05-08,4692.99,4749.18,4681.58,4714.96,248224,42
2026-05-11,4686.72,4748.38,4647.93,4736.57,241651,42
2026-05-12,4740.4,4773.25,4638.23,4715.16,261682,42
2026-05-13,4719.97,4726.51,4669.27,4688.74,240569,42
2026-05-14,4693.19,4718.58,4644.21,4650.21,249962,42
2026-05-15,4652.62,4665.08,4511.61,4538.07,322415,39
2026-05-18,4544.86,4584.04,4480.26,4563.7,314506,39
2026-05-19,4570.72,4589.12,4464.78,4483.03,270219,37
2026-05-20,4484.14,4552.41,4453.53,4542.77,277479,37
2026-05-21,4544.14,4570.6,4488.63,4540.44,285569,37
2026-05-22,4544.72,4544.79,4488.45,4506.77,238183,37
2026-05-25,4550.43,4579.81,4548.35,4570.78,159540,44
2026-05-26,4570.84,4580.02,4482.41,4506.5,231729,37
2026-05-27,4505.93,4527.97,4401.36,4454.14,230765,36
2026-05-28,4456.32,4516.39,4366.45,4495.87,258576,36
2026-05-29,4497.37,4595.17,4488.93,4541.77,227905,36
2026-06-01,4520.19,4545.79,4446.93,4483.77,213286,36
2026-06-02,4483.03,4541.34,4462.87,4488.65,199165,36
2026-06-03,4490.15,4496.6,4426.31,4431.36,229029,36
2026-06-04,4432.18,4515.3,4423.64,4474.66,225691,36
2026-06-05,4473.63,4481.28,4311.67,4327.26,283106,36
2026-06-08,4320.46,4353.25,4268.5,4327.26,304028,36
2026-06-09,4326.81,4363.37,4236.66,4261.67,272060,36
2026-06-10,4255.11,4257.28,4067.38,4067.78,344411,36
2026-06-11,4063.23,4219.92,4023.77,4211.06,346483,39
2026-06-12,4208.43,4246.45,4170.12,4214.9,296396,39
2026-06-15,4300.53,4369.36,4280.33,4309.81,232962,39
2026-06-16,4313.1,4354.76,4305.77,4331.77,220894,39
2026-06-17,4331.58,4382.28,4218.86,4258.39,239564,36
2026-06-18,4258.31,4329.63,4201.44,4210.02,273963,36
2026-06-19,4204.81,4210.35,4121.65,4155.46,181207,36
2026-06-22,4156.47,4220.4,4136.37,4191.05,256494,36
2026-06-23,4192.72,4198.1,4090.85,4110.26,278054,36
2026-06-24,4111.27,4114.94,3959.19,3997.04,326224,39
2026-06-25,4007.4,4044.05,3963.6,4024.61,307938,41
2026-06-26,4029.29,4095.84,3982.9,4075.46,270623,41
2026-06-29,4075.63,4083.47,3999.84,4014.54,249773,41
2026-06-30,4018.49,4063.22,3941.74,4010.82,247781,41
2026-07-01,4013.93,4115.58,3960.06,4032.82,251685,41
2026-07-02,4039.19,4143.66,4030.54,4119.55,272803,41
2026-07-03,4125.41,4195.19,4121.01,4174.76,162630,41
2026-07-06,4180.2,4202.82,4128.37,4163.2,225692,37
2026-07-07,4164.58,4180.29,4092.14,4104.97,241981,37
2026-07-08,4104.9,4133.76,4021.62,4075.08,312222,40
2026-07-09,4074.11,4137.81,4054.09,4123.54,233501,40
2026-07-10,4125.06,4134.59,4072.53,4113.6,196657,40
2026-07-13,4091.08,4093.93,3986.47,3999.0,283135,37
2026-07-14,4001.46,4101.35,3983.67,4049.98,267671,37
2026-07-15,4052.87,4081.1,4017.27,4061.23,244598,37
2026-07-16,4061.28,4064.54,3968.85,3974.5,263738,37
2026-07-17,3978.45,4023.6,3959.52,4015.66,283907,37
2026-07-20,3996.66,4040.57,3982.56,4007.79,247431,37
2026-07-21,4007.96,4086.83,3999.59,4078.29,216644,37
2026-07-22,4078.52,4165.87,4076.63,4129.97,242596,37
2026-07-23,4120.67,4140.77,4040.01,4049.56,260542,37
2026-07-24,4048.97,4081.9,4021.9,4054.23,211417,37
2026-07-27,4089.37,4115.98,4065.29,4076.44,237805,37
2026-07-28,4080.74,4081.16,4011.4,4027.39,242530,37
2026-07-29,4026.65,4116.38,3995.83,4065.98,268464,37
2026-07-30,4073.67,4120.3,4028.29,4099.86,299540,37
2026-07-31,4102.85,4111.55,4020.45,4051.26,219235,37
2026-08-03,4075.2,4078.82,4018.97,4056.16,213040,37
2026-08-04,4051.27,4106.26,4042.43,4076.76,201312,37
2026-08-05,4077.96,4267.51,4065.35,4244.02,255328,37
2026-08-06,4249.13,4303.9,4223.35,4236.45,256322,37
2026-08-07,4236.38,4371.65,4229.54,4339.65,269737,37
2026-08-10,4340.07,4395.04,4313.3,4388.81,232758,37
2026-08-11,4389.51,4434.98,4356.65,4367.28,246736,37
2026-08-12,4372.47,4441.26,4362.39,4408.14,239764,37
2026-08-13,4405.27,4449.59,4343.4,4349.77,256109,37
2026-08-14,4352.93,4396.87,4310.76,4375.21,220506,37
2026-08-17,4373.1,4428.71,4367.02,4415.56,224105,37
2026-08-18,4416.27,4436.04,4329.0,4332.93,233416,37
2026-08-19,4341.63,4523.43,4324.42,4520.74,275820,37
2026-08-20,4521.02,4540.74,4450.52,4518.4,273722,37
2026-08-21,4519.99,4632.06,4508.56,4606.2,264471,37
2026-08-24,4610.21,4680.7,4594.65,4650.15,306550,37
2026-08-25,4655.67,4696.6,4605.24,4660.94,282483,37
2026-08-26,4661.3,4673.65,4583.03,4593.23,250427,37
2026-08-27,4603.27,4642.91,4565.28,4604.47,260380,37
2026-08-28,4601.89,4630.41,4445.34,4459.1,284503,37
2026-08-31,4446.03,4471.86,4396.35,4447.13,267688,37
2026-09-01,4453.9,4461.3,4322.87,4328.25,287100,37
2026-09-02,4331.06,4397.4,4282.4,4388.9,282263,37
2026-09-03,4390.98,4510.65,4381.02,4472.66,270546,37
2026-09-04,4476.21,4490.53,4365.51,4428.59,242143,37
2026-09-07,4422.04,4435.0,4381.02,4406.06,166860,37
2026-09-08,4412.62,4442.81,4344.06,4347.62,265231,37
2026-09-09,4357.29,4433.92,4341.22,4399.82,245082,37
2026-09-10,4405.15,4434.36,4313.62,4315.09,277057,37
2026-09-11,4321.95,4402.32,4288.16,4347.45,278446,37
2026-09-14,4338.48,4355.17,4253.45,4296.55,258749,37
2026-09-15,4299.37,4317.21,4261.21,4292.52,239319,37
2026-09-16,4295.12,4364.49,4235.01,4265.62,260757,37
2026-09-17,4259.79,4381.06,4257.36,4341.99,265074,37
