time,open,high,low,close,tick_volume,spread
2023-06-28 00:00:00,1914.55,1917.19,1914.26,1916.2,4017,7
2023-06-28 04:00:00,1916.2,1916.8,1913.36,1915.21,10866,7
2023-06-28 08:00:00,1915.19,1916.8,1908.17,1909.97,15363,7
2023-06-28 12:00:00,1910.0,1911.89,1905.58,1906.95,17533,7
2023-06-28 16:00:00,1906.96,1913.23,1902.83,1912.28,32819,7
2023-06-28 20:00:00,1912.29,1913.39,1906.84,1906.88,11379,7
2023-06-29 00:00:00,1907.78,1910.7,1907.78,1909.9,4401,7
2023-06-29 04:00:00,1910.03,1912.77,1902.72,1905.35,12739,7
2023-06-29 08:00:00,1905.36,1908.07,1902.48,1906.18,17194,7
2023-06-29 12:00:00,1906.23,1912.16,1895.48,1896.12,20192,7
2023-06-29 16:00:00,1896.15,1913.07,1892.95,1910.24,38186,7
2023-06-29 20:00:00,1910.2,1910.76,1906.21,1908.3,11142,7
2023-06-30 00:00:00,1908.71,1909.27,1907.04,1908.68,4670,7
2023-06-30 04:00:00,1908.72,1909.73,1906.85,1908.24,10214,7
2023-06-30 08:00:00,1908.26,1909.91,1900.47,1901.87,15687,7
2023-06-30 12:00:00,1902.16,1913.73,1901.47,1911.03,19845,7
2023-06-30 16:00:00,1911.0,1920.56,1909.72,1920.06,34292,7
2023-06-30 20:00:00,1920.06,1922.75,1917.81,1918.83,13553,7
2023-07-03 00:00:00,1918.49,1919.61,1916.75,1917.12,3909,7
2023-07-03 04:00:00,1917.11,1920.2,1914.6,1920.1,11640,7
2023-07-03 08:00:00,1920.1,1920.66,1910.04,1912.0,16564,7
2023-07-03 12:00:00,1911.99,1922.07,1911.59,1921.93,15081,7
2023-07-03 16:00:00,1921.93,1931.03,1919.46,1921.87,30193,7
2023-07-03 20:00:00,1922.02,1922.13,1920.64,1921.62,4209,7
2023-07-04 00:00:00,1921.12,1922.1,1919.87,1921.18,3220,7
2023-07-04 04:00:00,1921.22,1924.49,1920.05,1924.26,10382,7
2023-07-04 08:00:00,1924.26,1928.82,1923.3,1928.58,12645,7
2023-07-04 12:00:00,1928.59,1930.74,1926.24,1926.79,11758,7
2023-07-04 16:00:00,1926.79,1929.56,1924.13,1924.2,10104,7
2023-07-04 20:00:00,1924.2,1925.93,1924.01,1925.72,1404,7
2023-07-05 00:00:00,1926.19,1927.19,1924.86,1926.72,4283,7
2023-07-05 04:00:00,1926.72,1926.81,1923.21,1925.57,9438,7
2023-07-05 08:00:00,1925.57,1928.07,1920.85,1926.99,16308,7
2023-07-05 12:00:00,1926.99,1930.1,1925.14,1929.31,15999,7
2023-07-05 16:00:00,1929.33,1935.07,1919.09,1921.56,34188,7
2023-07-05 20:00:00,1921.57,1921.6,1915.2,1915.28,15504,7
2023-07-06 00:00:00,1916.22,1917.92,1915.54,1917.34,4115,7
2023-07-06 04:00:00,1917.34,1919.74,1916.43,1917.93,11435,7
2023-07-06 08:00:00,1917.94,1921.5,1916.26,1918.09,14695,7
2023-07-06 12:00:00,1918.06,1927.69,1902.66,1906.25,24786,7
2023-07-06 16:00:00,1906.31,1914.96,1902.77,1909.87,37812,7
2023-07-06 20:00:00,1909.87,1911.93,1908.95,1910.81,9269,7
2023-07-07 00:00:00,1911.01,1912.41,1909.53,1910.54,4482,7
2023-07-07 04:00:00,1910.54,1912.34,1909.89,1912.14,9459,7
2023-07-07 08:00:00,1912.14,1916.47,1911.93,1915.58,14716,7
2023-07-07 12:00:00,1915.58,1928.26,1914.27,1918.78,22775,7
2023-07-07 16:00:00,1918.77,1934.85,1915.41,1926.94,39058,7
2023-07-07 20:00:00,1926.94,1928.07,1924.26,1925.35,10974,7
2023-07-10 00:00:00,1925.16,1928.17,1922.78,1924.22,5839,7
2023-07-10 04:00:00,1924.26,1926.85,1920.9,1921.28,12123,7
2023-07-10 08:00:00,1921.28,1925.71,1919.37,1925.19,14190,7
2023-07-10 12:00:00,1925.19,1926.16,1912.65,1913.97,16266,7
2023-07-10 16:00:00,1913.9,1926.0,1913.9,1925.56,29156,7
2023-07-10 20:00:00,1925.68,1926.82,1924.82,1925.32,10961,7
2023-07-11 00:00:00,1925.29,1927.16,1924.27,1926.38,3999,7
2023-07-11 04:00:00,1926.38,1929.4,1924.75,1929.31,12866,7
2023-07-11 08:00:00,1929.35,1938.27,1928.06,1936.68,19548,7
2023-07-11 12:00:00,1936.76,1938.42,1929.47,1931.99,17105,7
2023-07-11 16:00:00,1932.01,1935.4,1929.36,1932.38,23768,7
2023-07-11 20:00:00,1932.4,1932.6,1930.49,1932.01,8148,7
2023-07-12 00:00:00,1932.25,1936.24,1932.22,1935.71,4782,7
2023-07-12 04:00:00,1935.71,1940.98,1935.64,1938.93,13357,7
2023-07-12 08:00:00,1938.94,1940.23,1933.8,1934.79,13518,7
2023-07-12 12:00:00,1934.8,1950.05,1933.47,1943.17,20673,7
2023-07-12 16:00:00,1943.13,1959.46,1940.94,1959.16,37953,7
2023-07-12 20:00:00,1959.18,1959.66,1955.71,1957.82,12187,7
2023-07-13 00:00:00,1957.8,1958.92,1956.48,1957.01,4443,7
2023-07-13 04:00:00,1957.01,1962.24,1956.35,1957.21,14176,7
2023-07-13 08:00:00,1957.22,1963.36,1955.23,1960.9,18308,7
2023-07-13 12:00:00,1960.9,1963.56,1952.29,1957.55,20445,7
2023-07-13 16:00:00,1957.53,1961.92,1954.67,1958.76,32181,7
2023-07-13 20:00:00,1958.76,1960.79,1957.57,1960.36,11522,7
2023-07-14 00:00:00,1960.53,1961.8,1958.33,1959.39,4915,7
2023-07-14 04:00:00,1959.39,1963.75,1958.43,1960.32,13519,7
2023-07-14 08:00:00,1960.37,1961.29,1954.35,1956.19,15764,7
2023-07-14 12:00:00,1956.19,1962.68,1955.11,1957.51,16807,7
2023-07-14 16:00:00,1957.46,1962.0,1950.89,1958.98,34810,7
2023-07-14 20:00:00,1959.02,1961.04,1954.23,1955.1,11536,7
2023-07-17 00:00:00,1954.96,1954.99,1951.39,1954.65,4739,7
2023-07-17 04:00:00,1954.67,1955.93,1950.78,1953.64,9841,7
2023-07-17 08:00:00,1953.64,1957.42,1950.56,1955.84,15139,7
2023-07-17 12:00:00,1955.91,1959.86,1948.11,1948.62,17871,7
2023-07-17 16:00:00,1948.68,1955.67,1945.71,1954.59,24755,7
2023-07-17 20:00:00,1954.64,1956.42,1952.41,1954.95,8630,7
2023-07-18 00:00:00,1954.65,1956.78,1954.65,1955.43,3941,7
2023-07-18 04:00:00,1955.44,1961.11,1955.08,1960.01,13497,7
2023-07-18 08:00:00,1960.02,1964.07,1957.75,1961.65,16667,7
2023-07-18 12:00:00,1961.64,1972.13,1960.68,1968.73,22069,7
2023-07-18 16:00:00,1968.84,1984.37,1963.7,1977.94,37067,7
2023-07-18 20:00:00,1977.95,1978.78,1975.01,1978.52,10560,7
2023-07-19 00:00:00,1978.8,1979.18,1976.61,1978.47,4818,7
2023-07-19 04:00:00,1978.47,1978.54,1974.03,1974.78,13155,7
2023-07-19 08:00:00,1974.82,1980.91,1972.92,1977.51,18002,7
2023-07-19 12:00:00,1977.51,1979.55,1971.57,1977.57,17895,7
2023-07-19 16:00:00,1977.56,1979.83,1969.79,1977.54,30758,7
2023-07-19 20:00:00,1977.53,1978.93,1976.23,1977.04,10701,7
2023-07-20 00:00:00,1978.21,1979.31,1976.87,1979.08,4343,7
2023-07-20 04:00:00,1978.99,1987.46,1978.99,1984.62,14962,7
2023-07-20 08:00:00,1984.62,1984.78,1977.88,1981.53,16877,7
2023-07-20 12:00:00,1981.53,1983.22,1972.38,1973.99,17016,7
2023-07-20 16:00:00,1973.99,1980.16,1965.3,1968.01,30887,7
2023-07-20 20:00:00,1968.02,1971.53,1968.0,1969.6,9017,7
2023-07-21 00:00:00,1970.49,1973.34,1970.13,1972.96,4740,7
2023-07-21 04:00:00,1972.97,1973.78,1968.98,1969.97,11729,7
2023-07-21 08:00:00,1969.97,1972.26,1961.15,1961.44,17052,7
2023-07-21 12:00:00,1961.44,1968.12,1961.02,1963.12,17413,7
2023-07-21 16:00:00,1963.15,1965.27,1956.76,1963.53,27482,7
2023-07-21 20:00:00,1963.53,1964.84,1961.5,1961.72,8385,7
2023-07-24 00:00:00,1962.35,1962.89,1959.86,1961.82,4323,7
2023-07-24 04:00:00,1961.8,1962.57,1959.02,1960.5,10916,7
2023-07-24 08:00:00,1960.49,1965.56,1957.8,1959.59,15875,7
2023-07-24 12:00:00,1959.65,1967.84,1959.4,1967.39,15373,7
2023-07-24 16:00:00,1967.45,1967.55,1957.0,1959.89,27381,7
2023-07-24 20:00:00,1959.89,1960.71,1953.44,1954.74,8964,7
2023-07-25 00:00:00,1955.15,1955.68,1953.19,1955.26,3726,7
2023-07-25 04:00:00,1955.26,1963.55,1955.26,1960.59,13358,7
2023-07-25 08:00:00,1960.59,1964.15,1959.34,1962.91,15165,7
2023-07-25 12:00:00,1962.91,1963.65,1953.12,1959.34,16194,7
2023-07-25 16:00:00,1959.25,1965.71,1951.38,1962.38,23374,7
2023-07-25 20:00:00,1962.39,1965.22,1961.27,1964.98,7957,7
2023-07-26 00:00:00,1964.78,1966.25,1964.04,1964.91,4299,7
2023-07-26 04:00:00,1964.9,1965.59,1961.99,1963.13,9749,7
2023-07-26 08:00:00,1963.13,1972.51,1962.4,1972.08,15261,7
2023-07-26 12:00:00,1972.21,1974.16,1969.56,1972.29,13485,7
2023-07-26 16:00:00,1972.19,1975.01,1963.9,1970.3,26004,7
2023-07-26 20:00:00,1970.31,1978.3,1965.45,1972.14,23842,7
2023-07-27 00:00:00,1971.21,1974.77,1970.8,1972.46,4102,7
2023-07-27 04:00:00,1972.27,1982.0,1972.26,1976.69,12378,7
2023-07-27 08:00:00,1976.42,1982.2,1973.96,1975.83,16625,7
2023-07-27 12:00:00,1975.83,1979.16,1957.91,1960.17,20149,7
2023-07-27 16:00:00,1960.28,1960.31,1942.56,1944.27,31792,7
2023-07-27 20:00:00,1944.29,1949.63,1943.29,1944.9,15728,7
2023-07-28 00:00:00,1946.82,1948.03,1945.37,1946.97,6759,7
2023-07-28 04:00:00,1946.95,1956.71,1946.61,1951.83,23511,7
2023-07-28 08:00:00,1951.84,1953.54,1947.8,1949.53,21193,7
2023-07-28 12:00:00,1949.55,1961.14,1948.32,1955.61,20659,7
2023-07-28 16:00:00,1955.59,1963.56,1952.27,1961.13,25628,7
2023-07-28 20:00:00,1961.13,1962.39,1957.47,1959.0,8515,7
2023-07-31 00:00:00,1959.72,1960.61,1956.36,1958.22,4903,7
2023-07-31 04:00:00,1958.32,1958.6,1953.48,1954.46,12843,7
2023-07-31 08:00:00,1954.46,1957.15,1950.43,1953.47,12915,7
2023-07-31 12:00:00,1953.46,1967.07,1953.26,1965.52,16411,7
2023-07-31 16:00:00,1965.52,1972.41,1962.75,1970.91,24627,7
2023-07-31 20:00:00,1970.93,1972.08,1964.2,1965.38,10256,7
2023-08-01 00:00:00,1965.74,1966.02,1962.97,1963.45,3828,7
2023-08-01 04:00:00,1963.44,1963.96,1958.85,1959.61,11248,7
2023-08-01 08:00:00,1959.63,1960.2,1954.43,1955.83,14025,7
2023-08-01 12:00:00,1955.81,1957.65,1945.99,1946.82,17270,7
2023-08-01 16:00:00,1946.9,1953.81,1941.37,1943.13,28158,7
2023-08-01 20:00:00,1943.1,1945.57,1941.27,1944.18,8576,7
2023-08-02 00:00:00,1950.08,1952.87,1948.29,1949.25,7759,7
2023-08-02 04:00:00,1949.24,1949.92,1945.2,1946.39,11285,7
2023-08-02 08:00:00,1946.4,1951.83,1946.28,1949.8,14764,7
2023-08-02 12:00:00,1949.79,1954.73,1943.67,1945.65,19110,7
2023-08-02 16:00:00,1945.63,1947.7,1932.85,1935.7,29520,7
2023-08-02 20:00:00,1935.71,1939.12,1934.62,1934.87,6950,7
2023-08-03 00:00:00,1935.35,1937.05,1934.69,1935.49,3266,7
2023-08-03 04:00:00,1935.52,1938.97,1933.91,1934.12,10233,7
2023-08-03 08:00:00,1934.12,1938.36,1930.88,1937.75,16873,7
2023-08-03 12:00:00,1937.76,1938.39,1929.45,1932.84,21140,7
2023-08-03 16:00:00,1932.89,1938.7,1930.38,1935.69,28418,7
2023-08-03 20:00:00,1935.69,1935.91,1932.5,1934.24,7787,7
2023-08-04 00:00:00,1934.79,1936.98,1934.54,1936.71,3653,7
2023-08-04 04:00:00,1936.79,1937.98,1933.15,1934.56,12260,7
2023-08-04 08:00:00,1934.58,1937.48,1932.08,1932.49,11890,7
2023-08-04 12:00:00,1932.49,1942.73,1925.41,1938.98,19387,7
2023-08-04 16:00:00,1938.91,1946.81,1937.58,1941.79,29721,7
2023-08-04 20:00:00,1941.77,1942.88,1939.82,1942.75,8192,7
2023-08-07 00:00:00,1942.53,1946.66,1942.44,1944.34,4684,7
2023-08-07 04:00:00,1944.34,1944.34,1937.49,1938.8,9060,7
2023-08-07 08:00:00,1938.8,1938.97,1934.44,1936.22,11231,7
2023-08-07 12:00:00,1936.22,1938.27,1933.33,1938.06,12535,7
2023-08-07 16:00:00,1938.08,1941.7,1931.46,1934.45,20556,7
2023-08-07 20:00:00,1934.44,1937.67,1934.13,1936.34,7305,7
2023-08-08 00:00:00,1936.54,1938.02,1935.12,1935.71,4456,7
2023-08-08 04:00:00,1935.67,1935.72,1931.16,1934.48,10878,7
2023-08-08 08:00:00,1934.48,1935.13,1930.2,1935.12,13736,7
2023-08-08 12:00:00,1935.13,1935.59,1923.75,1925.37,18442,7
2023-08-08 16:00:00,1925.36,1932.05,1922.78,1925.38,23332,7
2023-08-08 20:00:00,1925.42,1926.65,1923.55,1924.72,8516,7
2023-08-09 00:00:00,1924.94,1926.56,1924.55,1925.04,2924,7
2023-08-09 04:00:00,1925.03,1931.02,1924.24,1930.3,10142,7
2023-08-09 08:00:00,1930.31,1932.34,1927.39,1928.06,10106,7
2023-08-09 12:00:00,1928.03,1928.33,1922.09,1924.9,12914,7
2023-08-09 16:00:00,1924.9,1927.58,1915.57,1916.31,23744,7
2023-08-09 20:00:00,1916.32,1917.97,1914.01,1914.41,8373,7
2023-08-10 00:00:00,1915.37,1917.43,1915.08,1916.99,3401,7
2023-08-10 04:00:00,1917.01,1919.15,1915.31,1916.73,8099,7
2023-08-10 08:00:00,1916.73,1921.26,1915.47,1919.37,11270,7
2023-08-10 12:00:00,1919.37,1930.09,1919.2,1926.23,17949,7
2023-08-10 16:00:00,1926.17,1927.15,1912.9,1920.57,30495,7
2023-08-10 20:00:00,1920.52,1920.98,1912.46,1912.48,13334,7
2023-08-11 00:00:00,1912.61,1915.13,1910.75,1914.69,3326,7
2023-08-11 04:00:00,1914.64,1916.01,1912.63,1913.47,7147,7
2023-08-11 08:00:00,1913.47,1919.39,1912.76,1919.0,11297,7
2023-08-11 12:00:00,1919.0,1920.95,1913.09,1916.04,14204,7
2023-08-11 16:00:00,1916.04,1920.7,1912.85,1914.38,25365,7
2023-08-11 20:00:00,1914.36,1915.55,1912.21,1913.34,7839,7
2023-08-14 00:00:00,1913.79,1915.18,1910.64,1911.0,4413,7
2023-08-14 04:00:00,1911.02,1913.54,1910.06,1912.37,9199,7
2023-08-14 08:00:00,1912.39,1916.19,1910.56,1914.23,11737,7
2023-08-14 12:00:00,1914.23,1914.95,1905.78,1910.34,13644,7
2023-08-14 16:00:00,1910.33,1913.14,1902.71,1911.91,24770,7
2023-08-14 20:00:00,1911.88,1913.12,1906.9,1907.26,8002,7
2023-08-15 00:00:00,1907.19,1908.08,1904.6,1907.09,3298,7
2023-08-15 04:00:00,1907.07,1908.14,1903.67,1906.58,10404,7
2023-08-15 08:00:00,1906.57,1907.49,1903.1,1904.26,14423,7
2023-08-15 12:00:00,1904.27,1905.86,1895.96,1903.42,18745,7
2023-08-15 16:00:00,1903.5,1911.55,1900.08,1903.65,31952,7
2023-08-15 20:00:00,1903.65,1905.52,1901.54,1901.69,12413,7
2023-08-16 00:00:00,1901.88,1902.53,1900.3,1902.22,3325,7
2023-08-16 04:00:00,1902.22,1905.29,1900.42,1903.94,8375,7
2023-08-16 08:00:00,1903.96,1906.55,1902.84,1905.4,10992,7
2023-08-16 12:00:00,1905.4,1907.17,1900.0,1900.75,13677,7
2023-08-16 16:00:00,1900.76,1906.46,1898.82,1899.47,24666,7
2023-08-16 20:00:00,1899.47,1899.6,1891.78,1892.53,17146,7
2023-08-17 00:00:00,1894.21,1894.95,1890.99,1892.75,5305,7
2023-08-17 04:00:00,1892.87,1893.93,1889.52,1893.79,10920,7
2023-08-17 08:00:00,1893.79,1897.57,1892.13,1893.94,12455,7
2023-08-17 12:00:00,1893.91,1902.46,1893.61,1899.54,18783,7
2023-08-17 16:00:00,1899.46,1903.39,1887.79,1888.34,27720,7
2023-08-17 20:00:00,1888.34,1890.09,1884.95,1888.89,11654,7
2023-08-18 00:00:00,1889.53,1893.82,1888.99,1893.31,3675,7
2023-08-18 04:00:00,1893.36,1895.14,1891.1,1892.17,9559,7
2023-08-18 08:00:00,1892.18,1894.12,1891.37,1892.03,12347,7
2023-08-18 12:00:00,1892.01,1895.54,1888.7,1890.22,13020,7
2023-08-18 16:00:00,1890.23,1896.73,1888.64,1889.57,22495,7
2023-08-18 20:00:00,1889.57,1890.39,1886.74,1889.45,9174,7
2023-08-21 00:00:00,1889.41,1891.16,1888.71,1889.97,3853,7
2023-08-21 04:00:00,1889.97,1893.71,1884.84,1892.52,12020,7
2023-08-21 08:00:00,1892.5,1894.07,1887.33,1888.68,12487,7
2023-08-21 12:00:00,1888.66,1897.64,1886.77,1897.18,16670,7
2023-08-21 16:00:00,1897.2,1898.74,1885.24,1892.58,25154,7
2023-08-21 20:00:00,1892.58,1895.38,1892.46,1894.63,8351,7
2023-08-22 00:00:00,1894.65,1896.05,1893.64,1895.51,3153,7
2023-08-22 04:00:00,1895.49,1897.29,1893.81,1893.91,10017,7
2023-08-22 08:00:00,1893.89,1902.36,1893.88,1899.96,13917,7
2023-08-22 12:00:00,1900.0,1904.5,1896.28,1897.45,15737,7
2023-08-22 16:00:00,1897.43,1899.11,1889.1,1897.36,25275,7
2023-08-22 20:00:00,1897.37,1898.42,1896.41,1897.48,7190,7
2023-08-23 00:00:00,1897.86,1900.36,1897.58,1899.01,2239,7
2023-08-23 04:00:00,1899.03,1903.37,1898.79,1903.31,9189,7
2023-08-23 08:00:00,1903.37,1905.4,1901.71,1903.76,14484,7
2023-08-23 12:00:00,1903.76,1908.64,1901.24,1903.7,15241,7
2023-08-23 16:00:00,1903.71,1920.31,1902.94,1919.78,30773,7
2023-08-23 20:00:00,1919.8,1919.88,1914.44,1914.86,9800,7
2023-08-24 00:00:00,1916.91,1919.3,1916.16,1918.65,3444,7
2023-08-24 04:00:00,1918.6,1922.35,1917.53,1921.01,9905,7
2023-08-24 08:00:00,1921.06,1922.84,1919.48,1920.31,13444,7
2023-08-24 12:00:00,1920.31,1921.03,1911.78,1915.16,15577,7
2023-08-24 16:00:00,1915.17,1923.32,1911.88,1918.39,27122,7
2023-08-24 20:00:00,1918.38,1919.66,1916.3,1917.01,9210,7
2023-08-25 00:00:00,1916.86,1917.28,1915.09,1915.55,2670,7
2023-08-25 04:00:00,1915.56,1917.52,1913.14,1913.71,8287,7
2023-08-25 08:00:00,1913.75,1916.13,1912.81,1915.41,11059,7
2023-08-25 12:00:00,1915.39,1920.25,1915.22,1917.28,11331,7
2023-08-25 16:00:00,1917.35,1922.32,1903.72,1910.0,36071,7
2023-08-25 20:00:00,1910.02,1914.78,1909.9,1914.78,10799,7
2023-08-28 00:00:00,1915.68,1916.63,1914.25,1915.75,4311,7
2023-08-28 04:00:00,1915.69,1917.46,1914.68,1915.6,8750,7
2023-08-28 08:00:00,1915.61,1917.78,1913.5,1914.71,9622,7
2023-08-28 12:00:00,1914.7,1917.34,1913.4,1917.08,10747,7
2023-08-28 16:00:00,1917.08,1926.02,1912.78,1920.64,22211,7
2023-08-28 20:00:00,1920.61,1920.85,1916.81,1919.93,8683,7
2023-08-29 00:00:00,1920.26,1922.09,1920.13,1921.62,2010,7
2023-08-29 04:00:00,1921.63,1925.83,1921.32,1923.87,7694,7
2023-08-29 08:00:00,1923.89,1925.6,1921.55,1922.88,10002,7
2023-08-29 12:00:00,1922.88,1924.41,1914.4,1916.97,14782,7
2023-08-29 16:00:00,1916.97,1937.69,1916.74,1936.29,32419,7
2023-08-29 20:00:00,1936.29,1938.14,1935.12,1937.83,9757,7
2023-08-30 00:00:00,1937.08,1937.58,1935.89,1936.77,3309,7
2023-08-30 04:00:00,1936.82,1937.47,1935.37,1936.12,8406,7
2023-08-30 08:00:00,1936.14,1936.95,1934.96,1936.59,11750,7
2023-08-30 12:00:00,1936.6,1945.75,1935.94,1945.21,18739,7
2023-08-30 16:00:00,1945.11,1949.09,1942.88,1944.88,29409,7
2023-08-30 20:00:00,1944.91,1945.7,1942.03,1942.76,7995,7
2023-08-31 00:00:00,1943.83,1945.54,1943.4,1945.39,3754,7
2023-08-31 04:00:00,1945.36,1947.76,1944.69,1945.77,7583,7
2023-08-31 08:00:00,1945.77,1946.29,1943.21,1944.41,10849,7
2023-08-31 12:00:00,1944.42,1947.85,1943.11,1945.81,16001,7
2023-08-31 16:00:00,1945.85,1946.39,1938.95,1941.72,27409,7
2023-08-31 20:00:00,1941.74,1942.08,1939.02,1939.84,8316,7
2023-09-01 00:00:00,1940.07,1940.31,1938.68,1939.32,2878,7
2023-09-01 04:00:00,1939.3,1944.02,1938.16,1940.02,8569,7
2023-09-01 08:00:00,1940.02,1943.76,1938.41,1943.01,9819,7
2023-09-01 12:00:00,1943.0,1952.91,1942.94,1949.97,17287,7
2023-09-01 16:00:00,1950.03,1951.41,1934.42,1938.13,37984,7
2023-09-01 20:00:00,1938.15,1941.56,1937.29,1939.51,6969,7
2023-09-04 00:00:00,1940.32,1941.7,1939.34,1940.93,3037,7
2023-09-04 04:00:00,1940.91,1946.11,1940.36,1945.08,8860,7
2023-09-04 08:00:00,1945.09,1946.37,1942.66,1943.9,9521,7
2023-09-04 12:00:00,1943.9,1944.25,1939.85,1939.95,8459,7
2023-09-04 16:00:00,1939.96,1940.24,1936.79,1938.33,10289,7
2023-09-04 20:00:00,1938.33,1938.88,1937.97,1938.35,671,7
2023-09-05 00:00:00,1938.74,1938.84,1937.0,1937.84,2485,7
2023-09-05 04:00:00,1937.87,1938.86,1934.87,1938.56,7969,7
2023-09-05 08:00:00,1938.56,1938.98,1932.13,1933.5,13876,7
2023-09-05 12:00:00,1933.5,1934.66,1927.96,1933.72,18090,7
2023-09-05 16:00:00,1933.73,1934.19,1925.33,1927.29,30478,7
2023-09-05 20:00:00,1927.33,1927.51,1925.3,1925.89,7667,7
2023-09-06 00:00:00,1926.38,1926.92,1924.44,1924.75,2919,7
2023-09-06 04:00:00,1924.75,1927.36,1924.16,1927.2,7971,7
2023-09-06 08:00:00,1927.21,1928.5,1922.48,1924.73,13772,7
2023-09-06 12:00:00,1924.73,1927.66,1922.79,1923.26,13280,7
2023-09-06 16:00:00,1923.21,1929.2,1915.27,1919.97,32422,7
2023-09-06 20:00:00,1920.02,1920.65,1915.95,1916.0,7589,7
2023-09-07 00:00:00,1917.33,1918.21,1916.27,1916.86,2778,7
2023-09-07 04:00:00,1916.84,1920.69,1916.63,1918.96,8384,7
2023-09-07 08:00:00,1918.93,1919.81,1917.02,1918.87,11510,7
2023-09-07 12:00:00,1918.89,1923.59,1916.18,1923.2,16021,7
2023-09-07 16:00:00,1923.21,1923.49,1917.24,1918.04,24718,7
2023-09-07 20:00:00,1918.03,1920.74,1917.42,1919.57,6511,7
2023-09-08 00:00:00,1919.36,1924.58,1919.3,1923.66,4102,7
2023-09-08 04:00:00,1923.61,1927.31,1922.83,1924.52,9569,7
2023-09-08 08:00:00,1924.52,1927.28,1923.34,1924.68,10671,7
2023-09-08 12:00:00,1924.69,1926.04,1920.34,1920.45,11823,7
2023-09-08 16:00:00,1920.47,1929.71,1917.32,1919.69,25124,7
2023-09-08 20:00:00,1919.71,1920.72,1918.08,1919.22,6434,7
2023-09-11 00:00:00,1919.7,1920.2,1916.69,1920.02,5051,7
2023-09-11 04:00:00,1920.08,1926.72,1919.08,1926.48,12389,7
2023-09-11 08:00:00,1926.49,1930.68,1925.4,1927.67,15550,7
2023-09-11 12:00:00,1927.67,1928.05,1924.23,1927.28,13770,7
2023-09-11 16:00:00,1927.21,1930.13,1921.4,1923.43,22953,7
2023-09-11 20:00:00,1923.44,1924.38,1921.43,1922.47,7288,7
2023-09-12 00:00:00,1922.83,1923.37,1921.16,1921.55,3349,7
2023-09-12 04:00:00,1921.55,1924.45,1920.34,1922.25,10095,7
2023-09-12 08:00:00,1922.25,1922.37,1918.58,1919.7,12470,7
2023-09-12 12:00:00,1919.7,1920.09,1908.51,1909.78,16747,7
2023-09-12 16:00:00,1909.73,1915.06,1907.56,1912.39,23554,7
2023-09-12 20:00:00,1912.4,1913.62,1911.77,1913.35,8131,7
2023-09-13 00:00:00,1913.4,1913.81,1912.4,1912.56,3373,7
2023-09-13 04:00:00,1912.56,1913.82,1908.19,1911.65,10583,7
2023-09-13 08:00:00,1911.65,1912.6,1908.18,1912.14,13034,7
2023-09-13 12:00:00,1912.14,1914.42,1905.58,1912.28,19253,7
2023-09-13 16:00:00,1912.28,1915.76,1908.85,1909.41,32100,7
2023-09-13 20:00:00,1909.41,1911.2,1908.11,1908.3,9090,7
2023-09-14 00:00:00,1909.03,1912.83,1907.5,1912.6,3743,7
2023-09-14 04:00:00,1912.57,1912.87,1908.79,1909.46,11496,7
2023-09-14 08:00:00,1909.46,1910.99,1905.2,1907.31,13806,7
2023-09-14 12:00:00,1907.32,1910.3,1901.11,1904.45,20870,7
2023-09-14 16:00:00,1904.39,1912.08,1900.98,1910.2,34960,7
2023-09-14 20:00:00,1910.2,1911.42,1908.06,1910.17,8142,7
2023-09-15 00:00:00,1910.73,1911.56,1909.77,1911.24,3570,7
2023-09-15 04:00:00,1911.25,1916.84,1910.37,1916.17,12214,7
2023-09-15 08:00:00,1916.18,1919.5,1914.94,1918.03,17601,7
2023-09-15 12:00:00,1918.03,1920.59,1916.04,1917.16,16494,7
2023-09-15 16:00:00,1917.2,1930.4,1916.93,1925.37,32229,7
2023-09-15 20:00:00,1925.44,1925.99,1922.31,1923.38,9311,7
2023-09-18 00:00:00,1923.97,1924.7,1922.49,1924.58,3315,7
2023-09-18 04:00:00,1924.62,1929.46,1923.29,1928.15,11654,7
2023-09-18 08:00:00,1928.19,1930.61,1925.05,1926.12,14872,7
2023-09-18 12:00:00,1926.12,1928.2,1923.53,1924.05,11208,7
2023-09-18 16:00:00,1924.07,1931.12,1922.85,1931.05,22463,7
2023-09-18 20:00:00,1931.08,1934.21,1930.96,1933.28,8378,7
2023-09-19 00:00:00,1933.78,1934.58,1932.63,1932.78,3165,7
2023-09-19 04:00:00,1932.78,1933.43,1931.27,1931.33,7646,7
2023-09-19 08:00:00,1931.34,1934.93,1929.75,1933.79,11469,7
2023-09-19 12:00:00,1933.8,1937.39,1933.61,1935.87,12060,7
2023-09-19 16:00:00,1935.82,1936.33,1930.83,1930.94,19810,7
2023-09-19 20:00:00,1930.94,1933.03,1929.71,1931.14,6752,7
2023-09-20 00:00:00,1932.36,1932.36,1930.27,1930.68,2580,7
2023-09-20 04:00:00,1930.68,1931.44,1928.41,1929.79,6464,7
2023-09-20 08:00:00,1929.79,1932.3,1927.87,1929.07,11610,7
2023-09-20 12:00:00,1929.07,1934.08,1929.07,1932.19,10211,7
2023-09-20 16:00:00,1932.18,1946.69,1931.92,1946.69,22835,7
2023-09-20 20:00:00,1946.7,1947.41,1929.21,1929.43,27654,7
2023-09-21 00:00:00,1929.79,1931.56,1924.51,1924.92,5994,7
2023-09-21 04:00:00,1925.0,1928.64,1924.08,1928.01,10304,7
2023-09-21 08:00:00,1928.01,1930.43,1922.81,1923.01,11920,7
2023-09-21 12:00:00,1923.01,1926.07,1914.06,1916.46,19541,7
2023-09-21 16:00:00,1916.58,1923.8,1913.89,1919.51,28452,7
2023-09-21 20:00:00,1919.51,1921.28,1918.66,1919.87,8112,7
2023-09-22 00:00:00,1919.77,1923.62,1919.77,1923.4,3469,7
2023-09-22 04:00:00,1923.38,1925.47,1922.03,1924.37,8977,7
2023-09-22 08:00:00,1924.35,1928.65,1923.67,1926.71,14183,7
2023-09-22 12:00:00,1926.71,1927.62,1924.16,1926.13,12350,7
2023-09-22 16:00:00,1926.12,1929.03,1924.83,1925.32,21942,7
2023-09-22 20:00:00,1925.32,1926.37,1924.33,1925.22,5685,7
2023-09-25 00:00:00,1926.15,1926.27,1923.16,1924.87,3417,7
2023-09-25 04:00:00,1924.87,1925.3,1922.64,1923.13,5904,7
2023-09-25 08:00:00,1923.13,1927.15,1920.75,1921.65,11371,7
2023-09-25 12:00:00,1921.65,1926.78,1921.56,1925.88,11714,7
2023-09-25 16:00:00,1925.84,1926.36,1915.08,1916.7,23793,7
2023-09-25 20:00:00,1916.71,1917.63,1915.17,1915.86,6823,7
2023-09-26 00:00:00,1916.21,1916.8,1914.64,1914.77,2945,7
2023-09-26 04:00:00,1914.82,1915.84,1912.98,1914.61,7003,7
2023-09-26 08:00:00,1914.61,1915.66,1909.67,1913.81,11958,7
2023-09-26 12:00:00,1913.81,1913.9,1905.17,1910.21,12746,7
2023-09-26 16:00:00,1910.33,1910.33,1900.74,1901.21,24780,7
2023-09-26 20:00:00,1901.22,1902.24,1899.07,1900.36,8588,7
2023-09-27 00:00:00,1900.8,1902.46,1899.72,1900.63,3311,7
2023-09-27 04:00:00,1900.64,1903.85,1896.51,1897.68,9285,7
2023-09-27 08:00:00,1897.65,1899.03,1895.11,1896.67,12031,7
2023-09-27 12:00:00,1896.67,1896.67,1889.6,1891.71,14014,7
2023-09-27 16:00:00,1891.73,1892.16,1875.45,1875.86,27513,7
2023-09-27 20:00:00,1875.87,1878.23,1872.48,1875.66,13642,7
2023-09-28 00:00:00,1876.61,1877.88,1875.89,1877.03,4516,7
2023-09-28 04:00:00,1877.09,1877.48,1873.51,1874.85,8580,7
2023-09-28 08:00:00,1874.85,1878.22,1873.61,1874.1,14387,7
2023-09-28 12:00:00,1874.11,1879.55,1871.72,1872.36,17731,7
2023-09-28 16:00:00,1872.37,1877.11,1857.58,1863.51,34699,7
2023-09-28 20:00:00,1863.53,1867.3,1860.94,1864.71,10078,7
2023-09-29 00:00:00,1865.02,1867.25,1863.76,1865.33,4380,7
2023-09-29 04:00:00,1865.34,1867.01,1862.95,1865.04,6744,7
2023-09-29 08:00:00,1865.03,1873.93,1864.38,1871.56,13149,7
2023-09-29 12:00:00,1871.79,1874.02,1867.5,1873.84,18409,7
2023-09-29 16:00:00,1873.89,1879.78,1852.18,1853.69,35542,7
2023-09-29 20:00:00,1853.71,1853.72,1846.3,1849.12,11939,7
2023-10-02 00:00:00,1847.38,1848.92,1845.09,1845.44,4593,7
2023-10-02 04:00:00,1845.44,1847.37,1842.38,1842.49,6178,7
2023-10-02 08:00:00,1842.49,1846.18,1839.12,1839.49,13461,7
2023-10-02 12:00:00,1839.48,1840.54,1831.08,1836.24,19155,7
2023-10-02 16:00:00,1836.26,1838.39,1827.06,1831.57,34845,7
2023-10-02 20:00:00,1831.57,1833.54,1827.45,1827.97,10066,7
2023-10-03 00:00:00,1828.86,1829.14,1820.41,1824.65,6261,7
2023-10-03 04:00:00,1824.69,1825.03,1815.02,1820.61,10730,7
2023-10-03 08:00:00,1820.61,1829.07,1818.12,1826.19,15216,7
2023-10-03 12:00:00,1826.2,1829.72,1823.61,1824.81,19741,7
2023-10-03 16:00:00,1824.85,1833.31,1819.21,1823.93,45691,7
2023-10-03 20:00:00,1823.93,1825.95,1821.87,1823.42,12787,7
2023-10-04 00:00:00,1823.74,1824.93,1821.83,1823.21,5101,7
2023-10-04 04:00:00,1823.21,1824.32,1819.72,1823.52,9803,7
2023-10-04 08:00:00,1823.51,1823.66,1816.63,1822.94,19224,7
2023-10-04 12:00:00,1822.96,1830.51,1821.01,1827.3,25530,7
2023-10-04 16:00:00,1827.38,1827.43,1817.0,1820.97,39432,7
2023-10-04 20:00:00,1820.97,1823.64,1816.55,1820.6,11785,7
2023-10-05 00:00:00,1821.84,1825.65,1821.52,1825.64,4150,7
2023-10-05 04:00:00,1825.63,1829.12,1825.57,1827.65,8598,7
2023-10-05 08:00:00,1827.59,1828.17,1819.65,1819.82,14263,7
2023-10-05 12:00:00,1819.82,1823.93,1812.93,1815.64,20989,7
2023-10-05 16:00:00,1815.64,1821.86,1814.13,1818.12,35407,7
2023-10-05 20:00:00,1818.12,1820.87,1815.81,1820.13,10854,7
2023-10-06 00:00:00,1820.74,1823.13,1820.12,1820.66,3527,7
2023-10-06 04:00:00,1820.58,1824.59,1819.67,1822.75,6713,7
2023-10-06 08:00:00,1822.75,1822.91,1818.55,1821.88,12574,7
2023-10-06 12:00:00,1821.88,1825.02,1810.37,1815.01,22626,7
2023-10-06 16:00:00,1815.03,1834.8,1813.82,1829.19,44105,7
2023-10-06 20:00:00,1829.18,1833.94,1828.73,1831.92,11436,7
2023-10-09 00:00:00,1853.32,1854.33,1845.41,1852.33,13760,7
2023-10-09 04:00:00,1852.33,1853.21,1847.27,1850.43,14830,7
2023-10-09 08:00:00,1850.47,1854.35,1847.98,1850.49,19417,7
2023-10-09 12:00:00,1850.5,1852.29,1844.95,1847.97,17520,7
2023-10-09 16:00:00,1847.96,1853.23,1844.19,1850.05,31833,7
2023-10-09 20:00:00,1850.05,1863.46,1849.95,1860.88,13683,7
2023-10-10 00:00:00,1861.17,1865.41,1860.29,1864.04,7306,7
2023-10-10 04:00:00,1864.05,1865.19,1860.74,1860.86,14398,7
2023-10-10 08:00:00,1860.86,1862.16,1855.15,1858.49,26029,7
2023-10-10 12:00:00,1858.49,1859.58,1853.0,1854.52,24742,7
2023-10-10 16:00:00,1854.5,1862.47,1853.08,1861.88,40659,7
2023-10-10 20:00:00,1861.95,1862.74,1858.09,1859.86,14476,7
2023-10-11 00:00:00,1860.34,1862.11,1859.38,1860.97,4318,7
2023-10-11 04:00:00,1860.94,1862.04,1859.37,1859.72,10026,7
2023-10-11 08:00:00,1859.73,1869.82,1858.61,1869.59,23258,7
2023-10-11 12:00:00,1869.58,1874.73,1866.73,1872.88,28320,7
2023-10-11 16:00:00,1872.87,1877.13,1868.18,1874.37,43079,7
2023-10-11 20:00:00,1874.37,1874.73,1870.79,1873.49,15433,7
2023-10-12 00:00:00,1874.27,1876.61,1873.9,1875.45,4033,7
2023-10-12 04:00:00,1875.45,1879.09,1874.47,1878.86,10201,7
2023-10-12 08:00:00,1878.85,1882.65,1878.32,1880.34,16602,7
2023-10-12 12:00:00,1880.4,1884.96,1876.59,1879.07,26057,7
2023-10-12 16:00:00,1879.08,1880.06,1870.58,1871.43,42756,7
2023-10-12 20:00:00,1871.43,1871.99,1867.86,1868.84,18318,7
2023-10-13 00:00:00,1869.21,1872.59,1869.2,1872.5,5237,7
2023-10-13 04:00:00,1872.55,1876.76,1871.34,1876.34,9850,7
2023-10-13 08:00:00,1876.3,1884.89,1875.7,1883.79,19473,7
2023-10-13 12:00:00,1883.79,1919.09,1882.42,1913.34,38021,7
2023-10-13 16:00:00,1913.3,1927.45,1905.52,1927.14,35841,7
2023-10-13 20:00:00,1927.24,1930.76,1926.82,1929.58,12953,7
2023-10-16 00:00:00,1927.38,1927.38,1921.13,1921.61,8922,7
2023-10-16 04:00:00,1921.67,1923.46,1918.02,1920.15,9338,7
2023-10-16 08:00:00,1920.18,1920.18,1908.14,1911.56,17315,7
2023-10-16 12:00:00,1911.53,1924.52,1911.15,1918.69,19062,7
2023-10-16 16:00:00,1918.69,1922.33,1914.38,1921.89,23263,7
2023-10-16 20:00:00,1921.92,1922.76,1917.82,1919.73,8164,7
2023-10-17 00:00:00,1919.82,1921.77,1914.37,1916.58,4917,7
2023-10-17 04:00:00,1916.58,1917.54,1912.33,1914.63,9744,7
2023-10-17 08:00:00,1914.64,1921.32,1914.15,1919.22,12041,7
2023-10-17 12:00:00,1919.24,1928.98,1918.85,1926.0,19888,7
2023-10-17 16:00:00,1925.93,1931.52,1920.77,1924.06,30832,7
2023-10-17 20:00:00,1924.11,1925.08,1919.14,1923.07,11671,7
2023-10-18 00:00:00,1923.34,1928.19,1923.27,1927.37,4314,7
2023-10-18 04:00:00,1927.37,1942.69,1926.86,1938.09,16464,7
2023-10-18 08:00:00,1938.09,1940.05,1935.06,1938.42,17495,7
2023-10-18 12:00:00,1938.42,1950.05,1938.3,1948.84,20893,7
2023-10-18 16:00:00,1948.84,1962.59,1938.19,1949.82,36362,7
2023-10-18 20:00:00,1949.83,1956.58,1948.29,1948.53,14779,7
2023-10-19 00:00:00,1947.52,1953.27,1947.46,1950.18,5570,7
2023-10-19 04:00:00,1950.18,1951.69,1945.19,1948.18,11829,7
2023-10-19 08:00:00,1948.14,1954.42,1945.5,1949.68,18786,7
2023-10-19 12:00:00,1949.64,1957.14,1947.82,1954.84,18625,7
2023-10-19 16:00:00,1954.79,1962.06,1949.78,1961.97,37260,7
2023-10-19 20:00:00,1962.02,1977.69,1960.84,1974.56,23383,7
2023-10-20 00:00:00,1973.11,1982.23,1972.4,1974.98,10626,7
2023-10-20 04:00:00,1974.94,1981.89,1971.96,1977.16,14557,7
2023-10-20 08:00:00,1977.21,1985.16,1974.07,1983.69,19601,7
2023-10-20 12:00:00,1983.74,1985.84,1973.23,1978.27,19746,7
2023-10-20 16:00:00,1978.33,1997.13,1976.52,1982.62,35537,7
2023-10-20 20:00:00,1982.56,1986.65,1974.3,1980.23,17939,7
2023-10-23 00:00:00,1972.35,1978.56,1964.31,1966.21,8405,7
2023-10-23 04:00:00,1966.25,1974.71,1964.32,1973.73,13856,7
2023-10-23 08:00:00,1973.73,1981.95,1972.76,1981.43,15606,7
2023-10-23 12:00:00,1981.43,1982.8,1975.28,1977.55,18500,7
2023-10-23 16:00:00,1977.55,1980.06,1970.07,1974.48,33928,7
2023-10-23 20:00:00,1974.48,1978.11,1971.12,1972.47,12937,7
2023-10-24 00:00:00,1973.41,1975.91,1971.41,1973.79,4546,7
2023-10-24 04:00:00,1973.8,1980.81,1973.8,1976.17,11062,7
2023-10-24 08:00:00,1976.22,1979.18,1969.97,1972.25,17324,7
2023-10-24 12:00:00,1972.21,1972.55,1953.57,1964.89,23856,7
2023-10-24 16:00:00,1964.9,1976.0,1958.93,1974.35,31028,7
2023-10-24 20:00:00,1974.35,1977.56,1971.03,1971.45,9753,7
2023-10-25 00:00:00,1970.2,1975.23,1969.94,1974.47,4284,7
2023-10-25 04:00:00,1974.47,1976.94,1970.85,1972.41,9359,7
2023-10-25 08:00:00,1972.41,1975.89,1968.24,1971.37,13294,7
2023-10-25 12:00:00,1971.39,1976.84,1969.44,1975.12,16339,7
2023-10-25 16:00:00,1975.12,1987.18,1962.89,1978.22,32065,7
2023-10-25 20:00:00,1978.23,1985.56,1976.5,1979.09,12553,7
2023-10-26 00:00:00,1980.7,1984.71,1980.39,1983.43,6994,7
2023-10-26 04:00:00,1983.5,1989.34,1983.24,1988.44,9939,7
2023-10-26 08:00:00,1988.43,1993.41,1983.94,1992.11,17745,7
2023-10-26 12:00:00,1992.12,1992.16,1974.59,1979.53,21018,7
2023-10-26 16:00:00,1979.57,1985.82,1971.68,1984.16,33300,7
2023-10-26 20:00:00,1984.2,1989.23,1982.31,1984.55,12974,7
2023-10-27 00:00:00,1983.84,1986.79,1982.91,1983.51,4797,7
2023-10-27 04:00:00,1983.4,1989.92,1983.21,1989.42,10132,7
2023-10-27 08:00:00,1989.48,1989.68,1985.51,1986.94,14469,7
2023-10-27 12:00:00,1986.94,1987.91,1977.06,1980.38,17199,7
2023-10-27 16:00:00,1980.12,1985.69,1976.83,1983.65,27747,7
2023-10-27 20:00:00,1983.65,2009.33,1983.0,2005.23,21946,7
2023-10-30 00:00:00,2003.08,2006.73,1996.85,2004.64,8845,8
2023-10-30 04:00:00,2004.64,2005.7,2000.15,2001.5,9301,7
2023-10-30 08:00:00,2001.5,2002.66,1990.85,1993.7,14919,7
2023-10-30 12:00:00,1993.75,2000.03,1991.57,1997.98,19125,7
2023-10-30 16:00:00,1997.99,2002.49,1992.03,1998.96,29741,7
2023-10-30 20:00:00,1998.99,1999.87,1994.64,1996.19,10836,7
2023-10-31 00:00:00,1995.8,1996.24,1993.87,1995.59,3937,7
2023-10-31 04:00:00,1995.56,1997.26,1990.5,1992.71,10879,7
2023-10-31 08:00:00,1992.76,1999.14,1992.37,1996.97,12155,7
2023-10-31 12:00:00,1996.87,2001.48,1994.78,1995.65,18466,7
2023-10-31 16:00:00,1995.55,2007.72,1986.62,1990.7,34222,7
2023-10-31 20:00:00,1990.76,1991.19,1978.75,1983.47,15462,7
2023-11-01 00:00:00,1983.6,1986.15,1978.71,1979.94,5314,7
2023-11-01 04:00:00,1979.93,1981.44,1975.21,1977.58,9472,7
2023-11-01 08:00:00,1977.58,1982.91,1976.27,1982.42,11482,7
2023-11-01 12:00:00,1982.42,1988.44,1980.48,1986.6,16176,7
2023-11-01 16:00:00,1986.6,1992.05,1974.45,1977.78,29604,7
2023-11-01 20:00:00,1977.82,1982.23,1969.85,1980.08,24299,7
2023-11-02 00:00:00,1982.25,1986.18,1981.34,1984.65,5826,7
2023-11-02 04:00:00,1984.63,1988.09,1983.31,1986.0,9602,7
2023-11-02 08:00:00,1986.0,1988.37,1983.64,1986.77,10731,7
2023-11-02 12:00:00,1986.78,1991.0,1985.75,1990.31,16374,7
2023-11-02 16:00:00,1990.31,1991.03,1978.82,1981.8,30123,7
2023-11-02 20:00:00,1981.79,1986.61,1981.47,1985.44,9132,7
2023-11-03 00:00:00,1986.03,1986.49,1984.36,1985.57,2817,7
2023-11-03 04:00:00,1985.6,1987.81,1983.2,1985.77,7219,7
2023-11-03 08:00:00,1985.8,1989.14,1984.52,1988.57,9315,7
2023-11-03 12:00:00,1988.48,2004.03,1985.75,2000.14,17467,7
2023-11-03 16:00:00,2000.24,2001.63,1986.5,1990.31,39948,7
2023-11-03 20:00:00,1990.31,1995.08,1989.86,1992.31,11427,7
2023-11-06 00:00:00,1991.44,1993.03,1986.96,1992.09,7821,7
2023-11-06 04:00:00,1992.12,1992.94,1981.9,1983.86,10173,7
2023-11-06 08:00:00,1983.86,1987.88,1982.27,1986.79,12471,7
2023-11-06 12:00:00,1986.86,1989.05,1983.39,1986.3,14110,7
2023-11-06 16:00:00,1986.33,1988.19,1979.89,1983.74,20368,7
2023-11-06 20:00:00,1983.74,1983.74,1977.28,1977.95,6873,7
2023-11-07 00:00:00,1978.16,1978.28,1974.75,1975.71,5922,7
2023-11-07 04:00:00,1975.68,1976.13,1970.92,1973.66,7718,7
2023-11-07 08:00:00,1973.64,1973.88,1964.18,1966.32,13556,7
2023-11-07 12:00:00,1966.31,1967.97,1956.67,1966.56,21177,7
2023-11-07 16:00:00,1966.57,1967.22,1960.15,1963.96,22843,7
2023-11-07 20:00:00,1963.98,1969.84,1963.62,1968.67,9391,7
2023-11-08 00:00:00,1969.16,1969.97,1967.46,1968.63,5930,7
2023-11-08 04:00:00,1968.65,1971.01,1964.97,1965.56,6716,7
2023-11-08 08:00:00,1965.56,1969.07,1965.08,1965.46,12535,7
2023-11-08 12:00:00,1965.35,1966.63,1959.56,1964.82,16396,7
2023-11-08 16:00:00,1964.84,1966.37,1950.94,1953.72,25448,7
2023-11-08 20:00:00,1953.74,1954.66,1947.41,1949.95,9804,7
2023-11-09 00:00:00,1950.73,1954.59,1948.91,1953.33,6112,7
2023-11-09 04:00:00,1953.39,1953.39,1947.76,1950.1,9392,7
2023-11-09 08:00:00,1950.1,1950.46,1944.59,1946.84,12936,7
2023-11-09 12:00:00,1946.84,1951.33,1944.83,1950.57,16062,7
2023-11-09 16:00:00,1950.59,1964.91,1948.62,1961.86,24677,7
2023-11-09 20:00:00,1961.82,1965.53,1956.09,1958.3,17612,7
2023-11-10 00:00:00,1958.15,1960.75,1957.91,1959.06,7615,7
2023-11-10 04:00:00,1959.06,1960.46,1956.32,1957.3,7435,7
2023-11-10 08:00:00,1957.3,1958.19,1953.53,1953.92,13161,7
2023-11-10 12:00:00,1953.83,1954.35,1943.03,1946.12,20754,7
2023-11-10 16:00:00,1946.16,1947.58,1936.56,1936.74,27507,7
2023-11-10 20:00:00,1936.75,1937.71,1932.93,1936.97,9757,7
2023-11-13 00:00:00,1940.33,1941.82,1919.39,1940.28,8203,7
2023-11-13 04:00:00,1940.32,1941.23,1933.93,1939.07,9855,7
2023-11-13 08:00:00,1939.09,1941.22,1935.96,1938.18,14415,7
2023-11-13 12:00:00,1938.16,1939.72,1933.97,1936.02,16817,7
2023-11-13 16:00:00,1936.02,1949.16,1931.64,1945.74,27871,7
2023-11-13 20:00:00,1945.74,1948.05,1944.81,1946.01,8188,7
2023-11-14 00:00:00,1946.16,1948.39,1945.42,1945.65,4787,7
2023-11-14 04:00:00,1945.65,1946.65,1943.77,1944.42,7458,7
2023-11-14 08:00:00,1944.42,1947.99,1944.14,1947.16,11371,7
2023-11-14 12:00:00,1947.2,1959.0,1944.3,1954.3,19220,7
2023-11-14 16:00:00,1954.35,1970.81,1953.59,1962.19,34817,7
2023-11-14 20:00:00,1962.19,1964.49,1961.64,1962.93,9133,7
2023-11-15 00:00:00,1962.67,1963.97,1961.56,1962.65,7203,7
2023-11-15 04:00:00,1962.67,1967.92,1962.55,1966.88,10946,7
2023-11-15 08:00:00,1966.88,1972.56,1966.82,1971.49,17443,7
2023-11-15 12:00:00,1971.44,1975.15,1963.41,1965.6,21382,7
2023-11-15 16:00:00,1965.63,1966.65,1955.4,1961.42,30241,7
2023-11-15 20:00:00,1961.42,1962.27,1959.0,1959.32,9169,7
2023-11-16 00:00:00,1960.38,1961.34,1957.61,1958.41,5728,7
2023-11-16 04:00:00,1958.41,1963.86,1956.51,1962.87,8320,7
2023-11-16 08:00:00,1962.87,1968.57,1962.75,1966.23,13519,7
2023-11-16 12:00:00,1966.24,1972.93,1962.11,1972.1,16881,7
2023-11-16 16:00:00,1972.1,1987.94,1971.53,1983.38,33387,7
2023-11-16 20:00:00,1983.42,1985.24,1980.63,1981.07,9725,7
2023-11-17 00:00:00,1981.26,1986.85,1981.02,1983.47,6247,7
2023-11-17 04:00:00,1983.47,1987.14,1983.23,1984.39,8395,7
2023-11-17 08:00:00,1984.41,1992.38,1982.64,1991.28,16599,7
2023-11-17 12:00:00,1991.27,1993.4,1983.56,1984.83,21654,7
2023-11-17 16:00:00,1984.83,1986.67,1978.63,1981.09,28637,7
2023-11-17 20:00:00,1981.08,1982.76,1979.02,1980.22,9181,7
2023-11-20 00:00:00,1977.55,1983.05,1973.3,1981.06,9757,7
2023-11-20 04:00:00,1981.06,1985.18,1979.57,1980.66,14357,7
2023-11-20 08:00:00,1980.66,1981.85,1975.87,1979.28,19295,7
2023-11-20 12:00:00,1979.29,1979.53,1965.62,1968.21,21187,7
2023-11-20 16:00:00,1968.18,1976.24,1965.29,1973.85,25738,7
2023-11-20 20:00:00,1973.77,1978.97,1973.49,1977.45,11319,7
2023-11-21 00:00:00,1978.55,1990.34,1978.38,1990.02,10899,7
2023-11-21 04:00:00,1989.97,1994.23,1988.82,1991.73,13665,7
2023-11-21 08:00:00,1991.73,1994.29,1984.29,1985.36,19863,7
2023-11-21 12:00:00,1985.36,2000.27,1985.35,1997.62,21183,7
2023-11-21 16:00:00,1997.69,2007.51,1997.31,2001.49,29917,7
2023-11-21 20:00:00,2001.49,2001.82,1996.29,1998.48,12177,7
2023-11-22 00:00:00,1998.57,1999.84,1995.79,1996.17,7795,7
2023-11-22 04:00:00,1996.14,2000.25,1995.48,1998.81,10976,7
2023-11-22 08:00:00,1998.81,2006.28,1998.25,2002.1,20488,7
2023-11-22 12:00:00,2002.09,2003.37,1996.76,1999.17,21675,7
2023-11-22 16:00:00,1999.18,2002.49,1988.6,1991.52,31684,7
2023-11-22 20:00:00,1991.52,1992.62,1986.89,1989.88,10234,7
2023-11-23 00:00:00,1989.86,1993.99,1989.64,1993.45,6680,7
2023-11-23 04:00:00,1993.45,1998.12,1993.12,1996.32,9179,7
2023-11-23 08:00:00,1996.31,1998.48,1992.19,1994.36,13767,7
2023-11-23 12:00:00,1994.36,1994.82,1991.96,1992.73,9084,7
2023-11-23 16:00:00,1992.75,1994.88,1989.83,1992.79,8597,7
2023-11-23 20:00:00,1992.82,1993.0,1991.74,1992.37,889,7
2023-11-24 00:00:00,1993.18,1994.91,1991.45,1992.83,6171,7
2023-11-24 04:00:00,1992.78,1994.7,1991.43,1994.28,9635,7
2023-11-24 08:00:00,1994.25,1994.92,1992.0,1994.51,11272,7
2023-11-24 12:00:00,1994.52,2001.96,1994.35,1999.61,14560,7
2023-11-24 16:00:00,1999.69,2003.6,1997.14,2000.95,22844,7
2023-11-24 20:00:00,2000.93,2002.74,1999.82,2002.16,1369,7
2023-11-27 00:00:00,2001.13,2018.09,2000.48,2011.97,13339,7
2023-11-27 04:00:00,2012.0,2013.71,2007.37,2010.64,13524,7
2023-11-27 08:00:00,2010.64,2015.49,2008.72,2013.39,15910,7
2023-11-27 12:00:00,2013.36,2016.25,2009.78,2011.31,19212,7
2023-11-27 16:00:00,2011.31,2014.9,2005.69,2009.94,28355,7
2023-11-27 20:00:00,2009.94,2014.61,2009.48,2013.91,9029,7
2023-11-28 00:00:00,2013.38,2018.02,2013.18,2015.4,9155,7
2023-11-28 04:00:00,2015.4,2017.65,2014.09,2015.18,9652,7
2023-11-28 08:00:00,2015.19,2016.82,2012.06,2015.96,14846,7
2023-11-28 12:00:00,2015.98,2021.49,2011.69,2021.47,16824,7
2023-11-28 16:00:00,2021.47,2042.95,2020.6,2040.69,33489,7
2023-11-28 20:00:00,2040.69,2042.55,2038.21,2040.93,10202,7
2023-11-29 00:00:00,2041.06,2051.94,2040.86,2048.58,11845,7
2023-11-29 04:00:00,2048.66,2049.02,2042.93,2046.0,13059,7
2023-11-29 08:00:00,2045.97,2046.23,2035.41,2038.38,18816,7
2023-11-29 12:00:00,2038.38,2042.95,2036.67,2039.13,20715,7
2023-11-29 16:00:00,2039.14,2046.87,2037.1,2045.07,28215,7
2023-11-29 20:00:00,2045.07,2049.57,2042.73,2044.62,10692,7
2023-11-30 00:00:00,2044.84,2046.82,2043.09,2043.32,6176,7
2023-11-30 04:00:00,2043.32,2047.18,2041.39,2041.7,9449,7
2023-11-30 08:00:00,2041.7,2046.9,2038.77,2039.92,15106,7
2023-11-30 12:00:00,2039.91,2043.95,2033.96,2036.84,19911,7
2023-11-30 16:00:00,2036.82,2041.31,2030.98,2037.04,32272,7
2023-11-30 20:00:00,2037.1,2038.65,2033.64,2035.89,9834,7
2023-12-01 00:00:00,2037.52,2043.43,2037.52,2041.72,7405,7
2023-12-01 04:00:00,2041.72,2042.79,2038.62,2040.98,8614,7
2023-12-01 08:00:00,2040.98,2049.83,2039.24,2046.4,15317,7
2023-12-01 12:00:00,2046.4,2047.19,2033.85,2037.66,19244,7
2023-12-01 16:00:00,2037.64,2067.63,2035.17,2067.28,37702,7
2023-12-01 20:00:00,2067.28,2075.31,2065.52,2071.16,16554,7
2023-12-04 00:00:00,2074.33,2144.76,2071.65,2087.72,26140,0
2023-12-04 04:00:00,2087.72,2090.54,2081.6,2086.03,13660,7
2023-12-04 08:00:00,2086.02,2087.87,2057.76,2070.96,25147,7
2023-12-04 12:00:00,2070.96,2071.76,2056.32,2057.64,21692,7
2023-12-04 16:00:00,2057.66,2057.89,2020.09,2025.91,45512,7
2023-12-04 20:00:00,2025.98,2032.26,2022.16,2029.86,13787,7
2023-12-05 00:00:00,2029.67,2041.17,2028.45,2035.54,11967,7
2023-12-05 04:00:00,2035.5,2038.32,2030.32,2032.1,11818,7
2023-12-05 08:00:00,2032.1,2039.51,2028.54,2028.89,20254,7
2023-12-05 12:00:00,2028.88,2030.81,2021.51,2029.45,21927,7
2023-12-05 16:00:00,2029.45,2030.14,2009.79,2017.16,39382,7
2023-12-05 20:00:00,2017.18,2020.84,2016.68,2019.61,9474,7
2023-12-06 00:00:00,2019.31,2022.65,2017.23,2020.8,7353,7
2023-12-06 04:00:00,2020.76,2025.39,2019.64,2024.76,9003,7
2023-12-06 08:00:00,2024.76,2035.79,2020.21,2021.15,18589,7
2023-12-06 12:00:00,2021.15,2031.81,2020.19,2030.15,19225,7
2023-12-06 16:00:00,2030.19,2033.0,2022.65,2029.5,32326,7
2023-12-06 20:00:00,2029.43,2031.2,2024.38,2025.0,9780,7
2023-12-07 00:00:00,2026.07,2029.59,2025.28,2026.1,7014,7
2023-12-07 04:00:00,2026.12,2029.98,2025.16,2026.79,11044,7
2023-12-07 08:00:00,2026.82,2034.82,2026.22,2034.18,17405,7
2023-12-07 12:00:00,2034.18,2039.89,2029.51,2037.12,19566,7
2023-12-07 16:00:00,2037.12,2037.45,2020.21,2028.77,34044,7
2023-12-07 20:00:00,2028.77,2031.95,2027.6,2028.63,11632,7
2023-12-08 00:00:00,2028.79,2033.05,2026.86,2032.16,11560,7
2023-12-08 04:00:00,2032.27,2033.93,2029.28,2029.96,10417,7
2023-12-08 08:00:00,2029.96,2031.39,2026.45,2028.59,17300,7
2023-12-08 12:00:00,2028.6,2032.36,2014.41,2018.56,22256,7
2023-12-08 16:00:00,2018.55,2019.28,1994.64,1997.13,39043,7
2023-12-08 20:00:00,1997.13,2003.85,1996.29,2003.4,10162,7
2023-12-11 00:00:00,2005.62,2007.73,2001.67,2002.11,9840,7
2023-12-11 04:00:00,2002.1,2002.79,1994.86,1998.8,10882,7
2023-12-11 08:00:00,1998.81,2000.57,1991.3,1993.41,16785,7
2023-12-11 12:00:00,1993.39,1996.74,1990.17,1993.7,17233,7
2023-12-11 16:00:00,1994.0,1994.4,1976.04,1976.71,26403,7
2023-12-11 20:00:00,1976.71,1983.07,1975.86,1981.49,10776,7
2023-12-12 00:00:00,1982.46,1989.41,1981.8,1983.26,9023,7
2023-12-12 04:00:00,1983.24,1987.82,1981.99,1987.52,8914,7
2023-12-12 08:00:00,1987.51,1989.04,1982.69,1985.92,12134,7
2023-12-12 12:00:00,1985.9,1996.74,1982.68,1984.4,20074,7
2023-12-12 16:00:00,1984.4,1989.72,1977.2,1977.75,28344,7
2023-12-12 20:00:00,1977.74,1980.98,1977.5,1979.68,9905,7
2023-12-13 00:00:00,1980.07,1982.73,1979.8,1980.11,5342,7
2023-12-13 04:00:00,1980.11,1980.38,1977.59,1978.78,6726,7
2023-12-13 08:00:00,1978.78,1982.62,1973.02,1982.52,13641,7
2023-12-13 12:00:00,1982.46,1986.7,1979.67,1984.44,14166,7
2023-12-13 16:00:00,1984.34,1986.1,1978.46,1982.13,21625,7
2023-12-13 20:00:00,1982.17,2027.42,1979.65,2026.53,29036,7
2023-12-14 00:00:00,2025.16,2039.19,2024.56,2032.33,17705,7
2023-12-14 04:00:00,2032.42,2035.9,2030.07,2035.16,18141,7
2023-12-14 08:00:00,2035.2,2040.32,2029.28,2036.58,24870,7
2023-12-14 12:00:00,2036.58,2039.18,2027.52,2037.28,25057,7
2023-12-14 16:00:00,2037.11,2047.9,2034.66,2036.08,34716,7
2023-12-14 20:00:00,2036.05,2036.67,2028.99,2035.75,15412,7
2023-12-15 00:00:00,2036.44,2038.64,2031.27,2032.21,9901,7
2023-12-15 04:00:00,2032.17,2037.41,2031.84,2035.23,11380,7
2023-12-15 08:00:00,2035.23,2044.14,2034.27,2042.61,15708,7
2023-12-15 12:00:00,2042.66,2044.87,2026.93,2031.38,19745,7
2023-12-15 16:00:00,2031.4,2038.56,2031.27,2032.75,30717,7
2023-12-15 20:00:00,2032.72,2033.76,2015.57,2018.23,16003,7
2023-12-18 00:00:00,2019.57,2023.28,2015.93,2019.3,9457,7
2023-12-18 04:00:00,2019.26,2024.53,2018.98,2023.11,8950,7
2023-12-18 08:00:00,2023.11,2027.26,2021.49,2022.88,15097,7
2023-12-18 12:00:00,2022.88,2026.23,2018.76,2025.85,13595,7
2023-12-18 16:00:00,2025.85,2033.5,2020.29,2033.5,20146,7
2023-12-18 20:00:00,2033.43,2033.6,2024.98,2027.19,8593,7
2023-12-19 00:00:00,2027.78,2029.23,2025.58,2026.11,6307,7
2023-12-19 04:00:00,2026.1,2026.49,2021.63,2024.09,10372,7
2023-12-19 08:00:00,2024.09,2028.42,2022.96,2026.29,14159,7
2023-12-19 12:00:00,2026.29,2032.62,2024.21,2029.99,14209,7
2023-12-19 16:00:00,2029.99,2047.02,2028.91,2040.42,23522,7
2023-12-19 20:00:00,2040.42,2040.87,2036.69,2040.34,8387,7
2023-12-20 00:00:00,2039.93,2041.55,2037.63,2038.17,7238,7
2023-12-20 04:00:00,2038.11,2041.32,2036.68,2041.19,7307,7
2023-12-20 08:00:00,2041.22,2043.41,2039.62,2039.97,13036,7
2023-12-20 12:00:00,2039.96,2040.39,2029.56,2036.4,15130,7
2023-12-20 16:00:00,2036.4,2039.77,2030.53,2034.74,21983,7
2023-12-20 20:00:00,2034.74,2037.12,2027.42,2029.42,13413,7
2023-12-21 00:00:00,2032.29,2035.94,2031.49,2035.46,5825,7
2023-12-21 04:00:00,2035.46,2038.16,2034.89,2036.18,8269,7
2023-12-21 08:00:00,2036.2,2037.36,2033.96,2035.41,10541,7
2023-12-21 12:00:00,2035.41,2045.91,2032.02,2041.34,17491,7
2023-12-21 16:00:00,2041.34,2045.95,2036.65,2041.02,27766,7
2023-12-21 20:00:00,2041.02,2045.93,2037.43,2045.77,9866,7
2023-12-22 00:00:00,2047.25,2054.95,2046.82,2048.68,10491,7
2023-12-22 04:00:00,2048.65,2051.23,2047.14,2048.28,11333,7
2023-12-22 08:00:00,2048.3,2054.56,2047.03,2053.47,11450,7
2023-12-22 12:00:00,2053.46,2069.24,2053.42,2067.15,20739,7
2023-12-22 16:00:00,2067.26,2070.57,2051.09,2055.45,28225,7
2023-12-22 20:00:00,2055.46,2057.99,2051.74,2053.06,10144,7
2023-12-26 00:00:00,2057.17,2063.82,2053.46,2063.28,6542,7
2023-12-26 04:00:00,2063.28,2065.03,2061.32,2062.75,8078,7
2023-12-26 08:00:00,2062.74,2065.01,2060.58,2061.9,7443,7
2023-12-26 12:00:00,2061.88,2064.1,2058.75,2058.75,8348,7
2023-12-26 16:00:00,2058.75,2061.98,2054.52,2057.78,14352,7
2023-12-26 20:00:00,2057.79,2068.98,2057.38,2066.78,8289,7
2023-12-27 00:00:00,2067.71,2068.44,2063.9,2066.71,7229,7
2023-12-27 04:00:00,2066.71,2067.26,2064.07,2064.68,7927,7
2023-12-27 08:00:00,2064.68,2069.3,2064.44,2068.32,9716,7
2023-12-27 12:00:00,2068.32,2070.24,2061.43,2068.27,13917,7
2023-12-27 16:00:00,2068.33,2082.52,2066.65,2081.87,22129,7
2023-12-27 20:00:00,2081.9,2084.4,2075.91,2077.29,10365,7
2023-12-28 00:00:00,2077.96,2087.67,2077.53,2086.98,7941,7
2023-12-28 04:00:00,2086.99,2088.38,2084.66,2085.78,11095,7
2023-12-28 08:00:00,2085.78,2087.51,2072.7,2076.95,15687,7
2023-12-28 12:00:00,2076.95,2079.25,2071.3,2072.91,14494,7
2023-12-28 16:00:00,2073.02,2081.09,2072.06,2074.82,20909,7
2023-12-28 20:00:00,2074.84,2075.48,2064.57,2064.98,10464,7
2023-12-29 00:00:00,2066.82,2071.32,2065.76,2070.72,7714,7
2023-12-29 04:00:00,2070.7,2072.24,2067.7,2072.19,9754,7
2023-12-29 08:00:00,2072.21,2074.73,2065.37,2065.58,11759,7
2023-12-29 12:00:00,2065.51,2068.83,2058.24,2059.23,14909,7
2023-12-29 16:00:00,2059.23,2068.06,2058.5,2066.54,24169,7
2023-12-29 20:00:00,2066.53,2067.84,2061.1,2062.57,11027,7
2024-01-02 00:00:00,2065.22,2069.83,2062.31,2066.6,8252,7
2024-01-02 04:00:00,2066.59,2074.77,2063.97,2074.43,10156,7
2024-01-02 08:00:00,2074.45,2078.87,2071.83,2077.07,16020,7
2024-01-02 12:00:00,2077.07,2077.78,2064.84,2066.19,20486,7
2024-01-02 16:00:00,2066.28,2070.66,2055.92,2062.65,30233,7
2024-01-02 20:00:00,2062.69,2064.95,2057.98,2058.94,8892,7
2024-01-03 00:00:00,2058.92,2062.55,2058.72,2062.49,7621,7
2024-01-03 04:00:00,2062.53,2065.89,2061.55,2064.07,9099,7
2024-01-03 08:00:00,2064.09,2065.37,2054.19,2056.78,15367,7
2024-01-03 12:00:00,2056.82,2057.13,2038.68,2040.99,23521,7
2024-01-03 16:00:00,2041.07,2048.72,2030.61,2033.39,36314,7
2024-01-03 20:00:00,2033.39,2042.27,2030.6,2041.04,18733,7
2024-01-04 00:00:00,2042.23,2043.91,2040.09,2042.2,8003,7
2024-01-04 04:00:00,2042.2,2046.87,2042.2,2043.74,13637,7
2024-01-04 08:00:00,2043.76,2050.9,2043.63,2047.99,25362,7
2024-01-04 12:00:00,2047.96,2050.78,2038.83,2040.24,28005,7
2024-01-04 16:00:00,2040.24,2047.63,2036.22,2043.3,39929,7
2024-01-04 20:00:00,2043.3,2044.9,2041.59,2043.47,15044,7
2024-01-05 00:00:00,2043.11,2048.18,2042.78,2046.15,8972,7
2024-01-05 04:00:00,2046.17,2047.84,2043.06,2044.45,10921,7
2024-01-05 08:00:00,2044.47,2046.95,2038.42,2038.84,22375,7
2024-01-05 12:00:00,2038.85,2041.86,2024.36,2039.94,28796,7
2024-01-05 16:00:00,2040.14,2063.96,2038.74,2041.96,53098,7
2024-01-05 20:00:00,2041.95,2050.3,2040.46,2045.7,20895,7
2024-01-08 00:00:00,2044.57,2046.57,2042.84,2043.78,8217,7
2024-01-08 04:00:00,2043.75,2043.79,2026.95,2030.7,14216,7
2024-01-08 08:00:00,2030.7,2033.32,2026.6,2029.08,26698,7
2024-01-08 12:00:00,2029.07,2029.5,2016.76,2018.98,31219,7
2024-01-08 16:00:00,2018.93,2036.9,2018.58,2027.66,38128,7
2024-01-08 20:00:00,2027.67,2029.83,2026.12,2028.04,14321,7
2024-01-09 00:00:00,2028.45,2035.54,2027.95,2032.2,9323,7
2024-01-09 04:00:00,2032.22,2035.79,2030.33,2032.74,11302,7
2024-01-09 08:00:00,2032.73,2038.2,2031.15,2035.47,24062,7
2024-01-09 12:00:00,2035.47,2041.9,2031.63,2038.68,27348,7
2024-01-09 16:00:00,2038.67,2040.09,2026.08,2027.7,38772,7
2024-01-09 20:00:00,2027.64,2031.05,2026.78,2029.86,14632,7
2024-01-10 00:00:00,2030.64,2032.44,2027.19,2031.76,8341,7
2024-01-10 04:00:00,2031.77,2032.83,2025.41,2026.6,11443,7
2024-01-10 08:00:00,2026.61,2036.14,2023.83,2035.74,23677,7
2024-01-10 12:00:00,2035.74,2040.21,2030.08,2030.3,24783,7
2024-01-10 16:00:00,2030.3,2033.53,2022.25,2024.06,35383,7
2024-01-10 20:00:00,2024.06,2025.02,2020.47,2023.7,17751,7
2024-01-11 00:00:00,2025.04,2030.35,2024.66,2029.72,7891,7
2024-01-11 04:00:00,2029.7,2034.6,2028.77,2032.91,11080,7
2024-01-11 08:00:00,2032.92,2035.7,2030.19,2031.34,18779,7
2024-01-11 12:00:00,2031.33,2039.57,2025.0,2029.37,29336,7
2024-01-11 16:00:00,2029.41,2034.9,2013.28,2014.34,52725,7
2024-01-11 20:00:00,2014.32,2029.54,2013.83,2028.13,24595,7
2024-01-12 00:00:00,2029.23,2035.51,2029.23,2033.84,11021,7
2024-01-12 04:00:00,2033.89,2037.15,2032.84,2036.01,12189,7
2024-01-12 08:00:00,2036.03,2040.08,2034.16,2038.11,19537,7
2024-01-12 12:00:00,2038.12,2056.63,2038.07,2056.13,30867,7
2024-01-12 16:00:00,2056.17,2062.23,2041.48,2043.86,46917,7
2024-01-12 20:00:00,2043.86,2049.18,2043.03,2048.87,18575,7
2024-01-15 00:00:00,2047.84,2051.38,2045.76,2051.06,10912,7
2024-01-15 04:00:00,2051.06,2058.02,2049.83,2055.07,12363,7
2024-01-15 08:00:00,2055.07,2058.61,2052.91,2055.05,19097,7
2024-01-15 12:00:00,2055.07,2055.18,2051.31,2054.29,18833,7
2024-01-15 16:00:00,2054.29,2056.34,2049.18,2055.36,17393,7
2024-01-15 20:00:00,2055.42,2055.45,2053.68,2054.61,697,7
2024-01-16 00:00:00,2055.0,2055.57,2049.97,2050.88,10817,7
2024-01-16 04:00:00,2050.8,2051.63,2047.53,2048.61,13800,7
2024-01-16 08:00:00,2048.57,2050.86,2038.64,2041.21,27088,7
2024-01-16 12:00:00,2041.21,2044.87,2031.35,2037.64,33398,7
2024-01-16 16:00:00,2037.65,2042.51,2024.93,2025.33,47441,7
2024-01-16 20:00:00,2025.35,2030.17,2024.25,2027.65,19200,7
2024-01-17 00:00:00,2027.8,2030.8,2025.64,2030.29,10501,7
2024-01-17 04:00:00,2030.28,2032.89,2019.32,2020.62,16916,7
2024-01-17 08:00:00,2020.62,2026.59,2017.58,2023.85,28855,7
2024-01-17 12:00:00,2023.82,2029.03,2018.82,2022.35,32645,7
2024-01-17 16:00:00,2022.48,2023.13,2003.41,2007.04,43596,7
2024-01-17 20:00:00,2007.05,2007.24,2001.85,2005.87,19424,7
2024-01-18 00:00:00,2006.86,2012.11,2006.86,2011.66,10403,7
2024-01-18 04:00:00,2011.64,2011.86,2005.74,2009.24,14621,7
2024-01-18 08:00:00,2009.25,2014.08,2008.21,2010.17,21381,7
2024-01-18 12:00:00,2010.17,2017.17,2007.16,2009.11,29734,7
2024-01-18 16:00:00,2009.11,2017.7,2009.1,2016.42,40201,7
2024-01-18 20:00:00,2016.42,2023.27,2015.56,2022.79,16691,7
2024-01-19 00:00:00,2024.06,2025.53,2021.14,2024.01,10102,7
2024-01-19 04:00:00,2023.98,2025.07,2020.42,2021.62,11440,7
2024-01-19 08:00:00,2021.64,2030.82,2020.79,2029.8,20707,7
2024-01-19 12:00:00,2029.81,2039.41,2028.77,2035.32,23167,7
2024-01-19 16:00:00,2035.32,2035.73,2023.21,2029.06,39350,7
2024-01-19 20:00:00,2029.06,2029.84,2026.41,2029.45,15037,7
2024-01-22 00:00:00,2028.7,2032.13,2025.41,2029.11,9860,7
2024-01-22 04:00:00,2029.15,2029.99,2021.82,2023.16,11473,7
2024-01-22 08:00:00,2023.16,2026.21,2019.07,2021.72,23975,7
2024-01-22 12:00:00,2021.66,2030.12,2021.07,2023.21,26873,7
2024-01-22 16:00:00,2023.15,2026.57,2016.54,2021.52,33589,7
2024-01-22 20:00:00,2021.52,2021.9,2019.11,2021.03,13278,7
2024-01-23 00:00:00,2021.65,2023.1,2019.61,2021.7,7976,7
2024-01-23 04:00:00,2021.72,2031.67,2020.71,2030.79,14208,7
2024-01-23 08:00:00,2030.8,2037.74,2027.06,2028.76,24555,7
2024-01-23 12:00:00,2028.75,2030.24,2022.41,2024.96,25896,7
2024-01-23 16:00:00,2024.96,2027.76,2021.36,2024.31,35513,7
2024-01-23 20:00:00,2024.3,2030.64,2023.01,2028.7,14606,7
2024-01-24 00:00:00,2029.27,2029.63,2026.38,2027.25,7744,7
2024-01-24 04:00:00,2027.25,2027.56,2022.78,2024.45,9557,7
2024-01-24 08:00:00,2024.47,2034.07,2023.62,2030.85,24508,7
2024-01-24 12:00:00,2030.84,2036.67,2029.31,2033.99,29633,7
2024-01-24 16:00:00,2033.99,2034.74,2011.95,2019.25,43574,7
2024-01-24 20:00:00,2019.26,2019.78,2011.14,2012.62,19137,7
2024-01-25 00:00:00,2015.79,2017.56,2014.47,2016.33,9779,7
2024-01-25 04:00:00,2016.42,2016.99,2014.56,2015.54,10073,7
2024-01-25 08:00:00,2015.54,2018.22,2012.66,2017.9,20774,7
2024-01-25 12:00:00,2017.88,2022.94,2009.02,2019.31,27239,7
2024-01-25 16:00:00,2019.34,2025.18,2012.47,2014.91,32864,7
2024-01-25 20:00:00,2014.92,2020.26,2013.4,2019.88,10035,7
2024-01-26 00:00:00,2019.93,2024.19,2019.29,2021.91,7757,7
2024-01-26 04:00:00,2021.88,2023.86,2021.0,2023.09,7719,7
2024-01-26 08:00:00,2023.11,2023.46,2018.2,2020.82,19022,7
2024-01-26 12:00:00,2020.82,2026.71,2018.74,2024.71,24847,7
2024-01-26 16:00:00,2024.71,2026.04,2015.94,2016.65,33776,7
2024-01-26 20:00:00,2016.64,2019.25,2016.01,2018.57,12657,7
2024-01-29 00:00:00,2023.64,2028.36,2019.25,2023.21,10050,7
2024-01-29 04:00:00,2023.27,2027.55,2021.51,2025.52,8080,7
2024-01-29 08:00:00,2025.52,2033.81,2024.83,2028.3,19261,7
2024-01-29 12:00:00,2028.26,2037.6,2025.49,2036.89,23080,7
2024-01-29 16:00:00,2036.91,2037.29,2020.52,2029.37,32310,7
2024-01-29 20:00:00,2029.35,2035.24,2025.1,2032.03,16584,7
2024-01-30 00:00:00,2032.67,2034.06,2029.15,2031.12,5725,7
2024-01-30 04:00:00,2030.96,2033.37,2029.81,2032.16,6466,7
2024-01-30 08:00:00,2032.18,2040.32,2032.11,2035.76,17892,7
2024-01-30 12:00:00,2035.77,2037.95,2030.7,2037.82,20942,7
2024-01-30 16:00:00,2037.79,2048.61,2029.06,2034.03,39514,7
2024-01-30 20:00:00,2034.03,2037.02,2031.52,2036.38,15392,7
2024-01-31 00:00:00,2036.45,2038.65,2034.5,2034.65,6650,7
2024-01-31 04:00:00,2034.64,2035.12,2032.85,2035.1,9669,7
2024-01-31 08:00:00,2035.1,2040.45,2033.58,2038.23,19222,7
2024-01-31 12:00:00,2038.25,2043.2,2035.99,2041.95,25797,7
2024-01-31 16:00:00,2041.95,2055.98,2040.7,2049.66,43759,7
2024-01-31 20:00:00,2049.57,2050.69,2030.81,2037.42,37362,7
2024-02-01 00:00:00,2040.12,2042.61,2039.09,2041.38,6947,7
2024-02-01 04:00:00,2041.38,2049.5,2041.26,2044.51,10109,7
2024-02-01 08:00:00,2044.51,2044.95,2038.97,2041.09,20863,7
2024-02-01 12:00:00,2041.11,2042.17,2029.99,2040.06,34758,7
2024-02-01 16:00:00,2040.06,2065.35,2040.03,2054.42,50834,7
2024-02-01 20:00:00,2054.32,2058.72,2052.14,2055.06,22191,7
2024-02-02 00:00:00,2054.42,2056.81,2052.91,2054.73,6718,7
2024-02-02 04:00:00,2054.73,2056.53,2051.99,2055.51,10384,7
2024-02-02 08:00:00,2055.51,2056.93,2052.69,2053.02,17817,7
2024-02-02 12:00:00,2053.03,2057.62,2029.44,2031.68,26959,7
2024-02-02 16:00:00,2031.64,2037.49,2027.63,2035.24,31625,7
2024-02-02 20:00:00,2035.24,2038.72,2034.38,2038.64,10653,7
2024-02-05 00:00:00,2041.52,2042.14,2033.59,2037.98,11958,7
2024-02-05 04:00:00,2037.96,2038.73,2028.91,2029.73,13346,7
2024-02-05 08:00:00,2029.74,2031.4,2020.65,2022.69,23988,7
2024-02-05 12:00:00,2022.68,2028.3,2014.98,2015.93,25229,7
2024-02-05 16:00:00,2016.03,2026.44,2014.91,2025.69,38883,7
2024-02-05 20:00:00,2025.71,2027.55,2024.02,2024.89,15246,7
2024-02-06 00:00:00,2025.36,2028.53,2023.71,2027.16,7090,7
2024-02-06 04:00:00,2027.14,2029.78,2023.47,2029.45,10469,7
2024-02-06 08:00:00,2029.44,2029.6,2022.87,2023.61,10959,7
2024-02-06 12:00:00,2023.61,2030.84,2022.89,2029.2,19135,7
2024-02-06 16:00:00,2029.28,2038.91,2026.89,2037.07,38478,7
2024-02-06 20:00:00,2036.98,2038.15,2033.85,2035.68,16575,7
2024-02-07 00:00:00,2035.75,2036.29,2034.2,2035.03,5173,7
2024-02-07 04:00:00,2035.05,2035.6,2033.24,2033.37,8339,7
2024-02-07 08:00:00,2033.35,2036.18,2031.24,2034.4,16833,7
2024-02-07 12:00:00,2034.41,2036.68,2030.6,2036.14,25229,7
2024-02-07 16:00:00,2036.18,2044.58,2032.68,2035.64,38453,7
2024-02-07 20:00:00,2035.63,2037.23,2033.73,2034.35,14784,7
2024-02-08 00:00:00,2035.33,2038.14,2035.33,2037.23,5009,7
2024-02-08 04:00:00,2037.23,2038.7,2031.18,2033.49,8528,7
2024-02-08 08:00:00,2033.54,2035.94,2028.91,2035.31,16712,7
2024-02-08 12:00:00,2035.33,2038.42,2020.97,2021.08,29515,7
2024-02-08 16:00:00,2021.08,2033.95,2020.15,2031.78,36977,7
2024-02-08 20:00:00,2031.74,2035.36,2031.16,2033.43,15786,7
2024-02-09 00:00:00,2034.83,2035.03,2031.96,2034.23,4644,7
2024-02-09 04:00:00,2034.23,2035.13,2032.19,2032.84,6005,7
2024-02-09 08:00:00,2032.9,2034.95,2030.49,2031.58,16332,7
2024-02-09 12:00:00,2031.58,2037.21,2025.59,2027.03,27021,7
2024-02-09 16:00:00,2026.92,2030.52,2020.33,2024.69,36700,7
2024-02-09 20:00:00,2024.65,2026.33,2022.81,2024.3,12537,7
2024-02-12 00:00:00,2026.68,2026.69,2023.49,2023.49,4030,7
2024-02-12 04:00:00,2023.47,2024.13,2021.85,2023.83,4109,7
2024-02-12 08:00:00,2023.77,2027.21,2020.38,2020.73,14722,7
2024-02-12 12:00:00,2020.74,2027.56,2018.56,2019.11,22722,7
2024-02-12 16:00:00,2019.11,2020.33,2011.89,2019.37,33059,7
2024-02-12 20:00:00,2019.37,2021.6,2017.76,2019.82,13866,7
2024-02-13 00:00:00,2019.68,2021.19,2018.27,2020.3,3737,7
2024-02-13 04:00:00,2020.33,2021.63,2016.85,2020.75,4745,7
2024-02-13 08:00:00,2020.74,2026.91,2020.67,2026.67,14982,7
2024-02-13 12:00:00,2026.68,2032.36,2002.95,2004.3,25439,0
2024-02-13 16:00:00,2004.35,2005.89,1990.14,1993.67,43682,7
2024-02-13 20:00:00,1993.69,1995.77,1991.23,1992.41,15271,7
2024-02-14 00:00:00,1992.01,1993.19,1988.73,1992.8,7151,7
2024-02-14 04:00:00,1992.79,1993.53,1991.12,1992.92,6862,7
2024-02-14 08:00:00,1992.92,1993.02,1986.03,1991.27,19415,7
2024-02-14 12:00:00,1991.23,1993.4,1988.7,1989.12,24311,7
2024-02-14 16:00:00,1989.1,1995.29,1984.19,1994.33,40172,7
2024-02-14 20:00:00,1994.37,1996.1,1989.67,1992.45,15511,7
2024-02-15 00:00:00,1993.26,1994.38,1992.32,1992.56,5264,7
2024-02-15 04:00:00,1992.48,1993.55,1990.2,1991.91,5423,7
2024-02-15 08:00:00,1991.97,1996.77,1991.47,1996.39,15744,7
2024-02-15 12:00:00,1996.39,2004.12,1995.59,2003.82,23481,7
2024-02-15 16:00:00,2003.76,2008.28,1998.42,2003.7,40505,7
2024-02-15 20:00:00,2003.69,2006.43,2002.76,2004.21,16418,7
2024-02-16 00:00:00,2004.54,2005.64,2002.39,2005.51,5011,7
2024-02-16 04:00:00,2005.49,2005.6,2003.01,2004.46,6936,7
2024-02-16 08:00:00,2004.46,2006.47,2002.7,2005.04,15204,7
2024-02-16 12:00:00,2005.04,2008.14,1995.05,2001.5,20600,7
2024-02-16 16:00:00,2001.47,2014.42,1995.3,2013.32,42147,7
2024-02-16 20:00:00,2013.33,2015.17,2011.07,2013.15,16238,7
2024-02-19 00:00:00,2011.81,2020.7,2011.78,2019.73,8643,7
2024-02-19 04:00:00,2019.7,2022.81,2018.24,2020.77,8633,7
2024-02-19 08:00:00,2020.77,2022.94,2019.04,2020.16,14572,7
2024-02-19 12:00:00,2020.2,2020.56,2016.01,2016.84,15051,7
2024-02-19 16:00:00,2016.85,2018.5,2013.25,2017.3,14362,7
2024-02-19 20:00:00,2017.33,2018.45,2016.8,2017.99,708,7
2024-02-20 00:00:00,2016.99,2019.21,2015.01,2017.0,7667,7
2024-02-20 04:00:00,2016.98,2019.72,2016.81,2018.48,9025,7
2024-02-20 08:00:00,2018.5,2025.15,2017.71,2024.05,20357,7
2024-02-20 12:00:00,2024.07,2030.78,2023.55,2030.06,26126,7
2024-02-20 16:00:00,2030.07,2030.91,2025.47,2028.73,22812,7
2024-02-20 20:00:00,2028.73,2028.93,2023.55,2023.76,7172,7
2024-02-21 00:00:00,2024.31,2026.07,2022.92,2025.35,7819,7
2024-02-21 04:00:00,2025.35,2032.23,2025.35,2030.91,11024,7
2024-02-21 08:00:00,2030.94,2031.17,2025.97,2028.11,17187,7
2024-02-21 12:00:00,2028.11,2031.51,2027.37,2028.75,21359,7
2024-02-21 16:00:00,2028.75,2030.35,2021.5,2024.25,31107,7
2024-02-21 20:00:00,2024.34,2027.01,2019.95,2025.24,22040,7
2024-02-22 00:00:00,2026.14,2028.53,2025.01,2027.01,6109,7
2024-02-22 04:00:00,2026.97,2029.96,2025.49,2028.43,7530,7
2024-02-22 08:00:00,2028.43,2034.8,2028.35,2030.3,18861,7
2024-02-22 12:00:00,2030.25,2031.21,2022.78,2025.72,22343,7
2024-02-22 16:00:00,2025.68,2026.75,2019.76,2023.0,34899,7
2024-02-22 20:00:00,2023.03,2025.07,2019.6,2024.28,15791,7
2024-02-23 00:00:00,2024.37,2027.23,2022.75,2026.86,6366,7
2024-02-23 04:00:00,2026.86,2027.45,2022.15,2022.43,6037,7
2024-02-23 08:00:00,2022.42,2022.67,2016.02,2016.79,16618,7
2024-02-23 12:00:00,2016.8,2029.24,2016.59,2025.37,25142,7
2024-02-23 16:00:00,2025.36,2039.83,2024.2,2037.93,34629,7
2024-02-23 20:00:00,2037.97,2041.34,2035.01,2035.81,12873,7
2024-02-26 00:00:00,2033.15,2034.89,2029.91,2031.23,6785,7
2024-02-26 04:00:00,2031.19,2034.19,2030.62,2032.95,6901,7
2024-02-26 08:00:00,2032.95,2036.99,2031.81,2033.1,16177,7
2024-02-26 12:00:00,2033.11,2035.45,2030.69,2032.65,21779,7
2024-02-26 16:00:00,2032.68,2032.9,2025.08,2028.71,27805,7
2024-02-26 20:00:00,2028.71,2033.65,2028.14,2030.91,13933,7
2024-02-27 00:00:00,2030.93,2033.78,2030.67,2033.59,5183,12
2024-02-27 04:00:00,2033.64,2034.51,2032.3,2033.63,6384,12
2024-02-27 08:00:00,2033.63,2039.45,2033.25,2036.62,14024,7
2024-02-27 12:00:00,2036.62,2039.12,2034.65,2035.45,19729,7
2024-02-27 16:00:00,2035.44,2037.4,2029.8,2032.3,28499,7
2024-02-27 20:00:00,2032.3,2036.12,2028.76,2030.0,12303,7
2024-02-28 00:00:00,2029.9,2033.71,2029.12,2033.4,5252,12
2024-02-28 04:00:00,2033.4,2033.61,2029.76,2030.95,6921,12
2024-02-28 08:00:00,2030.95,2032.06,2024.84,2024.91,15848,7
2024-02-28 12:00:00,2024.89,2036.17,2024.49,2035.82,23496,7
2024-02-28 16:00:00,2035.85,2037.84,2030.43,2033.83,28929,7
2024-02-28 20:00:00,2033.84,2035.17,2030.83,2034.82,10533,7
2024-02-29 00:00:00,2035.26,2036.52,2033.89,2036.47,4650,12
2024-02-29 04:00:00,2036.46,2037.08,2034.38,2035.62,7121,12
2024-02-29 08:00:00,2035.62,2037.81,2033.98,2034.57,14366,7
2024-02-29 12:00:00,2034.57,2048.67,2028.08,2047.66,26210,7
2024-02-29 16:00:00,2047.65,2050.76,2043.28,2045.69,34479,7
2024-02-29 20:00:00,2045.64,2046.89,2042.87,2043.48,15032,7
2024-03-01 00:00:00,2043.36,2044.72,2042.82,2044.35,5824,12
2024-03-01 04:00:00,2044.35,2046.79,2043.37,2045.06,6201,12
2024-03-01 08:00:00,2045.06,2048.82,2039.01,2046.4,18778,7
2024-03-01 12:00:00,2046.42,2057.44,2045.9,2051.66,28462,7
2024-03-01 16:00:00,2051.65,2085.66,2045.58,2084.81,44776,7
2024-03-01 20:00:00,2084.83,2088.29,2082.23,2083.54,19739,7
2024-03-04 00:00:00,2082.87,2086.21,2079.44,2080.18,9816,12
2024-03-04 04:00:00,2080.16,2083.45,2079.81,2081.53,7784,12
2024-03-04 08:00:00,2081.53,2088.23,2081.04,2085.14,17564,7
2024-03-04 12:00:00,2085.14,2093.15,2081.16,2091.6,22046,7
2024-03-04 16:00:00,2091.66,2119.88,2090.51,2116.46,41613,7
2024-03-04 20:00:00,2116.45,2118.5,2113.29,2115.16,12678,7
2024-03-05 00:00:00,2114.06,2116.79,2110.43,2112.62,8556,12
2024-03-05 04:00:00,2112.6,2119.7,2111.18,2119.26,10132,12
2024-03-05 08:00:00,2119.26,2125.33,2113.93,2124.51,21577,7
2024-03-05 12:00:00,2124.47,2141.78,2121.2,2127.73,29443,7
2024-03-05 16:00:00,2127.69,2139.49,2123.62,2130.92,44502,7
2024-03-05 20:00:00,2130.94,2134.75,2127.09,2127.84,16648,7
2024-03-06 00:00:00,2127.47,2128.49,2125.09,2125.48,7455,12
2024-03-06 04:00:00,2125.49,2127.94,2123.67,2125.26,8537,12
2024-03-06 08:00:00,2125.31,2131.51,2124.3,2128.65,18090,7
2024-03-06 12:00:00,2128.65,2139.65,2124.67,2139.42,25703,7
2024-03-06 16:00:00,2139.45,2149.99,2131.95,2144.79,42968,7
2024-03-06 20:00:00,2144.79,2152.18,2139.42,2148.4,19508,7
2024-03-07 00:00:00,2147.7,2151.25,2144.13,2146.14,11148,12
2024-03-07 04:00:00,2146.2,2161.36,2145.63,2154.46,18929,12
2024-03-07 08:00:00,2154.4,2159.8,2151.54,2157.68,23145,7
2024-03-07 12:00:00,2157.68,2164.68,2153.24,2159.57,23991,7
2024-03-07 16:00:00,2159.57,2159.78,2147.91,2158.24,33810,7
2024-03-07 20:00:00,2158.24,2160.85,2156.08,2159.39,10239,7
2024-03-08 00:00:00,2158.96,2163.55,2157.67,2157.83,8672,12
2024-03-08 04:00:00,2157.8,2159.28,2153.96,2157.74,10127,12
2024-03-08 08:00:00,2157.74,2171.01,2156.46,2169.06,22596,7
2024-03-08 12:00:00,2168.99,2185.37,2156.46,2171.15,23399,7
2024-03-08 16:00:00,2171.14,2195.16,2163.8,2184.98,48878,7
2024-03-08 20:00:00,2184.98,2184.99,2168.27,2177.8,23397,7
2024-03-11 00:00:00,2179.88,2188.96,2177.18,2186.63,8236,12
2024-03-11 04:00:00,2186.62,2186.72,2176.83,2180.68,13738,12
2024-03-11 08:00:00,2180.69,2183.06,2176.77,2177.4,17772,7
2024-03-11 12:00:00,2177.39,2181.54,2175.93,2177.19,19985,7
2024-03-11 16:00:00,2177.17,2185.68,2174.85,2180.8,30362,7
2024-03-11 20:00:00,2180.82,2184.14,2177.18,2182.79,11750,7
2024-03-12 00:00:00,2181.93,2184.72,2180.2,2180.45,6050,12
2024-03-12 04:00:00,2180.54,2183.07,2176.78,2178.21,11980,12
2024-03-12 08:00:00,2178.21,2179.16,2173.65,2177.77,16400,7
2024-03-12 12:00:00,2177.78,2181.99,2161.12,2169.81,26711,7
2024-03-12 16:00:00,2169.8,2169.88,2152.61,2165.75,41494,7
2024-03-12 20:00:00,2165.71,2165.71,2150.59,2158.39,15937,7
2024-03-13 00:00:00,2158.53,2161.39,2155.74,2159.28,7394,12
2024-03-13 04:00:00,2159.28,2161.54,2157.22,2159.31,10181,12
2024-03-13 08:00:00,2159.31,2161.47,2157.93,2158.2,14007,7
2024-03-13 12:00:00,2158.19,2166.35,2157.53,2163.6,20170,7
2024-03-13 16:00:00,2163.61,2174.69,2161.43,2173.64,36472,7
2024-03-13 20:00:00,2173.66,2179.84,2171.74,2174.63,15472,7
2024-03-14 00:00:00,2174.09,2176.54,2173.71,2176.25,4515,12
2024-03-14 04:00:00,2176.32,2176.94,2171.02,2171.74,10122,12
2024-03-14 08:00:00,2171.73,2171.94,2167.43,2169.6,14098,7
2024-03-14 12:00:00,2169.6,2172.0,2160.44,2162.77,21587,7
2024-03-14 16:00:00,2162.77,2167.23,2152.78,2158.66,40640,7
2024-03-14 20:00:00,2158.54,2165.03,2158.06,2162.04,12575,7
2024-03-15 00:00:00,2162.3,2163.08,2160.55,2162.68,3708,12
2024-03-15 04:00:00,2162.64,2165.92,2161.64,2164.45,9271,12
2024-03-15 08:00:00,2164.51,2170.05,2163.55,2169.1,17107,7
2024-03-15 12:00:00,2169.12,2172.7,2157.56,2161.84,21029,7
2024-03-15 16:00:00,2161.83,2166.67,2156.49,2158.79,34685,7
2024-03-15 20:00:00,2158.91,2160.6,2155.16,2156.07,12846,7
2024-03-18 00:00:00,2153.49,2157.45,2153.11,2156.6,6254,12
2024-03-18 04:00:00,2156.6,2156.6,2146.05,2147.35,13894,12
2024-03-18 08:00:00,2147.27,2154.42,2146.05,2153.51,15258,7
2024-03-18 12:00:00,2153.5,2163.59,2153.36,2159.13,22067,7
2024-03-18 16:00:00,2159.13,2161.33,2154.57,2159.91,28729,7
2024-03-18 20:00:00,2159.93,2161.12,2158.08,2159.48,9314,7
2024-03-19 00:00:00,2160.17,2162.82,2160.11,2160.63,4209,12
2024-03-19 04:00:00,2160.61,2162.71,2158.52,2160.24,12040,12
2024-03-19 08:00:00,2160.25,2160.46,2147.11,2153.05,19615,7
2024-03-19 12:00:00,2153.06,2158.66,2150.83,2156.92,22006,7
2024-03-19 16:00:00,2156.91,2158.61,2148.4,2154.54,26370,7
2024-03-19 20:00:00,2154.55,2158.49,2154.34,2157.68,10871,7
2024-03-20 00:00:00,2157.9,2159.62,2155.19,2157.16,3101,12
2024-03-20 04:00:00,2157.17,2160.17,2156.61,2156.87,7926,12
2024-03-20 08:00:00,2156.89,2159.47,2154.54,2156.12,11233,7
2024-03-20 12:00:00,2156.13,2156.13,2149.59,2153.17,15607,7
2024-03-20 16:00:00,2153.18,2164.89,2150.51,2157.69,27367,7
2024-03-20 20:00:00,2157.71,2188.8,2156.66,2185.75,36424,7
2024-03-21 00:00:00,2187.12,2222.72,2187.12,2198.96,19736,13
2024-03-21 04:00:00,2198.95,2212.39,2197.92,2203.24,19600,12
2024-03-21 08:00:00,2203.25,2210.17,2196.84,2201.52,22606,7
2024-03-21 12:00:00,2201.55,2211.72,2199.92,2207.68,28952,7
2024-03-21 16:00:00,2207.68,2208.07,2166.41,2179.95,45065,7
2024-03-21 20:00:00,2179.96,2183.97,2178.54,2180.78,12352,7
2024-03-22 00:00:00,2182.14,2186.04,2180.86,2184.96,4244,12
2024-03-22 04:00:00,2184.97,2185.86,2171.75,2173.6,17810,12
2024-03-22 08:00:00,2173.59,2176.21,2162.56,2167.93,20544,7
2024-03-22 12:00:00,2168.13,2176.19,2165.18,2174.59,22634,7
2024-03-22 16:00:00,2174.59,2180.12,2161.66,2162.62,35099,7
2024-03-22 20:00:00,2162.68,2167.22,2157.13,2164.96,15453,7
2024-03-25 00:00:00,2166.27,2169.4,2164.01,2165.52,7407,12
2024-03-25 04:00:00,2165.58,2178.29,2163.93,2169.41,18774,12
2024-03-25 08:00:00,2169.43,2171.05,2163.55,2165.71,17818,7
2024-03-25 12:00:00,2165.7,2177.03,2164.31,2174.56,19842,7
2024-03-25 16:00:00,2174.55,2181.3,2173.02,2175.8,27514,7
2024-03-25 20:00:00,2175.82,2176.67,2170.72,2171.11,10694,7
2024-03-26 00:00:00,2171.75,2174.43,2171.2,2173.89,5646,12
2024-03-26 04:00:00,2173.89,2174.32,2167.56,2172.28,13657,12
2024-03-26 08:00:00,2172.25,2179.26,2169.63,2178.3,15304,7
2024-03-26 12:00:00,2178.3,2200.05,2178.3,2187.88,28173,7
2024-03-26 16:00:00,2187.96,2192.9,2171.67,2176.79,34184,7
2024-03-26 20:00:00,2176.8,2179.21,2174.69,2176.52,12263,7
2024-03-27 00:00:00,2178.63,2180.21,2176.71,2177.5,4242,12
2024-03-27 04:00:00,2177.46,2181.69,2173.05,2178.38,11680,12
2024-03-27 08:00:00,2178.38,2182.67,2175.71,2177.42,12005,7
2024-03-27 12:00:00,2177.33,2197.61,2176.53,2186.08,26076,7
2024-03-27 16:00:00,2186.11,2195.18,2183.56,2192.47,30351,7
2024-03-27 20:00:00,2192.45,2195.21,2188.87,2194.8,12619,7
2024-03-28 00:00:00,2192.01,2194.0,2187.35,2189.07,6191,12
2024-03-28 04:00:00,2189.1,2196.89,2187.52,2195.58,12236,12
2024-03-28 08:00:00,2195.59,2200.63,2190.85,2194.83,16326,7
2024-03-28 12:00:00,2194.83,2216.92,2192.47,2215.67,31384,7
2024-03-28 16:00:00,2215.68,2225.54,2202.24,2220.34,41285,7
2024-03-28 20:00:00,2220.39,2236.25,2216.72,2229.47,15492,11
2024-04-01 00:00:00,2239.37,2256.38,2235.62,2250.02,15902,15
2024-04-01 04:00:00,2250.05,2265.66,2250.05,2260.32,22124,14
2024-04-01 08:00:00,2260.29,2263.38,2255.76,2257.3,15180,11
2024-04-01 12:00:00,2257.27,2258.34,2243.6,2252.55,21661,7
2024-04-01 16:00:00,2252.6,2257.85,2228.5,2238.08,41848,7
2024-04-01 20:00:00,2238.1,2250.61,2234.73,2249.33,13708,7
2024-04-02 00:00:00,2249.77,2255.82,2247.83,2250.33,8587,12
2024-04-02 04:00:00,2250.32,2259.8,2246.67,2256.61,17240,10
2024-04-02 08:00:00,2256.55,2262.79,2252.18,2261.12,19911,7
2024-04-02 12:00:00,2261.09,2266.77,2253.33,2257.58,27398,7
2024-04-02 16:00:00,2257.56,2276.97,2250.8,2260.3,46683,7
2024-04-02 20:00:00,2260.3,2281.06,2259.49,2280.3,22366,7
2024-04-03 00:00:00,2281.44,2288.32,2277.78,2283.2,11559,12
2024-04-03 04:00:00,2283.23,2287.95,2276.69,2283.73,17056,12
2024-04-03 08:00:00,2283.72,2286.02,2267.65,2273.21,23660,7
2024-04-03 12:00:00,2273.24,2275.11,2265.51,2274.93,26794,7
2024-04-03 16:00:00,2274.9,2295.18,2271.74,2293.98,47951,7
2024-04-03 20:00:00,2293.85,2300.11,2288.88,2299.83,18566,7
2024-04-04 00:00:00,2299.64,2302.67,2296.31,2302.2,10518,12
2024-04-04 04:00:00,2302.3,2304.78,2297.48,2298.83,11632,12
2024-04-04 08:00:00,2298.8,2300.63,2291.07,2291.62,16260,7
2024-04-04 12:00:00,2291.62,2295.19,2282.73,2288.16,23817,7
2024-04-04 16:00:00,2288.2,2299.33,2284.86,2286.78,35227,7
2024-04-04 20:00:00,2286.8,2305.55,2279.97,2289.5,31711,7
2024-04-05 00:00:00,2291.77,2293.34,2282.82,2283.09,8748,12
2024-04-05 04:00:00,2283.08,2284.08,2267.74,2278.04,19738,12
2024-04-05 08:00:00,2277.98,2291.76,2276.58,2288.09,22851,7
2024-04-05 12:00:00,2288.1,2296.13,2280.38,2290.84,28523,7
2024-04-05 16:00:00,2290.88,2329.44,2287.0,2327.17,52901,7
2024-04-05 20:00:00,2327.17,2330.3,2320.73,2328.89,19544,7
2024-04-08 00:00:00,2327.79,2328.45,2304.0,2306.15,16910,13
2024-04-08 04:00:00,2306.12,2354.08,2302.86,2342.11,37759,7
2024-04-08 08:00:00,2342.11,2343.64,2331.63,2336.27,30862,7
2024-04-08 12:00:00,2336.29,2343.53,2322.73,2329.01,31635,7
2024-04-08 16:00:00,2329.04,2335.68,2318.74,2328.51,43594,7
2024-04-08 20:00:00,2328.59,2342.04,2327.58,2338.46,18654,7
2024-04-09 00:00:00,2337.64,2341.7,2337.2,2340.9,5685,12
2024-04-09 04:00:00,2340.88,2348.4,2337.78,2344.18,22058,7
2024-04-09 08:00:00,2344.22,2359.23,2343.09,2357.6,24942,7
2024-04-09 12:00:00,2357.61,2365.29,2345.7,2349.42,33369,7
2024-04-09 16:00:00,2349.38,2364.25,2338.28,2344.99,50245,7
2024-04-09 20:00:00,2345.02,2354.56,2341.93,2353.71,20468,7
2024-04-10 00:00:00,2352.79,2355.57,2350.47,2351.64,5859,10
2024-04-10 04:00:00,2351.71,2356.82,2344.74,2356.22,17257,10
2024-04-10 08:00:00,2356.27,2360.06,2352.41,2354.55,23706,7
2024-04-10 12:00:00,2354.56,2354.83,2327.84,2338.39,30132,0
2024-04-10 16:00:00,2338.46,2352.33,2319.36,2337.2,57185,10
2024-04-10 20:00:00,2337.2,2345.02,2325.79,2332.47,30053,10
2024-04-11 00:00:00,2334.32,2337.23,2333.3,2335.2,7891,13
2024-04-11 04:00:00,2335.16,2346.84,2334.03,2342.9,20383,13
2024-04-11 08:00:00,2342.94,2344.54,2325.69,2327.96,30092,9
2024-04-11 12:00:00,2327.96,2344.31,2327.95,2341.39,34388,7
2024-04-11 16:00:00,2341.34,2350.76,2332.32,2349.82,48987,9
2024-04-11 20:00:00,2349.83,2377.63,2348.0,2377.09,28394,10
2024-04-12 00:00:00,2373.94,2379.45,2371.91,2378.71,10072,13
2024-04-12 04:00:00,2378.78,2395.37,2378.74,2384.16,30756,13
2024-04-12 08:00:00,2384.15,2400.61,2383.35,2396.72,32738,9
2024-04-12 12:00:00,2396.76,2400.39,2390.38,2395.82,36957,9
2024-04-12 16:00:00,2395.83,2431.43,2360.84,2369.21,67603,10
2024-04-12 20:00:00,2369.26,2372.96,2333.78,2343.85,36797,10
2024-04-15 00:00:00,2358.69,2372.49,2346.87,2353.28,21519,15
2024-04-15 04:00:00,2353.37,2364.67,2348.45,2356.6,30055,13
2024-04-15 08:00:00,2356.6,2362.4,2344.75,2351.62,35977,9
2024-04-15 12:00:00,2351.6,2361.24,2346.32,2357.35,32465,7
2024-04-15 16:00:00,2357.44,2361.08,2324.24,2357.14,55126,10
2024-04-15 20:00:00,2357.16,2387.47,2354.1,2381.53,33169,10
2024-04-16 00:00:00,2382.74,2392.17,2380.16,2383.51,12095,13
2024-04-16 04:00:00,2383.45,2389.28,2379.29,2386.08,25778,13
2024-04-16 08:00:00,2386.13,2389.02,2362.98,2369.45,34165,9
2024-04-16 12:00:00,2369.47,2378.22,2367.55,2376.22,32335,9
2024-04-16 16:00:00,2376.31,2398.22,2363.51,2397.48,56301,9
2024-04-16 20:00:00,2397.5,2397.63,2379.77,2383.33,34773,10
2024-04-17 00:00:00,2383.49,2386.96,2380.72,2384.38,10718,13
2024-04-17 04:00:00,2384.4,2386.21,2380.27,2381.94,19705,13
2024-04-17 08:00:00,2381.95,2393.61,2372.71,2392.95,32065,9
2024-04-17 12:00:00,2392.95,2394.28,2378.32,2383.3,32545,9
2024-04-17 16:00:00,2383.23,2395.57,2361.06,2372.37,56625,9
2024-04-17 20:00:00,2372.37,2379.14,2367.81,2371.07,29531,10
2024-04-18 00:00:00,2365.33,2370.07,2363.71,2369.78,8788,13
2024-04-18 04:00:00,2369.77,2376.47,2364.05,2375.03,23844,13
2024-04-18 08:00:00,2375.07,2380.97,2373.47,2379.97,28313,9
2024-04-18 12:00:00,2380.0,2387.49,2377.26,2385.45,28992,9
2024-04-18 16:00:00,2385.45,2392.73,2369.59,2387.96,51730,9
2024-04-18 20:00:00,2387.97,2389.29,2377.28,2377.28,21919,10
2024-04-19 00:00:00,2379.53,2381.42,2373.74,2379.45,7700,13
2024-04-19 04:00:00,2379.43,2417.81,2378.76,2383.53,52021,7
2024-04-19 08:00:00,2383.58,2393.84,2378.0,2384.21,36452,9
2024-04-19 12:00:00,2384.2,2386.09,2372.87,2381.5,33263,9
2024-04-19 16:00:00,2381.5,2399.63,2373.06,2399.63,47252,9
2024-04-19 20:00:00,2399.64,2401.95,2386.63,2390.33,20893,10
2024-04-22 00:00:00,2384.33,2388.52,2381.05,2382.16,11702,13
2024-04-22 04:00:00,2382.14,2384.22,2361.98,2369.64,27454,13
2024-04-22 08:00:00,2369.69,2370.46,2351.44,2359.53,34374,9
2024-04-22 12:00:00,2359.49,2363.62,2333.03,2336.85,32799,9
2024-04-22 16:00:00,2336.85,2343.77,2328.96,2329.82,40773,9
2024-04-22 20:00:00,2329.82,2334.78,2325.01,2327.91,13914,10
2024-04-23 00:00:00,2330.31,2333.89,2326.9,2332.62,9775,13
2024-04-23 04:00:00,2332.57,2334.39,2295.53,2305.52,33875,13
2024-04-23 08:00:00,2305.43,2314.69,2298.84,2303.28,31141,9
2024-04-23 12:00:00,2303.3,2313.57,2291.33,2311.83,31962,9
2024-04-23 16:00:00,2311.82,2332.06,2309.54,2330.3,48810,9
2024-04-23 20:00:00,2330.31,2331.3,2321.27,2322.32,17111,10
2024-04-24 00:00:00,2322.21,2324.26,2320.7,2320.88,6964,13
2024-04-24 04:00:00,2320.88,2330.05,2315.76,2326.62,22106,13
2024-04-24 08:00:00,2326.62,2331.28,2316.13,2319.17,26234,9
2024-04-24 12:00:00,2319.18,2323.46,2311.76,2323.24,25713,9
2024-04-24 16:00:00,2323.29,2337.25,2316.06,2325.09,43839,9
2024-04-24 20:00:00,2325.03,2330.52,2313.74,2314.08,17905,10
2024-04-25 00:00:00,2317.57,2319.35,2315.42,2319.16,6486,13
2024-04-25 04:00:00,2319.19,2322.0,2305.11,2315.27,18666,13
2024-04-25 08:00:00,2315.3,2328.84,2314.41,2326.86,22045,9
2024-04-25 12:00:00,2326.86,2334.63,2323.34,2330.68,24172,9
2024-04-25 16:00:00,2330.75,2344.79,2312.74,2328.71,51017,9
2024-04-25 20:00:00,2328.75,2336.42,2326.27,2332.15,17683,10
2024-04-26 00:00:00,2332.56,2333.39,2328.68,2329.89,4712,13
2024-04-26 04:00:00,2329.85,2338.01,2326.28,2335.92,16984,13
2024-04-26 08:00:00,2335.91,2350.13,2333.96,2347.02,24495,9
2024-04-26 12:00:00,2347.1,2352.48,2340.59,2344.79,25241,7
2024-04-26 16:00:00,2345.06,2350.36,2328.67,2333.61,44347,9
2024-04-26 20:00:00,2333.57,2341.37,2332.66,2336.59,14039,10
2024-04-29 00:00:00,2333.77,2336.81,2330.66,2332.12,7593,13
2024-04-29 04:00:00,2332.1,2333.23,2319.88,2332.63,29646,13
2024-04-29 08:00:00,2332.62,2341.25,2327.47,2338.13,31650,9
2024-04-29 12:00:00,2338.09,2344.33,2328.29,2331.96,22638,9
2024-04-29 16:00:00,2331.94,2346.68,2325.61,2342.81,38649,9
2024-04-29 20:00:00,2342.92,2346.62,2332.98,2336.85,18626,10
2024-04-30 00:00:00,2336.0,2336.29,2331.69,2333.97,6758,13
2024-04-30 04:00:00,2334.04,2336.14,2324.94,2326.39,17875,13
2024-04-30 08:00:00,2326.44,2326.97,2310.69,2312.88,24718,9
2024-04-30 12:00:00,2312.88,2318.0,2304.64,2306.05,26448,7
2024-04-30 16:00:00,2306.05,2313.31,2293.14,2294.68,46086,9
2024-04-30 20:00:00,2294.67,2297.5,2285.12,2285.74,21658,10
2024-05-01 00:00:00,2288.19,2293.23,2285.75,2286.83,7897,13
2024-05-01 04:00:00,2286.83,2289.42,2281.61,2283.18,10804,13
2024-05-01 08:00:00,2283.2,2289.74,2282.51,2286.3,14300,9
2024-05-01 12:00:00,2286.29,2300.01,2285.77,2298.3,23000,9
2024-05-01 16:00:00,2298.29,2310.46,2295.22,2303.72,39014,9
2024-05-01 20:00:00,2303.7,2328.33,2295.49,2319.86,44541,10
2024-05-02 00:00:00,2320.26,2325.97,2319.56,2324.38,10374,13
2024-05-02 04:00:00,2324.37,2326.38,2317.36,2318.12,15701,13
2024-05-02 08:00:00,2318.14,2319.06,2303.09,2304.01,24502,9
2024-05-02 12:00:00,2304.02,2305.39,2293.54,2294.46,29437,9
2024-05-02 16:00:00,2294.55,2306.92,2285.47,2299.62,45258,9
2024-05-02 20:00:00,2299.62,2309.41,2299.28,2302.85,16435,10
2024-05-03 00:00:00,2305.18,2305.67,2300.25,2303.98,7333,13
2024-05-03 04:00:00,2303.98,2307.96,2299.62,2307.34,14931,13
2024-05-03 08:00:00,2307.36,2308.73,2297.79,2301.39,20464,9
2024-05-03 12:00:00,2301.39,2320.52,2294.64,2304.73,25139,0
2024-05-03 16:00:00,2304.73,2308.88,2277.31,2299.23,47853,7
2024-05-03 20:00:00,2299.26,2303.41,2296.02,2303.31,13892,10
2024-05-06 00:00:00,2302.31,2303.21,2291.81,2295.99,9469,13
2024-05-06 04:00:00,2295.96,2315.36,2295.85,2309.17,23566,13
2024-05-06 08:00:00,2309.19,2324.19,2308.65,2318.24,22202,9
2024-05-06 12:00:00,2318.25,2330.28,2314.55,2323.26,22217,9
2024-05-06 16:00:00,2323.26,2332.0,2317.71,2325.59,35868,9
2024-05-06 20:00:00,2325.56,2328.83,2321.01,2325.49,14643,10
2024-05-07 00:00:00,2325.17,2329.45,2322.16,2329.21,7915,13
2024-05-07 04:00:00,2329.23,2329.85,2319.59,2322.61,20091,13
2024-05-07 08:00:00,2322.62,2323.3,2311.71,2315.72,21752,9
2024-05-07 12:00:00,2315.68,2317.39,2309.9,2316.05,20639,9
2024-05-07 16:00:00,2316.05,2323.7,2312.4,2312.48,32185,7
2024-05-07 20:00:00,2312.51,2317.45,2311.04,2313.4,11725,10
2024-05-08 00:00:00,2315.12,2316.82,2313.85,2314.16,5588,13
2024-05-08 04:00:00,2314.15,2319.35,2306.95,2319.27,19390,13
2024-05-08 08:00:00,2319.28,2321.38,2303.63,2307.33,21001,9
2024-05-08 12:00:00,2307.31,2318.97,2307.03,2314.56,22518,9
2024-05-08 16:00:00,2314.55,2321.1,2306.84,2317.07,32697,9
2024-05-08 20:00:00,2317.12,2317.55,2307.89,2308.85,11150,10
2024-05-09 00:00:00,2310.11,2310.92,2307.85,2309.25,6093,13
2024-05-09 04:00:00,2309.25,2315.23,2307.77,2314.5,16237,13
2024-05-09 08:00:00,2314.52,2319.73,2307.53,2310.41,21377,9
2024-05-09 12:00:00,2310.41,2329.32,2306.55,2326.71,22650,9
2024-05-09 16:00:00,2326.72,2338.77,2312.28,2329.75,39521,9
2024-05-09 20:00:00,2329.72,2347.22,2329.23,2345.05,15509,10
2024-05-10 00:00:00,2345.66,2348.98,2345.26,2347.56,6722,11
2024-05-10 04:00:00,2347.56,2355.78,2347.15,2353.95,23574,11
2024-05-10 08:00:00,2353.95,2372.07,2353.75,2369.56,26714,9
2024-05-10 12:00:00,2369.57,2378.38,2361.72,2364.8,28050,9
2024-05-10 16:00:00,2364.79,2372.95,2356.58,2368.24,39963,9
2024-05-10 20:00:00,2368.27,2370.88,2360.04,2360.25,12007,10
2024-05-13 00:00:00,2361.48,2364.44,2359.72,2364.0,6150,13
2024-05-13 04:00:00,2364.0,2364.11,2354.27,2354.27,18403,13
2024-05-13 08:00:00,2354.28,2355.03,2341.62,2343.25,19884,9
2024-05-13 12:00:00,2343.3,2349.73,2338.45,2347.12,25626,9
2024-05-13 16:00:00,2347.1,2349.37,2332.07,2336.73,37870,9
2024-05-13 20:00:00,2336.73,2338.42,2334.46,2335.84,11063,10
2024-05-14 00:00:00,2337.33,2339.71,2334.78,2336.36,5164,11
2024-05-14 04:00:00,2336.36,2344.9,2336.34,2344.09,18352,11
2024-05-14 08:00:00,2344.09,2345.84,2336.05,2343.78,20213,9
2024-05-14 12:00:00,2343.76,2350.21,2336.58,2348.19,25777,9
2024-05-14 16:00:00,2348.24,2357.02,2344.89,2354.19,42511,9
2024-05-14 20:00:00,2354.2,2359.58,2352.0,2357.66,12765,10
2024-05-15 00:00:00,2357.2,2357.63,2354.87,2355.82,6449,13
2024-05-15 04:00:00,2355.83,2360.96,2354.87,2356.96,19106,11
2024-05-15 08:00:00,2356.96,2374.25,2355.7,2373.26,23971,9
2024-05-15 12:00:00,2373.3,2378.91,2358.92,2372.58,30320,9
2024-05-15 16:00:00,2372.54,2386.65,2351.85,2383.63,52023,9
2024-05-15 20:00:00,2383.68,2390.23,2383.61,2386.94,19148,10
2024-05-16 00:00:00,2387.71,2395.14,2387.06,2395.0,11649,11
2024-05-16 04:00:00,2394.99,2397.26,2386.34,2391.29,31762,11
2024-05-16 08:00:00,2391.29,2394.4,2384.75,2386.01,26924,9
2024-05-16 12:00:00,2386.0,2387.73,2377.89,2379.1,27085,9
2024-05-16 16:00:00,2379.11,2383.71,2370.95,2381.92,38734,9
2024-05-16 20:00:00,2381.92,2382.39,2375.87,2376.18,11524,10
2024-05-17 00:00:00,2378.04,2379.68,2377.51,2377.98,5480,12
2024-05-17 04:00:00,2377.98,2381.19,2373.93,2378.8,17296,11
2024-05-17 08:00:00,2378.8,2387.84,2378.52,2384.27,23497,9
2024-05-17 12:00:00,2384.26,2393.97,2381.73,2393.26,21638,9
2024-05-17 16:00:00,2393.26,2419.08,2393.26,2407.83,46815,9
2024-05-17 20:00:00,2407.84,2422.69,2405.75,2415.56,22504,10
2024-05-20 00:00:00,2425.19,2426.46,2416.48,2425.38,13924,15
2024-05-20 04:00:00,2425.37,2440.63,2425.37,2437.28,30082,13
2024-05-20 08:00:00,2437.29,2450.01,2431.9,2440.08,34408,9
2024-05-20 12:00:00,2440.08,2447.12,2407.31,2413.79,36337,9
2024-05-20 16:00:00,2413.42,2428.08,2410.38,2426.53,43498,9
2024-05-20 20:00:00,2426.55,2437.28,2423.27,2424.61,20960,10
2024-05-21 00:00:00,2427.17,2430.48,2424.33,2428.82,8117,11
2024-05-21 04:00:00,2428.8,2433.01,2406.13,2412.35,36170,11
2024-05-21 08:00:00,2412.36,2422.13,2408.54,2418.74,31840,9
2024-05-21 12:00:00,2418.68,2429.9,2412.18,2426.23,27717,9
2024-05-21 16:00:00,2426.23,2433.87,2417.99,2422.84,47254,9
2024-05-21 20:00:00,2422.86,2425.01,2417.32,2421.24,15117,10
2024-05-22 00:00:00,2421.22,2423.11,2420.36,2420.51,6567,13
2024-05-22 04:00:00,2420.52,2426.46,2412.1,2412.88,28001,11
2024-05-22 08:00:00,2412.86,2418.44,2410.57,2416.85,30165,9
2024-05-22 12:00:00,2416.86,2419.31,2404.74,2412.45,29634,9
2024-05-22 16:00:00,2412.41,2413.25,2382.22,2391.91,47255,9
2024-05-22 20:00:00,2391.9,2394.35,2374.98,2378.49,27162,10
2024-05-23 00:00:00,2379.37,2383.65,2378.94,2380.31,8610,17
2024-05-23 04:00:00,2380.29,2381.87,2366.64,2372.77,29563,11
2024-05-23 08:00:00,2372.77,2373.13,2354.95,2360.43,33771,10
2024-05-23 12:00:00,2360.46,2369.37,2358.76,2362.66,28146,9
2024-05-23 16:00:00,2362.82,2369.87,2340.02,2340.97,51189,7
2024-05-23 20:00:00,2340.96,2342.94,2326.99,2327.89,22343,10
2024-05-24 00:00:00,2329.43,2333.61,2327.43,2329.04,7411,12
2024-05-24 04:00:00,2329.06,2335.17,2325.36,2335.07,24445,11
2024-05-24 08:00:00,2335.07,2340.97,2333.17,2340.09,24410,9
2024-05-24 12:00:00,2340.1,2343.87,2335.44,2339.3,23671,9
2024-05-24 16:00:00,2339.3,2347.36,2332.34,2334.23,36645,9
2024-05-24 20:00:00,2334.23,2336.73,2331.84,2334.32,11579,10
2024-05-27 00:00:00,2335.93,2340.68,2332.28,2336.18,7718,11
2024-05-27 04:00:00,2336.14,2347.54,2334.61,2342.97,19707,11
2024-05-27 08:00:00,2342.97,2346.19,2338.12,2344.2,19353,9
2024-05-27 12:00:00,2344.21,2349.63,2342.41,2347.17,17431,9
2024-05-27 16:00:00,2347.17,2358.44,2344.59,2354.98,29857,9
2024-05-27 20:00:00,2354.98,2355.14,2350.7,2350.79,2707,10
2024-05-28 00:00:00,2352.44,2353.84,2351.06,2351.75,6306,11
2024-05-28 04:00:00,2351.77,2356.35,2349.15,2351.04,22886,11
2024-05-28 08:00:00,2351.04,2353.69,2340.3,2344.93,27523,9
2024-05-28 12:00:00,2344.93,2357.1,2342.26,2353.17,23047,9
2024-05-28 16:00:00,2353.17,2364.06,2347.93,2356.62,45893,11
2024-05-28 20:00:00,2356.63,2360.53,2352.79,2360.29,17759,14
2024-05-29 00:00:00,2361.75,2361.8,2357.33,2357.82,7397,17
2024-05-29 04:00:00,2357.82,2360.83,2354.38,2358.26,23280,17
2024-05-29 08:00:00,2358.27,2361.27,2344.87,2345.47,30529,15
2024-05-29 12:00:00,2345.46,2347.3,2334.53,2337.6,27226,15
2024-05-29 16:00:00,2337.58,2347.14,2335.93,2341.94,37779,14
2024-05-29 20:00:00,2341.85,2344.27,2335.96,2337.44,13054,14
2024-05-30 00:00:00,2338.61,2339.17,2333.92,2336.9,9283,17
2024-05-30 04:00:00,2336.95,2339.83,2328.03,2335.23,31057,17
2024-05-30 08:00:00,2335.22,2337.65,2322.54,2335.02,32448,15
2024-05-30 12:00:00,2335.02,2345.18,2330.57,2341.27,31205,15
2024-05-30 16:00:00,2341.15,2351.8,2339.76,2347.9,40970,14
2024-05-30 20:00:00,2347.9,2348.8,2339.83,2341.99,13020,14
2024-05-31 00:00:00,2343.5,2347.49,2342.02,2346.32,9319,17
2024-05-31 04:00:00,2346.31,2347.7,2336.95,2344.15,29427,17
2024-05-31 08:00:00,2344.1,2347.04,2339.67,2343.21,24609,15
2024-05-31 12:00:00,2343.2,2356.71,2340.99,2354.78,24557,15
2024-05-31 16:00:00,2354.71,2359.66,2327.72,2332.83,51622,14
2024-05-31 20:00:00,2332.82,2333.82,2320.58,2329.44,21760,14
2024-06-03 00:00:00,2328.67,2328.77,2323.32,2327.11,9343,17
2024-06-03 04:00:00,2327.11,2331.0,2320.04,2321.3,26249,17
2024-06-03 08:00:00,2321.31,2328.78,2314.73,2325.51,30938,15
2024-06-03 12:00:00,2325.5,2334.31,2324.3,2334.0,25253,15
2024-06-03 16:00:00,2333.98,2349.95,2329.79,2349.11,43790,14
2024-06-03 20:00:00,2349.09,2354.68,2344.73,2350.29,17043,14
2024-06-04 00:00:00,2351.34,2352.78,2349.79,2350.59,6638,17
2024-06-04 04:00:00,2350.6,2352.3,2343.13,2349.31,22495,17
2024-06-04 08:00:00,2349.3,2351.74,2332.28,2333.33,29955,15
2024-06-04 12:00:00,2333.33,2335.91,2325.34,2335.11,34371,15
2024-06-04 16:00:00,2335.2,2337.96,2315.61,2323.93,47810,15
2024-06-04 20:00:00,2323.91,2330.37,2323.74,2326.66,16305,15
2024-06-05 00:00:00,2328.05,2329.56,2327.52,2328.14,6076,18
2024-06-05 04:00:00,2328.14,2338.15,2325.85,2337.99,21684,18
2024-06-05 08:00:00,2337.99,2341.62,2328.05,2332.6,25802,14
2024-06-05 12:00:00,2332.71,2343.94,2329.43,2342.16,24594,16
2024-06-05 16:00:00,2342.13,2357.35,2334.01,2352.66,45354,15
2024-06-05 20:00:00,2352.67,2356.72,2351.65,2354.05,14150,15
2024-06-06 00:00:00,2355.69,2357.52,2354.54,2355.69,6702,18
2024-06-06 04:00:00,2355.64,2374.89,2355.52,2369.43,29555,18
2024-06-06 08:00:00,2369.43,2371.34,2359.8,2362.88,23377,16
2024-06-06 12:00:00,2362.88,2365.19,2355.22,2357.53,24105,15
2024-06-06 16:00:00,2357.57,2378.49,2353.52,2372.87,46547,15
2024-06-06 20:00:00,2372.88,2375.4,2368.93,2373.46,20998,15
2024-06-07 00:00:00,2376.34,2379.14,2375.6,2378.44,6405,18
2024-06-07 04:00:00,2378.48,2387.42,2369.38,2386.65,27601,18
2024-06-07 08:00:00,2386.67,2387.66,2342.69,2347.3,35295,16
2024-06-07 12:00:00,2347.25,2347.96,2313.66,2319.32,39500,0
2024-06-07 16:00:00,2319.31,2328.04,2302.97,2311.64,48346,15
2024-06-07 20:00:00,2311.74,2312.3,2286.73,2294.02,22687,15
2024-06-10 00:00:00,2290.05,2300.03,2289.8,2297.0,11247,18
2024-06-10 04:00:00,2296.98,2301.34,2292.69,2294.78,17074,18
2024-06-10 08:00:00,2294.79,2297.48,2287.72,2292.61,25521,16
2024-06-10 12:00:00,2292.6,2308.53,2291.83,2306.14,24675,16
2024-06-10 16:00:00,2306.2,2313.73,2300.33,2312.89,33369,15
2024-06-10 20:00:00,2312.89,2313.36,2308.45,2309.9,11526,15
2024-06-11 00:00:00,2310.63,2312.14,2308.75,2310.78,6408,18
2024-06-11 04:00:00,2310.72,2310.72,2298.77,2303.54,29460,18
2024-06-11 08:00:00,2303.51,2307.7,2297.69,2305.94,24666,16
2024-06-11 12:00:00,2305.93,2319.84,2301.48,2317.92,24220,16
2024-06-11 16:00:00,2317.94,2319.52,2305.86,2308.46,37821,15
2024-06-11 20:00:00,2308.48,2316.56,2307.89,2315.79,13104,15
2024-06-12 00:00:00,2316.62,2317.59,2313.41,2313.73,6905,18
2024-06-12 04:00:00,2313.73,2316.69,2310.66,2312.68,22844,18
2024-06-12 08:00:00,2312.68,2317.71,2310.8,2312.76,18555,16
2024-06-12 12:00:00,2312.73,2337.56,2311.56,2335.92,14652,16
2024-06-12 16:00:00,2335.93,2341.56,2320.04,2337.6,26718,21
2024-06-12 20:00:00,2337.61,2339.5,2315.79,2323.9,21072,21
2024-06-13 00:00:00,2324.5,2324.58,2317.52,2320.71,5574,20
2024-06-13 04:00:00,2320.7,2321.46,2308.1,2311.77,17242,24
2024-06-13 08:00:00,2311.77,2318.53,2308.92,2315.53,14589,22
2024-06-13 12:00:00,2315.53,2326.58,2303.9,2323.25,17139,13
2024-06-13 16:00:00,2323.24,2324.69,2295.54,2299.21,26921,21
2024-06-13 20:00:00,2299.22,2304.88,2299.02,2303.82,9066,17
2024-06-14 00:00:00,2303.73,2305.63,2301.46,2304.89,4597,20
2024-06-14 04:00:00,2304.89,2308.54,2303.04,2305.89,15570,24
2024-06-14 08:00:00,2305.89,2321.59,2305.49,2317.32,17383,22
2024-06-14 12:00:00,2317.34,2336.54,2315.17,2330.29,21126,22
2024-06-14 16:00:00,2330.29,2335.38,2323.97,2328.76,23947,21
2024-06-14 20:00:00,2328.85,2335.47,2328.43,2332.18,10132,21
2024-06-17 00:00:00,2331.13,2331.38,2325.19,2326.29,5636,20
2024-06-17 04:00:00,2326.3,2328.9,2321.46,2323.61,14384,24
2024-06-17 08:00:00,2323.59,2323.6,2315.43,2321.27,16103,22
2024-06-17 12:00:00,2321.27,2322.54,2316.76,2319.55,14393,19
2024-06-17 16:00:00,2319.48,2327.54,2310.01,2316.93,21214,15
2024-06-17 20:00:00,2316.94,2320.73,2313.28,2318.72,8773,15
2024-06-18 00:00:00,2320.15,2325.53,2319.18,2324.08,4551,18
2024-06-18 04:00:00,2324.13,2325.59,2319.21,2322.53,14401,18
2024-06-18 08:00:00,2322.52,2323.7,2310.76,2311.3,14131,16
2024-06-18 12:00:00,2311.22,2324.13,2306.57,2313.92,16191,16
2024-06-18 16:00:00,2313.99,2330.68,2313.68,2330.21,22871,15
2024-06-18 20:00:00,2330.29,2333.11,2327.42,2329.06,8535,15
2024-06-19 00:00:00,2328.78,2329.94,2327.49,2329.47,3248,18
2024-06-19 04:00:00,2329.43,2331.74,2326.48,2327.95,9899,18
2024-06-19 08:00:00,2327.94,2334.95,2326.82,2332.52,11633,16
2024-06-19 12:00:00,2332.51,2332.85,2325.27,2328.31,11412,16
2024-06-19 16:00:00,2328.34,2331.42,2323.74,2329.39,11884,15
2024-06-19 20:00:00,2329.4,2331.0,2328.15,2328.27,1437,15
2024-06-20 00:00:00,2329.22,2330.59,2327.71,2329.66,3477,18
2024-06-20 04:00:00,2329.68,2340.91,2329.68,2340.46,15746,18
2024-06-20 08:00:00,2340.53,2345.63,2332.63,2333.34,17250,16
2024-06-20 12:00:00,2333.24,2343.66,2331.61,2338.43,14670,16
2024-06-20 16:00:00,2338.76,2365.43,2336.67,2356.35,23679,15
2024-06-20 20:00:00,2356.36,2361.01,2354.56,2358.9,7767,15
2024-06-21 00:00:00,2359.33,2364.76,2358.14,2364.04,5121,18
2024-06-21 04:00:00,2364.08,2364.08,2357.08,2362.91,14224,18
2024-06-21 08:00:00,2362.89,2368.07,2355.12,2365.33,15980,16
2024-06-21 12:00:00,2365.34,2368.67,2360.44,2360.61,14382,16
2024-06-21 16:00:00,2360.4,2363.71,2323.3,2324.67,26537,18
2024-06-21 20:00:00,2324.66,2325.06,2316.66,2321.36,10680,9
2024-06-24 00:00:00,2321.1,2322.15,2317.68,2320.92,5626,18
2024-06-24 04:00:00,2320.92,2326.63,2318.96,2324.44,16103,18
2024-06-24 08:00:00,2324.44,2332.76,2321.43,2330.51,14042,16
2024-06-24 12:00:00,2330.52,2330.91,2320.83,2327.58,16136,16
2024-06-24 16:00:00,2327.59,2333.81,2325.87,2331.62,23044,15
2024-06-24 20:00:00,2331.61,2334.62,2330.56,2332.93,8606,15
2024-06-25 00:00:00,2333.87,2334.27,2328.22,2330.02,4628,18
2024-06-25 04:00:00,2329.99,2330.92,2322.7,2327.41,17273,18
2024-06-25 08:00:00,2327.34,2330.51,2322.85,2329.55,16967,16
2024-06-25 12:00:00,2329.55,2337.03,2324.05,2324.12,17186,16
2024-06-25 16:00:00,2324.18,2328.15,2315.45,2317.8,27307,15
2024-06-25 20:00:00,2317.77,2320.53,2316.79,2318.79,8869,10
2024-06-26 00:00:00,2319.94,2323.87,2317.72,2318.41,5965,18
2024-06-26 04:00:00,2318.34,2321.56,2310.53,2316.82,19842,18
2024-06-26 08:00:00,2316.8,2318.13,2309.64,2315.62,18934,16
2024-06-26 12:00:00,2315.67,2318.37,2304.32,2310.12,20896,16
2024-06-26 16:00:00,2310.06,2311.54,2293.6,2299.71,29059,15
2024-06-26 20:00:00,2299.66,2302.92,2296.92,2297.83,9403,11
2024-06-27 00:00:00,2298.65,2300.1,2296.74,2299.03,5355,18
2024-06-27 04:00:00,2299.04,2301.12,2296.82,2300.44,13511,18
2024-06-27 08:00:00,2300.44,2308.33,2296.5,2307.56,18261,16
2024-06-27 12:00:00,2307.53,2325.77,2307.28,2322.83,26153,16
2024-06-27 16:00:00,2322.83,2330.91,2319.5,2325.39,36714,15
2024-06-27 20:00:00,2325.39,2327.96,2322.42,2327.32,12040,15
2024-06-28 00:00:00,2327.0,2328.2,2321.38,2321.59,5830,18
2024-06-28 04:00:00,2321.6,2324.98,2319.05,2321.21,24428,18
2024-06-28 08:00:00,2321.21,2331.91,2320.98,2328.69,22088,16
2024-06-28 12:00:00,2328.68,2339.29,2327.22,2335.45,25138,16
2024-06-28 16:00:00,2335.43,2339.75,2322.86,2329.96,36922,15
2024-06-28 20:00:00,2329.97,2332.68,2322.82,2325.49,13087,10
2024-07-01 00:00:00,2323.04,2326.09,2322.15,2324.81,8305,18
2024-07-01 04:00:00,2324.8,2328.54,2321.37,2323.65,20288,18
2024-07-01 08:00:00,2323.64,2328.98,2318.49,2325.82,25513,16
2024-07-01 12:00:00,2325.82,2338.48,2325.44,2327.41,24852,16
2024-07-01 16:00:00,2327.49,2334.28,2319.27,2328.13,37210,8
2024-07-01 20:00:00,2328.14,2332.39,2326.74,2332.01,10591,13
2024-07-02 00:00:00,2331.86,2333.86,2331.38,2333.02,5180,18
2024-07-02 04:00:00,2333.02,2334.29,2324.9,2327.27,17822,18
2024-07-02 08:00:00,2327.27,2332.42,2323.3,2331.16,21021,16
2024-07-02 12:00:00,2331.16,2331.87,2319.02,2327.45,24245,16
2024-07-02 16:00:00,2327.33,2336.74,2320.92,2322.83,37055,15
2024-07-02 20:00:00,2322.83,2331.26,2322.03,2329.22,11521,13
2024-07-03 00:00:00,2330.2,2332.12,2329.67,2330.2,4800,18
2024-07-03 04:00:00,2330.2,2335.2,2326.83,2334.43,15846,16
2024-07-03 08:00:00,2334.42,2347.53,2331.97,2344.63,25788,16
2024-07-03 12:00:00,2344.65,2356.09,2342.09,2350.43,29727,16
2024-07-03 16:00:00,2350.32,2364.91,2347.5,2356.57,40729,15
2024-07-03 20:00:00,2356.5,2360.79,2353.73,2356.12,9622,12
2024-07-04 00:00:00,2356.12,2359.57,2356.12,2358.53,5153,18
2024-07-04 04:00:00,2358.53,2362.41,2357.21,2358.44,16357,18
2024-07-04 08:00:00,2358.44,2359.6,2350.45,2358.81,19122,16
2024-07-04 12:00:00,2358.82,2360.35,2355.67,2357.7,14025,16
2024-07-04 16:00:00,2357.73,2361.78,2355.38,2357.77,19138,18
2024-07-04 20:00:00,2357.75,2357.99,2356.1,2356.7,1043,18
2024-07-05 00:00:00,2356.82,2358.98,2354.2,2358.85,7162,18
2024-07-05 04:00:00,2358.85,2364.63,2356.82,2363.94,20144,18
2024-07-05 08:00:00,2363.93,2368.05,2362.2,2366.41,22614,16
2024-07-05 12:00:00,2366.41,2376.11,2350.57,2372.1,25556,16
2024-07-05 16:00:00,2372.35,2388.3,2370.58,2386.44,43053,15
2024-07-05 20:00:00,2386.44,2392.85,2384.52,2391.1,18336,9
2024-07-08 00:00:00,2389.45,2390.15,2384.5,2386.62,8439,18
2024-07-08 04:00:00,2386.62,2391.05,2380.72,2384.91,23554,18
2024-07-08 08:00:00,2384.91,2386.72,2371.89,2372.77,27454,16
2024-07-08 12:00:00,2372.91,2377.42,2368.27,2372.7,23495,16
2024-07-08 16:00:00,2372.71,2379.49,2351.04,2358.63,39413,16
2024-07-08 20:00:00,2358.66,2359.82,2354.84,2358.44,11878,15
2024-07-09 00:00:00,2358.9,2363.63,2358.8,2361.83,6420,18
2024-07-09 04:00:00,2361.85,2368.72,2360.48,2367.33,22674,18
2024-07-09 08:00:00,2367.29,2368.3,2358.23,2361.62,21699,16
2024-07-09 12:00:00,2361.62,2365.53,2356.08,2360.13,21162,16
2024-07-09 16:00:00,2360.1,2371.43,2349.39,2357.49,43226,15
2024-07-09 20:00:00,2357.52,2365.59,2357.52,2364.1,13206,13
2024-07-10 00:00:00,2363.58,2366.44,2363.07,2364.61,4995,18
2024-07-10 04:00:00,2364.61,2370.23,2363.23,2367.69,19530,18
2024-07-10 08:00:00,2367.69,2374.9,2367.15,2372.81,21382,16
2024-07-10 12:00:00,2372.81,2381.78,2371.64,2377.77,19095,16
2024-07-10 16:00:00,2377.66,2386.64,2373.93,2377.81,34680,15
2024-07-10 20:00:00,2377.81,2378.49,2369.87,2370.83,14072,12
2024-07-11 00:00:00,2371.85,2374.35,2371.13,2374.13,4792,19
2024-07-11 04:00:00,2374.12,2382.42,2373.0,2381.97,18372,18
2024-07-11 08:00:00,2381.97,2384.06,2378.47,2381.37,20835,16
2024-07-11 12:00:00,2381.38,2409.71,2377.27,2406.23,25148,16
2024-07-11 16:00:00,2406.51,2424.51,2395.81,2411.6,50931,15
2024-07-11 20:00:00,2411.6,2418.6,2409.95,2413.92,16863,8
2024-07-12 00:00:00,2413.11,2416.23,2411.04,2412.0,11481,18
2024-07-12 04:00:00,2411.99,2414.2,2406.61,2408.54,18776,18
2024-07-12 08:00:00,2408.54,2410.06,2400.31,2407.44,26005,16
2024-07-12 12:00:00,2407.42,2408.28,2391.41,2397.89,26219,9
2024-07-12 16:00:00,2397.9,2416.91,2396.79,2415.89,40050,15
2024-07-12 20:00:00,2415.9,2418.25,2411.26,2411.6,12099,15
2024-07-15 00:00:00,2411.88,2412.15,2405.63,2408.51,11847,18
2024-07-15 04:00:00,2408.44,2413.32,2404.91,2411.48,19047,18
2024-07-15 08:00:00,2411.48,2413.87,2401.31,2412.01,24179,16
2024-07-15 12:00:00,2412.03,2420.79,2407.7,2414.82,27107,13
2024-07-15 16:00:00,2414.8,2439.65,2411.44,2430.2,42198,14
2024-07-15 20:00:00,2430.26,2430.26,2419.75,2421.13,20325,15
2024-07-16 00:00:00,2421.97,2422.74,2420.0,2421.18,5180,18
2024-07-16 04:00:00,2421.22,2431.45,2421.22,2429.22,21383,18
2024-07-16 08:00:00,2429.23,2439.3,2428.13,2436.59,29485,16
2024-07-16 12:00:00,2436.58,2443.97,2429.43,2432.54,35000,14
2024-07-16 16:00:00,2432.61,2465.24,2430.94,2459.17,47054,14
2024-07-16 20:00:00,2459.16,2469.61,2458.72,2468.83,18327,14
2024-07-17 00:00:00,2467.73,2473.24,2466.18,2468.72,10532,18
2024-07-17 04:00:00,2468.72,2482.33,2463.95,2467.78,34762,18
2024-07-17 08:00:00,2467.78,2478.85,2461.82,2474.97,42628,16
2024-07-17 12:00:00,2474.98,2476.35,2466.66,2473.37,37877,14
2024-07-17 16:00:00,2473.33,2483.67,2452.8,2455.61,52091,14
2024-07-17 20:00:00,2455.62,2460.33,2451.43,2458.39,17968,9
2024-07-18 00:00:00,2458.58,2461.9,2457.38,2458.83,10128,14
2024-07-18 04:00:00,2458.83,2468.95,2457.56,2465.24,26619,18
2024-07-18 08:00:00,2465.24,2474.85,2464.64,2465.96,31175,16
2024-07-18 12:00:00,2465.96,2468.8,2461.57,2463.96,29430,14
2024-07-18 16:00:00,2463.97,2469.84,2455.84,2456.13,40966,14
2024-07-18 20:00:00,2456.13,2457.5,2440.33,2444.68,20619,15
2024-07-19 00:00:00,2444.76,2445.26,2426.21,2434.32,11939,18
2024-07-19 04:00:00,2434.22,2434.6,2420.44,2425.49,33325,18
2024-07-19 08:00:00,2425.49,2426.13,2412.93,2420.43,36253,16
2024-07-19 12:00:00,2420.47,2421.1,2401.58,2403.72,32520,14
2024-07-19 16:00:00,2403.71,2408.36,2393.81,2399.63,42082,14
2024-07-19 20:00:00,2399.7,2400.77,2395.62,2398.46,16833,10
2024-07-22 00:00:00,2403.8,2411.91,2402.48,2407.84,10753,18
2024-07-22 04:00:00,2407.84,2412.09,2403.18,2405.61,26994,18
2024-07-22 08:00:00,2405.61,2407.39,2398.99,2400.8,31796,16
2024-07-22 12:00:00,2400.82,2408.34,2388.74,2394.28,29012,14
2024-07-22 16:00:00,2394.27,2400.11,2383.78,2393.0,39598,14
2024-07-22 20:00:00,2393.03,2399.97,2391.78,2396.62,12965,15
2024-07-23 00:00:00,2397.62,2400.18,2394.75,2399.9,7080,18
2024-07-23 04:00:00,2399.91,2403.93,2395.8,2396.46,28779,18
2024-07-23 08:00:00,2396.46,2407.05,2388.25,2404.0,32108,16
2024-07-23 12:00:00,2404.01,2411.95,2403.15,2405.41,28098,14
2024-07-23 16:00:00,2405.38,2407.6,2399.53,2405.32,33343,14
2024-07-23 20:00:00,2405.32,2408.97,2402.58,2408.2,12818,9
2024-07-24 00:00:00,2408.65,2410.16,2407.83,2408.24,5306,18
2024-07-24 04:00:00,2408.24,2418.3,2404.9,2417.8,30577,18
2024-07-24 08:00:00,2417.82,2419.14,2410.65,2411.75,32333,16
2024-07-24 12:00:00,2411.75,2421.94,2409.78,2421.41,25610,14
2024-07-24 16:00:00,2421.4,2431.96,2413.57,2418.99,41676,14
2024-07-24 20:00:00,2418.99,2419.51,2397.06,2399.43,24160,15
2024-07-25 00:00:00,2397.64,2401.16,2393.0,2397.06,14750,18
2024-07-25 04:00:00,2397.06,2400.04,2366.77,2377.59,44959,18
2024-07-25 08:00:00,2377.59,2378.72,2365.8,2374.59,39892,16
2024-07-25 12:00:00,2374.47,2382.51,2362.76,2371.06,38425,14
2024-07-25 16:00:00,2371.07,2376.3,2357.56,2362.64,48655,14
2024-07-25 20:00:00,2362.63,2365.42,2353.06,2363.34,24804,9
2024-07-26 00:00:00,2364.3,2365.38,2362.03,2362.67,10028,18
2024-07-26 04:00:00,2362.63,2379.33,2355.79,2369.82,33675,18
2024-07-26 08:00:00,2369.84,2375.27,2365.21,2372.92,33494,16
2024-07-26 12:00:00,2372.94,2379.01,2370.28,2377.47,28137,14
2024-07-26 16:00:00,2377.49,2390.75,2374.06,2389.12,40634,14
2024-07-26 20:00:00,2389.12,2389.15,2381.1,2388.01,16594,10
2024-07-29 00:00:00,2388.05,2403.13,2387.76,2400.01,14920,18
2024-07-29 04:00:00,2400.01,2402.51,2388.66,2394.87,35573,18
2024-07-29 08:00:00,2394.88,2396.18,2386.92,2390.3,33182,16
2024-07-29 12:00:00,2390.31,2395.34,2385.44,2393.83,26207,14
2024-07-29 16:00:00,2393.82,2396.69,2369.63,2378.08,41087,14
2024-07-29 20:00:00,2378.1,2385.4,2376.91,2382.31,18247,15
2024-07-30 00:00:00,2382.3,2384.9,2380.24,2381.79,6818,18
2024-07-30 04:00:00,2381.79,2388.26,2376.5,2386.35,26725,18
2024-07-30 08:00:00,2386.33,2391.99,2386.03,2389.4,29606,16
2024-07-30 12:00:00,2389.4,2392.35,2385.71,2386.52,20871,14
2024-07-30 16:00:00,2386.52,2400.27,2383.4,2399.81,44759,14
2024-07-30 20:00:00,2399.82,2412.7,2399.82,2410.57,23461,15
2024-07-31 00:00:00,2410.89,2410.89,2407.88,2408.97,9535,18
2024-07-31 04:00:00,2408.89,2421.38,2403.85,2421.18,31902,18
2024-07-31 08:00:00,2421.18,2425.5,2415.36,2421.4,36466,16
2024-07-31 12:00:00,2421.4,2423.23,2417.33,2420.44,26603,14
2024-07-31 16:00:00,2420.43,2429.01,2417.76,2426.96,38253,12
2024-07-31 20:00:00,2427.06,2450.89,2421.47,2447.02,36074,9
2024-08-01 00:00:00,2447.58,2449.44,2444.29,2447.52,11884,18
2024-08-01 04:00:00,2447.51,2458.31,2437.29,2444.21,36717,18
2024-08-01 08:00:00,2444.22,2448.82,2433.21,2433.84,35204,14
2024-08-01 12:00:00,2433.84,2454.75,2430.22,2450.72,32547,14
2024-08-01 16:00:00,2450.66,2462.27,2442.11,2444.47,52377,14
2024-08-01 20:00:00,2444.48,2444.68,2434.9,2444.5,28656,9
2024-08-02 00:00:00,2447.13,2452.25,2443.72,2449.01,13503,18
2024-08-02 04:00:00,2449.02,2460.3,2434.96,2457.85,34505,18
2024-08-02 08:00:00,2457.86,2468.42,2457.64,2462.0,36328,16
2024-08-02 12:00:00,2462.01,2477.63,2455.44,2472.85,33785,11
2024-08-02 16:00:00,2472.78,2474.32,2410.77,2430.49,62780,14
2024-08-02 20:00:00,2430.49,2442.33,2423.02,2440.07,24757,9
2024-08-05 00:00:00,2440.31,2446.28,2413.95,2422.13,24442,18
2024-08-05 04:00:00,2421.85,2458.76,2420.17,2452.69,42482,18
2024-08-05 08:00:00,2452.68,2452.68,2422.16,2425.02,51446,16
2024-08-05 12:00:00,2425.1,2428.81,2364.3,2374.46,53984,14
2024-08-05 16:00:00,2374.56,2412.21,2374.56,2403.0,61525,14
2024-08-05 20:00:00,2403.0,2412.97,2400.24,2409.72,31479,9
2024-08-06 00:00:00,2411.12,2418.31,2404.38,2415.9,18259,18
2024-08-06 04:00:00,2415.89,2417.74,2405.89,2408.04,36400,18
2024-08-06 08:00:00,2408.13,2415.37,2394.82,2411.1,42771,16
2024-08-06 12:00:00,2411.19,2416.27,2391.8,2392.99,34330,14
2024-08-06 16:00:00,2393.0,2403.09,2381.57,2390.0,52905,14
2024-08-06 20:00:00,2390.0,2395.92,2386.44,2387.79,25633,12
2024-08-07 00:00:00,2390.05,2390.56,2381.05,2386.52,13078,18
2024-08-07 04:00:00,2386.53,2394.74,2379.01,2392.78,38596,18
2024-08-07 08:00:00,2392.77,2397.53,2388.03,2393.33,33395,16
2024-08-07 12:00:00,2393.32,2407.04,2392.42,2403.8,27072,14
2024-08-07 16:00:00,2403.81,2404.78,2391.98,2399.68,39480,14
2024-08-07 20:00:00,2399.6,2399.69,2382.27,2382.59,26018,8
2024-08-08 00:00:00,2381.38,2388.8,2380.97,2385.54,15970,18
2024-08-08 04:00:00,2385.53,2396.4,2385.04,2394.36,35748,18
2024-08-08 08:00:00,2394.35,2400.7,2392.45,2394.54,33885,16
2024-08-08 12:00:00,2394.57,2415.44,2393.81,2408.04,32851,14
2024-08-08 16:00:00,2408.13,2424.31,2402.22,2418.06,44417,14
2024-08-08 20:00:00,2418.06,2426.31,2415.78,2425.64,20131,12
2024-08-09 00:00:00,2426.67,2427.46,2422.58,2423.93,10477,18
2024-08-09 04:00:00,2424.0,2428.91,2419.36,2423.89,26532,18
2024-08-09 08:00:00,2423.85,2426.97,2416.86,2424.49,26551,16
2024-08-09 12:00:00,2424.47,2432.57,2422.7,2429.64,25672,14
2024-08-09 16:00:00,2429.65,2435.86,2421.07,2434.45,40573,14
2024-08-09 20:00:00,2434.45,2436.98,2427.2,2430.55,16017,9
2024-08-12 00:00:00,2428.17,2433.44,2426.75,2428.44,8389,18
2024-08-12 04:00:00,2428.45,2433.48,2423.81,2433.34,19061,18
2024-08-12 08:00:00,2433.29,2443.78,2429.09,2441.97,24713,16
2024-08-12 12:00:00,2441.98,2445.41,2439.66,2444.4,21546,14
2024-08-12 16:00:00,2444.43,2466.08,2442.09,2463.09,40495,14
2024-08-12 20:00:00,2463.09,2472.26,2461.64,2471.9,17575,15
2024-08-13 00:00:00,2470.29,2476.87,2468.43,2472.12,11643,18
2024-08-13 04:00:00,2472.06,2473.64,2460.16,2461.98,31222,18
2024-08-13 08:00:00,2461.96,2466.11,2458.43,2460.55,31702,16
2024-08-13 12:00:00,2460.57,2472.44,2458.9,2467.66,26410,8
2024-08-13 16:00:00,2467.75,2475.47,2458.9,2469.48,36924,14
2024-08-13 20:00:00,2469.49,2470.24,2462.22,2465.32,14773,9
2024-08-14 00:00:00,2466.2,2467.37,2462.9,2465.66,8581,18
2024-08-14 04:00:00,2465.66,2472.49,2455.35,2461.79,32080,18
2024-08-14 08:00:00,2461.79,2478.68,2459.21,2474.42,28661,16
2024-08-14 12:00:00,2474.37,2479.86,2462.44,2468.75,28974,14
2024-08-14 16:00:00,2468.72,2469.48,2438.08,2444.11,48363,14
2024-08-14 20:00:00,2444.12,2448.41,2440.29,2448.04,17689,12
2024-08-15 00:00:00,2448.17,2454.21,2446.5,2450.13,8724,18
2024-08-15 04:00:00,2450.12,2455.43,2448.22,2453.36,27271,18
2024-08-15 08:00:00,2453.37,2458.81,2450.32,2455.47,27499,16
2024-08-15 12:00:00,2455.48,2470.01,2441.03,2441.04,28125,14
2024-08-15 16:00:00,2441.15,2459.83,2432.15,2455.7,46541,14
2024-08-15 20:00:00,2455.72,2461.57,2453.45,2455.37,19028,9
2024-08-16 00:00:00,2455.85,2459.7,2454.36,2458.32,7207,18
2024-08-16 04:00:00,2458.49,2459.98,2450.69,2452.69,25950,18
2024-08-16 08:00:00,2452.69,2464.43,2451.09,2462.33,27007,16
2024-08-16 12:00:00,2462.33,2492.39,2461.27,2491.61,29251,14
2024-08-16 16:00:00,2491.61,2500.05,2477.49,2495.83,47685,14
2024-08-16 20:00:00,2495.84,2509.7,2493.08,2508.2,21896,9
2024-08-19 00:00:00,2505.89,2506.78,2500.32,2502.03,12677,18
2024-08-19 04:00:00,2502.12,2505.99,2494.96,2500.64,35176,18
2024-08-19 08:00:00,2500.67,2507.12,2499.08,2503.12,31581,16
2024-08-19 12:00:00,2503.12,2503.96,2486.5,2491.15,28442,14
2024-08-19 16:00:00,2491.17,2507.46,2485.6,2505.49,39700,14
2024-08-19 20:00:00,2505.5,2505.82,2500.73,2503.95,14171,9
2024-08-20 00:00:00,2503.68,2506.79,2502.08,2504.91,8113,18
2024-08-20 04:00:00,2504.91,2508.15,2498.69,2500.8,26146,18
2024-08-20 08:00:00,2500.8,2523.06,2497.3,2519.82,33087,16
2024-08-20 12:00:00,2519.87,2529.2,2519.81,2526.75,27899,14
2024-08-20 16:00:00,2526.67,2531.61,2500.82,2509.05,45501,14
2024-08-20 20:00:00,2509.05,2516.85,2506.78,2515.7,15478,8
2024-08-21 00:00:00,2513.85,2516.06,2512.45,2513.48,8476,18
2024-08-21 04:00:00,2513.54,2519.91,2510.85,2516.13,26679,18
2024-08-21 08:00:00,2516.15,2519.55,2506.92,2507.29,25885,16
2024-08-21 12:00:00,2507.27,2513.65,2504.46,2510.51,23538,14
2024-08-21 16:00:00,2510.54,2512.82,2493.39,2507.11,43866,14
2024-08-21 20:00:00,2507.05,2519.08,2506.91,2511.37,19217,15
2024-08-22 00:00:00,2512.14,2514.61,2511.21,2513.7,8171,18
2024-08-22 04:00:00,2513.7,2514.08,2499.28,2501.89,30165,18
2024-08-22 08:00:00,2501.88,2510.54,2500.66,2503.63,29203,16
2024-08-22 12:00:00,2503.6,2509.06,2495.29,2500.63,28110,14
2024-08-22 16:00:00,2500.63,2501.52,2470.73,2484.27,45126,14
2024-08-22 20:00:00,2484.27,2484.89,2478.57,2484.2,17619,13
2024-08-23 00:00:00,2485.27,2492.21,2484.22,2489.95,7670,18
2024-08-23 04:00:00,2489.95,2494.47,2486.68,2493.38,26349,18
2024-08-23 08:00:00,2493.38,2499.89,2490.59,2498.96,24842,12
2024-08-23 12:00:00,2499.01,2502.39,2495.56,2501.29,23489,14
2024-08-23 16:00:00,2501.24,2518.31,2494.39,2510.26,53045,14
2024-08-23 20:00:00,2510.27,2513.19,2507.9,2510.92,18551,9
2024-08-26 00:00:00,2511.93,2516.88,2510.96,2513.67,14307,18
2024-08-26 04:00:00,2513.62,2515.36,2508.94,2509.58,30691,18
2024-08-26 08:00:00,2509.57,2525.73,2508.69,2524.18,30611,16
2024-08-26 12:00:00,2524.18,2526.77,2520.89,2523.8,26143,14
2024-08-26 16:00:00,2523.74,2526.42,2510.59,2520.15,39642,14
2024-08-26 20:00:00,2520.11,2523.29,2515.62,2517.64,15301,15
2024-08-27 00:00:00,2517.64,2517.81,2512.86,2513.13,6408,18
2024-08-27 04:00:00,2513.14,2514.06,2505.79,2507.29,25536,18
2024-08-27 08:00:00,2507.3,2517.53,2503.49,2511.01,30922,16
2024-08-27 12:00:00,2510.98,2514.31,2506.84,2509.83,27228,13
2024-08-27 16:00:00,2509.81,2520.23,2503.54,2514.41,39559,14
2024-08-27 20:00:00,2514.42,2525.93,2514.09,2524.26,18023,15
2024-08-28 00:00:00,2525.22,2528.95,2523.89,2524.38,7210,18
2024-08-28 04:00:00,2524.37,2524.37,2510.24,2511.51,21437,18
2024-08-28 08:00:00,2511.5,2511.63,2503.29,2508.13,30352,16
2024-08-28 12:00:00,2508.1,2511.33,2493.64,2500.63,26244,14
2024-08-28 16:00:00,2500.62,2510.53,2496.38,2501.9,39051,14
2024-08-28 20:00:00,2501.9,2509.52,2500.56,2504.52,17487,15
2024-08-29 00:00:00,2506.12,2515.31,2504.96,2512.31,9269,18
2024-08-29 04:00:00,2512.28,2518.14,2511.67,2515.89,20730,18
2024-08-29 08:00:00,2515.89,2521.17,2513.74,2517.15,26588,16
2024-08-29 12:00:00,2517.18,2524.37,2503.61,2509.11,26877,14
2024-08-29 16:00:00,2509.12,2526.61,2508.21,2525.25,39876,14
2024-08-29 20:00:00,2525.26,2528.62,2520.63,2521.07,17703,15
2024-08-30 00:00:00,2520.67,2521.72,2516.69,2517.72,5672,18
2024-08-30 04:00:00,2517.72,2520.01,2512.17,2513.33,19739,18
2024-08-30 08:00:00,2513.34,2526.68,2512.47,2522.89,25690,16
2024-08-30 12:00:00,2522.89,2526.8,2514.98,2519.62,25996,14
2024-08-30 16:00:00,2519.67,2519.82,2496.55,2497.69,47902,14
2024-08-30 20:00:00,2497.66,2504.66,2494.12,2503.28,19563,15
2024-09-02 00:00:00,2502.75,2504.92,2501.11,2501.44,6425,18
2024-09-02 04:00:00,2501.43,2504.61,2490.04,2496.9,22879,18
2024-09-02 08:00:00,2496.91,2507.24,2495.25,2506.29,24836,16
2024-09-02 12:00:00,2506.27,2506.59,2497.03,2501.24,19123,14
2024-09-02 16:00:00,2501.29,2502.42,2497.65,2500.51,19332,14
2024-09-02 20:00:00,2500.47,2501.26,2499.79,2499.93,884,18
2024-09-03 00:00:00,2499.31,2499.65,2494.93,2495.77,6623,18
2024-09-03 04:00:00,2495.76,2496.92,2489.79,2495.91,24853,18
2024-09-03 08:00:00,2495.91,2506.24,2492.71,2503.92,27036,16
2024-09-03 12:00:00,2503.95,2504.93,2484.75,2493.25,33920,14
2024-09-03 16:00:00,2493.22,2497.59,2473.48,2486.05,47075,14
2024-09-03 20:00:00,2485.82,2494.32,2485.47,2492.12,15321,15
2024-09-04 00:00:00,2492.65,2494.97,2492.03,2492.28,8579,18
2024-09-04 04:00:00,2492.27,2496.84,2491.28,2495.88,18256,18
2024-09-04 08:00:00,2495.89,2496.56,2472.51,2473.25,28507,13
2024-09-04 12:00:00,2473.33,2491.18,2471.83,2486.51,30562,14
2024-09-04 16:00:00,2486.52,2500.25,2482.08,2496.66,40945,14
2024-09-04 20:00:00,2496.67,2497.32,2491.46,2495.44,15448,8
2024-09-05 00:00:00,2495.27,2496.9,2494.44,2495.18,6064,18
2024-09-05 04:00:00,2495.19,2499.27,2493.81,2494.26,19559,18
2024-09-05 08:00:00,2494.25,2516.65,2493.95,2514.66,30357,16
2024-09-05 12:00:00,2514.68,2523.46,2513.28,2517.74,30915,14
2024-09-05 16:00:00,2517.74,2520.54,2503.88,2510.37,45324,14
2024-09-05 20:00:00,2510.31,2516.81,2509.28,2516.42,13898,15
2024-09-06 00:00:00,2516.23,2517.91,2515.58,2515.88,6281,18
2024-09-06 04:00:00,2515.88,2519.48,2512.98,2518.39,17050,18
2024-09-06 08:00:00,2518.39,2521.81,2515.47,2517.83,23766,16
2024-09-06 12:00:00,2517.87,2529.11,2507.5,2522.21,28375,14
2024-09-06 16:00:00,2522.21,2522.98,2485.11,2489.08,65285,14
2024-09-06 20:00:00,2489.05,2496.96,2485.95,2496.78,25581,14
2024-09-09 00:00:00,2496.94,2498.24,2495.5,2495.93,10564,18
2024-09-09 04:00:00,2495.96,2500.46,2494.69,2498.2,25567,18
2024-09-09 08:00:00,2498.19,2498.3,2485.54,2492.2,38864,16
2024-09-09 12:00:00,2492.2,2504.09,2492.08,2500.89,27443,14
2024-09-09 16:00:00,2500.87,2505.23,2493.21,2504.32,36985,14
2024-09-09 20:00:00,2504.33,2507.11,2499.4,2506.33,17056,9
2024-09-10 00:00:00,2506.63,2507.61,2504.8,2505.36,7080,18
2024-09-10 04:00:00,2505.39,2506.83,2501.03,2501.74,21290,18
2024-09-10 08:00:00,2501.72,2507.68,2500.13,2502.29,26681,16
2024-09-10 12:00:00,2502.29,2514.01,2500.17,2513.79,28049,14
2024-09-10 16:00:00,2513.8,2518.37,2500.85,2514.36,42811,14
2024-09-10 20:00:00,2514.35,2517.42,2512.05,2516.53,17500,11
2024-09-11 00:00:00,2516.68,2519.08,2516.17,2516.57,7034,18
2024-09-11 04:00:00,2516.47,2522.55,2514.92,2519.59,26329,18
2024-09-11 08:00:00,2519.58,2528.93,2519.34,2524.29,31052,16
2024-09-11 12:00:00,2524.29,2524.68,2502.19,2508.21,30153,14
2024-09-11 16:00:00,2508.08,2519.96,2500.84,2515.16,52341,14
2024-09-11 20:00:00,2515.15,2516.85,2509.76,2512.38,20184,15
2024-09-12 00:00:00,2512.29,2513.83,2511.08,2512.19,6180,18
2024-09-12 04:00:00,2512.17,2517.7,2510.99,2517.0,22205,18
2024-09-12 08:00:00,2517.01,2522.25,2514.45,2517.36,24890,16
2024-09-12 12:00:00,2517.33,2535.22,2513.0,2528.85,30602,14
2024-09-12 16:00:00,2528.48,2555.13,2522.19,2550.64,54102,14
2024-09-12 20:00:00,2550.64,2560.03,2550.07,2559.11,28879,15
2024-09-13 00:00:00,2558.3,2562.72,2556.62,2561.56,10911,18
2024-09-13 04:00:00,2561.59,2570.1,2559.93,2568.8,28360,18
2024-09-13 08:00:00,2568.8,2571.04,2563.09,2569.92,34054,16
2024-09-13 12:00:00,2569.64,2575.82,2563.65,2575.78,30526,14
2024-09-13 16:00:00,2575.77,2585.12,2573.12,2584.3,45984,14
2024-09-13 20:00:00,2584.29,2586.0,2578.63,2580.58,20568,15
2024-09-16 00:00:00,2578.71,2582.31,2577.59,2581.32,8500,18
2024-09-16 04:00:00,2581.32,2588.92,2579.79,2585.78,15437,18
2024-09-16 08:00:00,2585.79,2589.61,2579.53,2586.82,26377,16
2024-09-16 12:00:00,2586.8,2588.24,2575.26,2583.37,27269,14
2024-09-16 16:00:00,2583.48,2589.3,2576.1,2583.61,38156,14
2024-09-16 20:00:00,2583.55,2584.07,2579.59,2582.72,14546,11
2024-09-17 00:00:00,2582.49,2584.36,2580.21,2580.21,6566,18
2024-09-17 04:00:00,2580.21,2586.25,2574.89,2576.89,19083,18
2024-09-17 08:00:00,2576.89,2586.88,2574.55,2580.08,24741,16
2024-09-17 12:00:00,2580.02,2581.65,2568.34,2577.75,33247,8
2024-09-17 16:00:00,2578.05,2582.17,2561.38,2563.07,44099,14
2024-09-17 20:00:00,2563.08,2571.64,2560.74,2569.58,20791,14
2024-09-18 00:00:00,2570.19,2574.78,2569.9,2572.99,7691,18
2024-09-18 04:00:00,2573.0,2576.41,2567.97,2568.64,27777,18
2024-09-18 08:00:00,2568.61,2571.95,2565.72,2569.73,25945,16
2024-09-18 12:00:00,2569.74,2580.7,2567.93,2576.22,25170,14
2024-09-18 16:00:00,2576.25,2578.51,2568.01,2574.86,38626,14
2024-09-18 20:00:00,2574.74,2600.12,2546.77,2557.64,53866,11
2024-09-19 00:00:00,2558.88,2561.52,2555.55,2558.72,13849,18
2024-09-19 04:00:00,2558.69,2566.67,2551.04,2564.07,34706,18
2024-09-19 08:00:00,2564.08,2586.54,2563.95,2584.9,37379,16
2024-09-19 12:00:00,2584.95,2594.82,2573.1,2576.82,40943,14
2024-09-19 16:00:00,2576.71,2592.53,2569.72,2591.69,50062,14
2024-09-19 20:00:00,2591.68,2592.59,2585.91,2587.07,18331,15
2024-09-20 00:00:00,2586.39,2588.46,2586.1,2588.03,6880,18
2024-09-20 04:00:00,2588.08,2594.32,2584.77,2593.7,26585,18
2024-09-20 08:00:00,2593.76,2612.66,2592.38,2609.77,33099,16
2024-09-20 12:00:00,2609.77,2619.33,2602.46,2615.58,31470,14
2024-09-20 16:00:00,2615.57,2625.73,2602.58,2624.89,53027,14
2024-09-20 20:00:00,2624.86,2625.37,2617.79,2621.92,23838,15
2024-09-23 00:00:00,2621.01,2621.99,2618.16,2618.25,7171,18
2024-09-23 04:00:00,2618.2,2631.08,2616.03,2629.4,23008,18
2024-09-23 08:00:00,2629.39,2631.31,2613.84,2616.87,34564,14
2024-09-23 12:00:00,2616.86,2628.12,2615.37,2627.0,28243,14
2024-09-23 16:00:00,2627.05,2634.82,2625.53,2628.16,44501,14
2024-09-23 20:00:00,2628.17,2629.09,2625.65,2627.59,18770,15
2024-09-24 00:00:00,2626.98,2628.2,2623.82,2625.14,6995,18
2024-09-24 04:00:00,2625.19,2638.22,2624.87,2638.08,30601,18
2024-09-24 08:00:00,2638.1,2640.07,2622.62,2629.02,37719,16
2024-09-24 12:00:00,2629.05,2636.23,2623.37,2633.14,34071,14
2024-09-24 16:00:00,2633.15,2655.13,2630.94,2653.5,54212,14
2024-09-24 20:00:00,2653.51,2664.28,2649.77,2657.18,25551,12
2024-09-25 00:00:00,2658.59,2660.9,2656.61,2660.78,9520,18
2024-09-25 04:00:00,2660.88,2670.5,2655.49,2658.92,34680,18
2024-09-25 08:00:00,2658.89,2659.8,2651.48,2655.88,32901,16
2024-09-25 12:00:00,2655.89,2660.76,2652.7,2659.52,29167,14
2024-09-25 16:00:00,2659.47,2667.42,2649.62,2653.73,47627,14
2024-09-25 20:00:00,2653.63,2662.95,2653.14,2657.6,19741,8
2024-09-26 00:00:00,2658.04,2660.35,2655.37,2659.05,8566,18
2024-09-26 04:00:00,2659.08,2662.89,2657.04,2660.64,22675,18
2024-09-26 08:00:00,2660.63,2670.54,2657.98,2669.0,34091,16
2024-09-26 12:00:00,2669.01,2685.54,2666.99,2677.27,40547,14
2024-09-26 16:00:00,2677.26,2679.66,2654.8,2668.18,55598,14
2024-09-26 20:00:00,2668.17,2677.84,2667.54,2672.52,20859,15
2024-09-27 00:00:00,2672.08,2673.24,2669.36,2669.79,8941,18
2024-09-27 04:00:00,2669.79,2673.95,2666.21,2670.5,30555,18
2024-09-27 08:00:00,2670.51,2671.35,2660.95,2662.62,42020,16
2024-09-27 12:00:00,2662.59,2674.24,2658.33,2670.06,34129,14
2024-09-27 16:00:00,2670.06,2670.9,2644.73,2651.82,52042,14
2024-09-27 20:00:00,2651.83,2654.56,2643.05,2654.56,24648,15
2024-09-30 00:00:00,2661.6,2665.95,2659.84,2661.57,15251,18
2024-09-30 04:00:00,2661.55,2664.26,2647.39,2655.88,30253,18
2024-09-30 08:00:00,2655.88,2660.61,2650.6,2653.45,31762,16
2024-09-30 12:00:00,2653.52,2653.6,2634.45,2639.0,33617,13
2024-09-30 16:00:00,2639.0,2642.05,2628.8,2639.1,46843,15
2024-09-30 20:00:00,2639.12,2641.8,2624.62,2633.4,28635,15
2024-10-01 00:00:00,2633.55,2637.1,2633.16,2636.38,6916,18
2024-10-01 04:00:00,2636.38,2640.37,2634.55,2639.56,13996,18
2024-10-01 08:00:00,2639.57,2647.41,2639.55,2646.53,27198,16
2024-10-01 12:00:00,2646.55,2656.64,2645.37,2651.49,28774,14
2024-10-01 16:00:00,2651.53,2673.11,2647.95,2666.42,52910,16
2024-10-01 20:00:00,2666.39,2671.72,2657.52,2662.69,25143,8
2024-10-02 00:00:00,2661.79,2662.8,2656.92,2657.4,7897,18
2024-10-02 04:00:00,2657.44,2661.9,2652.57,2654.11,19396,18
2024-10-02 08:00:00,2654.1,2656.17,2644.51,2652.44,28205,15
2024-10-02 12:00:00,2652.38,2655.51,2643.72,2649.57,26882,14
2024-10-02 16:00:00,2649.63,2663.32,2641.11,2649.64,44184,14
2024-10-02 20:00:00,2649.62,2659.79,2647.17,2658.66,16645,15
2024-10-03 00:00:00,2658.8,2662.83,2657.4,2657.77,10136,18
2024-10-03 04:00:00,2657.78,2658.88,2653.28,2654.94,18095,18
2024-10-03 08:00:00,2654.94,2657.42,2641.78,2645.09,30600,16
2024-10-03 12:00:00,2645.05,2653.87,2640.94,2642.36,31900,15
2024-10-03 16:00:00,2642.35,2660.97,2637.23,2660.02,44179,17
2024-10-03 20:00:00,2660.02,2662.05,2655.14,2656.16,17829,15
2024-10-04 00:00:00,2655.89,2657.48,2654.31,2657.25,6692,18
2024-10-04 04:00:00,2657.24,2665.78,2656.76,2664.05,17149,18
2024-10-04 08:00:00,2664.06,2667.78,2658.73,2658.98,22277,16
2024-10-04 12:00:00,2658.99,2662.53,2631.98,2638.79,28117,14
2024-10-04 16:00:00,2638.84,2670.11,2637.48,2645.35,53706,14
2024-10-04 20:00:00,2645.34,2653.2,2642.69,2652.45,22427,15
2024-10-07 00:00:00,2651.59,2652.39,2647.79,2649.28,8677,18
2024-10-07 04:00:00,2649.28,2651.89,2643.78,2646.72,20160,18
2024-10-07 08:00:00,2646.74,2656.35,2639.68,2652.22,28138,16
2024-10-07 12:00:00,2652.23,2659.59,2637.73,2640.05,30592,15
2024-10-07 16:00:00,2640.02,2653.69,2639.1,2646.8,39046,14
2024-10-07 20:00:00,2646.81,2648.73,2639.63,2642.68,16588,15
2024-10-08 00:00:00,2642.0,2649.09,2641.79,2643.59,10092,19
2024-10-08 04:00:00,2643.44,2648.2,2633.72,2643.06,37335,18
2024-10-08 08:00:00,2643.07,2646.41,2628.54,2637.91,38186,16
2024-10-08 12:00:00,2637.9,2652.99,2635.76,2645.91,34898,14
2024-10-08 16:00:00,2645.91,2647.69,2604.71,2608.92,54808,14
2024-10-08 20:00:00,2608.94,2623.6,2605.52,2621.06,23914,9
2024-10-09 00:00:00,2621.72,2623.74,2620.56,2621.15,7745,18
2024-10-09 04:00:00,2621.13,2624.18,2614.9,2615.97,27950,18
2024-10-09 08:00:00,2615.96,2624.27,2609.13,2616.26,34013,16
2024-10-09 12:00:00,2616.28,2622.39,2614.65,2618.88,26100,14
2024-10-09 16:00:00,2618.89,2620.64,2605.36,2608.68,41635,14
2024-10-09 20:00:00,2608.67,2611.02,2605.11,2607.81,17665,15
2024-10-10 00:00:00,2607.7,2610.12,2605.9,2609.31,6853,18
2024-10-10 04:00:00,2609.3,2616.86,2606.77,2613.85,27930,18
2024-10-10 08:00:00,2613.89,2617.29,2610.2,2615.45,27171,17
2024-10-10 12:00:00,2615.47,2627.22,2602.55,2625.02,29082,14
2024-10-10 16:00:00,2625.03,2629.68,2615.71,2619.28,52114,14
2024-10-10 20:00:00,2619.26,2631.47,2616.49,2629.1,23131,14
2024-10-11 00:00:00,2628.47,2635.91,2628.11,2633.77,10667,19
2024-10-11 04:00:00,2633.79,2646.02,2632.91,2645.6,26546,18
2024-10-11 08:00:00,2645.55,2647.16,2638.04,2639.2,25585,16
2024-10-11 12:00:00,2639.24,2650.08,2636.14,2643.03,26745,14
2024-10-11 16:00:00,2643.13,2661.35,2642.61,2660.42,40871,14
2024-10-11 20:00:00,2660.43,2661.13,2654.71,2656.93,18148,15
2024-10-14 00:00:00,2649.67,2652.47,2645.09,2646.67,11834,18
2024-10-14 04:00:00,2646.66,2660.27,2643.12,2659.2,25209,18
2024-10-14 08:00:00,2659.17,2666.77,2657.06,2659.37,24326,16
2024-10-14 12:00:00,2659.38,2662.96,2649.26,2651.35,22393,14
2024-10-14 16:00:00,2651.33,2661.16,2643.91,2648.5,36459,14
2024-10-14 20:00:00,2648.53,2653.29,2646.04,2646.65,13291,8
2024-10-15 00:00:00,2649.11,2650.92,2647.81,2648.14,6400,18
2024-10-15 04:00:00,2648.13,2652.69,2642.88,2644.33,23581,18
2024-10-15 08:00:00,2644.31,2655.69,2638.02,2653.92,32189,16
2024-10-15 12:00:00,2653.93,2657.39,2645.56,2648.23,29593,14
2024-10-15 16:00:00,2648.24,2668.88,2646.0,2661.81,48025,14
2024-10-15 20:00:00,2661.8,2666.45,2658.96,2662.8,22030,15
2024-10-16 00:00:00,2662.2,2662.82,2658.65,2660.15,6397,18
2024-10-16 04:00:00,2660.15,2670.02,2660.12,2666.68,27865,18
2024-10-16 08:00:00,2666.7,2680.08,2666.11,2679.46,30410,16
2024-10-16 12:00:00,2679.53,2682.68,2672.95,2681.75,31788,14
2024-10-16 16:00:00,2681.73,2685.21,2666.7,2674.13,45045,14
2024-10-16 20:00:00,2674.14,2676.62,2672.69,2673.26,14148,15
2024-10-17 00:00:00,2674.52,2677.94,2673.23,2677.88,6406,18
2024-10-17 04:00:00,2677.87,2684.81,2674.49,2679.05,32432,18
2024-10-17 08:00:00,2679.04,2685.68,2678.05,2681.81,31075,16
2024-10-17 12:00:00,2681.81,2688.73,2673.11,2680.61,34366,14
2024-10-17 16:00:00,2680.62,2696.7,2677.91,2692.2,48851,14
2024-10-17 20:00:00,2692.2,2694.17,2688.87,2691.98,14191,15
2024-10-18 00:00:00,2692.97,2695.73,2692.26,2692.98,7407,18
2024-10-18 04:00:00,2693.01,2711.91,2692.76,2710.18,32519,18
2024-10-18 08:00:00,2710.18,2714.0,2701.65,2706.2,34763,16
2024-10-18 12:00:00,2706.24,2716.98,2706.17,2709.5,34849,14
2024-10-18 16:00:00,2709.31,2720.11,2704.96,2717.6,42162,14
2024-10-18 20:00:00,2717.63,2722.01,2713.55,2721.42,19916,15
2024-10-21 00:00:00,2722.91,2725.8,2720.37,2721.61,11867,19
2024-10-21 04:00:00,2721.62,2732.79,2721.01,2730.37,31984,18
2024-10-21 08:00:00,2730.38,2733.08,2723.58,2731.37,32205,16
2024-10-21 12:00:00,2731.41,2739.72,2727.76,2738.57,35187,14
2024-10-21 16:00:00,2738.59,2740.54,2716.89,2723.5,46771,14
2024-10-21 20:00:00,2723.51,2725.61,2714.14,2719.54,21362,15
2024-10-22 00:00:00,2719.27,2725.13,2719.08,2724.71,8283,18
2024-10-22 04:00:00,2724.71,2735.94,2724.0,2734.72,26687,18
2024-10-22 08:00:00,2734.71,2738.33,2728.99,2734.88,28655,16
2024-10-22 12:00:00,2734.88,2739.32,2729.49,2736.18,32591,14
2024-10-22 16:00:00,2736.2,2745.49,2733.7,2745.32,44227,14
2024-10-22 20:00:00,2745.33,2748.82,2743.52,2748.23,21658,15
2024-10-23 00:00:00,2747.05,2748.13,2744.76,2745.2,6260,18
2024-10-23 04:00:00,2745.2,2750.64,2737.91,2749.96,30061,18
2024-10-23 08:00:00,2749.95,2758.41,2748.05,2756.92,29575,16
2024-10-23 12:00:00,2756.92,2757.56,2740.83,2743.31,31718,14
2024-10-23 16:00:00,2743.33,2744.08,2708.74,2719.41,54366,14
2024-10-23 20:00:00,2719.4,2720.63,2711.94,2715.71,25299,15
2024-10-24 00:00:00,2716.31,2721.85,2715.7,2721.23,9265,18
2024-10-24 04:00:00,2721.25,2727.01,2720.24,2726.52,26484,18
2024-10-24 08:00:00,2726.52,2737.84,2725.86,2736.82,32704,16
2024-10-24 12:00:00,2736.74,2741.56,2734.58,2739.03,28622,14
2024-10-24 16:00:00,2738.96,2743.23,2722.39,2733.61,47198,18
2024-10-24 20:00:00,2733.61,2737.74,2732.82,2735.8,16499,15
2024-10-25 00:00:00,2735.88,2735.88,2731.21,2732.33,5791,18
2024-10-25 04:00:00,2732.33,2735.04,2723.88,2725.9,23894,22
2024-10-25 08:00:00,2725.98,2732.54,2718.89,2719.41,27256,20
2024-10-25 12:00:00,2719.33,2732.43,2717.0,2731.48,26671,18
2024-10-25 16:00:00,2731.5,2742.03,2725.22,2739.21,40249,18
2024-10-25 20:00:00,2739.26,2745.99,2738.78,2745.49,17940,19
2024-10-28 00:00:00,2733.74,2740.08,2730.24,2732.41,14783,20
2024-10-28 04:00:00,2732.4,2735.5,2724.65,2732.89,24650,22
2024-10-28 08:00:00,2733.06,2744.5,2731.1,2731.95,27491,20
2024-10-28 12:00:00,2731.95,2734.79,2727.8,2734.26,23554,18
2024-10-28 16:00:00,2734.23,2745.88,2732.7,2742.72,36859,18
2024-10-28 20:00:00,2742.72,2744.95,2740.13,2742.62,14788,15
2024-10-29 00:00:00,2741.28,2746.76,2739.82,2745.69,7478,18
2024-10-29 04:00:00,2745.7,2757.65,2745.53,2754.69,26936,22
2024-10-29 08:00:00,2754.81,2756.74,2746.27,2754.62,26155,20
2024-10-29 12:00:00,2754.62,2756.54,2746.14,2749.11,25943,18
2024-10-29 16:00:00,2749.11,2771.63,2748.2,2769.35,48429,18
2024-10-29 20:00:00,2769.26,2774.7,2766.24,2773.63,19450,14
2024-10-30 00:00:00,2773.32,2779.08,2772.92,2778.05,8197,18
2024-10-30 04:00:00,2778.08,2782.1,2776.03,2780.12,26592,14
2024-10-30 08:00:00,2780.1,2789.71,2778.0,2781.88,28537,20
2024-10-30 12:00:00,2781.67,2786.38,2773.58,2782.45,25296,18
2024-10-30 16:00:00,2782.45,2787.46,2770.84,2785.3,47434,17
2024-10-30 20:00:00,2785.29,2789.9,2783.94,2787.68,19058,15
2024-10-31 00:00:00,2786.3,2788.17,2784.67,2787.51,6047,18
2024-10-31 04:00:00,2787.55,2790.01,2782.05,2784.4,20888,22
2024-10-31 08:00:00,2784.38,2786.53,2776.9,2779.03,25981,20
2024-10-31 12:00:00,2779.04,2782.49,2771.97,2773.61,27666,18
2024-10-31 16:00:00,2773.62,2773.85,2731.52,2740.65,55392,18
2024-10-31 20:00:00,2740.71,2749.69,2738.19,2744.16,22622,15
2024-11-01 00:00:00,2745.23,2747.85,2744.83,2744.96,6182,18
2024-11-01 04:00:00,2744.95,2752.91,2744.75,2752.18,24378,22
2024-11-01 08:00:00,2752.22,2757.6,2747.1,2753.35,26039,20
2024-11-01 12:00:00,2753.4,2759.79,2744.78,2753.75,29475,18
2024-11-01 16:00:00,2753.79,2762.11,2739.62,2743.1,51306,18
2024-11-01 20:00:00,2743.08,2743.79,2733.12,2734.62,22418,18
2024-11-04 00:00:00,2731.95,2741.26,2731.95,2739.88,17436,22
2024-11-04 04:00:00,2739.88,2743.64,2736.92,2741.49,20569,22
2024-11-04 08:00:00,2741.5,2744.74,2731.82,2743.29,27190,20
2024-11-04 12:00:00,2743.3,2746.74,2736.48,2746.71,25987,18
2024-11-04 16:00:00,2746.73,2748.13,2731.65,2738.33,37954,18
2024-11-04 20:00:00,2738.34,2739.62,2735.51,2736.48,14243,15
2024-11-05 00:00:00,2737.26,2737.47,2732.89,2734.18,10876,22
2024-11-05 04:00:00,2734.19,2737.19,2724.66,2732.52,26899,22
2024-11-05 08:00:00,2732.52,2744.95,2731.7,2739.81,25950,20
2024-11-05 12:00:00,2739.81,2746.61,2735.53,2744.65,24971,21
2024-11-05 16:00:00,2744.64,2749.87,2732.98,2741.88,36141,21
2024-11-05 20:00:00,2741.89,2744.84,2739.33,2743.71,13837,15
2024-11-06 00:00:00,2743.01,2749.56,2732.55,2746.97,25340,25
2024-11-06 04:00:00,2746.99,2748.27,2730.58,2738.94,50043,25
2024-11-06 08:00:00,2738.96,2739.16,2701.38,2724.6,51912,23
2024-11-06 12:00:00,2724.59,2727.07,2658.98,2664.12,48780,21
2024-11-06 16:00:00,2664.13,2678.12,2652.3,2663.24,52269,21
2024-11-06 20:00:00,2663.22,2669.43,2659.05,2659.28,22028,19
2024-11-07 00:00:00,2662.09,2664.23,2643.13,2649.33,19559,23
2024-11-07 04:00:00,2649.33,2661.11,2649.33,2659.09,25958,25
2024-11-07 08:00:00,2659.03,2667.47,2652.67,2661.57,29604,21
2024-11-07 12:00:00,2661.58,2685.09,2659.77,2684.55,33646,19
2024-11-07 16:00:00,2684.55,2700.25,2682.35,2699.32,43716,18
2024-11-07 20:00:00,2699.33,2710.07,2687.42,2707.07,32947,19
2024-11-08 00:00:00,2704.17,2710.28,2699.12,2699.83,15512,18
2024-11-08 04:00:00,2699.83,2700.96,2693.23,2695.16,21740,22
2024-11-08 08:00:00,2695.17,2695.73,2680.25,2689.25,34735,20
2024-11-08 12:00:00,2689.24,2701.05,2681.97,2697.51,32534,18
2024-11-08 16:00:00,2697.52,2703.99,2682.83,2687.91,42270,14
2024-11-08 20:00:00,2687.91,2688.71,2682.76,2683.76,16672,19
2024-11-11 00:00:00,2683.36,2686.05,2671.84,2672.92,16778,18
2024-11-11 04:00:00,2672.97,2675.14,2666.41,2669.21,22474,22
2024-11-11 08:00:00,2669.22,2674.06,2663.81,2666.8,29290,20
2024-11-11 12:00:00,2666.79,2675.14,2634.32,2635.48,34717,18
2024-11-11 16:00:00,2635.55,2635.62,2611.41,2612.54,43374,18
2024-11-11 20:00:00,2612.52,2626.1,2610.6,2620.15,15958,17
2024-11-12 00:00:00,2621.09,2627.06,2619.11,2624.09,13755,18
2024-11-12 04:00:00,2624.07,2625.41,2605.35,2606.82,26252,22
2024-11-12 08:00:00,2606.8,2610.11,2590.78,2593.23,36472,20
2024-11-12 12:00:00,2593.2,2616.29,2589.65,2611.55,37390,11
2024-11-12 16:00:00,2611.62,2616.98,2592.43,2597.39,43047,18
2024-11-12 20:00:00,2597.4,2602.03,2595.11,2597.27,19789,19
2024-11-13 00:00:00,2597.91,2611.08,2597.56,2608.08,14074,22
2024-11-13 04:00:00,2608.07,2613.19,2603.51,2605.7,25400,22
2024-11-13 08:00:00,2605.69,2611.62,2601.0,2608.57,24850,20
2024-11-13 12:00:00,2608.52,2618.74,2605.77,2612.32,28786,18
2024-11-13 16:00:00,2612.24,2616.32,2577.59,2583.29,52058,18
2024-11-13 20:00:00,2583.29,2585.44,2572.94,2573.69,20802,15
2024-11-14 00:00:00,2573.99,2581.41,2561.49,2562.55,18680,18
2024-11-14 04:00:00,2562.54,2565.18,2555.28,2558.58,25432,22
2024-11-14 08:00:00,2558.58,2560.43,2536.75,2543.49,38376,20
2024-11-14 12:00:00,2543.48,2560.27,2539.01,2557.09,38134,18
2024-11-14 16:00:00,2557.05,2577.43,2554.26,2572.97,45508,17
2024-11-14 20:00:00,2573.11,2576.85,2563.86,2566.31,26491,19
2024-11-15 00:00:00,2566.43,2571.62,2563.03,2564.97,13450,22
2024-11-15 04:00:00,2564.95,2571.08,2559.66,2559.87,18555,20
2024-11-15 08:00:00,2559.84,2568.91,2554.44,2563.93,28350,20
2024-11-15 12:00:00,2563.92,2575.71,2561.14,2565.28,35550,18
2024-11-15 16:00:00,2565.21,2575.95,2560.09,2562.92,48107,18
2024-11-15 20:00:00,2562.94,2568.01,2559.43,2561.45,19748,19
2024-11-18 00:00:00,2567.97,2597.14,2567.94,2586.98,21753,22
2024-11-18 04:00:00,2586.96,2594.99,2585.01,2585.51,23167,22
2024-11-18 08:00:00,2585.5,2597.24,2580.35,2595.67,31636,20
2024-11-18 12:00:00,2595.75,2605.06,2589.49,2603.93,31504,18
2024-11-18 16:00:00,2603.92,2615.01,2602.74,2610.35,38649,18
2024-11-18 20:00:00,2610.34,2612.51,2607.68,2612.11,15350,19
2024-11-19 00:00:00,2610.5,2617.79,2610.38,2615.64,12862,22
2024-11-19 04:00:00,2615.62,2625.47,2615.61,2622.51,25818,22
2024-11-19 08:00:00,2622.52,2634.42,2617.72,2630.21,34574,20
2024-11-19 12:00:00,2630.21,2639.36,2628.71,2635.22,36144,18
2024-11-19 16:00:00,2635.17,2636.84,2620.85,2628.01,43771,18
2024-11-19 20:00:00,2628.04,2634.56,2626.24,2631.72,16964,19
2024-11-20 00:00:00,2632.37,2641.4,2631.9,2639.55,13959,22
2024-11-20 04:00:00,2639.56,2641.75,2634.86,2636.83,19210,22
2024-11-20 08:00:00,2636.78,2637.03,2618.8,2621.86,30979,20
2024-11-20 12:00:00,2621.79,2640.4,2620.88,2636.06,29320,18
2024-11-20 16:00:00,2636.07,2655.33,2634.14,2651.74,36850,18
2024-11-20 20:00:00,2651.75,2653.06,2645.4,2650.01,19034,19
2024-11-21 00:00:00,2649.77,2660.39,2648.79,2653.35,14284,22
2024-11-21 04:00:00,2653.34,2658.83,2650.34,2656.87,19259,22
2024-11-21 08:00:00,2656.87,2671.51,2656.52,2668.81,28669,20
2024-11-21 12:00:00,2668.81,2673.48,2660.37,2665.41,29676,19
2024-11-21 16:00:00,2665.41,2672.73,2661.29,2671.78,41999,19
2024-11-21 20:00:00,2671.8,2673.41,2667.77,2669.66,17848,15
2024-11-22 00:00:00,2669.58,2679.4,2668.04,2677.77,14922,22
2024-11-22 04:00:00,2677.71,2692.31,2677.27,2686.58,26744,22
2024-11-22 08:00:00,2686.6,2707.38,2685.77,2703.3,37318,20
2024-11-22 12:00:00,2703.43,2710.03,2689.3,2692.87,39188,20
2024-11-22 16:00:00,2692.84,2707.16,2684.38,2706.75,43675,20
2024-11-22 20:00:00,2706.76,2712.77,2704.99,2712.73,20550,19
2024-11-25 00:00:00,2710.91,2721.3,2694.86,2701.22,27044,22
2024-11-25 04:00:00,2701.21,2704.4,2658.23,2664.68,38462,22
2024-11-25 08:00:00,2664.83,2675.12,2661.64,2673.84,38422,20
2024-11-25 12:00:00,2673.84,2688.71,2668.74,2678.24,35552,18
2024-11-25 16:00:00,2678.26,2678.66,2624.54,2627.82,51000,18
2024-11-25 20:00:00,2627.84,2628.66,2615.54,2625.23,23586,19
2024-11-26 00:00:00,2627.45,2632.13,2605.21,2628.13,26799,22
2024-11-26 04:00:00,2628.13,2631.34,2617.81,2624.35,27762,22
2024-11-26 08:00:00,2624.32,2627.11,2610.79,2625.97,33703,20
2024-11-26 12:00:00,2626.0,2641.89,2623.97,2629.9,36647,18
2024-11-26 16:00:00,2629.87,2633.76,2616.7,2624.93,41656,18
2024-11-26 20:00:00,2624.91,2633.5,2619.51,2632.12,21416,19
2024-11-27 00:00:00,2631.17,2634.09,2627.0,2631.3,13615,23
2024-11-27 04:00:00,2631.27,2645.71,2631.04,2641.95,23222,22
2024-11-27 08:00:00,2641.95,2653.72,2638.96,2648.39,30348,20
2024-11-27 12:00:00,2648.37,2658.12,2643.2,2656.26,32440,18
2024-11-27 16:00:00,2656.28,2656.83,2635.21,2637.2,41992,18
2024-11-27 20:00:00,2637.19,2640.71,2633.77,2635.68,14006,19
2024-11-28 00:00:00,2637.65,2638.35,2620.92,2628.8,16881,22
2024-11-28 04:00:00,2628.79,2634.0,2625.59,2633.41,19386,22
2024-11-28 08:00:00,2633.42,2647.92,2631.85,2646.14,22728,20
2024-11-28 12:00:00,2646.18,2649.6,2642.74,2647.0,20545,18
2024-11-28 16:00:00,2647.02,2647.87,2636.17,2640.89,18680,18
2024-11-28 20:00:00,2640.87,2641.41,2637.29,2637.68,2076,26
2024-11-29 00:00:00,2638.83,2647.1,2633.98,2644.87,15989,22
2024-11-29 04:00:00,2644.85,2664.14,2644.72,2662.38,27698,22
2024-11-29 08:00:00,2662.36,2666.19,2654.51,2664.11,27898,20
2024-11-29 12:00:00,2664.12,2665.8,2656.12,2657.98,28983,18
2024-11-29 16:00:00,2657.98,2662.7,2650.64,2660.47,39469,18
2024-11-29 20:00:00,2660.54,2660.54,2648.57,2650.26,9396,26
2024-12-02 00:00:00,2648.7,2650.27,2622.88,2635.86,23470,22
2024-12-02 04:00:00,2635.85,2637.96,2621.83,2623.14,31565,22
2024-12-02 08:00:00,2623.12,2636.84,2621.89,2633.6,33347,17
2024-12-02 12:00:00,2633.58,2648.7,2633.32,2646.96,36717,18
2024-12-02 16:00:00,2646.94,2651.73,2637.29,2638.74,42524,18
2024-12-02 20:00:00,2638.75,2644.2,2633.45,2638.68,18182,19
2024-12-03 00:00:00,2638.86,2645.15,2634.0,2636.46,14054,22
2024-12-03 04:00:00,2636.45,2642.89,2634.43,2641.12,20047,22
2024-12-03 08:00:00,2641.12,2649.93,2639.21,2643.93,27001,18
2024-12-03 12:00:00,2643.93,2653.61,2637.71,2652.79,24471,18
2024-12-03 16:00:00,2652.82,2655.59,2635.1,2646.98,34853,19
2024-12-03 20:00:00,2646.99,2649.08,2640.11,2643.19,13670,20
2024-12-04 00:00:00,2642.37,2643.47,2637.59,2642.16,11337,22
2024-12-04 04:00:00,2642.02,2651.06,2641.89,2649.66,19191,22
2024-12-04 08:00:00,2649.69,2651.3,2636.6,2640.88,22710,18
2024-12-04 12:00:00,2640.96,2649.13,2632.35,2648.4,26716,18
2024-12-04 16:00:00,2648.39,2657.11,2645.04,2651.32,34720,19
2024-12-04 20:00:00,2651.34,2655.4,2646.88,2649.59,19132,20
2024-12-05 00:00:00,2649.02,2651.42,2646.1,2646.91,12358,22
2024-12-05 04:00:00,2646.92,2655.46,2644.59,2653.02,19285,22
2024-12-05 08:00:00,2652.96,2654.01,2641.8,2644.81,20944,18
2024-12-05 12:00:00,2644.74,2654.43,2644.26,2648.89,23043,18
2024-12-05 16:00:00,2648.73,2650.15,2623.8,2627.99,33961,19
2024-12-05 20:00:00,2627.99,2632.28,2623.46,2631.86,14279,20
2024-12-06 00:00:00,2631.82,2633.78,2613.48,2617.46,15285,22
2024-12-06 04:00:00,2617.51,2644.43,2616.83,2637.89,23345,22
2024-12-06 08:00:00,2637.9,2645.5,2635.98,2640.71,20536,18
2024-12-06 12:00:00,2640.71,2643.26,2631.28,2635.68,26495,18
2024-12-06 16:00:00,2635.62,2641.57,2624.02,2634.81,37195,19
2024-12-06 20:00:00,2634.92,2638.94,2631.06,2632.74,13072,20
2024-12-09 00:00:00,2643.1,2650.44,2627.41,2646.66,17527,22
2024-12-09 04:00:00,2646.66,2648.5,2634.65,2638.23,20506,22
2024-12-09 08:00:00,2638.25,2657.37,2638.03,2655.6,22629,18
2024-12-09 12:00:00,2655.65,2666.2,2653.26,2665.42,24493,18
2024-12-09 16:00:00,2665.42,2676.36,2662.65,2664.44,33955,18
2024-12-09 20:00:00,2664.57,2664.65,2656.65,2658.62,15017,20
2024-12-10 00:00:00,2660.85,2668.57,2657.84,2667.38,11113,22
2024-12-10 04:00:00,2667.38,2673.7,2665.41,2668.77,20894,22
2024-12-10 08:00:00,2668.63,2670.83,2661.17,2664.96,20974,18
2024-12-10 12:00:00,2665.01,2681.95,2664.34,2680.36,33087,18
2024-12-10 16:00:00,2680.37,2695.47,2679.45,2694.27,38696,18
2024-12-10 20:00:00,2694.28,2695.11,2690.88,2693.56,16122,18
2024-12-11 00:00:00,2695.04,2703.62,2693.44,2699.88,19213,22
2024-12-11 04:00:00,2699.92,2704.31,2674.69,2687.35,31618,13
2024-12-11 08:00:00,2687.13,2697.13,2686.19,2695.71,33608,20
2024-12-11 12:00:00,2695.73,2701.96,2690.55,2700.88,32071,30
2024-12-11 16:00:00,2700.99,2719.89,2696.47,2717.94,45382,30
2024-12-11 20:00:00,2717.85,2721.03,2713.18,2717.81,22410,31
2024-12-12 00:00:00,2717.47,2726.06,2695.53,2710.94,14567,0
2024-12-12 04:00:00,2710.91,2716.29,2703.55,2713.46,21675,33
2024-12-12 08:00:00,2713.47,2720.38,2710.07,2714.61,26243,30
2024-12-12 12:00:00,2714.58,2715.62,2697.3,2697.53,35021,30
2024-12-12 16:00:00,2697.49,2699.55,2675.02,2686.26,52631,30
2024-12-12 20:00:00,2686.3,2687.04,2679.28,2681.23,23940,28
2024-12-13 00:00:00,2680.42,2692.64,2678.85,2689.81,16986,33
2024-12-13 04:00:00,2689.82,2691.2,2684.26,2688.25,27500,33
2024-12-13 08:00:00,2688.26,2690.44,2667.43,2668.93,33394,30
2024-12-13 12:00:00,2668.89,2672.91,2659.51,2662.14,37456,30
2024-12-13 16:00:00,2662.19,2664.48,2654.66,2656.21,44949,28
2024-12-13 20:00:00,2656.2,2656.95,2646.02,2648.67,24757,17
2024-12-16 00:00:00,2648.79,2655.57,2643.44,2653.39,16556,31
2024-12-16 04:00:00,2653.42,2655.49,2649.4,2652.77,22443,31
2024-12-16 08:00:00,2652.78,2661.93,2651.55,2658.05,23809,28
2024-12-16 12:00:00,2658.06,2664.29,2657.31,2661.81,27625,28
2024-12-16 16:00:00,2662.07,2662.92,2648.51,2652.05,39519,28
2024-12-16 20:00:00,2652.01,2655.67,2651.21,2652.6,17591,19
2024-12-17 00:00:00,2651.99,2658.57,2650.92,2657.98,12649,31
2024-12-17 04:00:00,2657.97,2658.54,2649.07,2653.64,22780,31
2024-12-17 08:00:00,2653.64,2656.94,2637.94,2639.62,33041,28
2024-12-17 12:00:00,2639.61,2646.75,2634.68,2636.97,33253,28
2024-12-17 16:00:00,2636.95,2646.94,2632.99,2645.84,41853,28
2024-12-17 20:00:00,2645.86,2648.9,2642.89,2645.48,19038,17
2024-12-18 00:00:00,2646.68,2651.62,2644.69,2650.84,12644,31
2024-12-18 04:00:00,2650.85,2650.93,2642.61,2647.4,22908,31
2024-12-18 08:00:00,2647.41,2649.57,2642.03,2646.75,26854,28
2024-12-18 12:00:00,2646.77,2649.3,2641.03,2643.9,25397,28
2024-12-18 16:00:00,2643.9,2644.81,2633.0,2635.91,39508,28
2024-12-18 20:00:00,2635.9,2638.81,2586.58,2587.7,44422,15
2024-12-19 00:00:00,2587.29,2617.98,2586.4,2611.79,21370,31
2024-12-19 04:00:00,2611.76,2613.75,2606.17,2607.06,22163,31
2024-12-19 08:00:00,2607.04,2622.72,2603.23,2620.33,32225,28
2024-12-19 12:00:00,2620.34,2626.27,2595.22,2596.28,40747,28
2024-12-19 16:00:00,2596.25,2600.67,2586.89,2592.49,50255,28
2024-12-19 20:00:00,2592.53,2600.93,2591.73,2593.74,27414,27
2024-12-20 00:00:00,2594.1,2603.82,2589.52,2603.69,16030,31
2024-12-20 04:00:00,2603.67,2603.88,2595.38,2600.24,21388,31
2024-12-20 08:00:00,2600.11,2607.61,2598.86,2604.94,28426,28
2024-12-20 12:00:00,2604.95,2614.03,2600.1,2609.58,31773,28
2024-12-20 16:00:00,2609.58,2631.75,2608.49,2625.57,47239,28
2024-12-20 20:00:00,2625.54,2629.21,2619.2,2621.27,24978,15
2024-12-23 00:00:00,2622.24,2625.06,2617.28,2620.69,15814,32
2024-12-23 04:00:00,2620.66,2629.1,2620.49,2626.68,18950,31
2024-12-23 08:00:00,2626.64,2633.23,2624.5,2626.22,23848,28
2024-12-23 12:00:00,2626.21,2626.9,2613.05,2617.43,29937,28
2024-12-23 16:00:00,2617.17,2619.73,2608.08,2611.16,37548,28
2024-12-23 20:00:00,2611.09,2613.54,2609.05,2612.77,17157,29
2024-12-24 00:00:00,2614.52,2617.82,2613.34,2617.47,11233,31
2024-12-24 04:00:00,2617.4,2621.34,2615.67,2619.24,17718,31
2024-12-24 08:00:00,2619.23,2621.34,2613.22,2613.49,18982,28
2024-12-24 12:00:00,2613.5,2617.92,2611.23,2614.09,22159,28
2024-12-24 16:00:00,2614.09,2619.17,2610.1,2616.87,31458,28
2024-12-24 20:00:00,2616.84,2617.79,2614.82,2616.17,2425,29
2024-12-26 00:00:00,2615.85,2627.69,2614.59,2626.64,11340,31
2024-12-26 04:00:00,2626.63,2629.16,2625.55,2626.35,14902,31
2024-12-26 08:00:00,2626.32,2629.41,2623.51,2627.22,14944,28
2024-12-26 12:00:00,2627.23,2630.87,2621.58,2623.01,19918,28
2024-12-26 16:00:00,2623.04,2639.01,2622.45,2629.24,31744,28
2024-12-26 20:00:00,2629.2,2636.09,2629.13,2634.15,20534,29
2024-12-27 00:00:00,2631.9,2634.14,2630.62,2632.14,10484,31
2024-12-27 04:00:00,2632.13,2635.39,2628.78,2631.3,16436,31
2024-12-27 08:00:00,2631.3,2638.06,2623.61,2623.89,19257,28
2024-12-27 12:00:00,2623.88,2631.53,2617.99,2618.62,24517,28
2024-12-27 16:00:00,2618.6,2619.66,2611.52,2615.91,37756,28
2024-12-27 20:00:00,2615.91,2621.24,2612.58,2619.93,18269,29
2024-12-30 00:00:00,2621.49,2626.59,2621.33,2624.13,10973,31
2024-12-30 04:00:00,2624.14,2627.84,2620.43,2623.58,16249,31
2024-12-30 08:00:00,2623.55,2624.49,2609.28,2612.72,22622,28
2024-12-30 12:00:00,2612.72,2622.39,2606.36,2606.51,27929,28
2024-12-30 16:00:00,2606.49,2613.69,2596.0,2605.04,39724,28
2024-12-30 20:00:00,2605.08,2609.34,2603.39,2606.04,20012,26
2024-12-31 00:00:00,2605.82,2611.37,2603.66,2608.62,9373,36
2024-12-31 04:00:00,2608.61,2609.44,2602.47,2604.26,14335,31
2024-12-31 08:00:00,2604.23,2617.7,2603.41,2615.18,20817,28
2024-12-31 12:00:00,2615.34,2616.01,2605.3,2613.08,23677,28
2024-12-31 16:00:00,2613.1,2627.33,2611.2,2624.08,37031,28
2024-12-31 20:00:00,2623.98,2627.09,2621.93,2623.98,19537,29
2025-01-02 00:00:00,2625.04,2634.32,2621.54,2632.81,15250,31
2025-01-02 04:00:00,2632.83,2636.33,2630.88,2633.88,20106,29
2025-01-02 08:00:00,2633.87,2639.88,2631.04,2636.02,24929,28
2025-01-02 12:00:00,2636.02,2647.11,2632.65,2642.85,35017,16
2025-01-02 16:00:00,2642.86,2660.31,2640.28,2656.45,45831,28
2025-01-02 20:00:00,2656.46,2660.3,2653.69,2657.07,23424,29
2025-01-03 00:00:00,2657.7,2662.39,2656.5,2659.41,11543,31
2025-01-03 04:00:00,2659.39,2665.18,2655.81,2658.51,20802,31
2025-01-03 08:00:00,2658.49,2660.2,2649.77,2653.49,26307,28
2025-01-03 12:00:00,2653.48,2659.21,2643.37,2649.77,26518,28
2025-01-03 16:00:00,2649.75,2652.54,2639.02,2641.74,41923,28
2025-01-03 20:00:00,2641.64,2642.84,2636.61,2639.13,17954,29
2025-01-06 00:00:00,2639.6,2647.31,2638.51,2641.25,14897,31
2025-01-06 04:00:00,2641.23,2645.16,2631.41,2633.77,21744,31
2025-01-06 08:00:00,2633.8,2635.69,2625.07,2632.65,26971,28
2025-01-06 12:00:00,2632.66,2649.31,2621.86,2624.19,42484,28
2025-01-06 16:00:00,2624.17,2641.13,2614.66,2636.63,47954,28
2025-01-06 20:00:00,2636.65,2638.47,2632.79,2635.86,20825,27
2025-01-07 00:00:00,2635.67,2641.09,2632.78,2638.89,12317,31
2025-01-07 04:00:00,2638.84,2645.63,2636.88,2644.36,17824,31
2025-01-07 08:00:00,2644.31,2646.59,2637.94,2641.29,25385,28
2025-01-07 12:00:00,2641.24,2664.12,2641.2,2662.25,28240,28
2025-01-07 16:00:00,2662.3,2662.89,2641.92,2652.5,41655,28
2025-01-07 20:00:00,2652.47,2652.55,2646.95,2649.49,19662,30
2025-01-08 00:00:00,2648.41,2651.41,2647.01,2648.71,9123,35
2025-01-08 04:00:00,2648.71,2650.53,2645.12,2649.82,13257,35
2025-01-08 08:00:00,2649.78,2654.87,2648.73,2653.54,17903,22
2025-01-08 12:00:00,2653.52,2660.18,2645.77,2660.14,25228,22
2025-01-08 16:00:00,2660.07,2669.86,2649.37,2655.52,33681,23
2025-01-08 20:00:00,2655.57,2663.93,2651.6,2661.79,19413,24
2025-01-09 00:00:00,2662.17,2663.12,2657.25,2658.41,7410,29
2025-01-09 04:00:00,2658.4,2662.07,2655.42,2658.27,12363,29
2025-01-09 08:00:00,2658.27,2666.81,2658.27,2664.97,18205,22
2025-01-09 12:00:00,2665.03,2678.05,2664.04,2672.59,21735,22
2025-01-09 16:00:00,2672.5,2675.6,2662.7,2665.92,23788,23
2025-01-09 20:00:00,2665.87,2672.5,2665.01,2669.56,11719,24
2025-01-10 00:00:00,2670.32,2671.86,2668.43,2670.93,8968,29
2025-01-10 04:00:00,2670.92,2675.78,2670.45,2674.9,12898,29
2025-01-10 08:00:00,2674.89,2682.33,2673.43,2678.42,22103,22
2025-01-10 12:00:00,2678.55,2683.64,2664.01,2682.59,27578,24
2025-01-10 16:00:00,2682.43,2697.75,2680.92,2695.97,45437,25
2025-01-10 20:00:00,2695.97,2697.07,2684.53,2689.29,22785,27
2025-01-13 00:00:00,2689.47,2693.34,2678.31,2685.62,14154,31
2025-01-13 04:00:00,2685.63,2690.7,2683.17,2686.91,18532,31
2025-01-13 08:00:00,2686.91,2691.19,2682.98,2684.63,25230,24
2025-01-13 12:00:00,2684.62,2684.89,2663.82,2669.16,31778,14
2025-01-13 16:00:00,2669.01,2674.21,2659.27,2660.8,33999,25
2025-01-13 20:00:00,2660.8,2663.17,2656.66,2662.24,13869,27
2025-01-14 00:00:00,2664.21,2672.05,2664.2,2670.63,11154,31
2025-01-14 04:00:00,2670.68,2675.19,2667.31,2668.47,17022,31
2025-01-14 08:00:00,2668.56,2674.32,2664.83,2667.25,20970,24
2025-01-14 12:00:00,2667.25,2674.22,2660.92,2662.89,26376,24
2025-01-14 16:00:00,2662.78,2673.94,2659.83,2668.98,35325,23
2025-01-14 20:00:00,2668.88,2677.88,2666.6,2676.75,15216,25
2025-01-15 00:00:00,2676.71,2677.27,2669.72,2669.8,6790,29
2025-01-15 04:00:00,2669.8,2679.26,2669.21,2679.25,13947,29
2025-01-15 08:00:00,2679.26,2688.43,2679.02,2685.82,18716,22
2025-01-15 12:00:00,2685.82,2694.08,2682.1,2693.69,28661,22
2025-01-15 16:00:00,2693.8,2695.96,2676.68,2692.71,38459,23
2025-01-15 20:00:00,2692.72,2697.24,2691.01,2695.37,15076,25
2025-01-16 00:00:00,2696.26,2701.65,2692.88,2696.08,12989,29
2025-01-16 04:00:00,2696.25,2698.24,2693.73,2694.73,15245,29
2025-01-16 08:00:00,2694.73,2706.15,2689.7,2705.42,22942,22
2025-01-16 12:00:00,2705.43,2718.24,2700.26,2715.36,27455,22
2025-01-16 16:00:00,2715.31,2724.66,2712.48,2721.66,38449,23
2025-01-16 20:00:00,2721.75,2723.19,2712.39,2713.58,18363,25
2025-01-17 00:00:00,2714.06,2716.03,2709.81,2714.69,10566,29
2025-01-17 04:00:00,2714.81,2717.34,2711.1,2711.48,14237,29
2025-01-17 08:00:00,2711.5,2714.55,2703.95,2705.01,21053,22
2025-01-17 12:00:00,2704.98,2712.06,2702.79,2704.92,27091,22
2025-01-17 16:00:00,2704.89,2717.26,2702.66,2712.5,35873,23
2025-01-17 20:00:00,2712.56,2713.22,2699.18,2701.71,20284,25
2025-01-20 00:00:00,2701.1,2703.26,2689.34,2693.74,14938,29
2025-01-20 04:00:00,2693.78,2707.46,2693.66,2707.05,20289,29
2025-01-20 08:00:00,2707.08,2713.74,2702.79,2706.07,21493,22
2025-01-20 12:00:00,2706.02,2712.52,2701.84,2705.16,29535,22
2025-01-20 16:00:00,2705.51,2712.2,2703.21,2707.26,31455,25
2025-01-20 20:00:00,2707.28,2711.07,2704.97,2706.11,3667,27
2025-01-21 00:00:00,2707.91,2719.16,2702.59,2717.91,18048,29
2025-01-21 04:00:00,2717.96,2729.09,2717.76,2726.07,23917,31
2025-01-21 08:00:00,2726.02,2732.81,2717.81,2721.15,30528,24
2025-01-21 12:00:00,2721.15,2729.95,2716.51,2726.24,30279,24
2025-01-21 16:00:00,2726.27,2745.53,2725.3,2740.21,35576,23
2025-01-21 20:00:00,2740.17,2745.86,2739.86,2744.79,14446,25
2025-01-22 00:00:00,2743.55,2749.87,2741.84,2747.94,13297,29
2025-01-22 04:00:00,2747.92,2758.55,2746.23,2757.97,17802,29
2025-01-22 08:00:00,2757.96,2762.28,2745.43,2758.37,27317,22
2025-01-22 12:00:00,2758.38,2763.32,2751.0,2757.69,25095,22
2025-01-22 16:00:00,2757.68,2760.27,2750.32,2756.52,32289,23
2025-01-22 20:00:00,2756.52,2759.3,2754.67,2755.34,14761,25
2025-01-23 00:00:00,2755.32,2756.46,2750.57,2752.62,10497,29
2025-01-23 04:00:00,2752.62,2754.88,2749.36,2751.9,15717,29
2025-01-23 08:00:00,2751.9,2755.45,2740.86,2745.86,22561,22
2025-01-23 12:00:00,2745.77,2754.32,2735.84,2741.51,31139,22
2025-01-23 16:00:00,2741.59,2758.77,2740.36,2757.68,36693,23
2025-01-23 20:00:00,2757.67,2758.13,2751.34,2753.71,20741,25
2025-01-24 00:00:00,2753.85,2762.49,2753.59,2762.28,10852,29
2025-01-24 04:00:00,2762.27,2777.26,2762.27,2775.15,26785,29
2025-01-24 08:00:00,2775.12,2778.23,2769.99,2772.81,27069,22
2025-01-24 12:00:00,2772.81,2784.55,2771.53,2782.37,25830,22
2025-01-24 16:00:00,2782.48,2785.89,2769.85,2773.16,35969,23
2025-01-24 20:00:00,2773.16,2775.26,2770.41,2770.82,14979,25
2025-01-27 00:00:00,2765.67,2772.48,2762.85,2762.91,15030,29
2025-01-27 04:00:00,2762.91,2763.55,2752.75,2753.15,23642,29
2025-01-27 08:00:00,2753.15,2764.9,2747.25,2763.35,31765,22
2025-01-27 12:00:00,2763.31,2771.94,2752.25,2757.2,33835,22
2025-01-27 16:00:00,2757.04,2757.83,2730.4,2733.7,35785,23
2025-01-27 20:00:00,2733.7,2743.84,2733.06,2741.0,16961,25
2025-01-28 00:00:00,2740.93,2745.06,2739.4,2741.36,10820,29
2025-01-28 04:00:00,2741.35,2744.8,2737.74,2741.61,16669,29
2025-01-28 08:00:00,2741.34,2745.01,2734.73,2743.36,20932,22
2025-01-28 12:00:00,2743.39,2749.48,2740.97,2748.86,21342,22
2025-01-28 16:00:00,2748.86,2760.01,2748.86,2759.66,30944,23
2025-01-28 20:00:00,2759.79,2764.92,2759.25,2763.24,16348,25
2025-01-29 00:00:00,2763.1,2766.06,2762.13,2763.62,8064,29
2025-01-29 04:00:00,2763.62,2765.55,2760.15,2760.66,16388,29
2025-01-29 08:00:00,2760.85,2766.0,2757.38,2762.69,22961,22
2025-01-29 12:00:00,2762.65,2763.31,2752.14,2758.59,29716,22
2025-01-29 16:00:00,2758.59,2761.04,2748.17,2752.78,34004,23
2025-01-29 20:00:00,2752.81,2758.84,2744.8,2757.37,27307,25
2025-01-30 00:00:00,2758.34,2762.46,2758.25,2760.05,7936,29
2025-01-30 04:00:00,2760.05,2763.27,2758.61,2760.56,15097,29
2025-01-30 08:00:00,2760.53,2776.46,2760.2,2774.27,22107,22
2025-01-30 12:00:00,2774.27,2785.88,2773.73,2785.64,24764,22
2025-01-30 16:00:00,2785.82,2798.3,2780.04,2795.55,44496,23
2025-01-30 20:00:00,2795.57,2798.27,2789.61,2793.26,21952,25
2025-01-31 00:00:00,2793.11,2799.45,2791.91,2796.27,10774,29
2025-01-31 04:00:00,2796.27,2798.08,2793.86,2795.5,17934,29
2025-01-31 08:00:00,2795.49,2800.89,2791.66,2793.73,22595,22
2025-01-31 12:00:00,2793.73,2808.29,2791.0,2806.31,29156,22
2025-01-31 16:00:00,2806.43,2817.05,2802.98,2808.43,39932,23
2025-01-31 20:00:00,2808.41,2808.72,2794.25,2800.41,34671,25
2025-02-03 00:00:00,2801.71,2803.7,2778.23,2782.2,23179,29
2025-02-03 04:00:00,2782.18,2785.05,2772.07,2783.03,34004,29
2025-02-03 08:00:00,2783.03,2800.75,2782.85,2796.37,32210,22
2025-02-03 12:00:00,2796.32,2811.81,2792.92,2810.91,32093,22
2025-02-03 16:00:00,2810.94,2830.58,2810.14,2816.98,45456,23
2025-02-03 20:00:00,2816.94,2822.89,2812.29,2814.62,25467,25
2025-02-04 00:00:00,2813.35,2824.04,2812.08,2823.29,11338,29
2025-02-04 04:00:00,2823.23,2824.54,2813.31,2815.68,26890,29
2025-02-04 08:00:00,2815.56,2821.76,2807.17,2820.34,32987,22
2025-02-04 12:00:00,2820.36,2836.88,2812.67,2831.57,30287,22
2025-02-04 16:00:00,2831.58,2845.4,2829.02,2843.97,41725,23
2025-02-04 20:00:00,2843.9,2844.91,2840.87,2841.51,19908,25
2025-02-05 00:00:00,2841.22,2848.83,2839.66,2844.5,16101,29
2025-02-05 04:00:00,2844.47,2860.54,2844.04,2859.14,19730,29
2025-02-05 08:00:00,2859.14,2872.17,2854.86,2870.22,24201,22
2025-02-05 12:00:00,2870.22,2876.96,2858.54,2861.71,29608,22
2025-02-05 16:00:00,2861.76,2882.2,2860.63,2872.93,36175,19
2025-02-05 20:00:00,2872.99,2873.43,2859.99,2865.18,18448,20
2025-02-06 00:00:00,2867.5,2871.73,2863.59,2871.57,10376,23
2025-02-06 04:00:00,2871.58,2873.21,2864.18,2868.34,17586,13
2025-02-06 08:00:00,2868.34,2871.19,2848.74,2859.37,23383,19
2025-02-06 12:00:00,2859.45,2870.2,2855.55,2856.72,25021,19
2025-02-06 16:00:00,2856.56,2859.77,2834.06,2852.29,29271,19
2025-02-06 20:00:00,2852.3,2857.31,2849.81,2856.42,16095,20
2025-02-07 00:00:00,2855.99,2868.18,2855.9,2866.17,9882,23
2025-02-07 04:00:00,2866.16,2870.51,2862.08,2862.12,15110,23
2025-02-07 08:00:00,2862.06,2870.62,2858.96,2868.97,18988,19
2025-02-07 12:00:00,2868.97,2870.39,2852.46,2862.58,22890,19
2025-02-07 16:00:00,2862.64,2886.75,2853.34,2860.06,34042,19
2025-02-07 20:00:00,2860.02,2865.2,2858.93,2860.67,15550,20
2025-02-10 00:00:00,2861.42,2876.54,2860.17,2871.89,14319,16
2025-02-10 04:00:00,2871.89,2879.99,2871.32,2879.13,17136,23
2025-02-10 08:00:00,2879.17,2903.25,2878.86,2902.99,23620,19
2025-02-10 12:00:00,2903.01,2910.83,2898.1,2900.95,26481,19
2025-02-10 16:00:00,2900.93,2911.4,2896.45,2903.14,27335,19
2025-02-10 20:00:00,2903.14,2908.05,2900.8,2907.42,16654,20
2025-02-11 00:00:00,2911.83,2936.0,2909.66,2933.81,13920,23
2025-02-11 04:00:00,2933.81,2942.54,2906.0,2922.9,25730,23
2025-02-11 08:00:00,2922.89,2929.45,2903.03,2903.19,26955,19
2025-02-11 12:00:00,2903.19,2907.08,2881.78,2896.46,30421,19
2025-02-11 16:00:00,2896.48,2908.55,2890.87,2905.54,31360,19
2025-02-11 20:00:00,2905.6,2907.12,2894.08,2898.54,18970,20
2025-02-12 00:00:00,2897.83,2900.67,2883.5,2893.27,11964,23
2025-02-12 04:00:00,2893.27,2897.77,2883.46,2886.29,19119,23
2025-02-12 08:00:00,2886.29,2895.72,2885.58,2886.68,21008,19
2025-02-12 12:00:00,2886.74,2889.9,2864.04,2884.76,24629,19
2025-02-12 16:00:00,2884.82,2909.09,2881.9,2902.74,30986,19
2025-02-12 20:00:00,2902.74,2903.81,2893.52,2903.4,17218,20
2025-02-13 00:00:00,2904.66,2909.02,2900.39,2906.02,10604,23
2025-02-13 04:00:00,2906.0,2922.82,2905.28,2918.06,17002,13
2025-02-13 08:00:00,2917.96,2920.66,2909.37,2915.31,24689,19
2025-02-13 12:00:00,2915.25,2921.33,2905.97,2908.53,25253,13
2025-02-13 16:00:00,2908.51,2920.92,2906.47,2918.96,29859,19
2025-02-13 20:00:00,2918.9,2929.3,2914.25,2928.98,18413,20
2025-02-14 00:00:00,2928.1,2933.75,2927.45,2929.9,12410,23
2025-02-14 04:00:00,2929.91,2932.39,2923.25,2930.9,18759,23
2025-02-14 08:00:00,2930.88,2938.79,2929.86,2935.05,24820,19
2025-02-14 12:00:00,2935.15,2940.01,2917.63,2920.48,27454,19
2025-02-14 16:00:00,2920.5,2928.32,2885.43,2886.96,42178,19
2025-02-14 20:00:00,2887.15,2887.94,2877.03,2882.91,20833,20
2025-02-17 00:00:00,2893.54,2896.56,2878.81,2895.54,14797,23
2025-02-17 04:00:00,2895.54,2905.23,2893.93,2896.12,18868,23
2025-02-17 08:00:00,2896.13,2906.32,2888.28,2902.54,22253,13
2025-02-17 12:00:00,2902.54,2903.81,2895.34,2896.77,20820,19
2025-02-17 16:00:00,2896.76,2904.01,2896.44,2898.48,18292,19
2025-02-17 20:00:00,2898.48,2899.14,2896.82,2899.08,3536,20
2025-02-18 00:00:00,2898.94,2900.21,2891.91,2895.72,7339,23
2025-02-18 04:00:00,2895.7,2915.66,2895.3,2910.65,18094,23
2025-02-18 08:00:00,2910.65,2915.25,2908.21,2912.7,16797,19
2025-02-18 12:00:00,2912.71,2921.23,2907.08,2918.73,20584,19
2025-02-18 16:00:00,2918.72,2933.65,2917.74,2931.07,27557,16
2025-02-18 20:00:00,2931.07,2936.82,2928.35,2935.44,13258,20
2025-02-19 00:00:00,2935.14,2939.66,2927.88,2938.48,8752,23
2025-02-19 04:00:00,2938.48,2939.64,2924.0,2932.83,19196,18
2025-02-19 08:00:00,2932.83,2946.5,2930.34,2945.46,20453,19
2025-02-19 12:00:00,2945.47,2947.0,2931.31,2936.33,23781,19
2025-02-19 16:00:00,2936.34,2940.45,2921.4,2923.75,32210,19
2025-02-19 20:00:00,2923.73,2937.23,2918.61,2932.5,20623,20
2025-02-20 00:00:00,2933.64,2942.27,2933.64,2936.91,10342,23
2025-02-20 04:00:00,2936.9,2946.82,2933.82,2946.81,15485,23
2025-02-20 08:00:00,2946.81,2954.83,2943.86,2951.43,18951,19
2025-02-20 12:00:00,2951.43,2954.78,2933.83,2934.01,26269,19
2025-02-20 16:00:00,2933.84,2946.95,2924.06,2940.47,32162,19
2025-02-20 20:00:00,2940.3,2942.36,2933.55,2938.83,18129,20
2025-02-21 00:00:00,2939.55,2949.7,2926.82,2928.83,11766,23
2025-02-21 04:00:00,2928.83,2941.04,2924.16,2930.16,22387,23
2025-02-21 08:00:00,2930.07,2933.0,2916.68,2929.3,20275,19
2025-02-21 12:00:00,2929.3,2936.09,2926.89,2930.92,19797,19
2025-02-21 16:00:00,2930.88,2941.64,2921.42,2939.67,28778,19
2025-02-21 20:00:00,2939.67,2942.82,2932.04,2935.38,16294,20
2025-02-24 00:00:00,2939.55,2940.38,2921.32,2928.02,15577,23
2025-02-24 04:00:00,2927.81,2944.67,2924.98,2936.23,21775,23
2025-02-24 08:00:00,2936.18,2948.65,2935.17,2944.26,18704,19
2025-02-24 12:00:00,2944.29,2954.59,2934.95,2954.44,20943,19
2025-02-24 16:00:00,2954.46,2956.15,2930.76,2943.24,32787,19
2025-02-24 20:00:00,2943.29,2952.92,2942.73,2951.37,14612,20
2025-02-25 00:00:00,2952.82,2953.26,2945.23,2949.58,11836,23
2025-02-25 04:00:00,2949.53,2952.12,2934.95,2937.93,19474,23
2025-02-25 08:00:00,2937.73,2942.38,2929.46,2938.87,22353,19
2025-02-25 12:00:00,2938.84,2941.52,2924.0,2937.48,25755,19
2025-02-25 16:00:00,2937.48,2944.8,2888.22,2907.62,38345,17
2025-02-25 20:00:00,2907.63,2917.14,2905.38,2915.04,18805,20
2025-02-26 00:00:00,2915.91,2930.1,2913.62,2917.86,13284,23
2025-02-26 04:00:00,2917.86,2923.05,2912.63,2915.36,15962,23
2025-02-26 08:00:00,2915.28,2918.96,2905.77,2913.03,20633,19
2025-02-26 12:00:00,2913.24,2916.78,2905.48,2905.85,19724,19
2025-02-26 16:00:00,2905.83,2916.62,2890.73,2913.83,31029,20
2025-02-26 20:00:00,2913.71,2918.61,2911.96,2916.53,14665,21
2025-02-27 00:00:00,2915.57,2920.72,2910.95,2912.57,9930,23
2025-02-27 04:00:00,2912.57,2914.8,2888.6,2890.8,21428,24
2025-02-27 08:00:00,2890.76,2898.31,2876.93,2887.42,26590,20
2025-02-27 12:00:00,2887.42,2895.05,2881.1,2888.92,25865,20
2025-02-27 16:00:00,2888.65,2892.26,2867.73,2883.12,33119,20
2025-02-27 20:00:00,2883.12,2887.6,2871.26,2877.17,19509,21
2025-02-28 00:00:00,2876.5,2885.05,2873.75,2874.72,11778,23
2025-02-28 04:00:00,2874.63,2877.81,2856.94,2864.08,24383,24
2025-02-28 08:00:00,2864.28,2866.47,2850.97,2862.35,23686,20
2025-02-28 12:00:00,2862.37,2864.91,2848.23,2848.39,21215,20
2025-02-28 16:00:00,2848.42,2853.81,2832.58,2844.98,32416,23
2025-02-28 20:00:00,2845.12,2858.73,2838.02,2858.42,18932,24
2025-03-03 00:00:00,2873.06,2876.68,2864.08,2870.85,16313,27
2025-03-03 04:00:00,2870.85,2871.98,2859.35,2863.81,17826,27
2025-03-03 08:00:00,2863.78,2871.49,2858.88,2867.33,21041,21
2025-03-03 12:00:00,2867.33,2877.58,2867.1,2872.56,19848,23
2025-03-03 16:00:00,2872.56,2892.98,2871.24,2890.8,28815,23
2025-03-03 20:00:00,2890.82,2895.13,2878.3,2893.7,21139,24
2025-03-04 00:00:00,2892.68,2893.7,2881.81,2888.17,10455,27
2025-03-04 04:00:00,2888.17,2894.28,2884.74,2889.61,16024,27
2025-03-04 08:00:00,2889.61,2921.2,2884.33,2918.04,22664,23
2025-03-04 12:00:00,2917.95,2927.74,2912.01,2922.45,23981,23
2025-03-04 16:00:00,2922.53,2922.97,2900.53,2911.55,32552,23
2025-03-04 20:00:00,2911.54,2920.41,2908.16,2917.32,18702,24
2025-03-05 00:00:00,2917.7,2917.75,2903.39,2907.13,11650,27
2025-03-05 04:00:00,2907.12,2918.8,2901.94,2918.73,18584,27
2025-03-05 08:00:00,2918.68,2922.47,2912.98,2918.91,24168,23
2025-03-05 12:00:00,2918.91,2919.14,2894.28,2899.92,27289,23
2025-03-05 16:00:00,2899.85,2929.83,2897.64,2915.87,37528,23
2025-03-05 20:00:00,2915.91,2922.94,2911.18,2918.43,19407,24
2025-03-06 00:00:00,2918.34,2925.63,2915.81,2924.62,9149,27
2025-03-06 04:00:00,2924.61,2926.48,2914.56,2919.82,14625,27
2025-03-06 08:00:00,2919.82,2922.9,2891.22,2894.14,27453,23
2025-03-06 12:00:00,2894.15,2909.27,2891.91,2904.48,29814,21
2025-03-06 16:00:00,2904.47,2922.62,2903.38,2915.29,32470,23
2025-03-06 20:00:00,2915.35,2920.55,2908.33,2910.21,17576,24
2025-03-07 00:00:00,2912.61,2913.5,2896.79,2906.81,14410,27
2025-03-07 04:00:00,2906.76,2912.45,2901.1,2909.51,21499,27
2025-03-07 08:00:00,2909.51,2922.95,2907.7,2921.52,20778,23
2025-03-07 12:00:00,2921.51,2926.16,2909.73,2913.67,26857,23
2025-03-07 16:00:00,2913.6,2930.35,2903.92,2908.24,35427,23
2025-03-07 20:00:00,2908.22,2911.76,2901.95,2911.17,20347,24
2025-03-10 00:00:00,2912.26,2917.94,2909.62,2913.86,9997,23
2025-03-10 04:00:00,2913.91,2918.23,2908.16,2910.87,17706,20
2025-03-10 08:00:00,2910.97,2915.39,2897.58,2897.82,22122,19
2025-03-10 12:00:00,2897.74,2915.4,2895.46,2906.76,28046,19
2025-03-10 16:00:00,2906.95,2910.49,2895.82,2895.93,35646,19
2025-03-10 20:00:00,2895.93,2896.1,2880.18,2888.09,23475,20
2025-03-11 00:00:00,2889.33,2889.6,2882.21,2887.18,8904,23
2025-03-11 04:00:00,2887.38,2900.46,2880.27,2897.65,19329,23
2025-03-11 08:00:00,2897.65,2910.48,2892.6,2910.04,20525,19
2025-03-11 12:00:00,2910.04,2915.87,2908.84,2913.04,20525,19
2025-03-11 16:00:00,2913.05,2922.02,2906.89,2917.15,30338,21
2025-03-11 20:00:00,2917.17,2921.24,2914.1,2915.85,16697,21
2025-03-12 00:00:00,2915.19,2919.64,2912.03,2914.21,6382,24
2025-03-12 04:00:00,2914.24,2919.92,2910.74,2914.81,15148,21
2025-03-12 08:00:00,2914.86,2922.15,2908.91,2922.15,22905,21
2025-03-12 12:00:00,2922.4,2925.28,2912.13,2917.44,24198,21
2025-03-12 16:00:00,2917.34,2939.04,2906.03,2936.35,36067,21
2025-03-12 20:00:00,2936.02,2940.4,2930.82,2932.56,17900,21
2025-03-13 00:00:00,2934.97,2939.37,2934.01,2938.62,6459,24
2025-03-13 04:00:00,2938.63,2947.03,2936.37,2944.61,16578,24
2025-03-13 08:00:00,2944.61,2945.06,2932.85,2941.47,20505,21
2025-03-13 12:00:00,2941.32,2949.11,2940.99,2942.38,23660,21
2025-03-13 16:00:00,2942.4,2985.26,2939.11,2980.09,38571,21
2025-03-13 20:00:00,2980.3,2988.11,2976.39,2987.91,16748,21
2025-03-14 00:00:00,2984.2,2989.94,2983.46,2986.58,7087,24
2025-03-14 04:00:00,2986.58,2993.88,2981.6,2985.29,18905,21
2025-03-14 08:00:00,2985.49,2993.24,2980.75,2992.87,20555,21
2025-03-14 12:00:00,2992.79,3004.9,2986.6,2993.82,27454,21
2025-03-14 16:00:00,2993.79,2996.08,2978.43,2989.76,33106,21
2025-03-14 20:00:00,2989.77,2990.31,2981.75,2987.46,14820,21
2025-03-17 00:00:00,2987.57,2994.08,2986.06,2990.86,7365,24
2025-03-17 04:00:00,2990.85,2992.97,2982.39,2982.55,15345,24
2025-03-17 08:00:00,2982.56,2990.74,2982.2,2988.39,15408,21
2025-03-17 12:00:00,2988.4,3001.19,2984.65,2987.09,20696,21
2025-03-17 16:00:00,2987.12,3000.57,2986.0,2994.43,28133,21
2025-03-17 20:00:00,2994.49,3001.61,2994.48,3001.08,14984,21
2025-03-18 00:00:00,3001.02,3003.5,2999.39,3001.45,4826,24
2025-03-18 04:00:00,3001.35,3017.14,2999.29,3014.31,16821,24
2025-03-18 08:00:00,3014.31,3027.25,3005.86,3026.58,20233,21
2025-03-18 12:00:00,3026.8,3035.73,3018.09,3034.25,24002,21
2025-03-18 16:00:00,3034.32,3038.22,3024.61,3035.99,33649,21
2025-03-18 20:00:00,3035.99,3037.92,3029.79,3033.94,13776,21
2025-03-19 00:00:00,3033.69,3034.96,3030.37,3031.3,5109,24
2025-03-19 04:00:00,3031.31,3038.85,3027.33,3036.44,15206,21
2025-03-19 08:00:00,3036.44,3045.29,3024.65,3025.17,23291,21
2025-03-19 12:00:00,3025.09,3041.02,3022.78,3037.14,18222,21
2025-03-19 16:00:00,3037.14,3038.26,3025.98,3033.08,27722,21
2025-03-19 20:00:00,3033.09,3052.07,3029.16,3046.64,22091,21
2025-03-20 00:00:00,3048.44,3055.48,3047.08,3053.1,6528,24
2025-03-20 04:00:00,3053.1,3057.38,3044.9,3052.26,17825,24
2025-03-20 08:00:00,3052.38,3053.32,3038.61,3041.82,20950,21
2025-03-20 12:00:00,3041.8,3046.2,3025.68,3040.79,27630,21
2025-03-20 16:00:00,3040.78,3043.11,3029.99,3038.24,31374,21
2025-03-20 20:00:00,3038.24,3046.02,3034.72,3044.41,13773,21
2025-03-21 00:00:00,3044.9,3047.41,3042.18,3042.77,4940,24
2025-03-21 04:00:00,3042.78,3044.47,3027.83,3029.82,19149,24
2025-03-21 08:00:00,3029.88,3034.69,3021.75,3032.88,20074,21
2025-03-21 12:00:00,3032.87,3038.03,3027.72,3034.04,19577,21
2025-03-21 16:00:00,3034.05,3036.78,2999.36,3015.11,33523,21
2025-03-21 20:00:00,3015.11,3024.0,3012.8,3022.95,15022,21
2025-03-24 00:00:00,3023.36,3026.21,3017.02,3018.37,7773,24
2025-03-24 04:00:00,3018.37,3025.5,3013.71,3019.28,17994,21
2025-03-24 08:00:00,3019.28,3028.97,3017.3,3028.86,20123,21
2025-03-24 12:00:00,3029.17,3033.29,3022.38,3024.18,24085,21
2025-03-24 16:00:00,3024.04,3028.17,3005.76,3009.71,32658,21
2025-03-24 20:00:00,3009.71,3014.32,3002.38,3013.81,16344,21
2025-03-25 00:00:00,3011.53,3014.85,3009.0,3014.02,5677,24
2025-03-25 04:00:00,3014.02,3016.31,3007.48,3015.2,16472,24
2025-03-25 08:00:00,3015.21,3021.81,3010.45,3021.28,17949,21
2025-03-25 12:00:00,3021.21,3026.46,3014.16,3021.78,19149,21
2025-03-25 16:00:00,3021.78,3035.77,3017.92,3023.18,28971,21
2025-03-25 20:00:00,3023.25,3023.29,3017.75,3020.4,12636,21
2025-03-26 00:00:00,3021.11,3022.26,3017.77,3018.05,4692,24
2025-03-26 04:00:00,3018.05,3027.1,3014.21,3015.17,18339,24
2025-03-26 08:00:00,3015.25,3032.02,3013.21,3023.96,19777,21
2025-03-26 12:00:00,3023.96,3030.35,3016.92,3026.95,21139,21
2025-03-26 16:00:00,3027.02,3027.28,3012.21,3015.59,26212,21
2025-03-26 20:00:00,3015.58,3021.63,3015.24,3019.85,13097,21
2025-03-27 00:00:00,3020.33,3025.59,3017.56,3025.34,6625,24
2025-03-27 04:00:00,3025.34,3038.47,3022.85,3034.04,17333,24
2025-03-27 08:00:00,3034.13,3037.85,3026.65,3036.03,20159,21
2025-03-27 12:00:00,3036.05,3055.86,3034.54,3050.02,23379,21
2025-03-27 16:00:00,3050.12,3059.84,3033.54,3048.36,35389,21
2025-03-27 20:00:00,3048.33,3057.7,3047.78,3056.3,15045,21
2025-03-28 00:00:00,3055.94,3063.47,3054.13,3061.75,6971,24
2025-03-28 04:00:00,3061.59,3077.5,3061.59,3073.83,17708,24
2025-03-28 08:00:00,3073.83,3086.03,3065.83,3072.9,20182,21
2025-03-28 12:00:00,3072.9,3081.93,3067.42,3077.4,20350,21
2025-03-28 16:00:00,3077.15,3086.74,3067.35,3083.84,33577,21
2025-03-28 20:00:00,3083.84,3085.88,3073.5,3084.93,14456,21
2025-03-31 00:00:00,3092.45,3097.61,3077.33,3078.96,9722,24
2025-03-31 04:00:00,3078.96,3115.85,3076.65,3113.26,22215,24
2025-03-31 08:00:00,3113.25,3127.81,3106.71,3122.2,23289,21
2025-03-31 12:00:00,3122.25,3126.53,3111.86,3124.47,23056,21
2025-03-31 16:00:00,3124.47,3127.09,3099.89,3117.6,34511,21
2025-03-31 20:00:00,3117.37,3124.59,3115.91,3123.65,15848,21
2025-04-01 00:00:00,3124.68,3127.79,3119.95,3127.14,6684,24
2025-04-01 04:00:00,3127.12,3147.93,3126.46,3144.74,20691,24
2025-04-01 08:00:00,3144.74,3148.92,3124.07,3131.0,26119,21
2025-04-01 12:00:00,3131.07,3138.8,3127.63,3133.35,21871,21
2025-04-01 16:00:00,3133.38,3137.01,3100.73,3106.65,34633,21
2025-04-01 20:00:00,3106.65,3120.56,3105.76,3117.14,14690,21
2025-04-02 00:00:00,3114.07,3123.59,3107.84,3122.93,7727,24
2025-04-02 04:00:00,3122.93,3135.63,3115.46,3115.97,16853,24
2025-04-02 08:00:00,3116.08,3133.84,3109.8,3131.26,20948,21
2025-04-02 12:00:00,3131.26,3131.48,3110.1,3122.34,20424,21
2025-04-02 16:00:00,3121.87,3134.14,3116.52,3131.42,27912,21
2025-04-02 20:00:00,3131.42,3143.16,3105.23,3130.92,20519,21
2025-04-03 00:00:00,3129.95,3167.56,3123.21,3151.29,24203,24
2025-04-03 04:00:00,3151.64,3162.85,3139.03,3140.29,25726,24
2025-04-03 08:00:00,3140.37,3140.89,3116.42,3128.98,29861,21
2025-04-03 12:00:00,3129.09,3129.49,3062.18,3076.26,37977,21
2025-04-03 16:00:00,3076.16,3135.41,3054.25,3107.45,42421,21
2025-04-03 20:00:00,3107.48,3119.4,3100.03,3116.29,19428,21
2025-04-04 00:00:00,3114.38,3116.68,3105.97,3110.58,10424,24
2025-04-04 04:00:00,3110.55,3115.66,3087.0,3099.97,23452,24
2025-04-04 08:00:00,3099.95,3109.86,3078.4,3084.16,27778,21
2025-04-04 12:00:00,3084.08,3136.43,3069.83,3071.12,41417,21
2025-04-04 16:00:00,3071.13,3087.33,3017.09,3030.89,42756,21
2025-04-04 20:00:00,3030.89,3040.96,3015.88,3037.5,25418,21
2025-04-07 00:00:00,3027.85,3032.21,2970.88,2978.91,19962,21
2025-04-07 04:00:00,2978.4,3055.35,2972.16,3035.57,31829,21
2025-04-07 08:00:00,3035.42,3044.44,3013.32,3031.14,32864,21
2025-04-07 12:00:00,3031.71,3046.04,3014.77,3031.19,33955,21
2025-04-07 16:00:00,3030.8,3037.78,2970.15,2970.57,41025,21
2025-04-07 20:00:00,2970.89,2985.88,2956.66,2983.64,23829,24
2025-04-08 00:00:00,2981.95,2992.73,2978.56,2985.28,9827,24
2025-04-08 04:00:00,2985.25,3004.78,2983.45,3002.25,20141,27
2025-04-08 08:00:00,3002.07,3015.8,2999.4,3007.42,22738,21
2025-04-08 12:00:00,3007.44,3019.54,2994.77,3002.54,22112,21
2025-04-08 16:00:00,3002.5,3022.64,2984.28,2986.04,35190,21
2025-04-08 20:00:00,2986.1,2992.31,2974.69,2981.91,24366,21
2025-04-09 00:00:00,2982.72,2990.63,2969.95,2980.3,13804,24
2025-04-09 04:00:00,2980.2,3014.06,2972.48,3012.18,27677,24
2025-04-09 08:00:00,3012.16,3052.23,3005.44,3044.04,31227,21
2025-04-09 12:00:00,3044.03,3072.97,3036.0,3047.37,31387,21
2025-04-09 16:00:00,3047.46,3094.77,3047.37,3092.31,33783,21
2025-04-09 20:00:00,3092.31,3099.41,3048.59,3079.28,31159,21
2025-04-10 00:00:00,3080.26,3101.33,3071.33,3097.16,14241,22
2025-04-10 04:00:00,3097.17,3131.68,3078.36,3125.27,27023,0
2025-04-10 08:00:00,3125.27,3132.49,3104.66,3104.92,25372,21
2025-04-10 12:00:00,3104.92,3133.99,3103.46,3122.97,26123,21
2025-04-10 16:00:00,3122.97,3174.84,3116.14,3158.39,36515,21
2025-04-10 20:00:00,3158.39,3176.29,3151.5,3172.54,20464,21
2025-04-11 00:00:00,3179.39,3218.03,3177.15,3205.63,15810,24
2025-04-11 04:00:00,3205.57,3220.07,3200.89,3208.51,26642,24
2025-04-11 08:00:00,3208.65,3227.19,3187.22,3215.96,32144,21
2025-04-11 12:00:00,3215.99,3237.57,3210.1,3233.62,29448,21
2025-04-11 16:00:00,3233.62,3245.32,3219.63,3223.23,36973,21
2025-04-11 20:00:00,3223.58,3238.17,3223.58,3234.25,21182,21
2025-04-14 00:00:00,3221.92,3227.22,3212.78,3220.8,11545,24
2025-04-14 04:00:00,3220.8,3245.68,3215.26,3227.31,22439,24
2025-04-14 08:00:00,3227.31,3237.93,3216.46,3226.88,22684,21
2025-04-14 12:00:00,3226.87,3231.62,3200.74,3206.52,25326,21
2025-04-14 16:00:00,3206.57,3215.52,3193.73,3207.55,31934,21
2025-04-14 20:00:00,3207.57,3216.33,3201.23,3211.28,15663,21
2025-04-15 00:00:00,3212.38,3215.17,3210.4,3211.87,5810,24
2025-04-15 04:00:00,3211.87,3232.51,3209.96,3231.81,16528,24
2025-04-15 08:00:00,3231.76,3232.13,3217.3,3227.58,19628,21
2025-04-15 12:00:00,3227.49,3230.05,3214.32,3221.53,18020,21
2025-04-15 16:00:00,3221.52,3226.83,3211.6,3221.42,23124,21
2025-04-15 20:00:00,3221.42,3233.47,3220.37,3228.54,12435,21
2025-04-16 00:00:00,3230.8,3268.01,3230.71,3264.41,12598,24
2025-04-16 04:00:00,3264.42,3287.56,3255.95,3283.69,23365,24
2025-04-16 08:00:00,3283.68,3317.59,3283.64,3306.95,27744,21
2025-04-16 12:00:00,3307.09,3313.53,3292.89,3307.23,24593,21
2025-04-16 16:00:00,3307.22,3332.93,3296.78,3327.31,32019,21
2025-04-16 20:00:00,3327.36,3342.41,3324.39,3340.77,19985,21
2025-04-17 00:00:00,3348.72,3357.64,3341.96,3345.4,11923,24
2025-04-17 04:00:00,3345.22,3356.15,3320.67,3341.48,24673,24
2025-04-17 08:00:00,3341.54,3345.44,3312.7,3324.22,24005,21
2025-04-17 12:00:00,3324.22,3342.28,3320.61,3328.08,20971,21
2025-04-17 16:00:00,3328.1,3332.02,3284.01,3316.11,34468,21
2025-04-17 20:00:00,3316.15,3328.05,3310.9,3327.95,14394,24
2025-04-21 00:00:00,3331.86,3370.58,3331.27,3368.7,14691,27
2025-04-21 04:00:00,3368.76,3385.26,3367.35,3376.44,22430,27
2025-04-21 08:00:00,3376.44,3396.03,3375.7,3392.73,22195,23
2025-04-21 12:00:00,3392.77,3415.71,3386.6,3414.98,22563,23
2025-04-21 16:00:00,3414.85,3430.21,3405.25,3414.49,31419,23
2025-04-21 20:00:00,3414.53,3430.42,3405.95,3424.67,19168,24
2025-04-22 00:00:00,3427.9,3444.36,3412.39,3425.46,14993,27
2025-04-22 04:00:00,3425.46,3494.74,3421.62,3484.49,28008,27
2025-04-22 08:00:00,3484.46,3499.88,3443.13,3443.91,32333,21
2025-04-22 12:00:00,3443.92,3468.17,3424.53,3431.36,28080,21
2025-04-22 16:00:00,3431.4,3449.65,3372.16,3393.07,38209,21
2025-04-22 20:00:00,3393.19,3410.22,3366.71,3380.04,23835,21
2025-04-23 00:00:00,3326.95,3371.12,3315.82,3367.91,18100,24
2025-04-23 04:00:00,3367.91,3386.54,3329.09,3346.74,28429,24
2025-04-23 08:00:00,3346.76,3349.41,3291.65,3321.6,29508,21
2025-04-23 12:00:00,3321.5,3340.4,3310.57,3310.8,24901,21
2025-04-23 16:00:00,3310.73,3313.71,3260.09,3295.03,38693,21
2025-04-23 20:00:00,3295.0,3301.39,3277.73,3289.13,19577,21
2025-04-24 00:00:00,3305.88,3339.06,3305.3,3331.6,12747,24
2025-04-24 04:00:00,3331.19,3367.27,3320.59,3326.15,27242,24
2025-04-24 08:00:00,3326.16,3341.54,3314.57,3336.04,25276,21
2025-04-24 12:00:00,3336.05,3344.62,3325.31,3335.93,21145,21
2025-04-24 16:00:00,3335.99,3336.26,3306.68,3331.5,32250,21
2025-04-24 20:00:00,3331.56,3347.71,3329.93,3347.51,15115,21
2025-04-25 00:00:00,3352.56,3370.65,3347.08,3357.75,12782,24
2025-04-25 04:00:00,3357.49,3362.94,3316.33,3324.74,23859,24
2025-04-25 08:00:00,3324.74,3327.03,3287.06,3303.9,27080,21
2025-04-25 12:00:00,3303.89,3308.89,3287.86,3292.65,20342,21
2025-04-25 16:00:00,3292.75,3292.83,3265.09,3285.31,28847,21
2025-04-25 20:00:00,3285.34,3315.33,3281.8,3313.61,15454,21
2025-04-28 00:00:00,3325.87,3330.15,3298.53,3313.98,12995,24
2025-04-28 04:00:00,3313.98,3314.9,3267.87,3298.92,22546,24
2025-04-28 08:00:00,3299.04,3300.94,3277.64,3282.56,19116,21
2025-04-28 12:00:00,3282.56,3302.31,3273.16,3296.0,20189,21
2025-04-28 16:00:00,3296.12,3339.16,3286.93,3336.59,30811,21
2025-04-28 20:00:00,3336.71,3352.95,3333.14,3342.84,16686,21
2025-04-29 00:00:00,3345.24,3345.24,3327.69,3329.91,10222,24
2025-04-29 04:00:00,3329.56,3339.89,3306.67,3309.25,20302,24
2025-04-29 08:00:00,3309.23,3324.83,3304.98,3311.8,19213,21
2025-04-29 12:00:00,3311.81,3316.0,3300.4,3312.8,19244,21
2025-04-29 16:00:00,3312.52,3330.03,3299.67,3328.71,27793,21
2025-04-29 20:00:00,3328.81,3329.66,3313.22,3318.4,13565,21
2025-04-30 00:00:00,3317.59,3327.97,3310.95,3313.17,7901,24
2025-04-30 04:00:00,3313.18,3322.74,3301.19,3307.9,18444,24
2025-04-30 08:00:00,3307.9,3314.66,3280.28,3284.41,20666,21
2025-04-30 12:00:00,3284.4,3304.81,3266.79,3298.64,23087,21
2025-04-30 16:00:00,3298.59,3319.71,3292.91,3310.8,30743,21
2025-04-30 20:00:00,3310.85,3313.55,3283.03,3290.31,16507,21
2025-05-01 00:00:00,3285.3,3287.87,3241.25,3246.49,14081,21
2025-05-01 04:00:00,3246.49,3251.65,3221.24,3226.6,19095,24
2025-05-01 08:00:00,3226.58,3243.16,3223.33,3235.16,19462,21
2025-05-01 12:00:00,3235.16,3236.19,3201.92,3226.85,24330,21
2025-05-01 16:00:00,3226.59,3233.23,3204.88,3219.58,29994,21
2025-05-01 20:00:00,3219.81,3239.32,3209.81,3237.3,16449,21
2025-05-02 00:00:00,3239.09,3244.16,3227.4,3231.33,10303,24
2025-05-02 04:00:00,3231.37,3258.56,3231.24,3251.81,17828,24
2025-05-02 08:00:00,3251.66,3263.23,3246.34,3258.09,18197,21
2025-05-02 12:00:00,3258.09,3269.2,3250.32,3250.41,21784,21
2025-05-02 16:00:00,3250.29,3264.45,3222.79,3224.88,34639,21
2025-05-02 20:00:00,3224.96,3241.23,3223.48,3238.68,16612,21
2025-05-05 00:00:00,3238.61,3252.26,3237.73,3246.67,10036,24
2025-05-05 04:00:00,3247.15,3272.32,3246.48,3256.51,18585,24
2025-05-05 08:00:00,3256.45,3282.94,3254.01,3282.39,17414,21
2025-05-05 12:00:00,3282.69,3322.53,3282.24,3319.58,24908,21
2025-05-05 16:00:00,3319.58,3328.68,3305.65,3309.8,26676,21
2025-05-05 20:00:00,3309.8,3337.55,3309.16,3331.26,17777,21
2025-05-06 00:00:00,3333.33,3334.95,3323.33,3329.65,9886,24
2025-05-06 04:00:00,3329.69,3386.77,3329.69,3363.01,28993,24
2025-05-06 08:00:00,3363.03,3383.1,3350.08,3377.09,23713,21
2025-05-06 12:00:00,3377.09,3392.32,3371.39,3391.02,23082,21
2025-05-06 16:00:00,3391.25,3411.62,3378.21,3408.75,31319,21
2025-05-06 20:00:00,3408.81,3430.86,3407.52,3430.14,19660,21
2025-05-07 00:00:00,3416.74,3421.67,3360.76,3379.68,21591,24
2025-05-07 04:00:00,3379.32,3393.69,3360.08,3382.07,24017,24
2025-05-07 08:00:00,3382.08,3397.4,3378.17,3382.82,20023,21
2025-05-07 12:00:00,3382.77,3393.78,3369.33,3390.85,21648,21
2025-05-07 16:00:00,3390.85,3398.0,3375.68,3386.81,26561,23
2025-05-07 20:00:00,3386.81,3397.88,3363.72,3366.59,23667,23
2025-05-08 00:00:00,3372.35,3386.82,3366.68,3380.4,9695,26
2025-05-08 04:00:00,3380.49,3414.52,3379.08,3382.04,24784,26
2025-05-08 08:00:00,3382.15,3384.12,3320.22,3339.31,28221,23
2025-05-08 12:00:00,3339.25,3358.54,3330.4,3356.13,22586,23
2025-05-08 16:00:00,3356.08,3369.45,3304.38,3310.3,32916,23
2025-05-08 20:00:00,3310.3,3311.13,3288.69,3307.62,19924,23
2025-05-09 00:00:00,3310.32,3323.95,3308.79,3322.07,12563,26
2025-05-09 04:00:00,3322.13,3327.3,3274.6,3324.56,26698,26
2025-05-09 08:00:00,3324.56,3332.18,3312.45,3328.51,21802,23
2025-05-09 12:00:00,3328.51,3338.3,3321.96,3333.61,19445,23
2025-05-09 16:00:00,3333.59,3347.5,3320.27,3336.75,28253,23
2025-05-09 20:00:00,3336.75,3342.91,3325.42,3327.63,12949,23
2025-05-12 00:00:00,3288.5,3292.35,3265.88,3279.05,15100,26
2025-05-12 04:00:00,3279.04,3284.59,3258.8,3278.75,23468,26
2025-05-12 08:00:00,3278.75,3281.54,3216.14,3231.5,30568,23
2025-05-12 12:00:00,3231.17,3234.11,3207.69,3233.67,26074,23
2025-05-12 16:00:00,3233.77,3248.65,3223.35,3224.2,32442,23
2025-05-12 20:00:00,3224.2,3238.77,3220.31,3235.04,15329,23
2025-05-13 00:00:00,3237.38,3243.27,3229.84,3239.88,10260,26
2025-05-13 04:00:00,3239.88,3253.36,3215.8,3252.53,22234,26
2025-05-13 08:00:00,3252.49,3265.12,3247.3,3255.53,21217,23
2025-05-13 12:00:00,3255.5,3258.54,3237.31,3241.79,20162,23
2025-05-13 16:00:00,3241.58,3257.79,3225.39,3251.02,29586,23
2025-05-13 20:00:00,3250.77,3254.62,3242.02,3251.12,13687,23
2025-05-14 00:00:00,3251.8,3256.98,3240.48,3243.67,9059,26
2025-05-14 04:00:00,3243.71,3251.84,3222.47,3223.8,24145,26
2025-05-14 08:00:00,3223.78,3243.77,3221.48,3232.53,22767,23
2025-05-14 12:00:00,3232.61,3239.08,3184.15,3184.73,25691,23
2025-05-14 16:00:00,3184.72,3198.22,3173.95,3188.47,34136,23
2025-05-14 20:00:00,3188.45,3190.44,3167.96,3181.37,18902,23
2025-05-15 00:00:00,3180.48,3187.8,3180.08,3187.68,9029,26
2025-05-15 04:00:00,3187.68,3192.62,3135.43,3138.51,25098,26
2025-05-15 08:00:00,3138.61,3164.06,3120.81,3162.53,28810,23
2025-05-15 12:00:00,3162.48,3189.82,3159.24,3188.87,25257,23
2025-05-15 16:00:00,3188.85,3222.59,3185.16,3222.4,30636,23
2025-05-15 20:00:00,3222.43,3239.47,3216.41,3237.16,15726,23
2025-05-16 00:00:00,3241.66,3252.03,3231.97,3243.03,13023,26
2025-05-16 04:00:00,3243.03,3244.38,3206.42,3219.57,22741,26
2025-05-16 08:00:00,3219.48,3231.1,3195.47,3207.3,22971,23
2025-05-16 12:00:00,3207.3,3212.83,3154.22,3177.39,25753,23
2025-05-16 16:00:00,3177.61,3189.7,3165.89,3189.29,28398,23
2025-05-16 20:00:00,3189.29,3202.68,3183.38,3201.87,14995,23
2025-05-19 00:00:00,3215.86,3249.71,3211.94,3246.44,13906,26
2025-05-19 04:00:00,3246.32,3246.5,3206.57,3215.84,19572,26
2025-05-19 08:00:00,3215.84,3244.87,3214.92,3244.4,19026,23
2025-05-19 12:00:00,3244.54,3248.43,3228.85,3229.25,16989,23
2025-05-19 16:00:00,3229.46,3241.53,3217.12,3231.76,24360,23
2025-05-19 20:00:00,3231.76,3235.77,3225.28,3230.63,11300,23
2025-05-20 00:00:00,3228.02,3230.34,3214.02,3222.65,7873,26
2025-05-20 04:00:00,3222.68,3232.57,3204.56,3217.13,20276,26
2025-05-20 08:00:00,3217.0,3235.81,3207.92,3235.81,18609,23
2025-05-20 12:00:00,3235.83,3250.68,3230.53,3242.73,17608,23
2025-05-20 16:00:00,3242.75,3285.7,3232.9,3278.79,28708,23
2025-05-20 20:00:00,3278.75,3295.68,3278.32,3290.04,14173,23
2025-05-21 00:00:00,3292.38,3304.11,3288.55,3303.4,11004,26
2025-05-21 04:00:00,3303.4,3314.4,3285.27,3302.01,21294,26
2025-05-21 08:00:00,3301.92,3320.6,3298.33,3308.39,21072,23
2025-05-21 12:00:00,3308.44,3318.25,3290.54,3302.59,20824,23
2025-05-21 16:00:00,3303.04,3315.17,3295.23,3303.02,26359,23
2025-05-21 20:00:00,3302.99,3324.79,3302.7,3314.62,16889,23
2025-05-22 00:00:00,3318.83,3325.94,3315.53,3323.79,9436,26
2025-05-22 04:00:00,3323.71,3345.29,3320.34,3338.41,21844,26
2025-05-22 08:00:00,3338.41,3339.44,3310.18,3311.23,22874,23
2025-05-22 12:00:00,3311.23,3314.7,3282.98,3304.03,26448,23
2025-05-22 16:00:00,3304.31,3315.67,3279.22,3301.59,30774,23
2025-05-22 20:00:00,3301.59,3301.76,3288.99,3293.96,16582,23
2025-05-23 00:00:00,3297.33,3308.86,3287.03,3300.99,9336,26
2025-05-23 04:00:00,3300.93,3316.1,3290.84,3313.53,17652,26
2025-05-23 08:00:00,3313.51,3334.35,3312.4,3326.34,20837,23
2025-05-23 12:00:00,3326.34,3360.42,3323.44,3357.15,25660,23
2025-05-23 16:00:00,3357.26,3364.62,3336.5,3358.95,31927,23
2025-05-23 20:00:00,3358.97,3365.89,3356.33,3358.91,14235,23
2025-05-26 00:00:00,3351.71,3352.21,3331.35,3342.04,10516,26
2025-05-26 04:00:00,3341.97,3356.72,3335.48,3349.76,16114,23
2025-05-26 08:00:00,3349.76,3351.75,3331.07,3334.34,16747,23
2025-05-26 12:00:00,3334.69,3336.19,3323.68,3334.41,13145,23
2025-05-26 16:00:00,3334.41,3343.57,3331.4,3342.05,14035,23
2025-05-26 20:00:00,3342.05,3343.11,3340.48,3341.05,2037,23
2025-05-27 00:00:00,3346.18,3349.86,3342.36,3345.08,8034,23
2025-05-27 04:00:00,3345.15,3347.25,3330.57,3330.75,17183,23
2025-05-27 08:00:00,3330.75,3332.6,3292.53,3298.49,27505,23
2025-05-27 12:00:00,3298.49,3309.56,3287.31,3293.63,23632,23
2025-05-27 16:00:00,3293.66,3304.75,3284.95,3297.71,28000,23
2025-05-27 20:00:00,3297.71,3307.91,3296.76,3302.95,12662,23
2025-05-28 00:00:00,3304.05,3315.74,3297.24,3308.51,8466,23
2025-05-28 04:00:00,3308.26,3313.45,3291.6,3296.33,20259,23
2025-05-28 08:00:00,3296.33,3323.74,3295.92,3321.58,21408,23
2025-05-28 12:00:00,3321.58,3325.41,3305.35,3312.16,16048,23
2025-05-28 16:00:00,3312.22,3316.38,3288.22,3293.48,25485,23
2025-05-28 20:00:00,3293.43,3302.87,3290.72,3290.8,14325,23
2025-05-29 00:00:00,3289.28,3294.57,3250.03,3264.83,18317,23
2025-05-29 04:00:00,3264.91,3280.13,3245.47,3269.0,24024,23
2025-05-29 08:00:00,3268.98,3289.24,3266.01,3281.72,19345,23
2025-05-29 12:00:00,3281.67,3317.41,3276.19,3316.4,21909,23
2025-05-29 16:00:00,3316.49,3330.76,3304.66,3322.2,28172,23
2025-05-29 20:00:00,3322.2,3325.76,3315.16,3317.69,15072,23
2025-05-30 00:00:00,3317.64,3318.82,3309.64,3312.44,9247,23
2025-05-30 04:00:00,3312.59,3322.62,3291.24,3296.27,19908,23
2025-05-30 08:00:00,3296.27,3304.92,3287.47,3295.68,19612,23
2025-05-30 12:00:00,3295.61,3306.67,3282.86,3304.0,20249,23
2025-05-30 16:00:00,3303.9,3308.23,3271.54,3293.24,31844,23
2025-05-30 20:00:00,3293.29,3295.73,3289.66,3291.54,14245,23
2025-06-02 00:00:00,3303.09,3316.62,3300.18,3311.28,12371,23
2025-06-02 04:00:00,3311.4,3318.1,3301.42,3313.86,18564,23
2025-06-02 08:00:00,3313.85,3358.87,3313.78,3351.95,23352,23
2025-06-02 12:00:00,3351.95,3363.49,3344.45,3355.41,22446,23
2025-06-02 16:00:00,3355.64,3379.3,3350.33,3371.8,30144,23
2025-06-02 20:00:00,3371.64,3382.64,3370.74,3381.67,16478,23
2025-06-03 00:00:00,3384.74,3392.06,3373.63,3375.77,11494,23
2025-06-03 04:00:00,3375.71,3377.99,3359.12,3362.61,24924,23
2025-06-03 08:00:00,3362.61,3367.73,3351.12,3361.22,22262,23
2025-06-03 12:00:00,3361.15,3362.92,3348.93,3359.38,20004,23
2025-06-03 16:00:00,3359.46,3362.99,3333.1,3348.44,27716,23
2025-06-03 20:00:00,3348.44,3355.42,3347.22,3353.05,12544,23
2025-06-04 00:00:00,3356.65,3361.59,3349.68,3350.12,9910,23
2025-06-04 04:00:00,3350.11,3372.47,3346.3,3354.71,21448,23
2025-06-04 08:00:00,3354.71,3365.15,3347.92,3362.71,21418,23
2025-06-04 12:00:00,3362.81,3365.01,3343.74,3358.88,22997,23
2025-06-04 16:00:00,3358.89,3384.65,3350.81,3374.98,26471,23
2025-06-04 20:00:00,3374.91,3382.04,3370.71,3372.83,10580,23
2025-06-05 00:00:00,3373.99,3381.68,3371.94,3380.28,8561,23
2025-06-05 04:00:00,3380.18,3384.07,3363.99,3368.39,18636,23
2025-06-05 08:00:00,3368.44,3376.9,3361.12,3375.16,16504,23
2025-06-05 12:00:00,3375.19,3403.23,3373.97,3383.04,25982,23
2025-06-05 16:00:00,3383.07,3388.23,3339.52,3354.0,36280,23
2025-06-05 20:00:00,3354.34,3361.33,3348.91,3352.29,17322,23
2025-06-06 00:00:00,3355.86,3364.07,3354.22,3359.32,9441,23
2025-06-06 04:00:00,3359.32,3374.39,3356.06,3373.54,19461,23
2025-06-06 08:00:00,3373.57,3375.49,3352.63,3365.33,20423,23
2025-06-06 12:00:00,3365.33,3365.33,3343.49,3353.28,19799,23
2025-06-06 16:00:00,3353.35,3360.85,3316.64,3322.73,32800,23
2025-06-06 20:00:00,3322.8,3326.67,3307.04,3311.35,14544,23
2025-06-09 00:00:00,3317.76,3321.12,3298.23,3305.37,11578,23
2025-06-09 04:00:00,3305.37,3313.4,3293.35,3311.7,19418,23
2025-06-09 08:00:00,3311.7,3328.39,3309.47,3319.69,17927,23
2025-06-09 12:00:00,3319.77,3323.48,3312.1,3320.01,16436,23
2025-06-09 16:00:00,3319.77,3337.78,3310.65,3337.63,25447,23
2025-06-09 20:00:00,3337.63,3338.16,3324.92,3326.52,13001,23
2025-06-10 00:00:00,3324.2,3327.79,3314.46,3316.53,8588,23
2025-06-10 04:00:00,3316.56,3319.89,3301.76,3307.16,19885,23
2025-06-10 08:00:00,3307.17,3334.89,3306.65,3329.36,21233,23
2025-06-10 12:00:00,3329.36,3342.5,3327.05,3337.12,16755,23
2025-06-10 16:00:00,3337.2,3349.07,3319.94,3321.21,26572,23
2025-06-10 20:00:00,3321.36,3334.48,3319.32,3323.07,14370,23
2025-06-11 00:00:00,3322.27,3335.19,3315.4,3332.35,10166,23
2025-06-11 04:00:00,3332.35,3342.85,3326.98,3341.78,16667,23
2025-06-11 08:00:00,3341.75,3348.57,3331.91,3344.51,17443,23
2025-06-11 12:00:00,3344.51,3360.61,3326.08,3336.67,21635,23
2025-06-11 16:00:00,3336.67,3344.5,3327.91,3330.19,27050,23
2025-06-11 20:00:00,3330.22,3355.19,3319.53,3352.95,19266,23
2025-06-12 00:00:00,3357.64,3373.44,3356.2,3365.65,14242,23
2025-06-12 04:00:00,3365.69,3377.7,3362.45,3370.42,20598,23
2025-06-12 08:00:00,3370.22,3375.74,3338.15,3356.71,22863,23
2025-06-12 12:00:00,3356.71,3390.41,3355.42,3388.0,23992,23
2025-06-12 16:00:00,3388.08,3398.82,3377.58,3383.61,30539,23
2025-06-12 20:00:00,3383.62,3389.11,3378.03,3385.29,15224,23
2025-06-13 00:00:00,3383.83,3419.9,3379.67,3416.76,15139,23
2025-06-13 04:00:00,3415.16,3444.4,3413.8,3425.24,26498,23
2025-06-13 08:00:00,3425.31,3428.74,3408.0,3424.2,22745,23
2025-06-13 12:00:00,3424.2,3438.08,3411.52,3436.58,22150,23
2025-06-13 16:00:00,3436.24,3446.72,3419.12,3430.03,29381,23
2025-06-13 20:00:00,3430.03,3439.47,3427.43,3432.75,18066,23
2025-06-16 00:00:00,3440.97,3451.19,3434.23,3436.18,13889,23
2025-06-16 04:00:00,3436.29,3446.27,3426.86,3427.5,18602,23
2025-06-16 08:00:00,3427.49,3430.37,3409.44,3413.84,21211,23
2025-06-16 12:00:00,3413.85,3422.53,3410.68,3415.6,17677,23
2025-06-16 16:00:00,3415.53,3417.92,3382.24,3399.34,25992,23
2025-06-16 20:00:00,3399.32,3400.21,3382.79,3383.66,12795,23
2025-06-17 00:00:00,3388.18,3403.19,3386.65,3394.29,11376,23
2025-06-17 04:00:00,3394.18,3402.47,3374.01,3393.96,17807,23
2025-06-17 08:00:00,3393.91,3395.34,3377.84,3378.84,16868,23
2025-06-17 12:00:00,3378.83,3400.02,3375.76,3386.66,21539,23
2025-06-17 16:00:00,3386.71,3397.39,3366.11,3382.88,27406,23
2025-06-17 20:00:00,3382.88,3392.38,3381.2,3389.77,13994,23
2025-06-18 00:00:00,3395.46,3395.78,3382.92,3385.63,8258,23
2025-06-18 04:00:00,3385.64,3399.97,3370.52,3395.14,17406,23
2025-06-18 08:00:00,3395.3,3395.62,3377.03,3383.55,17327,23
2025-06-18 12:00:00,3383.55,3389.79,3375.48,3386.63,16887,23
2025-06-18 16:00:00,3386.65,3396.76,3373.7,3390.95,23281,23
2025-06-18 20:00:00,3390.89,3395.64,3362.5,3367.0,22070,23
2025-06-19 00:00:00,3371.19,3383.23,3370.56,3379.35,8783,23
2025-06-19 04:00:00,3379.3,3387.93,3369.61,3374.48,13638,23
2025-06-19 08:00:00,3374.47,3375.21,3347.47,3368.62,22187,23
2025-06-19 12:00:00,3368.62,3378.96,3363.56,3367.9,14716,23
2025-06-19 16:00:00,3368.08,3372.89,3361.39,3370.96,17267,23
2025-06-19 20:00:00,3370.92,3375.31,3365.88,3370.46,3618,23
2025-06-20 00:00:00,3370.15,3370.38,3361.87,3367.95,7992,23
2025-06-20 04:00:00,3367.97,3368.19,3344.75,3354.26,17200,23
2025-06-20 08:00:00,3354.24,3355.29,3340.34,3351.01,16816,23
2025-06-20 12:00:00,3350.91,3359.19,3341.89,3344.48,15553,23
2025-06-20 16:00:00,3344.57,3374.42,3343.0,3371.41,22365,23
2025-06-20 20:00:00,3371.41,3371.69,3364.58,3368.77,10183,23
2025-06-23 00:00:00,3383.5,3388.22,3358.34,3365.54,12742,23
2025-06-23 04:00:00,3365.95,3367.92,3351.9,3358.45,16094,23
2025-06-23 08:00:00,3358.45,3362.26,3346.95,3361.81,16090,23
2025-06-23 12:00:00,3361.81,3381.92,3355.76,3360.42,18272,23
2025-06-23 16:00:00,3360.14,3393.35,3359.81,3389.81,25553,23
2025-06-23 20:00:00,3389.76,3391.42,3367.07,3368.82,15368,23
2025-06-24 00:00:00,3358.6,3363.68,3333.08,3351.01,13513,23
2025-06-24 04:00:00,3351.21,3357.69,3342.03,3348.52,16124,23
2025-06-24 08:00:00,3348.52,3348.71,3315.97,3327.26,22794,23
2025-06-24 12:00:00,3327.32,3328.89,3304.45,3314.72,18207,23
2025-06-24 16:00:00,3314.52,3320.31,3295.39,3318.32,24831,23
2025-06-24 20:00:00,3318.32,3325.15,3315.63,3322.91,11416,23
2025-06-25 00:00:00,3322.65,3329.94,3320.72,3326.87,5988,23
2025-06-25 04:00:00,3326.95,3335.21,3325.73,3327.47,12940,23
2025-06-25 08:00:00,3327.52,3337.08,3326.43,3327.14,13605,23
2025-06-25 12:00:00,3327.13,3329.48,3318.13,3320.64,14551,23
2025-06-25 16:00:00,3320.79,3335.08,3311.84,3334.7,19578,23
2025-06-25 20:00:00,3334.7,3335.99,3324.74,3332.04,12685,23
2025-06-26 00:00:00,3333.84,3340.02,3331.23,3333.92,7170,23
2025-06-26 04:00:00,3334.0,3343.1,3329.19,3333.82,13517,23
2025-06-26 08:00:00,3333.8,3350.23,3330.89,3348.12,15092,23
2025-06-26 12:00:00,3348.02,3348.66,3321.78,3321.96,17402,23
2025-06-26 16:00:00,3322.08,3333.25,3309.84,3331.3,26502,23
2025-06-26 20:00:00,3331.31,3336.37,3328.26,3329.86,12550,23
2025-06-27 00:00:00,3325.21,3325.26,3313.19,3318.77,7150,23
2025-06-27 04:00:00,3318.77,3321.93,3290.96,3293.86,17292,23
2025-06-27 08:00:00,3293.93,3300.9,3281.85,3289.42,20126,23
2025-06-27 12:00:00,3289.41,3290.86,3269.4,3270.0,19499,23
2025-06-27 16:00:00,3270.12,3278.54,3256.12,3277.52,26636,23
2025-06-27 20:00:00,3277.54,3282.75,3268.29,3274.49,14068,23
2025-06-30 00:00:00,3272.53,3274.01,3248.86,3264.54,10634,23
2025-06-30 04:00:00,3264.38,3286.22,3259.33,3285.5,14405,23
2025-06-30 08:00:00,3285.5,3296.74,3284.59,3289.11,13633,23
2025-06-30 12:00:00,3288.84,3288.96,3274.54,3282.01,14468,23
2025-06-30 16:00:00,3281.96,3297.36,3277.81,3297.22,21690,21
2025-06-30 20:00:00,3297.18,3309.37,3291.97,3302.63,12534,21
2025-07-01 00:00:00,3303.94,3314.75,3302.24,3314.69,6721,21
2025-07-01 04:00:00,3314.69,3323.01,3313.88,3322.88,13004,21
2025-07-01 08:00:00,3322.89,3342.4,3322.86,3339.54,16471,21
2025-07-01 12:00:00,3339.61,3357.89,3338.25,3354.41,17413,21
2025-07-01 16:00:00,3354.37,3355.47,3336.82,3341.7,23906,21
2025-07-01 20:00:00,3341.69,3342.11,3336.66,3339.22,11132,21
2025-07-02 00:00:00,3339.85,3344.88,3334.55,3338.87,7215,21
2025-07-02 04:00:00,3338.87,3342.85,3328.52,3339.98,12183,21
2025-07-02 08:00:00,3339.93,3343.7,3327.55,3333.52,13790,21
2025-07-02 12:00:00,3333.47,3351.08,3333.05,3346.58,15355,21
2025-07-02 16:00:00,3346.59,3349.18,3333.83,3348.65,21067,21
2025-07-02 20:00:00,3348.51,3359.9,3347.31,3355.79,11049,21
2025-07-03 00:00:00,3359.37,3365.65,3343.48,3344.6,8307,21
2025-07-03 04:00:00,3344.61,3351.71,3341.81,3350.66,11180,21
2025-07-03 08:00:00,3350.66,3363.68,3350.01,3356.12,14203,21
2025-07-03 12:00:00,3355.94,3356.3,3311.52,3324.3,18052,21
2025-07-03 16:00:00,3324.43,3338.43,3322.08,3333.92,23732,21
2025-07-03 20:00:00,3333.92,3334.73,3325.7,3325.7,5183,21
2025-07-04 00:00:00,3324.64,3331.97,3323.45,3328.96,5056,21
2025-07-04 04:00:00,3328.86,3342.19,3326.12,3340.83,11841,21
2025-07-04 08:00:00,3340.83,3345.03,3336.53,3342.79,12509,21
2025-07-04 12:00:00,3342.79,3343.02,3331.21,3333.87,12841,21
2025-07-04 16:00:00,3333.92,3337.95,3330.74,3336.95,11831,21
2025-07-07 00:00:00,3341.37,3341.9,3321.7,3326.46,8481,21
2025-07-07 04:00:00,3326.46,3327.58,3305.11,3307.74,16944,21
2025-07-07 08:00:00,3307.74,3315.19,3300.6,3310.15,17256,21
2025-07-07 12:00:00,3310.01,3312.65,3296.39,3309.54,19909,21
2025-07-07 16:00:00,3309.52,3327.98,3306.14,3327.42,21025,21
2025-07-07 20:00:00,3327.42,3340.33,3327.38,3336.9,14574,21
2025-07-08 00:00:00,3340.65,3345.77,3331.07,3334.18,7440,21
2025-07-08 04:00:00,3334.18,3337.9,3327.26,3329.64,12495,21
2025-07-08 08:00:00,3329.64,3339.46,3323.24,3323.62,14269,21
2025-07-08 12:00:00,3323.62,3329.81,3320.02,3328.11,13167,21
2025-07-08 16:00:00,3328.11,3328.57,3287.09,3300.33,28400,21
2025-07-08 20:00:00,3300.48,3310.29,3299.31,3300.21,15391,21
2025-07-09 00:00:00,3302.8,3307.88,3297.14,3306.95,7488,21
2025-07-09 04:00:00,3306.95,3307.21,3284.9,3293.88,14663,21
2025-07-09 08:00:00,3293.88,3297.65,3282.72,3284.97,17228,21
2025-07-09 12:00:00,3284.97,3297.45,3283.14,3296.37,15684,21
2025-07-09 16:00:00,3296.31,3313.22,3291.91,3311.81,22505,21
2025-07-09 20:00:00,3311.79,3316.75,3308.06,3313.51,14439,21
2025-07-10 00:00:00,3315.66,3321.77,3314.82,3317.61,6215,21
2025-07-10 04:00:00,3317.37,3326.23,3314.78,3322.14,11267,21
2025-07-10 08:00:00,3322.25,3330.03,3319.85,3328.62,11565,21
2025-07-10 12:00:00,3328.59,3330.24,3317.86,3323.71,15088,21
2025-07-10 16:00:00,3322.66,3329.32,3310.0,3315.08,22118,21
2025-07-10 20:00:00,3315.08,3325.86,3314.7,3324.12,10894,21
2025-07-11 00:00:00,3325.51,3336.14,3321.73,3330.44,8408,21
2025-07-11 04:00:00,3330.37,3335.94,3325.09,3331.93,13491,21
2025-07-11 08:00:00,3331.93,3343.82,3331.05,3333.14,20710,21
2025-07-11 12:00:00,3333.14,3357.07,3332.78,3355.06,19403,21
2025-07-11 16:00:00,3355.43,3368.63,3350.13,3353.77,28768,21
2025-07-11 20:00:00,3353.7,3359.68,3349.2,3357.23,14716,21
2025-07-14 00:00:00,3360.49,3373.97,3359.44,3367.5,11080,21
2025-07-14 04:00:00,3367.5,3370.14,3353.7,3359.64,17696,21
2025-07-14 08:00:00,3359.56,3374.9,3353.67,3365.87,18441,21
2025-07-14 12:00:00,3365.97,3374.59,3349.37,3350.01,16751,21
2025-07-14 16:00:00,3350.01,3358.96,3340.97,3347.74,24496,21
2025-07-14 20:00:00,3347.87,3351.64,3341.2,3342.03,13328,21
2025-07-15 00:00:00,3342.88,3349.24,3341.24,3347.53,4787,21
2025-07-15 04:00:00,3347.53,3361.18,3345.77,3360.19,11565,21
2025-07-15 08:00:00,3360.19,3365.58,3356.69,3360.95,13780,21
2025-07-15 12:00:00,3360.95,3366.31,3346.41,3348.81,15656,21
2025-07-15 16:00:00,3349.0,3352.36,3320.18,3329.23,27562,21
2025-07-15 20:00:00,3329.24,3331.86,3325.44,3325.44,11639,21
2025-07-16 00:00:00,3326.05,3332.6,3325.45,3330.41,5355,21
2025-07-16 04:00:00,3330.43,3338.55,3324.97,3338.2,12427,21
2025-07-16 08:00:00,3338.21,3342.63,3335.53,3341.92,11159,21
2025-07-16 12:00:00,3341.92,3342.92,3330.94,3334.52,14147,21
2025-07-16 16:00:00,3334.58,3377.43,3319.57,3349.04,33818,21
2025-07-16 20:00:00,3349.05,3357.36,3346.05,3347.45,17170,21
2025-07-17 00:00:00,3350.69,3352.04,3339.63,3340.76,6068,21
2025-07-17 04:00:00,3340.76,3344.66,3336.23,3342.62,12028,21
2025-07-17 08:00:00,3342.57,3342.84,3325.15,3328.75,14530,21
2025-07-17 12:00:00,3328.74,3332.39,3309.68,3313.02,16637,21
2025-07-17 16:00:00,3313.12,3339.89,3311.24,3338.71,24276,21
2025-07-17 20:00:00,3338.71,3340.99,3335.63,3337.56,13404,21
2025-07-18 00:00:00,3341.5,3343.95,3337.85,3339.78,5710,21
2025-07-18 04:00:00,3339.8,3344.21,3333.75,3336.96,11655,21
2025-07-18 08:00:00,3336.96,3350.35,3331.78,3347.44,13034,21
2025-07-18 12:00:00,3347.44,3361.17,3347.34,3359.91,13224,21
2025-07-18 16:00:00,3359.91,3360.21,3351.13,3353.61,21489,21
2025-07-18 20:00:00,3353.64,3353.66,3347.56,3351.23,12340,21
2025-07-21 00:00:00,3348.73,3354.47,3344.88,3352.21,5438,21
2025-07-21 04:00:00,3352.08,3358.62,3350.59,3357.72,9268,21
2025-07-21 08:00:00,3357.72,3370.7,3357.58,3365.93,13981,21
2025-07-21 12:00:00,3365.93,3388.51,3362.67,3387.2,14474,21
2025-07-21 16:00:00,3387.42,3401.42,3383.54,3395.61,27375,21
2025-07-21 20:00:00,3395.61,3399.67,3391.42,3396.94,15296,21
2025-07-22 00:00:00,3398.81,3402.56,3390.41,3394.33,6467,21
2025-07-22 04:00:00,3394.32,3395.79,3384.98,3390.97,12095,21
2025-07-22 08:00:00,3391.01,3391.85,3383.27,3388.96,13299,21
2025-07-22 12:00:00,3388.85,3407.8,3384.56,3407.56,14328,21
2025-07-22 16:00:00,3407.4,3432.75,3405.01,3432.15,29783,21
2025-07-22 20:00:00,3432.17,3433.35,3426.42,3428.86,17141,21
2025-07-23 00:00:00,3430.83,3438.81,3426.23,3428.69,8496,21
2025-07-23 04:00:00,3428.69,3430.5,3419.15,3423.56,16021,21
2025-07-23 08:00:00,3423.56,3429.6,3416.28,3428.43,16530,21
2025-07-23 12:00:00,3428.45,3433.71,3419.88,3419.91,16171,21
2025-07-23 16:00:00,3419.88,3420.46,3381.43,3387.37,30596,21
2025-07-23 20:00:00,3387.37,3395.87,3385.71,3388.58,17008,21
2025-07-24 00:00:00,3390.51,3393.14,3386.41,3391.4,5134,21
2025-07-24 04:00:00,3391.4,3393.26,3374.59,3382.58,16432,21
2025-07-24 08:00:00,3382.58,3382.91,3365.79,3369.69,17802,21
2025-07-24 12:00:00,3369.58,3370.07,3352.56,3353.34,17225,21
2025-07-24 16:00:00,3353.39,3377.3,3351.16,3366.88,26614,21
2025-07-24 20:00:00,3366.84,3373.39,3366.26,3367.14,14363,21
2025-07-25 00:00:00,3369.29,3373.38,3364.99,3372.12,5569,21
2025-07-25 04:00:00,3372.12,3372.6,3357.75,3360.87,11309,21
2025-07-25 08:00:00,3361.03,3362.23,3344.42,3345.42,12613,21
2025-07-25 12:00:00,3345.42,3348.79,3336.24,3340.68,13636,21
2025-07-25 16:00:00,3340.68,3347.51,3324.91,3329.65,26458,21
2025-07-25 20:00:00,3329.74,3340.24,3329.64,3336.35,11654,21
2025-07-28 00:00:00,3329.25,3337.25,3323.73,3333.35,9086,21
2025-07-28 04:00:00,3333.32,3343.92,3329.8,3339.54,12486,21
2025-07-28 08:00:00,3339.54,3345.25,3332.25,3336.02,14004,21
2025-07-28 12:00:00,3336.15,3340.72,3325.48,3328.34,14518,21
2025-07-28 16:00:00,3328.28,3330.56,3301.67,3312.2,24565,21
2025-07-28 20:00:00,3312.19,3318.8,3308.69,3315.68,15074,21
2025-07-29 00:00:00,3313.88,3315.74,3307.84,3311.54,6995,21
2025-07-29 04:00:00,3311.46,3320.8,3308.53,3316.42,12754,21
2025-07-29 08:00:00,3316.42,3329.83,3311.25,3326.31,17561,21
2025-07-29 12:00:00,3326.31,3328.15,3314.91,3323.34,17075,21
2025-07-29 16:00:00,3323.32,3334.08,3311.96,3323.12,25812,21
2025-07-29 20:00:00,3323.09,3330.74,3322.54,3325.43,14806,21
2025-07-30 00:00:00,3327.58,3333.6,3325.87,3330.2,4431,21
2025-07-30 04:00:00,3330.21,3333.2,3321.72,3327.09,11545,21
2025-07-30 08:00:00,3327.09,3333.38,3323.07,3332.16,11512,21
2025-07-30 12:00:00,3331.97,3333.94,3310.63,3313.02,15587,21
2025-07-30 16:00:00,3313.29,3315.93,3288.64,3298.03,24047,21
2025-07-30 20:00:00,3298.14,3304.79,3268.06,3274.71,24366,21
2025-07-31 00:00:00,3277.15,3288.36,3276.24,3286.27,7564,21
2025-07-31 04:00:00,3286.41,3298.52,3284.97,3298.07,14369,21
2025-07-31 08:00:00,3298.13,3314.75,3294.67,3309.85,14939,21
2025-07-31 12:00:00,3309.85,3313.08,3293.74,3307.55,18332,21
2025-07-31 16:00:00,3307.55,3310.23,3289.65,3294.93,27613,21
2025-07-31 20:00:00,3294.93,3298.4,3290.29,3290.32,15313,21
2025-08-01 00:00:00,3291.52,3295.03,3286.39,3290.18,7360,21
2025-08-01 04:00:00,3290.12,3297.05,3281.55,3292.04,15377,21
2025-08-01 08:00:00,3292.05,3300.35,3285.16,3294.22,15076,21
2025-08-01 12:00:00,3294.22,3345.12,3292.73,3341.25,18464,21
2025-08-01 16:00:00,3341.35,3355.07,3338.84,3347.23,32913,21
2025-08-01 20:00:00,3347.24,3362.52,3345.52,3362.17,17221,21
2025-08-04 00:00:00,3364.13,3364.41,3350.24,3352.12,9290,21
2025-08-04 04:00:00,3351.99,3362.03,3344.96,3358.83,14642,21
2025-08-04 08:00:00,3358.83,3362.61,3351.69,3358.41,15115,21
2025-08-04 12:00:00,3358.41,3371.37,3352.95,3367.79,16517,21
2025-08-04 16:00:00,3367.79,3385.36,3367.03,3370.96,25133,21
2025-08-04 20:00:00,3370.94,3377.1,3370.64,3373.6,14366,21
2025-08-05 00:00:00,3376.07,3381.27,3373.59,3379.75,5883,21
2025-08-05 04:00:00,3379.8,3382.32,3370.91,3371.07,11216,21
2025-08-05 08:00:00,3371.02,3375.46,3365.7,3366.01,14300,21
2025-08-05 12:00:00,3366.02,3366.91,3349.78,3366.08,16603,21
2025-08-05 16:00:00,3366.18,3390.34,3365.83,3382.04,25909,21
2025-08-05 20:00:00,3382.05,3382.75,3377.96,3378.86,10833,21
2025-08-06 00:00:00,3381.14,3385.2,3378.06,3383.43,5865,21
2025-08-06 04:00:00,3383.43,3383.55,3372.15,3372.36,11824,21
2025-08-06 08:00:00,3372.46,3378.52,3364.73,3365.06,13290,21
2025-08-06 12:00:00,3365.08,3369.18,3358.2,3367.45,15750,21
2025-08-06 16:00:00,3367.45,3379.85,3365.14,3376.02,23811,21
2025-08-06 20:00:00,3376.1,3377.54,3366.99,3367.82,15237,21
2025-08-07 00:00:00,3372.33,3374.72,3365.19,3372.23,10638,21
2025-08-07 04:00:00,3372.17,3383.97,3370.06,3377.53,16285,21
2025-08-07 08:00:00,3377.74,3397.26,3371.61,3378.21,26252,21
2025-08-07 12:00:00,3378.31,3389.62,3371.75,3380.72,25197,21
2025-08-07 16:00:00,3380.73,3393.76,3375.19,3388.8,30257,21
2025-08-07 20:00:00,3388.81,3401.63,3384.4,3395.65,20813,21
2025-08-08 00:00:00,3407.59,3407.62,3386.86,3389.34,18465,24
2025-08-08 04:00:00,3389.47,3399.34,3381.07,3394.23,28810,21
2025-08-08 08:00:00,3394.24,3404.25,3388.77,3394.33,31132,21
2025-08-08 12:00:00,3394.35,3401.63,3380.39,3391.55,39113,21
2025-08-08 16:00:00,3391.61,3401.6,3381.07,3397.36,38711,21
2025-08-08 20:00:00,3397.36,3403.32,3374.36,3397.48,27618,0
2025-08-11 00:00:00,3400.47,3401.83,3381.35,3381.55,10593,21
2025-08-11 04:00:00,3381.56,3383.96,3367.68,3375.77,20701,21
2025-08-11 08:00:00,3375.74,3380.0,3357.03,3361.87,22989,21
2025-08-11 12:00:00,3361.56,3363.84,3344.29,3356.86,23971,21
2025-08-11 16:00:00,3356.86,3362.81,3341.44,3344.02,27140,21
2025-08-11 20:00:00,3344.05,3358.84,3341.15,3343.6,17570,21
2025-08-12 00:00:00,3344.12,3355.69,3342.42,3354.42,7703,21
2025-08-12 04:00:00,3354.45,3357.4,3346.14,3354.35,15669,21
2025-08-12 08:00:00,3354.4,3358.06,3342.24,3347.87,18502,21
2025-08-12 12:00:00,3347.87,3358.02,3336.04,3349.9,24773,21
2025-08-12 16:00:00,3349.88,3359.15,3331.06,3349.45,43685,21
2025-08-12 20:00:00,3349.45,3350.75,3345.51,3349.22,17369,21
2025-08-13 00:00:00,3349.83,3353.64,3342.65,3343.46,7669,21
2025-08-13 04:00:00,3343.54,3354.25,3342.61,3351.71,15523,21
2025-08-13 08:00:00,3351.71,3363.42,3345.59,3360.19,17974,21
2025-08-13 12:00:00,3360.22,3367.01,3355.43,3358.05,19002,21
2025-08-13 16:00:00,3358.05,3370.74,3354.22,3357.88,27826,21
2025-08-13 20:00:00,3357.88,3359.32,3349.87,3355.84,13904,21
2025-08-14 00:00:00,3357.19,3374.72,3356.61,3369.43,8273,21
2025-08-14 04:00:00,3369.41,3370.76,3355.45,3360.42,18272,21
2025-08-14 08:00:00,3360.42,3366.28,3341.33,3346.13,22537,21
2025-08-14 12:00:00,3346.13,3359.08,3341.94,3350.54,23416,21
2025-08-14 16:00:00,3350.5,3356.02,3329.75,3334.34,38801,21
2025-08-14 20:00:00,3334.34,3341.02,3331.81,3334.96,16841,21
2025-08-15 00:00:00,3336.43,3338.63,3332.14,3337.01,7222,21
2025-08-15 04:00:00,3337.01,3346.62,3333.26,3345.42,14893,21
2025-08-15 08:00:00,3345.42,3348.67,3338.32,3341.2,17119,21
2025-08-15 12:00:00,3341.2,3344.91,3333.48,3342.61,20393,21
2025-08-15 16:00:00,3342.61,3345.91,3332.88,3338.09,27096,21
2025-08-15 20:00:00,3338.11,3339.53,3334.32,3335.53,14849,21
2025-08-18 00:00:00,3334.57,3342.68,3323.46,3340.58,9738,21
2025-08-18 04:00:00,3340.54,3358.12,3339.59,3357.46,16413,21
2025-08-18 08:00:00,3357.46,3358.32,3344.48,3348.62,18977,21
2025-08-18 12:00:00,3348.62,3351.65,3343.06,3344.66,14048,21
2025-08-18 16:00:00,3344.66,3344.88,3331.64,3334.23,22899,21
2025-08-18 20:00:00,3334.21,3334.8,3330.18,3332.54,10777,21
2025-08-19 00:00:00,3333.25,3339.13,3326.0,3335.12,7230,21
2025-08-19 04:00:00,3335.12,3341.58,3329.42,3337.68,15920,21
2025-08-19 08:00:00,3337.68,3341.75,3334.39,3337.94,13406,21
2025-08-19 12:00:00,3337.94,3345.24,3334.22,3334.66,13775,21
2025-08-19 16:00:00,3334.7,3339.23,3316.99,3317.43,27172,21
2025-08-19 20:00:00,3317.51,3320.1,3314.78,3315.23,13321,21
2025-08-20 00:00:00,3316.33,3317.43,3312.77,3315.96,7029,21
2025-08-20 04:00:00,3315.96,3320.88,3311.41,3318.68,16210,21
2025-08-20 08:00:00,3318.68,3327.44,3318.08,3324.95,15029,21
2025-08-20 12:00:00,3324.95,3344.78,3323.48,3342.82,19355,21
2025-08-20 16:00:00,3342.82,3350.13,3338.82,3345.13,23040,21
2025-08-20 20:00:00,3345.13,3349.23,3343.93,3348.18,12443,21
2025-08-21 00:00:00,3351.02,3352.01,3341.39,3342.24,6757,21
2025-08-21 04:00:00,3342.24,3346.3,3337.83,3338.19,12139,21
2025-08-21 08:00:00,3338.21,3341.44,3334.23,3339.54,13407,21
2025-08-21 12:00:00,3339.53,3344.96,3325.14,3341.86,19938,21
2025-08-21 16:00:00,3341.83,3348.03,3335.96,3339.72,28550,21
2025-08-21 20:00:00,3339.72,3341.97,3336.56,3338.16,11996,21
2025-08-22 00:00:00,3339.97,3340.51,3334.94,3339.52,5244,21
2025-08-22 04:00:00,3339.51,3340.18,3327.93,3328.31,12336,21
2025-08-22 08:00:00,3328.31,3335.04,3325.29,3328.71,15369,21
2025-08-22 12:00:00,3328.71,3331.67,3321.38,3323.36,14893,21
2025-08-22 16:00:00,3323.43,3378.73,3323.13,3370.43,39613,21
2025-08-22 20:00:00,3370.43,3375.48,3368.84,3371.48,15551,21
2025-08-25 00:00:00,3368.58,3370.94,3363.21,3364.77,6617,21
2025-08-25 04:00:00,3364.77,3367.99,3359.75,3365.99,11298,21
2025-08-25 08:00:00,3365.99,3369.78,3363.0,3363.88,9496,21
2025-08-25 12:00:00,3363.88,3371.44,3361.97,3364.45,10535,21
2025-08-25 16:00:00,3364.45,3376.22,3362.1,3373.75,19500,21
2025-08-25 20:00:00,3373.75,3374.78,3364.0,3364.43,12499,21
2025-08-26 00:00:00,3366.5,3386.48,3351.24,3383.13,16437,22
2025-08-26 04:00:00,3383.13,3384.8,3369.79,3377.27,18964,21
2025-08-26 08:00:00,3377.27,3379.82,3367.2,3376.62,16779,21
2025-08-26 12:00:00,3376.62,3380.37,3367.2,3371.98,18532,21
2025-08-26 16:00:00,3371.94,3389.36,3370.27,3382.96,26889,21
2025-08-26 20:00:00,3382.96,3391.09,3380.21,3391.05,14274,21
2025-08-27 00:00:00,3390.48,3393.41,3388.7,3389.54,7027,21
2025-08-27 04:00:00,3389.54,3389.94,3373.81,3374.92,15103,21
2025-08-27 08:00:00,3374.92,3385.01,3373.8,3384.52,16253,21
2025-08-27 12:00:00,3384.52,3385.43,3373.85,3381.13,17873,21
2025-08-27 16:00:00,3381.15,3398.81,3375.49,3395.41,27614,21
2025-08-27 20:00:00,3395.41,3397.38,3392.23,3395.85,14527,21
2025-08-28 00:00:00,3397.94,3399.18,3391.22,3391.97,7176,21
2025-08-28 04:00:00,3391.95,3392.71,3384.48,3390.21,16780,21
2025-08-28 08:00:00,3390.21,3401.03,3387.56,3400.67,16811,21
2025-08-28 12:00:00,3400.67,3408.66,3393.76,3397.13,20754,21
2025-08-28 16:00:00,3397.07,3417.7,3394.27,3415.45,31136,21
2025-08-28 20:00:00,3415.45,3423.01,3414.49,3416.5,19944,21
2025-08-29 00:00:00,3416.32,3417.83,3412.95,3413.47,6712,21
2025-08-29 04:00:00,3413.44,3413.89,3407.45,3408.76,15618,21
2025-08-29 08:00:00,3408.8,3414.75,3406.49,3410.29,15272,21
2025-08-29 12:00:00,3410.29,3416.82,3404.29,3416.48,19064,21
2025-08-29 16:00:00,3416.48,3449.38,3413.57,3449.08,40960,21
2025-08-29 20:00:00,3449.08,3453.82,3441.02,3447.29,24860,21
2025-09-01 00:00:00,3445.83,3452.53,3442.32,3443.93,10649,21
2025-09-01 04:00:00,3443.98,3486.03,3437.01,3475.04,37048,21
2025-09-01 08:00:00,3475.04,3489.84,3467.67,3476.94,29010,21
2025-09-01 12:00:00,3476.94,3477.06,3466.32,3469.41,22358,21
2025-09-01 16:00:00,3469.43,3481.23,3468.78,3477.27,17030,21
2025-09-01 20:00:00,3477.27,3478.89,3475.48,3475.48,4520,21
2025-09-02 00:00:00,3475.88,3484.97,3474.53,3479.12,13206,21
2025-09-02 04:00:00,3479.12,3508.65,3476.84,3496.65,31624,21
2025-09-02 08:00:00,3496.65,3497.72,3470.17,3477.69,31555,21
2025-09-02 12:00:00,3477.69,3494.07,3474.33,3481.95,33365,21
2025-09-02 16:00:00,3482.0,3528.74,3478.15,3527.69,51706,21
2025-09-02 20:00:00,3527.69,3539.96,3521.83,3535.57,26425,21
2025-09-03 00:00:00,3532.75,3546.81,3526.23,3536.09,15760,21
2025-09-03 04:00:00,3536.11,3545.85,3529.33,3536.8,27150,21
2025-09-03 08:00:00,3536.8,3541.19,3526.86,3540.04,23638,21
2025-09-03 12:00:00,3540.04,3551.44,3532.29,3550.59,26624,21
2025-09-03 16:00:00,3550.52,3572.53,3549.33,3572.4,44013,21
2025-09-03 20:00:00,3572.4,3578.32,3560.23,3560.4,28658,21
2025-09-04 00:00:00,3560.19,3564.05,3551.85,3561.48,15201,21
2025-09-04 04:00:00,3561.48,3563.19,3511.46,3532.96,33507,21
2025-09-04 08:00:00,3532.96,3545.56,3524.21,3541.29,25282,21
2025-09-04 12:00:00,3541.29,3551.94,3536.54,3548.28,26323,21
2025-09-04 16:00:00,3548.28,3558.66,3535.06,3552.48,42635,21
2025-09-04 20:00:00,3552.45,3555.38,3542.49,3544.84,18892,21
2025-09-05 00:00:00,3545.35,3556.48,3539.93,3552.13,11555,21
2025-09-05 04:00:00,3552.13,3559.04,3545.86,3558.47,18557,21
2025-09-05 08:00:00,3558.45,3560.96,3544.8,3545.95,20157,21
2025-09-05 12:00:00,3545.95,3586.7,3545.92,3580.17,26248,21
2025-09-05 16:00:00,3580.24,3600.02,3573.22,3595.15,54882,21
2025-09-05 20:00:00,3595.17,3597.37,3587.16,3587.31,27419,21
2025-09-08 00:00:00,3591.63,3596.75,3586.88,3594.3,14767,21
2025-09-08 04:00:00,3594.27,3597.08,3579.48,3581.53,21362,21
2025-09-08 08:00:00,3581.57,3616.92,3581.07,3611.17,20122,21
2025-09-08 12:00:00,3611.15,3625.88,3608.57,3624.21,18609,21
2025-09-08 16:00:00,3624.29,3646.35,3620.18,3640.59,32221,21
2025-09-08 20:00:00,3640.62,3641.02,3631.88,3636.97,15820,21
2025-09-09 00:00:00,3636.09,3640.75,3628.15,3638.42,9206,21
2025-09-09 04:00:00,3638.21,3657.05,3635.92,3654.92,22649,21
2025-09-09 08:00:00,3654.68,3659.24,3636.69,3648.07,23890,21
2025-09-09 12:00:00,3648.15,3656.62,3643.72,3647.52,20411,21
2025-09-09 16:00:00,3647.4,3674.58,3626.91,3645.0,37610,21
2025-09-09 20:00:00,3644.92,3646.43,3626.36,3629.12,18986,21
2025-09-10 00:00:00,3627.51,3640.75,3621.42,3623.92,12428,21
2025-09-10 04:00:00,3623.96,3643.14,3620.23,3642.79,18913,21
2025-09-10 08:00:00,3642.8,3648.36,3639.8,3645.76,18967,21
2025-09-10 12:00:00,3645.77,3657.47,3640.34,3643.97,21838,21
2025-09-10 16:00:00,3643.85,3655.35,3638.61,3642.76,30644,21
2025-09-10 20:00:00,3642.83,3649.61,3635.13,3638.91,16234,21
2025-09-11 00:00:00,3644.13,3647.04,3637.8,3643.83,8119,21
2025-09-11 04:00:00,3643.82,3648.97,3629.87,3630.56,15922,21
2025-09-11 08:00:00,3630.58,3637.99,3622.8,3626.19,20084,21
2025-09-11 12:00:00,3626.18,3643.9,3611.93,3628.89,22041,21
2025-09-11 16:00:00,3628.93,3641.91,3618.37,3636.18,30962,21
2025-09-11 20:00:00,3636.25,3637.55,3630.37,3633.64,13243,21
2025-09-12 00:00:00,3635.9,3638.07,3630.48,3636.46,6622,21
2025-09-12 04:00:00,3636.57,3656.06,3636.48,3654.88,18927,21
2025-09-12 08:00:00,3654.88,3656.53,3639.64,3641.07,18231,21
2025-09-12 12:00:00,3641.05,3652.08,3637.62,3645.34,21687,21
2025-09-12 16:00:00,3645.13,3654.29,3641.75,3649.12,27606,21
2025-09-12 20:00:00,3649.12,3650.58,3640.98,3642.32,15823,21
2025-09-15 00:00:00,3644.63,3645.94,3632.1,3633.35,8352,21
2025-09-15 04:00:00,3633.88,3646.82,3626.54,3645.54,16653,21
2025-09-15 08:00:00,3645.54,3646.15,3633.7,3645.38,17665,21
2025-09-15 12:00:00,3645.36,3650.94,3635.71,3650.25,22404,21
2025-09-15 16:00:00,3650.24,3685.44,3646.81,3679.14,30269,21
2025-09-15 20:00:00,3679.15,3682.64,3675.72,3680.69,17762,21
2025-09-16 00:00:00,3679.6,3686.8,3676.09,3686.34,8724,21
2025-09-16 04:00:00,3686.47,3689.37,3674.67,3684.2,18759,21
2025-09-16 08:00:00,3684.18,3697.1,3680.19,3694.25,21126,21
2025-09-16 12:00:00,3694.18,3699.36,3686.47,3689.19,22363,21
2025-09-16 16:00:00,3688.99,3702.92,3678.8,3689.69,33743,21
2025-09-16 20:00:00,3689.67,3693.75,3686.25,3692.04,15208,21
2025-09-17 00:00:00,3691.35,3695.2,3689.82,3691.19,6941,21
2025-09-17 04:00:00,3691.14,3691.88,3674.32,3680.67,20000,21
2025-09-17 08:00:00,3680.68,3685.73,3662.58,3664.79,23249,21
2025-09-17 12:00:00,3664.74,3679.28,3660.04,3678.65,25166,21
2025-09-17 16:00:00,3678.69,3688.51,3672.82,3684.69,26392,21
2025-09-17 20:00:00,3684.69,3707.42,3646.14,3658.76,32530,21
2025-09-18 00:00:00,3659.43,3671.86,3654.04,3665.13,11641,21
2025-09-18 04:00:00,3665.24,3668.66,3651.95,3653.56,21188,21
2025-09-18 08:00:00,3653.59,3665.66,3633.84,3665.44,26922,21
2025-09-18 12:00:00,3665.45,3672.96,3663.01,3663.24,23877,21
2025-09-18 16:00:00,3662.91,3664.07,3627.9,3646.27,34112,21
2025-09-18 20:00:00,3646.2,3647.09,3640.57,3643.8,16011,21
2025-09-19 00:00:00,3643.1,3643.22,3636.23,3640.04,7877,21
2025-09-19 04:00:00,3640.04,3659.92,3632.22,3658.92,23807,21
2025-09-19 08:00:00,3658.89,3661.05,3643.28,3655.62,23545,21
2025-09-19 12:00:00,3655.61,3659.11,3644.48,3649.2,19941,21
2025-09-19 16:00:00,3649.06,3675.83,3643.58,3668.19,31920,21
2025-09-19 20:00:00,3668.15,3685.17,3667.99,3684.29,20000,21
2025-09-22 00:00:00,3687.88,3692.05,3683.61,3690.73,10266,21
2025-09-22 04:00:00,3690.74,3697.33,3685.58,3692.1,21530,21
2025-09-22 08:00:00,3692.09,3722.38,3691.89,3720.28,24753,21
2025-09-22 12:00:00,3720.3,3728.25,3712.13,3721.63,23480,21
2025-09-22 16:00:00,3721.62,3739.48,3713.73,3737.04,33163,21
2025-09-22 20:00:00,3737.2,3748.74,3737.18,3747.8,19279,21
2025-09-23 00:00:00,3746.55,3750.55,3738.19,3747.2,10156,21
2025-09-23 04:00:00,3747.19,3759.06,3736.7,3744.68,25723,21
2025-09-23 08:00:00,3744.35,3775.03,3743.2,3774.26,26277,21
2025-09-23 12:00:00,3774.44,3791.01,3774.14,3784.16,27906,22
2025-09-23 16:00:00,3783.97,3788.55,3765.07,3779.22,34259,21
2025-09-23 20:00:00,3779.3,3785.61,3751.95,3763.4,25059,21
2025-09-24 00:00:00,3765.4,3770.08,3758.84,3765.09,9907,21
2025-09-24 04:00:00,3765.18,3771.61,3750.62,3768.09,23345,21
2025-09-24 08:00:00,3768.12,3779.23,3767.01,3770.07,21890,21
2025-09-24 12:00:00,3769.97,3771.68,3759.61,3767.95,22155,21
2025-09-24 16:00:00,3767.94,3772.84,3732.16,3735.64,33089,21
2025-09-24 20:00:00,3735.77,3738.75,3717.48,3735.89,21254,21
2025-09-25 00:00:00,3739.3,3751.39,3738.86,3748.97,10366,21
2025-09-25 04:00:00,3748.83,3750.39,3729.54,3738.01,20724,21
2025-09-25 08:00:00,3737.92,3761.45,3734.04,3756.33,22931,21
2025-09-25 12:00:00,3756.35,3760.99,3730.6,3738.71,26704,21
2025-09-25 16:00:00,3738.42,3745.41,3722.01,3733.69,35068,21
2025-09-25 20:00:00,3733.68,3758.12,3732.32,3751.8,23241,21
2025-09-26 00:00:00,3747.48,3751.49,3737.94,3749.49,10587,21
2025-09-26 04:00:00,3749.64,3753.22,3734.43,3747.59,20956,21
2025-09-26 08:00:00,3747.55,3755.07,3739.12,3752.86,22754,21
2025-09-26 12:00:00,3752.6,3757.27,3742.9,3752.05,21712,21
2025-09-26 16:00:00,3752.06,3783.73,3751.28,3774.11,35122,21
2025-09-26 20:00:00,3774.22,3783.19,3761.1,3761.78,20135,21
2025-09-29 00:00:00,3764.52,3787.43,3763.35,3787.07,12873,15
2025-09-29 04:00:00,3787.58,3808.86,3767.84,3805.06,30145,15
2025-09-29 08:00:00,3805.05,3819.72,3801.31,3818.78,28724,15
2025-09-29 12:00:00,3818.77,3831.3,3806.49,3813.68,26972,15
2025-09-29 16:00:00,3813.84,3833.46,3809.31,3830.3,32587,15
2025-09-29 20:00:00,3830.33,3832.8,3822.53,3830.92,18575,15
2025-09-30 00:00:00,3831.81,3840.54,3825.54,3838.95,10455,17
2025-09-30 04:00:00,3838.93,3866.99,3837.92,3866.91,25290,17
2025-09-30 08:00:00,3866.89,3871.55,3807.74,3816.25,31246,15
2025-09-30 12:00:00,3816.1,3821.56,3792.99,3819.29,29875,15
2025-09-30 16:00:00,3819.35,3854.39,3811.66,3845.92,34359,15
2025-09-30 20:00:00,3845.97,3860.73,3839.73,3858.06,20080,15
2025-10-01 00:00:00,3860.0,3865.29,3854.57,3860.94,10624,17
2025-10-01 04:00:00,3860.4,3875.36,3855.58,3864.82,22609,15
2025-10-01 08:00:00,3864.85,3895.18,3853.34,3892.96,28466,15
2025-10-01 12:00:00,3892.97,3895.05,3864.53,3870.31,28030,15
2025-10-01 16:00:00,3870.14,3878.64,3856.64,3870.83,36532,15
2025-10-01 20:00:00,3870.87,3871.88,3855.0,3863.29,22261,15
2025-10-02 00:00:00,3864.57,3866.58,3856.05,3856.08,11483,17
2025-10-02 04:00:00,3856.04,3869.82,3852.86,3864.2,16767,17
2025-10-02 08:00:00,3864.21,3878.6,3861.77,3874.5,22579,15
2025-10-02 12:00:00,3874.47,3891.9,3873.32,3884.39,24316,15
2025-10-02 16:00:00,3884.46,3896.78,3819.42,3844.81,41077,15
2025-10-02 20:00:00,3844.82,3859.23,3840.66,3855.44,19431,15
2025-10-03 00:00:00,3857.07,3863.67,3852.11,3856.96,10081,17
2025-10-03 04:00:00,3856.86,3862.5,3837.97,3843.94,21494,17
2025-10-03 08:00:00,3844.04,3865.65,3843.9,3864.8,20816,15
2025-10-03 12:00:00,3864.76,3874.9,3854.89,3873.92,23493,15
2025-10-03 16:00:00,3874.39,3891.59,3866.31,3883.76,36834,15
2025-10-03 20:00:00,3883.78,3889.24,3876.92,3885.46,22496,15
2025-10-06 00:00:00,3888.17,3920.37,3884.11,3900.55,20271,17
2025-10-06 04:00:00,3900.63,3940.27,3899.77,3938.58,25839,17
2025-10-06 08:00:00,3938.61,3949.45,3922.65,3942.47,31495,15
2025-10-06 12:00:00,3942.38,3946.67,3926.39,3934.12,29176,15
2025-10-06 16:00:00,3934.4,3970.05,3927.22,3954.02,38008,15
2025-10-06 20:00:00,3954.16,3964.84,3951.2,3960.11,20327,15
2025-10-07 00:00:00,3960.56,3977.38,3958.79,3962.68,18035,17
2025-10-07 04:00:00,3962.74,3976.87,3955.92,3975.9,22749,17
2025-10-07 08:00:00,3975.75,3976.79,3940.89,3951.31,31383,15
2025-10-07 12:00:00,3951.29,3979.95,3951.09,3979.48,26824,15
2025-10-07 16:00:00,3979.49,3991.02,3961.87,3976.6,41402,15
2025-10-07 20:00:00,3976.66,3987.68,3974.07,3985.25,24174,15
2025-10-08 00:00:00,3986.17,3999.35,3984.88,3992.41,12350,17
2025-10-08 04:00:00,3992.11,4027.19,3984.53,4026.78,26267,17
2025-10-08 08:00:00,4026.75,4040.4,4021.34,4036.28,28976,15
2025-10-08 12:00:00,4036.3,4049.52,4030.69,4039.96,29574,15
2025-10-08 16:00:00,4039.81,4059.12,4026.35,4056.56,38096,15
2025-10-08 20:00:00,4056.59,4057.95,4032.02,4044.48,28225,15
2025-10-09 00:00:00,4036.35,4036.5,4001.33,4022.75,19664,17
2025-10-09 04:00:00,4022.92,4041.0,4002.63,4038.93,30148,17
2025-10-09 08:00:00,4038.72,4043.6,4022.68,4038.18,28932,15
2025-10-09 12:00:00,4038.17,4053.67,4033.53,4053.35,25446,17
2025-10-09 16:00:00,4053.48,4057.79,3963.66,3968.25,45081,17
2025-10-09 20:00:00,3968.75,3982.02,3944.26,3976.1,30822,17
2025-10-10 00:00:00,3977.41,3994.34,3958.1,3990.87,13712,19
2025-10-10 04:00:00,3990.92,3992.34,3946.93,3966.28,29071,19
2025-10-10 08:00:00,3966.25,3994.59,3952.5,3992.03,31611,17
2025-10-10 12:00:00,3992.16,4006.67,3980.17,3985.56,31294,17
2025-10-10 16:00:00,3985.39,4022.81,3970.61,3983.33,45534,17
2025-10-10 20:00:00,3983.41,4021.31,3975.06,4010.28,32556,17
2025-10-13 00:00:00,4010.13,4059.65,4010.13,4043.74,20923,19
2025-10-13 04:00:00,4043.69,4059.26,4035.69,4056.2,26237,19
2025-10-13 08:00:00,4056.18,4079.06,4055.16,4077.8,29748,17
2025-10-13 12:00:00,4077.72,4085.76,4070.34,4079.62,26783,17
2025-10-13 16:00:00,4079.78,4117.01,4078.18,4105.64,37579,17
2025-10-13 20:00:00,4105.7,4115.25,4090.68,4111.07,24564,17
2025-10-14 00:00:00,4113.1,4131.95,4106.64,4124.39,15950,19
2025-10-14 04:00:00,4124.17,4169.83,4123.25,4168.06,32421,19
2025-10-14 08:00:00,4167.7,4179.63,4089.97,4144.03,38366,17
2025-10-14 12:00:00,4143.99,4144.31,4103.6,4106.6,32049,17
2025-10-14 16:00:00,4106.64,4155.13,4097.99,4140.34,41244,17
2025-10-14 20:00:00,4139.7,4152.99,4134.48,4143.95,27022,17
2025-10-15 00:00:00,4140.67,4169.61,4140.64,4162.45,14863,19
2025-10-15 04:00:00,4162.5,4190.79,4162.15,4179.64,26939,19
2025-10-15 08:00:00,4179.2,4218.08,4176.56,4208.2,26792,17
2025-10-15 12:00:00,4208.37,4212.0,4163.65,4190.65,29102,17
2025-10-15 16:00:00,4190.1,4212.27,4179.06,4198.91,38262,17
2025-10-15 20:00:00,4199.01,4213.54,4182.68,4209.68,27412,17
2025-10-16 00:00:00,4212.57,4227.14,4199.57,4210.5,15290,19
2025-10-16 04:00:00,4210.71,4242.06,4210.71,4233.51,27352,19
2025-10-16 08:00:00,4233.54,4235.97,4203.5,4232.84,30323,17
2025-10-16 12:00:00,4232.87,4250.95,4222.15,4235.91,26260,17
2025-10-16 16:00:00,4236.13,4291.92,4234.84,4282.62,40139,17
2025-10-16 20:00:00,4282.61,4325.48,4273.37,4324.66,32714,15
2025-10-17 00:00:00,4337.13,4379.2,4332.33,4358.16,22889,19
2025-10-17 04:00:00,4357.6,4377.01,4278.25,4376.33,36837,19
2025-10-17 08:00:00,4376.41,4378.47,4306.96,4347.79,39054,15
2025-10-17 12:00:00,4347.35,4348.32,4283.55,4314.56,37356,17
2025-10-17 16:00:00,4314.25,4317.85,4199.96,4204.73,46712,15
2025-10-17 20:00:00,4204.97,4249.47,4185.75,4246.35,32827,19
2025-10-20 00:00:00,4259.89,4267.71,4219.01,4249.62,21273,21
2025-10-20 04:00:00,4249.6,4271.09,4229.46,4266.2,30636,21
2025-10-20 08:00:00,4265.83,4266.71,4221.44,4258.7,32670,19
2025-10-20 12:00:00,4258.73,4327.14,4245.6,4323.42,31471,19
2025-10-20 16:00:00,4323.92,4355.54,4292.7,4347.8,40564,19
2025-10-20 20:00:00,4347.81,4381.25,4337.27,4357.11,28833,19
2025-10-21 00:00:00,4366.18,4375.18,4356.17,4368.71,17416,21
2025-10-21 04:00:00,4368.68,4372.16,4332.96,4341.93,30499,21
2025-10-21 08:00:00,4341.75,4344.24,4243.76,4273.88,38384,19
2025-10-21 12:00:00,4273.53,4277.89,4205.21,4211.1,37680,19
2025-10-21 16:00:00,4209.48,4225.33,4080.74,4113.43,47237,19
2025-10-21 20:00:00,4113.61,4130.84,4094.41,4127.22,33653,19
2025-10-22 00:00:00,4122.42,4128.91,4003.3,4074.81,20984,15
2025-10-22 04:00:00,4074.9,4143.16,4064.31,4128.21,30749,21
2025-10-22 08:00:00,4128.33,4161.26,4056.08,4070.49,36667,15
2025-10-22 12:00:00,4070.5,4101.24,4015.11,4033.81,40170,17
2025-10-22 16:00:00,4033.94,4084.99,4011.24,4059.22,45514,22
2025-10-22 20:00:00,4059.2,4113.3,4043.52,4102.04,32216,22
2025-10-23 00:00:00,4110.5,4110.92,4065.9,4081.7,20116,15
2025-10-23 04:00:00,4081.99,4100.72,4071.91,4089.55,29082,25
2025-10-23 08:00:00,4089.47,4137.92,4083.84,4116.19,33170,19
2025-10-23 12:00:00,4116.27,4129.27,4100.07,4127.31,30177,19
2025-10-23 16:00:00,4126.75,4154.66,4125.48,4132.96,38140,19
2025-10-23 20:00:00,4132.69,4143.43,4107.24,4119.31,24198,15
2025-10-24 00:00:00,4126.31,4133.55,4105.99,4132.58,12001,21
2025-10-24 04:00:00,4132.61,4144.38,4102.89,4111.56,25816,21
2025-10-24 08:00:00,4111.92,4117.87,4047.35,4065.16,29051,19
2025-10-24 12:00:00,4065.0,4093.58,4044.38,4082.03,29713,19
2025-10-24 16:00:00,4082.09,4138.63,4079.09,4129.21,39341,19
2025-10-24 20:00:00,4129.24,4134.33,4096.42,4110.84,25630,22
2025-10-27 00:00:00,4083.43,4108.62,4058.27,4081.28,20183,21
2025-10-27 04:00:00,4081.08,4097.48,4053.61,4068.76,30739,21
2025-10-27 08:00:00,4068.79,4084.71,4024.74,4043.22,28842,19
2025-10-27 12:00:00,4043.19,4049.97,4015.32,4045.67,33368,19
2025-10-27 16:00:00,4045.78,4050.25,3971.54,3999.26,41049,17
2025-10-27 20:00:00,3999.36,4010.12,3985.84,3985.99,27824,17
2025-10-28 00:00:00,3988.4,4009.42,3972.97,4006.79,15691,21
2025-10-28 04:00:00,4006.81,4019.61,3963.86,3973.49,29384,21
2025-10-28 08:00:00,3974.21,3980.06,3896.56,3897.4,34327,17
2025-10-28 12:00:00,3897.65,3930.88,3886.56,3912.7,32861,19
2025-10-28 16:00:00,3913.67,3969.42,3912.23,3958.47,38630,19
2025-10-28 20:00:00,3958.14,3970.26,3945.41,3953.98,25569,19
2025-10-29 00:00:00,3955.19,3982.29,3915.23,3975.17,16813,21
2025-10-29 04:00:00,3975.25,3979.43,3944.07,3951.85,28295,21
2025-10-29 08:00:00,3951.94,4018.41,3950.94,4016.79,30292,19
2025-10-29 12:00:00,4016.72,4029.88,4013.33,4025.59,30477,19
2025-10-29 16:00:00,4025.46,4025.57,3989.53,3992.71,36892,19
2025-10-29 20:00:00,3992.32,4006.88,3928.12,3933.66,36284,19
2025-10-30 00:00:00,3921.73,3964.22,3916.6,3950.12,15963,21
2025-10-30 04:00:00,3950.7,3982.34,3915.23,3972.51,33199,21
2025-10-30 08:00:00,3972.58,3978.32,3947.09,3976.41,34493,19
2025-10-30 12:00:00,3976.4,4011.91,3961.02,3961.2,34128,19
2025-10-30 16:00:00,3961.28,4014.74,3960.39,4001.45,37316,19
2025-10-30 20:00:00,4001.51,4026.99,3994.51,4025.35,26561,19
2025-10-31 00:00:00,4020.55,4046.04,4016.03,4025.24,18616,21
2025-10-31 04:00:00,4025.25,4039.11,3989.03,4005.73,32810,21
2025-10-31 08:00:00,4005.46,4026.57,3994.07,4010.26,29446,19
2025-10-31 12:00:00,4010.29,4036.05,3998.66,4023.06,25763,19
2025-10-31 16:00:00,4023.07,4035.4,3972.28,3980.64,40136,19
2025-10-31 20:00:00,3980.71,4009.89,3980.49,4002.49,25406,19
2025-11-03 00:00:00,3995.64,4001.74,3962.68,3995.88,20594,21
2025-11-03 04:00:00,3995.76,4018.39,3990.23,4013.88,25494,21
2025-11-03 08:00:00,4013.87,4027.92,3993.25,4000.52,27336,19
2025-11-03 12:00:00,4000.6,4020.38,3994.43,4016.03,25772,15
2025-11-03 16:00:00,4016.06,4030.5,3995.32,4006.14,32633,17
2025-11-03 20:00:00,4006.18,4014.87,3995.31,4001.55,19783,17
2025-11-04 00:00:00,4004.77,4004.77,3978.49,3987.21,17339,19
2025-11-04 04:00:00,3987.17,3999.19,3972.62,3973.1,24633,19
2025-11-04 08:00:00,3973.04,4000.72,3966.71,3991.08,25994,17
2025-11-04 12:00:00,3991.11,3999.98,3971.84,3975.56,22781,17
2025-11-04 16:00:00,3975.3,3977.7,3928.72,3955.11,33098,17
2025-11-04 20:00:00,3955.04,3956.71,3930.52,3931.93,23049,15
2025-11-05 00:00:00,3937.7,3949.39,3929.45,3937.03,16723,19
2025-11-05 04:00:00,3937.01,3978.6,3935.61,3964.77,22933,15
2025-11-05 08:00:00,3964.98,3987.07,3961.84,3971.82,22641,17
2025-11-05 12:00:00,3971.83,3979.36,3956.19,3975.92,21335,17
2025-11-05 16:00:00,3975.83,3990.42,3964.0,3982.05,29238,17
2025-11-05 20:00:00,3982.2,3990.17,3978.95,3982.28,16457,17
2025-11-06 00:00:00,3968.6,3977.4,3964.51,3976.62,12484,19
2025-11-06 04:00:00,3976.62,3990.65,3974.13,3987.82,16477,19
2025-11-06 08:00:00,3987.7,4016.79,3982.24,4010.95,22068,17
2025-11-06 12:00:00,4010.94,4019.5,4003.14,4012.1,21079,17
2025-11-06 16:00:00,4012.19,4013.76,3965.72,3986.15,34944,17
2025-11-06 20:00:00,3986.14,3995.3,3977.49,3977.72,20670,17
2025-11-07 00:00:00,3978.93,4002.75,3978.11,4001.74,10966,19
2025-11-07 04:00:00,4001.79,4003.18,3985.47,3995.07,15967,19
2025-11-07 08:00:00,3995.1,4014.22,3992.3,4006.66,18197,17
2025-11-07 12:00:00,4006.68,4011.91,3991.71,3997.65,22023,17
2025-11-07 16:00:00,3997.32,4027.4,3983.9,4005.39,33302,17
2025-11-07 20:00:00,4005.61,4009.05,3994.39,3999.57,22634,15
2025-11-10 00:00:00,4006.48,4053.33,4004.17,4044.17,19241,19
2025-11-10 04:00:00,4044.2,4069.79,4037.78,4069.26,23208,19
2025-11-10 08:00:00,4069.27,4086.33,4066.91,4076.6,26343,17
2025-11-10 12:00:00,4076.66,4105.86,4075.76,4091.7,26276,17
2025-11-10 16:00:00,4091.65,4102.62,4074.41,4102.53,38195,17
2025-11-10 20:00:00,4102.5,4115.83,4101.58,4115.65,24467,17
2025-11-11 00:00:00,4116.3,4141.07,4115.79,4136.37,18374,19
2025-11-11 04:00:00,4136.25,4148.86,4124.68,4131.09,25657,19
2025-11-11 08:00:00,4131.07,4145.91,4124.99,4141.87,25687,17
2025-11-11 12:00:00,4141.9,4146.64,4133.15,4142.58,25288,17
2025-11-11 16:00:00,4142.56,4143.14,4097.09,4114.3,38246,17
2025-11-11 20:00:00,4114.36,4131.83,4106.68,4126.41,22575,17
2025-11-12 00:00:00,4130.52,4145.43,4126.33,4131.5,20318,19
2025-11-12 04:00:00,4131.26,4135.51,4098.8,4104.62,26741,19
2025-11-12 08:00:00,4104.63,4133.55,4103.14,4124.63,29032,17
2025-11-12 12:00:00,4124.6,4139.46,4118.0,4127.07,29248,17
2025-11-12 16:00:00,4127.1,4206.49,4124.94,4199.5,45306,17
2025-11-12 20:00:00,4199.54,4211.66,4190.46,4198.65,31004,17
2025-11-13 00:00:00,4202.78,4209.09,4179.99,4192.29,22630,19
2025-11-13 04:00:00,4192.33,4219.34,4183.5,4211.95,31976,19
2025-11-13 08:00:00,4212.01,4239.43,4203.33,4233.01,29657,17
2025-11-13 12:00:00,4233.02,4244.93,4219.33,4231.83,30848,17
2025-11-13 16:00:00,4232.04,4232.38,4184.36,4201.7,45045,17
2025-11-13 20:00:00,4201.73,4203.24,4145.41,4171.48,33575,17
2025-11-14 00:00:00,4176.94,4193.65,4173.63,4189.93,20752,19
2025-11-14 04:00:00,4190.0,4211.14,4183.93,4189.78,29358,19
2025-11-14 08:00:00,4189.83,4193.36,4158.99,4169.26,34106,17
2025-11-14 12:00:00,4169.25,4170.79,4041.26,4055.88,40615,17
2025-11-14 16:00:00,4055.89,4111.21,4032.21,4099.86,46272,17
2025-11-14 20:00:00,4099.91,4103.61,4075.41,4079.39,29361,17
2025-11-17 00:00:00,4077.87,4106.63,4076.24,4091.28,22921,19
2025-11-17 04:00:00,4091.11,4093.69,4049.61,4058.33,30985,19
2025-11-17 08:00:00,4058.28,4095.89,4054.73,4082.02,30480,17
2025-11-17 12:00:00,4082.05,4092.16,4061.02,4065.3,30324,17
2025-11-17 16:00:00,4065.31,4081.94,4052.17,4073.12,41137,17
2025-11-17 20:00:00,4073.37,4076.08,4006.91,4044.44,33059,17
2025-11-18 00:00:00,4050.74,4055.12,4022.54,4024.86,21042,19
2025-11-18 04:00:00,4024.81,4035.73,4004.8,4018.91,30929,19
2025-11-18 08:00:00,4018.97,4047.16,3997.99,4040.16,31472,17
2025-11-18 12:00:00,4039.81,4070.14,4029.15,4065.26,30765,17
2025-11-18 16:00:00,4065.16,4081.89,4040.47,4071.36,44226,17
2025-11-18 20:00:00,4071.49,4082.46,4063.11,4067.69,29200,17
2025-11-19 00:00:00,4067.2,4078.42,4056.38,4059.04,16066,19
2025-11-19 04:00:00,4059.1,4097.42,4055.64,4095.47,29295,19
2025-11-19 08:00:00,4095.43,4116.24,4078.21,4113.31,30597,17
2025-11-19 12:00:00,4113.48,4119.78,4100.9,4110.53,30657,17
2025-11-19 16:00:00,4110.58,4132.73,4055.59,4078.91,47315,17
2025-11-19 20:00:00,4079.35,4091.18,4065.63,4081.59,33271,17
2025-11-20 00:00:00,4088.11,4110.03,4081.11,4081.4,20569,19
2025-11-20 04:00:00,4081.25,4085.42,4041.18,4066.7,30431,15
2025-11-20 08:00:00,4066.43,4077.56,4038.94,4063.92,32731,17
2025-11-20 12:00:00,4064.0,4096.19,4051.08,4080.43,30551,17
2025-11-20 16:00:00,4080.22,4107.11,4043.63,4066.13,49411,17
2025-11-20 20:00:00,4065.8,4087.05,4056.23,4077.35,33711,18
2025-11-21 00:00:00,4073.62,4088.58,4060.58,4068.5,17435,21
2025-11-21 04:00:00,4068.46,4079.87,4039.96,4058.4,29515,21
2025-11-21 08:00:00,4058.41,4064.77,4022.57,4050.53,34337,17
2025-11-21 12:00:00,4050.57,4081.05,4030.98,4079.54,37980,17
2025-11-21 16:00:00,4079.89,4100.95,4055.07,4085.52,46803,18
2025-11-21 20:00:00,4085.53,4092.11,4054.53,4065.69,32770,18
2025-11-24 00:00:00,4067.39,4077.69,4042.72,4044.56,19737,19
2025-11-24 04:00:00,4044.11,4061.09,4040.14,4046.25,28463,19
2025-11-24 08:00:00,4046.23,4074.13,4045.48,4071.81,28684,17
2025-11-24 12:00:00,4071.86,4085.92,4063.1,4077.71,27486,19
2025-11-24 16:00:00,4077.78,4100.27,4068.35,4093.25,37850,20
2025-11-24 20:00:00,4092.96,4139.9,4088.03,4139.56,25688,20
2025-11-25 00:00:00,4134.42,4144.28,4122.69,4134.65,20772,22
2025-11-25 04:00:00,4134.61,4155.75,4132.65,4150.94,27693,22
2025-11-25 08:00:00,4150.98,4151.87,4109.57,4128.36,29759,20
2025-11-25 12:00:00,4128.22,4150.76,4116.37,4147.8,29020,20
2025-11-25 16:00:00,4147.7,4159.24,4111.05,4146.05,40001,20
2025-11-25 20:00:00,4146.08,4150.94,4127.45,4130.93,25258,20
2025-11-26 00:00:00,4134.29,4152.85,4129.72,4148.28,14676,22
2025-11-26 04:00:00,4148.32,4169.24,4147.26,4162.39,25529,22
2025-11-26 08:00:00,4162.23,4168.54,4146.76,4162.69,26554,20
2025-11-26 12:00:00,4162.74,4173.34,4148.58,4153.26,29362,20
2025-11-26 16:00:00,4153.28,4169.8,4136.85,4167.08,35664,20
2025-11-26 20:00:00,4167.14,4171.52,4158.1,4164.34,23042,20
2025-11-27 00:00:00,4164.67,4168.64,4148.72,4154.12,15819,22
2025-11-27 04:00:00,4154.16,4156.11,4142.57,4147.08,24158,22
2025-11-27 08:00:00,4147.1,4167.02,4146.97,4158.55,28155,20
2025-11-27 12:00:00,4158.57,4162.46,4149.11,4154.81,21587,20
2025-11-27 16:00:00,4154.84,4161.62,4151.41,4157.68,16722,21
2025-11-27 20:00:00,4157.73,4160.39,4155.73,4157.17,3024,20
2025-11-28 00:00:00,4159.35,4192.97,4159.13,4191.01,14953,23
2025-11-28 04:00:00,4190.98,4191.94,4131.78,4182.4,12345,20
2025-11-28 08:00:00,4181.86,4188.93,4129.31,4165.71,7721,20
2025-11-28 12:00:00,4165.73,4182.93,4160.17,4182.53,11784,21
2025-11-28 16:00:00,4182.64,4216.95,4182.64,4216.83,43722,21
2025-11-28 20:00:00,4216.88,4226.75,4211.01,4219.29,13731,21
2025-12-01 00:00:00,4225.62,4256.09,4205.48,4255.58,27125,23
2025-12-01 04:00:00,4255.51,4256.33,4215.31,4229.52,34048,23
2025-12-01 08:00:00,4229.53,4253.48,4226.25,4249.95,32180,21
2025-12-01 12:00:00,4249.97,4264.46,4244.1,4247.38,33267,21
2025-12-01 16:00:00,4247.32,4249.22,4219.42,4232.28,46502,21
2025-12-01 20:00:00,4232.52,4244.6,4229.25,4232.46,28542,21
2025-12-02 00:00:00,4231.41,4235.83,4198.05,4219.39,21271,23
2025-12-02 04:00:00,4219.42,4226.06,4213.8,4225.04,25212,23
2025-12-02 08:00:00,4224.99,4226.22,4181.1,4191.92,28176,21
2025-12-02 12:00:00,4191.88,4215.22,4182.31,4212.45,28305,21
2025-12-02 16:00:00,4212.39,4230.52,4163.52,4193.77,44753,21
2025-12-02 20:00:00,4193.79,4212.24,4183.11,4207.94,25701,21
2025-12-03 00:00:00,4202.81,4221.1,4202.79,4214.3,20661,23
2025-12-03 04:00:00,4214.34,4228.7,4203.4,4207.79,27782,23
2025-12-03 08:00:00,4207.7,4211.7,4197.07,4202.12,28658,21
2025-12-03 12:00:00,4202.12,4238.49,4194.55,4237.2,31456,21
2025-12-03 16:00:00,4237.19,4241.52,4195.74,4211.11,43999,21
2025-12-03 20:00:00,4211.05,4212.64,4195.19,4206.04,25005,21
2025-12-04 00:00:00,4206.7,4216.68,4202.5,4209.18,17713,23
2025-12-04 04:00:00,4209.17,4209.17,4174.99,4181.08,30092,23
2025-12-04 08:00:00,4181.11,4202.18,4178.65,4199.88,33325,21
2025-12-04 12:00:00,4199.93,4206.38,4185.72,4198.23,28698,22
2025-12-04 16:00:00,4198.18,4219.65,4191.35,4216.48,40200,22
2025-12-04 20:00:00,4216.34,4217.35,4199.56,4208.59,23638,22
2025-12-05 00:00:00,4208.9,4210.35,4194.75,4202.95,16097,24
2025-12-05 04:00:00,4203.05,4221.14,4196.7,4220.27,24836,24
2025-12-05 08:00:00,4220.28,4230.65,4215.92,4223.31,25952,22
2025-12-05 12:00:00,4223.31,4238.84,4219.94,4234.5,24605,22
2025-12-05 16:00:00,4234.48,4259.21,4198.67,4217.56,50743,22
2025-12-05 20:00:00,4217.54,4219.14,4191.95,4196.86,30357,22
2025-12-08 00:00:00,4203.18,4211.64,4195.23,4201.08,20490,24
2025-12-08 04:00:00,4201.07,4217.04,4198.44,4217.02,24660,24
2025-12-08 08:00:00,4216.96,4218.84,4203.08,4207.96,28519,22
2025-12-08 12:00:00,4207.95,4215.38,4197.85,4201.56,28925,22
2025-12-08 16:00:00,4201.61,4211.47,4176.0,4194.85,45133,22
2025-12-08 20:00:00,4194.84,4195.61,4184.1,4188.88,23943,22
2025-12-09 00:00:00,4191.81,4197.24,4188.8,4196.19,13478,24
2025-12-09 04:00:00,4196.09,4198.78,4178.06,4179.82,27119,24
2025-12-09 08:00:00,4179.88,4212.73,4169.92,4203.06,34886,22
2025-12-09 12:00:00,4202.88,4208.3,4195.64,4201.35,29169,22
2025-12-09 16:00:00,4201.33,4221.32,4189.49,4203.05,50384,21
2025-12-09 20:00:00,4202.92,4216.01,4201.3,4209.39,27727,21
2025-12-10 00:00:00,4208.78,4217.95,4206.87,4213.81,15282,23
2025-12-10 04:00:00,4213.67,4218.73,4201.77,4211.28,21694,23
2025-12-10 08:00:00,4211.21,4211.7,4192.55,4194.18,26285,21
2025-12-10 12:00:00,4194.16,4205.02,4187.72,4200.64,27895,21
2025-12-10 16:00:00,4200.69,4206.95,4188.83,4199.74,40613,21
2025-12-10 20:00:00,4199.79,4238.71,4181.87,4228.33,41875,21
2025-12-11 00:00:00,4227.95,4247.61,4223.92,4238.26,20697,23
2025-12-11 04:00:00,4238.27,4240.7,4206.05,4207.48,31051,23
2025-12-11 08:00:00,4207.5,4221.37,4204.2,4218.43,26553,21
2025-12-11 12:00:00,4218.63,4225.9,4205.17,4220.95,29588,21
2025-12-11 16:00:00,4221.03,4281.75,4217.94,4278.68,52030,21
2025-12-11 20:00:00,4278.67,4285.9,4262.99,4282.98,30951,21
2025-12-12 00:00:00,4282.67,4282.81,4264.53,4271.01,19347,23
2025-12-12 04:00:00,4270.9,4280.48,4266.07,4278.93,25481,23
2025-12-12 08:00:00,4278.9,4320.27,4276.57,4318.25,30397,21
2025-12-12 12:00:00,4318.4,4346.04,4314.72,4341.0,37789,21
2025-12-12 16:00:00,4340.98,4353.6,4257.76,4294.21,60650,21
2025-12-12 20:00:00,4294.22,4304.12,4288.5,4302.74,33996,21
2025-12-15 00:00:00,4303.29,4325.61,4300.08,4322.48,19044,23
2025-12-15 04:00:00,4322.43,4344.33,4319.34,4343.59,29470,23
2025-12-15 08:00:00,4343.54,4350.22,4333.53,4342.54,29378,21
2025-12-15 12:00:00,4342.5,4348.22,4330.88,4332.13,28505,21
2025-12-15 16:00:00,4331.84,4336.61,4285.22,4304.42,54807,21
2025-12-15 20:00:00,4304.25,4317.73,4299.41,4302.43,30139,21
2025-12-16 00:00:00,4307.19,4317.73,4299.05,4308.74,19082,23
2025-12-16 04:00:00,4308.74,4312.15,4271.33,4284.09,33731,23
2025-12-16 08:00:00,4284.13,4292.1,4275.48,4280.36,27401,21
2025-12-16 12:00:00,4280.4,4313.21,4273.76,4313.01,32387,21
2025-12-16 16:00:00,4313.0,4334.98,4291.19,4303.56,52064,21
2025-12-16 20:00:00,4303.16,4315.87,4297.13,4303.65,29333,21
2025-12-17 00:00:00,4303.64,4326.65,4302.57,4326.57,17233,23
2025-12-17 04:00:00,4326.59,4342.28,4311.21,4333.89,33692,23
2025-12-17 08:00:00,4333.95,4337.69,4308.47,4316.89,30433,21
2025-12-17 12:00:00,4316.85,4344.06,4304.23,4342.05,29388,21
2025-12-17 16:00:00,4342.18,4348.86,4320.34,4342.34,56523,21
2025-12-17 20:00:00,4342.39,4346.36,4328.93,4340.88,31064,21
2025-12-18 00:00:00,4339.04,4342.84,4324.52,4331.46,20113,23
2025-12-18 04:00:00,4331.48,4337.61,4328.61,4333.11,28022,23
2025-12-18 08:00:00,4333.2,4337.64,4320.8,4323.35,26034,21
2025-12-18 12:00:00,4323.31,4342.93,4314.46,4336.55,28650,21
2025-12-18 16:00:00,4336.45,4374.58,4308.8,4333.18,57415,21
2025-12-18 20:00:00,4333.3,4341.23,4322.89,4332.13,33312,21
2025-12-19 00:00:00,4335.61,4336.76,4309.22,4323.31,17182,23
2025-12-19 04:00:00,4323.34,4328.93,4312.61,4325.89,24964,23
2025-12-19 08:00:00,4325.92,4333.58,4321.07,4329.45,26076,21
2025-12-19 12:00:00,4329.32,4335.3,4320.59,4328.35,29921,21
2025-12-19 16:00:00,4328.33,4355.92,4319.7,4353.43,47710,21
2025-12-19 20:00:00,4353.36,4356.48,4336.65,4338.6,24781,21
2025-12-22 00:00:00,4340.69,4384.83,4339.69,4382.9,20417,23
2025-12-22 04:00:00,4382.78,4409.41,4378.51,4399.98,26236,23
2025-12-22 08:00:00,4400.02,4420.15,4398.75,4411.02,24431,21
2025-12-22 12:00:00,4410.83,4427.24,4406.09,4423.68,26068,21
2025-12-22 16:00:00,4424.09,4442.11,4412.06,4438.45,40768,21
2025-12-22 20:00:00,4438.51,4449.15,4428.82,4445.53,20932,21
2025-12-23 00:00:00,4449.47,4490.62,4449.11,4486.68,21268,23
2025-12-23 04:00:00,4486.67,4497.78,4474.84,4475.2,32411,23
2025-12-23 08:00:00,4475.21,4493.23,4469.45,4480.41,28039,21
2025-12-23 12:00:00,4480.43,4497.28,4473.3,4479.05,30399,21
2025-12-23 16:00:00,4479.13,4479.79,4430.36,4472.72,49872,21
2025-12-23 20:00:00,4472.91,4499.69,4472.68,4488.47,27392,21
2025-12-24 00:00:00,4488.37,4525.57,4487.89,4518.69,24147,23
2025-12-24 04:00:00,4518.62,4519.17,4469.1,4488.44,34189,23
2025-12-24 08:00:00,4488.42,4497.79,4478.13,4494.68,30583,21
2025-12-24 12:00:00,4494.71,4499.87,4474.49,4487.87,30170,21
2025-12-24 16:00:00,4487.93,4489.36,4448.43,4480.59,48385,21
2025-12-24 20:00:00,4480.61,4482.49,4477.33,4479.48,2950,21
2025-12-26 00:00:00,4486.88,4531.25,4482.2,4503.85,26364,23
2025-12-26 04:00:00,4503.82,4514.76,4492.35,4509.98,34245,23
2025-12-26 08:00:00,4509.94,4520.43,4506.85,4512.76,27700,21
2025-12-26 12:00:00,4512.75,4528.52,4503.09,4525.14,34071,21
2025-12-26 16:00:00,4525.12,4549.7,4510.1,4519.02,50738,21
2025-12-26 20:00:00,4519.08,4535.91,4514.92,4531.49,35370,22
2025-12-29 00:00:00,4540.32,4545.98,4470.83,4497.07,32597,24
2025-12-29 04:00:00,4497.0,4520.36,4496.16,4506.36,34283,24
2025-12-29 08:00:00,4506.62,4510.63,4444.29,4472.05,42765,22
2025-12-29 12:00:00,4472.04,4474.43,4406.81,4421.54,39569,22
2025-12-29 16:00:00,4421.5,4421.5,4300.55,4328.11,55908,22
2025-12-29 20:00:00,4328.05,4344.51,4322.83,4332.35,31028,22
2025-12-30 00:00:00,4340.31,4360.07,4323.48,4360.07,25321,24
2025-12-30 04:00:00,4360.23,4379.9,4348.86,4377.72,32710,24
2025-12-30 08:00:00,4377.65,4383.17,4350.14,4372.07,36220,22
2025-12-30 12:00:00,4372.05,4404.06,4367.59,4388.42,38337,22
2025-12-30 16:00:00,4388.48,4392.09,4354.71,4370.11,50165,22
2025-12-30 20:00:00,4370.2,4378.59,4337.66,4346.58,32956,22
2025-12-31 00:00:00,4341.02,4373.08,4328.22,4365.94,23725,24
2025-12-31 04:00:00,4366.01,4371.05,4276.24,4285.89,41595,24
2025-12-31 08:00:00,4285.96,4337.17,4274.6,4325.81,33797,24
2025-12-31 12:00:00,4325.79,4348.25,4303.09,4345.8,31547,24
2025-12-31 16:00:00,4345.81,4353.22,4317.08,4321.82,45616,24
2025-12-31 20:00:00,4321.87,4331.4,4304.56,4314.45,30394,24
2026-01-02 00:00:00,4327.16,4355.98,4327.05,4347.92,17435,27
2026-01-02 04:00:00,4347.89,4381.62,4345.0,4380.63,26158,27
2026-01-02 08:00:00,4380.65,4397.44,4371.94,4385.4,25629,24
2026-01-02 12:00:00,4385.41,4402.24,4361.96,4365.85,28134,24
2026-01-02 16:00:00,4365.84,4373.58,4315.06,4322.95,51850,22
2026-01-02 20:00:00,4322.96,4331.68,4309.64,4330.51,30532,22
2026-01-05 00:00:00,4356.68,4421.26,4349.83,4401.82,29397,24
2026-01-05 04:00:00,4401.93,4414.42,4388.41,4412.29,34215,24
2026-01-05 08:00:00,4412.18,4437.93,4411.25,4434.9,32842,22
2026-01-05 12:00:00,4434.85,4439.74,4396.22,4416.8,37773,24
2026-01-05 16:00:00,4416.85,4455.66,4416.85,4443.51,47867,24
2026-01-05 20:00:00,4443.65,4449.41,4434.87,4448.38,27998,24
2026-01-06 00:00:00,4454.29,4459.95,4427.81,4450.52,21670,26
2026-01-06 04:00:00,4450.44,4474.03,4448.6,4451.92,30379,26
2026-01-06 08:00:00,4452.44,4475.61,4444.76,4446.27,31705,24
2026-01-06 12:00:00,4446.29,4470.33,4442.58,4467.95,31645,24
2026-01-06 16:00:00,4468.11,4491.4,4463.19,4489.48,48342,24
2026-01-06 20:00:00,4489.18,4497.33,4477.31,4497.22,27846,24
2026-01-07 00:00:00,4498.38,4500.44,4461.12,4465.5,23130,26
2026-01-07 04:00:00,4465.44,4480.29,4443.31,4454.24,34686,26
2026-01-07 08:00:00,4454.22,4474.52,4441.48,4463.37,30461,24
2026-01-07 12:00:00,4463.0,4467.66,4427.7,4452.83,34588,23
2026-01-07 16:00:00,4452.79,4468.3,4423.36,4451.71,48232,23
2026-01-07 20:00:00,4451.94,4461.51,4445.3,4452.94,29363,23
2026-01-08 00:00:00,4461.79,4466.3,4441.88,4448.37,20783,25
2026-01-08 04:00:00,4448.28,4449.54,4415.67,4425.5,34867,25
2026-01-08 08:00:00,4425.5,4439.68,4416.06,4432.6,36420,23
2026-01-08 12:00:00,4432.55,4436.02,4407.66,4423.76,35709,23
2026-01-08 16:00:00,4422.52,4465.3,4419.05,4463.32,48333,23
2026-01-08 20:00:00,4462.88,4479.49,4444.56,4476.47,29768,23
2026-01-09 00:00:00,4477.29,4479.85,4452.86,4468.92,20154,25
2026-01-09 04:00:00,4468.82,4476.43,4458.19,4468.0,27461,25
2026-01-09 08:00:00,4468.62,4477.57,4464.03,4471.15,25592,23
2026-01-09 12:00:00,4471.08,4491.68,4458.79,4482.7,30887,23
2026-01-09 16:00:00,4482.75,4517.07,4479.06,4484.52,51195,23
2026-01-09 20:00:00,4484.42,4511.1,4483.03,4510.22,27762,23
2026-01-12 00:00:00,4521.15,4601.11,4521.04,4570.5,32433,25
2026-01-12 04:00:00,4570.0,4584.9,4561.73,4580.86,33164,25
2026-01-12 08:00:00,4580.85,4599.23,4569.59,4589.1,32483,23
2026-01-12 12:00:00,4589.11,4620.22,4578.49,4615.77,32552,23
2026-01-12 16:00:00,4615.66,4630.12,4585.01,4616.33,48894,23
2026-01-12 20:00:00,4616.09,4618.84,4589.21,4593.75,30859,23
2026-01-13 00:00:00,4596.71,4599.38,4575.61,4577.79,24752,25
2026-01-13 04:00:00,4577.18,4602.0,4576.66,4592.07,27373,25
2026-01-13 08:00:00,4592.02,4596.89,4573.65,4586.04,29155,23
2026-01-13 12:00:00,4586.08,4620.99,4577.84,4611.48,30906,23
2026-01-13 16:00:00,4611.36,4634.56,4586.62,4590.24,51170,23
2026-01-13 20:00:00,4590.12,4601.97,4569.78,4587.85,36971,23
2026-01-14 00:00:00,4591.6,4619.91,4591.35,4619.15,21540,25
2026-01-14 04:00:00,4619.2,4639.49,4613.3,4619.76,31702,25
2026-01-14 08:00:00,4619.66,4639.52,4618.48,4630.44,33737,23
2026-01-14 12:00:00,4630.44,4641.77,4624.3,4635.65,39430,23
2026-01-14 16:00:00,4635.78,4638.78,4599.32,4614.27,58863,23
2026-01-14 20:00:00,4613.65,4642.88,4612.75,4620.71,44026,23
2026-01-15 00:00:00,4622.31,4623.4,4583.74,4600.05,32414,25
2026-01-15 04:00:00,4600.06,4614.63,4580.89,4595.11,45166,25
2026-01-15 08:00:00,4595.1,4613.48,4593.56,4612.58,37900,23
2026-01-15 12:00:00,4612.59,4622.78,4582.38,4587.77,38443,23
2026-01-15 16:00:00,4588.14,4624.46,4583.42,4616.45,52225,23
2026-01-15 20:00:00,4616.46,4621.35,4600.66,4614.76,33681,23
2026-01-16 00:00:00,4618.6,4620.29,4593.88,4600.49,24829,25
2026-01-16 04:00:00,4600.42,4615.87,4591.27,4611.53,34529,25
2026-01-16 08:00:00,4611.51,4612.27,4593.84,4600.66,32126,23
2026-01-16 12:00:00,4600.67,4616.1,4582.53,4601.89,34494,23
2026-01-16 16:00:00,4601.9,4620.27,4536.64,4581.38,57304,23
2026-01-16 20:00:00,4580.75,4598.2,4580.04,4594.61,36458,23
2026-01-19 00:00:00,4648.66,4690.55,4644.81,4657.39,35673,25
2026-01-19 04:00:00,4657.26,4674.15,4653.03,4669.93,32325,25
2026-01-19 08:00:00,4669.93,4678.92,4661.67,4668.33,29506,23
2026-01-19 12:00:00,4668.26,4673.69,4659.62,4666.14,26688,23
2026-01-19 16:00:00,4666.1,4678.71,4661.58,4676.24,27733,23
2026-01-19 20:00:00,4676.03,4680.29,4667.1,4670.66,6681,23
2026-01-20 00:00:00,4668.59,4675.99,4659.44,4669.61,20834,25
2026-01-20 04:00:00,4669.57,4716.56,4665.45,4714.59,35614,25
2026-01-20 08:00:00,4714.6,4737.4,4705.61,4732.37,37989,23
2026-01-20 12:00:00,4732.4,4738.19,4715.35,4737.17,36506,23
2026-01-20 16:00:00,4737.03,4762.27,4722.4,4759.13,55099,23
2026-01-20 20:00:00,4759.12,4766.16,4747.53,4763.32,34907,23
2026-01-21 00:00:00,4762.08,4844.12,4757.72,4835.16,26669,25
2026-01-21 04:00:00,4835.3,4878.14,4817.38,4869.67,40681,25
2026-01-21 08:00:00,4869.92,4888.26,4832.58,4860.33,41001,23
2026-01-21 12:00:00,4860.27,4880.23,4855.09,4879.34,35875,24
2026-01-21 16:00:00,4879.4,4880.82,4802.36,4826.17,61593,24
2026-01-21 20:00:00,4825.83,4853.95,4755.53,4836.52,49901,24
2026-01-22 00:00:00,4815.92,4821.17,4772.26,4797.87,29128,26
2026-01-22 04:00:00,4797.62,4821.71,4774.65,4821.27,34500,26
2026-01-22 08:00:00,4821.28,4838.55,4814.01,4823.06,34505,24
2026-01-22 12:00:00,4823.05,4836.25,4810.61,4822.32,34378,24
2026-01-22 16:00:00,4822.28,4906.11,4820.42,4904.48,53280,24
2026-01-22 20:00:00,4904.34,4940.64,4901.27,4936.42,38782,24
2026-01-23 00:00:00,4952.04,4967.1,4930.47,4953.48,28114,26
2026-01-23 04:00:00,4953.44,4967.09,4938.05,4960.51,27244,26
2026-01-23 08:00:00,4960.45,4962.98,4899.77,4918.61,39021,24
2026-01-23 12:00:00,4918.54,4947.77,4911.92,4938.9,37106,24
2026-01-23 16:00:00,4938.91,4988.19,4932.75,4965.78,54009,27
2026-01-23 20:00:00,4965.82,4989.58,4958.27,4982.44,38844,27
2026-01-26 00:00:00,5014.0,5085.55,5003.29,5070.76,37299,29
2026-01-26 04:00:00,5070.84,5093.01,5051.94,5074.34,46812,29
2026-01-26 08:00:00,5074.26,5110.96,5065.4,5084.02,44404,27
2026-01-26 12:00:00,5084.74,5096.85,5054.45,5068.42,43281,27
2026-01-26 16:00:00,5068.41,5104.96,5058.17,5100.87,60606,27
2026-01-26 20:00:00,5100.91,5103.26,4989.9,5014.71,61336,27
2026-01-27 00:00:00,5034.61,5075.96,5013.77,5060.3,34667,29
2026-01-27 04:00:00,5060.07,5085.11,5049.41,5082.92,43679,29
2026-01-27 08:00:00,5082.9,5100.74,5073.23,5098.71,44171,27
2026-01-27 12:00:00,5098.45,5098.45,5067.01,5077.33,44821,27
2026-01-27 16:00:00,5077.39,5103.03,5046.58,5081.14,62809,27
2026-01-27 20:00:00,5081.54,5190.26,5076.23,5189.31,51020,27
2026-01-28 00:00:00,5182.28,5225.05,5156.83,5204.51,37093,29
2026-01-28 04:00:00,5204.41,5266.32,5201.66,5261.22,46909,29
2026-01-28 08:00:00,5261.28,5311.4,5251.97,5278.02,46768,27
2026-01-28 12:00:00,5278.05,5289.3,5238.78,5266.46,47353,27
2026-01-28 16:00:00,5266.43,5307.01,5235.65,5297.93,62796,27
2026-01-28 20:00:00,5298.47,5402.09,5268.66,5399.72,59634,27
2026-01-29 00:00:00,5440.57,5598.08,5432.02,5545.74,45440,29
2026-01-29 04:00:00,5545.67,5564.39,5504.11,5562.45,54274,29
2026-01-29 08:00:00,5562.4,5595.3,5474.33,5514.01,56670,27
2026-01-29 12:00:00,5514.05,5542.97,5470.78,5510.37,51683,27
2026-01-29 16:00:00,5510.6,5549.56,5103.39,5334.8,69042,27
2026-01-29 20:00:00,5334.74,5425.52,5282.38,5393.99,60020,54
2026-01-30 00:00:00,5419.47,5450.51,5290.71,5300.74,42077,71
2026-01-30 04:00:00,5300.42,5312.38,5111.75,5184.83,61394,43
2026-01-30 08:00:00,5184.57,5204.98,4942.26,5014.33,65506,39
2026-01-30 12:00:00,5013.59,5145.5,4991.83,5018.65,62447,39
2026-01-30 16:00:00,5019.23,5113.31,4800.35,4849.51,70542,39
2026-01-30 20:00:00,4849.29,4947.64,4690.03,4863.57,63042,51
2026-02-02 00:00:00,4825.15,4884.66,4584.39,4736.72,42576,43
2026-02-02 04:00:00,4736.84,4772.82,4498.69,4549.49,65975,43
2026-02-02 08:00:00,4549.4,4730.77,4402.59,4719.44,64730,39
2026-02-02 12:00:00,4719.4,4812.37,4656.87,4705.93,60271,39
2026-02-02 16:00:00,4705.94,4794.45,4596.46,4674.43,67183,39
2026-02-02 20:00:00,4673.96,4712.87,4618.68,4664.12,55080,39
2026-02-03 00:00:00,4700.48,4856.07,4695.25,4841.51,42320,43
2026-02-03 04:00:00,4841.04,4841.7,4745.35,4825.09,55090,43
2026-02-03 08:00:00,4825.08,4949.63,4816.37,4915.93,52457,39
2026-02-03 12:00:00,4916.23,4950.77,4884.0,4932.29,48718,39
2026-02-03 16:00:00,4932.61,4993.81,4893.59,4929.03,64050,39
2026-02-03 20:00:00,4928.82,4964.05,4880.72,4938.79,53126,39
2026-02-04 00:00:00,4957.36,5053.24,4909.97,5046.4,38414,43
2026-02-04 04:00:00,5046.39,5090.14,5035.42,5079.18,39095,43
2026-02-04 08:00:00,5079.25,5091.83,5042.85,5059.89,42575,33
2026-02-04 12:00:00,5059.81,5064.3,5013.57,5053.77,43834,33
2026-02-04 16:00:00,5053.76,5058.62,4851.78,4897.98,65269,33
2026-02-04 20:00:00,4897.71,4970.03,4872.82,4963.32,47061,33
2026-02-05 00:00:00,4995.05,5023.61,4935.94,4958.47,35066,36
2026-02-05 04:00:00,4958.48,4961.54,4789.32,4895.96,59975,42
2026-02-05 08:00:00,4896.1,4943.41,4849.46,4854.94,54804,39
2026-02-05 12:00:00,4854.73,4894.24,4801.89,4835.28,52894,39
2026-02-05 16:00:00,4835.29,4906.48,4800.33,4869.07,63981,39
2026-02-05 20:00:00,4869.24,4875.04,4759.6,4770.46,48258,39
2026-02-06 00:00:00,4776.68,4784.38,4651.04,4773.9,43493,43
2026-02-06 04:00:00,4773.97,4897.82,4760.66,4897.49,48395,43
2026-02-06 08:00:00,4897.47,4902.98,4825.59,4866.41,44134,39
2026-02-06 12:00:00,4866.38,4938.27,4851.69,4928.99,40522,39
2026-02-06 16:00:00,4926.81,4968.55,4894.36,4960.52,53908,39
2026-02-06 20:00:00,4960.64,4971.23,4936.53,4960.19,30382,39
2026-02-09 00:00:00,4987.55,5046.75,4964.96,4982.47,35232,43
2026-02-09 04:00:00,4982.43,5041.33,4969.0,5036.91,37594,43
2026-02-09 08:00:00,5036.48,5045.27,4997.35,5007.52,39236,39
2026-02-09 12:00:00,5007.83,5024.43,4982.17,5006.79,38121,42
2026-02-09 16:00:00,5006.77,5080.23,5002.05,5046.02,48053,42
2026-02-09 20:00:00,5046.09,5086.46,5044.02,5065.28,33223,42
2026-02-10 00:00:00,5056.64,5064.8,4987.7,5032.51,33962,46
2026-02-10 04:00:00,5032.5,5056.09,5011.12,5039.41,38968,46
2026-02-10 08:00:00,5039.33,5063.07,5018.46,5046.58,35869,39
2026-02-10 12:00:00,5046.62,5058.63,5019.55,5051.03,34112,39
2026-02-10 16:00:00,5051.65,5078.54,4999.04,5026.14,49873,39
2026-02-10 20:00:00,5026.15,5045.1,5004.68,5023.25,30192,39
2026-02-11 00:00:00,5033.59,5054.42,5027.95,5052.43,22289,39
2026-02-11 04:00:00,5052.42,5063.73,5032.49,5052.3,26992,39
2026-02-11 08:00:00,5052.56,5071.84,5045.87,5062.6,29121,36
2026-02-11 12:00:00,5062.63,5118.84,5018.59,5065.73,40626,36
2026-02-11 16:00:00,5065.72,5098.74,5035.73,5091.57,54430,40
2026-02-11 20:00:00,5091.58,5094.25,5066.74,5078.82,33763,40
2026-02-12 00:00:00,5095.32,5096.18,5045.05,5063.11,27734,39
2026-02-12 04:00:00,5063.22,5078.13,5050.83,5075.46,27004,39
2026-02-12 08:00:00,5075.59,5080.63,5047.23,5073.07,27816,36
2026-02-12 12:00:00,5073.04,5083.56,5048.7,5075.35,27244,36
2026-02-12 16:00:00,5075.3,5077.63,4878.53,4940.92,56978,36
2026-02-12 20:00:00,4940.94,4957.91,4906.42,4919.66,47572,40
2026-02-13 00:00:00,4891.66,4988.37,4888.63,4980.71,29630,43
2026-02-13 04:00:00,4980.73,4996.99,4944.67,4945.88,30183,39
2026-02-13 08:00:00,4945.96,4989.41,4945.96,4970.19,35758,36
2026-02-13 12:00:00,4970.18,4999.3,4933.66,4987.01,34110,36
2026-02-13 16:00:00,4987.29,5033.5,4963.74,5020.88,54032,36
2026-02-13 20:00:00,5020.9,5046.02,5015.39,5042.78,33867,36
2026-02-16 00:00:00,5015.19,5032.34,5000.06,5028.78,22274,37
2026-02-16 04:00:00,5028.79,5030.91,4965.73,4990.53,27610,36
2026-02-16 08:00:00,4990.42,5017.0,4984.57,5013.42,22204,35
2026-02-16 12:00:00,5013.39,5017.08,4989.64,4997.14,20176,35
2026-02-16 16:00:00,4997.12,4999.44,4968.97,4991.55,23406,35
2026-02-16 20:00:00,4991.71,4997.41,4988.61,4993.49,6722,35
2026-02-17 00:00:00,4998.2,5000.66,4922.94,4957.4,21726,36
2026-02-17 04:00:00,4957.56,4970.9,4857.89,4888.71,29120,36
2026-02-17 08:00:00,4888.74,4932.53,4886.31,4925.9,29314,35
2026-02-17 12:00:00,4925.88,4944.07,4869.57,4870.55,30791,35
2026-02-17 16:00:00,4870.61,4907.01,4842.03,4865.02,56485,35
2026-02-17 20:00:00,4865.08,4910.47,4862.42,4877.64,36306,35
2026-02-18 00:00:00,4870.68,4893.07,4854.0,4889.92,21434,35
2026-02-18 04:00:00,4889.88,4940.03,4886.43,4933.29,21116,35
2026-02-18 08:00:00,4933.41,4942.12,4912.92,4917.23,21160,35
2026-02-18 12:00:00,4917.15,4969.03,4906.34,4954.27,28315,35
2026-02-18 16:00:00,4954.29,5010.77,4952.25,4999.18,42665,35
2026-02-18 20:00:00,4999.17,5003.13,4972.86,4979.28,32454,35
2026-02-19 00:00:00,4972.97,4988.67,4960.77,4973.08,18325,35
2026-02-19 04:00:00,4972.98,4998.59,4965.75,4996.83,18042,35
2026-02-19 08:00:00,4996.73,5021.85,4993.11,4995.69,23571,35
2026-02-19 12:00:00,4995.66,4998.4,4972.59,4997.04,29294,35
2026-02-19 16:00:00,4996.92,5022.14,4963.48,4984.81,47603,35
2026-02-19 20:00:00,4985.01,5004.01,4975.21,4999.04,28616,35
2026-02-20 00:00:00,5001.81,5014.61,4985.39,4996.93,17475,35
2026-02-20 04:00:00,4996.89,5011.78,4981.69,5011.78,19286,35
2026-02-20 08:00:00,5011.77,5042.42,5005.0,5027.58,27106,35
2026-02-20 12:00:00,5027.69,5048.63,5007.0,5043.37,29089,35
2026-02-20 16:00:00,5043.48,5076.18,4990.96,5072.93,55569,35
2026-02-20 20:00:00,5072.86,5104.85,5054.31,5103.59,36170,35
2026-02-23 00:00:00,5117.59,5171.76,5117.54,5157.44,32004,35
2026-02-23 04:00:00,5157.36,5176.48,5152.17,5158.2,27793,35
2026-02-23 08:00:00,5158.18,5161.39,5122.17,5149.47,29940,35
2026-02-23 12:00:00,5149.52,5165.34,5143.59,5146.26,29522,35
2026-02-23 16:00:00,5146.16,5218.8,5141.36,5207.87,53940,35
2026-02-23 20:00:00,5207.92,5237.75,5200.92,5231.23,34368,35
2026-02-24 00:00:00,5243.06,5249.58,5145.19,5177.13,30791,42
2026-02-24 04:00:00,5177.19,5191.68,5161.06,5182.53,30030,42
2026-02-24 08:00:00,5182.51,5184.67,5156.49,5171.29,29004,40
2026-02-24 12:00:00,5171.24,5181.29,5111.01,5114.93,31539,40
2026-02-24 16:00:00,5114.87,5163.63,5093.52,5163.63,52197,40
2026-02-24 20:00:00,5163.59,5173.09,5145.89,5148.0,33286,40
2026-02-25 00:00:00,5136.04,5189.79,5127.74,5176.65,23899,42
2026-02-25 04:00:00,5176.63,5210.4,5166.43,5201.63,29620,42
2026-02-25 08:00:00,5201.63,5201.65,5176.61,5193.17,28531,40
2026-02-25 12:00:00,5193.22,5195.08,5155.02,5184.99,30771,40
2026-02-25 16:00:00,5184.85,5217.42,5158.92,5206.81,47754,50
2026-02-25 20:00:00,5206.79,5208.18,5145.68,5170.69,31509,50
2026-02-26 00:00:00,5175.98,5198.26,5155.32,5191.38,28504,39
2026-02-26 04:00:00,5191.3,5205.22,5174.0,5198.13,30023,39
2026-02-26 08:00:00,5198.16,5199.45,5167.96,5186.31,30588,35
2026-02-26 12:00:00,5186.3,5189.99,5157.65,5166.23,32420,35
2026-02-26 16:00:00,5165.93,5192.64,5130.29,5167.14,54712,35
2026-02-26 20:00:00,5167.21,5200.92,5160.37,5187.0,32687,35
2026-02-27 00:00:00,5181.85,5194.72,5166.85,5193.95,22566,36
2026-02-27 04:00:00,5193.93,5200.32,5173.46,5197.7,30758,36
2026-02-27 08:00:00,5197.67,5198.99,5172.18,5175.88,28758,35
2026-02-27 12:00:00,5176.04,5240.3,5168.61,5222.97,31831,35
2026-02-27 16:00:00,5222.74,5257.53,5213.65,5234.55,56122,36
2026-02-27 20:00:00,5234.71,5278.74,5222.49,5277.51,35306,36
2026-03-02 00:00:00,5358.16,5393.53,5302.94,5324.67,48645,51
2026-03-02 04:00:00,5324.65,5366.74,5316.71,5365.78,39089,76
2026-03-02 08:00:00,5365.79,5418.89,5363.27,5391.79,45785,72
2026-03-02 12:00:00,5391.84,5416.39,5373.52,5393.6,43410,72
2026-03-02 16:00:00,5393.58,5394.74,5260.32,5306.47,65687,72
2026-03-02 20:00:00,5306.51,5346.08,5289.28,5327.04,45787,51
2026-03-03 00:00:00,5344.76,5379.48,5328.73,5339.03,30269,45
2026-03-03 04:00:00,5339.11,5375.27,5305.22,5318.76,40389,67
2026-03-03 08:00:00,5318.78,5335.71,5226.42,5274.81,50805,62
2026-03-03 12:00:00,5274.47,5287.53,5074.0,5156.43,61788,55
2026-03-03 16:00:00,5156.5,5175.14,4995.98,5078.85,69035,63
2026-03-03 20:00:00,5078.93,5148.32,5078.81,5087.21,54489,45
2026-03-04 00:00:00,5110.33,5178.32,5103.69,5174.87,38025,48
2026-03-04 04:00:00,5174.84,5190.5,5141.03,5159.68,48133,67
2026-03-04 08:00:00,5159.66,5184.7,5120.0,5182.03,42989,60
2026-03-04 12:00:00,5182.07,5205.77,5156.07,5167.69,42386,60
2026-03-04 16:00:00,5167.7,5184.81,5120.16,5140.79,59949,60
2026-03-04 20:00:00,5140.68,5146.6,5108.74,5135.69,39047,45
2026-03-05 00:00:00,5151.98,5186.21,5143.96,5172.24,25282,45
2026-03-05 04:00:00,5172.2,5194.61,5148.02,5148.22,33961,63
2026-03-05 08:00:00,5148.3,5180.33,5120.68,5160.92,43620,60
2026-03-05 12:00:00,5160.91,5171.22,5083.25,5117.61,36673,60
2026-03-05 16:00:00,5117.17,5129.55,5054.02,5062.66,64028,60
2026-03-05 20:00:00,5062.65,5094.45,5050.72,5077.2,51395,45
2026-03-06 00:00:00,5089.8,5143.22,5066.09,5134.48,28232,45
2026-03-06 04:00:00,5134.43,5141.09,5114.04,5116.84,29986,63
2026-03-06 08:00:00,5116.96,5122.7,5083.32,5085.5,33978,55
2026-03-06 12:00:00,5085.72,5130.97,5061.83,5084.87,43934,55
2026-03-06 16:00:00,5084.96,5171.28,5080.98,5140.64,61563,55
2026-03-06 20:00:00,5140.5,5174.31,5138.5,5170.92,38386,45
2026-03-09 00:00:00,5164.39,5168.4,5028.44,5049.85,47781,0
2026-03-09 04:00:00,5049.75,5101.92,5014.76,5089.91,46995,61
2026-03-09 08:00:00,5090.02,5140.19,5080.66,5096.32,48916,55
2026-03-09 12:00:00,5095.8,5132.26,5079.85,5094.79,41325,55
2026-03-09 16:00:00,5094.77,5115.79,5060.97,5104.55,57560,55
2026-03-09 20:00:00,5104.42,5147.82,5088.79,5138.39,40988,45
2026-03-10 00:00:00,5127.42,5155.75,5116.99,5130.79,25220,45
2026-03-10 04:00:00,5129.94,5186.54,5124.42,5163.58,40296,58
2026-03-10 08:00:00,5163.59,5194.91,5158.4,5183.35,35052,55
2026-03-10 12:00:00,5183.33,5191.67,5156.35,5186.76,39645,55
2026-03-10 16:00:00,5186.77,5238.35,5185.2,5227.41,52359,55
2026-03-10 20:00:00,5227.44,5235.18,5160.63,5195.62,43867,45
2026-03-11 00:00:00,5191.49,5219.17,5182.49,5215.3,19904,45
2026-03-11 04:00:00,5215.21,5223.04,5194.07,5204.2,30544,58
2026-03-11 08:00:00,5204.25,5210.42,5175.32,5187.34,34660,55
2026-03-11 12:00:00,5187.38,5196.93,5166.49,5167.34,35642,55
2026-03-11 16:00:00,5167.01,5196.0,5145.14,5175.46,52941,55
2026-03-11 20:00:00,5175.47,5183.34,5154.5,5176.16,28748,45
2026-03-12 00:00:00,5177.44,5177.76,5125.46,5152.73,26306,45
2026-03-12 04:00:00,5152.81,5174.79,5140.33,5142.4,30613,58
2026-03-12 08:00:00,5142.39,5189.51,5136.89,5177.96,28775,55
2026-03-12 12:00:00,5178.03,5191.49,5163.62,5181.2,30176,55
2026-03-12 16:00:00,5180.24,5185.87,5109.48,5123.41,57008,55
2026-03-12 20:00:00,5123.17,5129.4,5054.81,5080.63,45468,45
2026-03-13 00:00:00,5083.43,5115.05,5078.64,5113.5,18620,45
2026-03-13 04:00:00,5113.51,5128.07,5102.45,5104.08,26415,58
2026-03-13 08:00:00,5104.5,5111.1,5061.24,5087.19,35991,55
2026-03-13 12:00:00,5087.23,5121.39,5079.9,5118.12,33852,55
2026-03-13 16:00:00,5118.19,5120.79,5018.91,5045.79,58904,55
2026-03-13 20:00:00,5045.78,5063.61,5009.46,5018.52,42216,45
2026-03-16 00:00:00,5015.17,5030.54,4967.0,5025.45,38962,45
2026-03-16 04:00:00,5025.63,5026.21,4982.44,5012.57,39077,58
2026-03-16 08:00:00,5012.55,5035.83,4984.95,4990.91,36901,55
2026-03-16 12:00:00,4990.81,5024.96,4969.98,5019.73,40866,55
2026-03-16 16:00:00,5019.74,5037.76,4973.75,4990.36,53883,55
2026-03-16 20:00:00,4992.76,5021.4,4983.83,5009.16,38976,45
2026-03-17 00:00:00,5010.84,5015.78,4998.0,5002.65,16934,45
2026-03-17 04:00:00,5002.64,5041.74,4994.57,5037.74,29473,58
2026-03-17 08:00:00,5037.95,5044.21,5005.09,5024.52,33203,55
2026-03-17 12:00:00,5024.54,5025.66,4991.96,5011.57,33306,55
2026-03-17 16:00:00,5011.55,5031.19,4973.36,5001.77,53153,55
2026-03-17 20:00:00,5001.78,5008.8,4996.12,5002.82,29622,45
2026-03-18 00:00:00,5000.67,5012.22,4992.96,5004.08,12656,45
2026-03-18 04:00:00,5004.05,5015.58,4981.59,4986.77,28685,58
2026-03-18 08:00:00,4986.77,5016.11,4977.2,4987.34,30193,55
2026-03-18 12:00:00,4987.35,4995.39,4870.58,4881.43,43740,55
2026-03-18 16:00:00,4881.26,4894.39,4834.14,4887.03,59113,55
2026-03-18 20:00:00,4886.63,4898.87,4806.57,4825.37,54931,45
2026-03-19 00:00:00,4825.2,4848.41,4803.56,4840.95,28058,45
2026-03-19 04:00:00,4841.18,4866.94,4832.71,4849.62,32737,58
2026-03-19 08:00:00,4849.69,4853.62,4686.65,4708.77,51628,55
2026-03-19 12:00:00,4709.06,4725.68,4531.17,4574.1,60718,55
2026-03-19 16:00:00,4574.17,4648.87,4502.36,4584.59,71909,58
2026-03-19 20:00:00,4584.63,4663.0,4573.8,4657.62,56343,45
2026-03-20 00:00:00,4659.13,4676.78,4634.02,4648.36,29370,45
2026-03-20 04:00:00,4647.75,4735.52,4639.19,4721.43,40624,58
2026-03-20 08:00:00,4721.34,4734.48,4661.16,4693.4,44539,55
2026-03-20 12:00:00,4693.39,4700.18,4636.79,4678.09,48422,55
2026-03-20 16:00:00,4678.54,4679.26,4540.52,4583.13,68229,55
2026-03-20 20:00:00,4583.17,4600.04,4477.16,4497.16,65469,45
2026-03-23 00:00:00,4474.93,4535.72,4319.8,4354.01,44277,45
2026-03-23 04:00:00,4354.63,4453.75,4330.33,4367.34,58204,58
2026-03-23 08:00:00,4367.15,4379.67,4098.74,4251.06,68572,55
2026-03-23 12:00:00,4251.11,4492.29,4223.54,4478.41,69456,55
2026-03-23 16:00:00,4478.4,4512.65,4351.1,4375.18,75694,55
2026-03-23 20:00:00,4375.24,4466.77,4370.86,4412.09,60895,45
2026-03-24 00:00:00,4380.2,4448.02,4331.32,4364.64,39940,45
2026-03-24 04:00:00,4364.51,4379.14,4305.8,4333.21,58317,58
2026-03-24 08:00:00,4333.17,4433.07,4319.64,4411.85,61754,55
2026-03-24 12:00:00,4411.9,4441.7,4362.0,4378.73,57440,55
2026-03-24 16:00:00,4378.84,4433.55,4351.14,4421.23,69269,55
2026-03-24 20:00:00,4421.24,4483.73,4372.25,4465.51,64024,45
2026-03-25 00:00:00,4479.02,4571.79,4455.73,4563.21,38800,45
2026-03-25 04:00:00,4563.14,4602.39,4552.3,4572.22,41966,58
2026-03-25 08:00:00,4572.62,4573.1,4532.99,4555.92,44997,55
2026-03-25 12:00:00,4555.93,4585.51,4521.47,4543.92,45725,55
2026-03-25 16:00:00,4543.79,4578.97,4524.79,4555.16,62027,55
2026-03-25 20:00:00,4555.05,4568.54,4486.94,4505.79,50470,45
2026-03-26 00:00:00,4520.93,4539.1,4488.91,4535.46,32830,45
2026-03-26 04:00:00,4535.34,4544.25,4499.82,4520.29,37494,58
2026-03-26 08:00:00,4520.5,4521.98,4413.05,4427.66,52328,55
2026-03-26 12:00:00,4427.46,4456.17,4414.43,4430.0,51431,58
2026-03-26 16:00:00,4429.19,4479.38,4366.42,4389.07,65732,58
2026-03-26 20:00:00,4389.05,4420.19,4350.89,4401.57,60634,45
2026-03-27 00:00:00,4386.78,4414.97,4375.32,4378.38,23637,45
2026-03-27 04:00:00,4377.79,4449.23,4376.93,4445.67,33527,61
2026-03-27 08:00:00,4445.69,4474.74,4423.42,4423.87,38678,58
2026-03-27 12:00:00,4423.82,4444.93,4404.04,4437.58,41672,58
2026-03-27 16:00:00,4437.67,4555.14,4413.55,4515.94,63327,58
2026-03-27 20:00:00,4515.9,4528.49,4486.54,4498.41,47255,45
2026-03-30 00:00:00,4511.48,4512.81,4418.17,4431.96,40328,45
2026-03-30 04:00:00,4431.98,4517.02,4431.85,4496.76,44402,61
2026-03-30 08:00:00,4496.74,4550.41,4496.7,4538.05,42613,55
2026-03-30 12:00:00,4538.19,4580.43,4523.42,4569.15,42049,55
2026-03-30 16:00:00,4568.97,4578.43,4512.35,4539.72,59174,55
2026-03-30 20:00:00,4539.6,4542.02,4492.83,4504.4,45198,45
2026-03-31 00:00:00,4517.29,4547.92,4482.52,4547.48,26722,45
2026-03-31 04:00:00,4547.52,4619.29,4532.0,4564.53,45822,58
2026-03-31 08:00:00,4564.53,4581.51,4543.13,4568.46,42521,55
2026-03-31 12:00:00,4568.67,4597.39,4529.37,4574.59,46772,55
2026-03-31 16:00:00,4575.11,4651.39,4567.74,4638.03,61527,47
2026-03-31 20:00:00,4638.15,4686.8,4636.17,4667.83,51919,37
2026-04-01 00:00:00,4673.76,4722.3,4661.21,4710.68,26923,37
2026-04-01 04:00:00,4711.53,4723.85,4666.84,4676.09,37175,50
2026-04-01 08:00:00,4676.13,4747.48,4674.66,4728.46,44864,50
2026-04-01 12:00:00,4728.42,4762.84,4713.01,4724.53,41216,50
2026-04-01 16:00:00,4724.48,4790.7,4715.9,4787.02,56286,50
2026-04-01 20:00:00,4786.96,4792.65,4741.86,4762.37,43637,37
2026-04-02 00:00:00,4759.27,4800.26,4751.0,4784.13,24138,37
2026-04-02 04:00:00,4784.13,4785.71,4650.6,4672.39,55052,37
2026-04-02 08:00:00,4672.52,4680.28,4553.93,4620.62,45523,47
2026-04-02 12:00:00,4620.6,4634.9,4592.81,4601.44,41438,47
2026-04-02 16:00:00,4601.64,4699.64,4580.8,4659.09,66937,47
2026-04-02 20:00:00,4658.96,4681.69,4645.64,4670.6,40213,37
2026-04-06 00:00:00,4636.15,4652.62,4600.63,4622.1,30746,37
2026-04-06 04:00:00,4622.38,4671.65,4620.27,4658.8,35513,50
2026-04-06 08:00:00,4658.79,4697.95,4643.14,4695.72,32938,50
2026-04-06 12:00:00,4695.77,4706.41,4659.55,4675.69,32913,50
2026-04-06 16:00:00,4675.68,4697.32,4651.96,4660.25,49582,50
2026-04-06 20:00:00,4660.13,4666.35,4645.48,4650.11,31618,37
2026-04-07 00:00:00,4661.65,4667.94,4648.96,4654.72,15145,37
2026-04-07 04:00:00,4654.59,4664.2,4616.13,4659.47,37885,53
2026-04-07 08:00:00,4659.89,4690.68,4623.07,4682.74,42617,47
2026-04-07 12:00:00,4682.79,4694.28,4628.74,4651.37,45235,47
2026-04-07 16:00:00,4651.43,4668.36,4607.46,4656.91,59216,47
2026-04-07 20:00:00,4657.13,4718.52,4653.74,4711.98,48999,37
2026-04-08 00:00:00,4744.36,4857.22,4713.26,4817.44,44670,37
2026-04-08 04:00:00,4817.6,4825.08,4788.07,4803.59,37011,50
2026-04-08 08:00:00,4803.44,4843.53,4790.26,4793.68,40163,47
2026-04-08 12:00:00,4793.64,4806.98,4768.11,4799.49,38955,47
2026-04-08 16:00:00,4799.5,4806.47,4732.01,4760.37,57335,47
2026-04-08 20:00:00,4760.33,4764.23,4699.47,4719.86,45184,37
2026-04-09 00:00:00,4727.3,4728.93,4698.76,4706.66,21154,37
2026-04-09 04:00:00,4706.59,4732.79,4699.39,4720.68,31566,50
2026-04-09 08:00:00,4720.71,4732.75,4703.39,4726.14,37931,47
2026-04-09 12:00:00,4726.02,4759.39,4722.76,4745.68,34054,47
2026-04-09 16:00:00,4745.78,4800.87,4738.82,4788.74,56151,47
2026-04-09 20:00:00,4788.75,4800.96,4760.58,4764.86,37012,37
2026-04-10 00:00:00,4771.92,4772.24,4750.55,4762.83,16382,37
2026-04-10 04:00:00,4762.82,4776.59,4737.92,4758.43,31178,50
2026-04-10 08:00:00,4758.45,4768.95,4730.36,4740.6,31057,47
2026-04-10 12:00:00,4740.66,4782.13,4740.45,4771.71,33037,47
2026-04-10 16:00:00,4770.75,4794.9,4747.49,4763.68,52776,47
2026-04-10 20:00:00,4763.69,4773.15,4740.99,4750.34,33839,40
2026-04-13 00:00:00,4669.24,4698.29,4644.16,4695.46,28211,37
2026-04-13 04:00:00,4694.45,4727.86,4693.62,4722.87,32058,50
2026-04-13 08:00:00,4722.91,4739.85,4716.26,4723.25,33751,47
2026-04-13 12:00:00,4723.24,4728.93,4703.34,4723.37,33775,47
2026-04-13 16:00:00,4723.59,4746.12,4700.29,4732.88,56223,47
2026-04-13 20:00:00,4732.89,4749.9,4723.24,4738.91,32449,37
2026-04-14 00:00:00,4745.91,4775.5,4745.13,4769.63,15915,50
2026-04-14 04:00:00,4769.57,4776.84,4761.69,4773.99,26449,50
2026-04-14 08:00:00,4774.0,4796.46,4757.82,4786.45,34453,47
2026-04-14 12:00:00,4786.58,4789.17,4752.32,4771.16,34349,47
2026-04-14 16:00:00,4771.17,4820.08,4771.01,4810.06,50959,47
2026-04-14 20:00:00,4810.12,4846.05,4809.42,4840.95,30301,47
2026-04-15 00:00:00,4848.6,4849.96,4826.95,4835.23,16858,45
2026-04-15 04:00:00,4835.15,4871.23,4816.86,4824.75,34606,50
2026-04-15 08:00:00,4824.82,4830.37,4803.96,4818.22,36713,47
2026-04-15 12:00:00,4818.23,4819.27,4786.19,4811.43,38580,47
2026-04-15 16:00:00,4811.37,4830.34,4786.65,4803.84,51123,47
2026-04-15 20:00:00,4803.78,4808.47,4787.44,4789.01,31576,47
2026-04-16 00:00:00,4796.48,4837.47,4790.19,4832.92,15788,50
2026-04-16 04:00:00,4832.88,4836.08,4811.06,4832.9,27933,50
2026-04-16 08:00:00,4832.93,4838.12,4806.5,4813.65,39691,47
2026-04-16 12:00:00,4813.61,4822.9,4804.99,4816.0,33444,47
2026-04-16 16:00:00,4816.35,4823.73,4772.62,4791.84,65565,49
2026-04-16 20:00:00,4791.91,4798.41,4781.11,4789.86,39094,49
2026-04-17 00:00:00,4793.98,4800.88,4785.64,4794.64,13695,52
2026-04-17 04:00:00,4794.55,4804.27,4767.54,4802.95,32327,52
2026-04-17 08:00:00,4802.83,4806.03,4778.66,4795.78,35125,49
2026-04-17 12:00:00,4795.79,4847.51,4782.11,4846.25,38281,49
2026-04-17 16:00:00,4846.12,4891.05,4834.8,4866.87,69082,49
2026-04-17 20:00:00,4866.89,4869.29,4832.44,4832.74,40729,39
2026-04-20 00:00:00,4773.29,4794.36,4736.81,4772.19,32104,39
2026-04-20 04:00:00,4772.11,4814.17,4771.47,4788.7,36400,52
2026-04-20 08:00:00,4788.74,4805.63,4779.22,4796.06,44686,49
2026-04-20 12:00:00,4795.97,4822.1,4783.3,4803.27,39564,49
2026-04-20 16:00:00,4803.48,4827.36,4792.29,4805.4,62458,49
2026-04-20 20:00:00,4805.67,4821.21,4803.64,4816.78,28123,49
2026-04-21 00:00:00,4825.12,4832.58,4816.68,4823.82,16826,52
2026-04-21 04:00:00,4823.83,4824.47,4788.59,4788.82,34878,52
2026-04-21 08:00:00,4788.98,4796.7,4772.41,4785.81,42541,49
2026-04-21 12:00:00,4786.08,4797.67,4766.4,4778.61,38921,49
2026-04-21 16:00:00,4778.59,4794.23,4708.05,4710.83,74234,49
2026-04-21 20:00:00,4710.84,4721.93,4668.27,4712.96,65811,39
2026-04-22 00:00:00,4725.41,4747.26,4714.98,4739.75,17738,52
2026-04-22 04:00:00,4739.67,4764.78,4735.76,4754.39,30430,52
2026-04-22 08:00:00,4754.43,4772.14,4751.72,4756.9,37193,49
2026-04-22 12:00:00,4756.71,4762.27,4742.68,4744.06,37730,49
2026-04-22 16:00:00,4744.09,4760.75,4723.77,4728.48,62773,49
2026-04-22 20:00:00,4728.65,4749.19,4728.38,4738.33,33390,44
2026-04-23 00:00:00,4741.61,4753.39,4694.01,4747.88,25702,41
2026-04-23 04:00:00,4747.67,4749.77,4697.97,4704.19,49118,52
2026-04-23 08:00:00,4704.2,4724.6,4692.27,4703.13,47622,49
2026-04-23 12:00:00,4703.04,4743.05,4684.09,4740.0,52032,49
2026-04-23 16:00:00,4740.04,4741.05,4715.39,4732.79,63298,49
2026-04-23 20:00:00,4733.09,4734.34,4664.11,4690.34,61692,39
2026-04-24 00:00:00,4694.77,4707.67,4686.72,4704.3,24310,39
2026-04-24 04:00:00,4704.38,4710.9,4657.47,4674.27,46170,52
2026-04-24 08:00:00,4674.38,4697.2,4666.56,4690.58,43913,49
2026-04-24 12:00:00,4690.62,4717.14,4674.47,4700.59,49817,49
2026-04-24 16:00:00,4700.58,4740.19,4689.63,4726.66,68203,49
2026-04-24 20:00:00,4726.69,4729.86,4705.06,4706.74,37447,39
2026-04-27 00:00:00,4696.83,4697.98,4672.0,4697.66,22237,48
2026-04-27 04:00:00,4697.63,4729.81,4690.59,4724.84,40417,48
2026-04-27 08:00:00,4724.94,4725.28,4705.22,4706.58,40327,45
2026-04-27 12:00:00,4706.65,4712.46,4696.82,4699.05,38100,45
2026-04-27 16:00:00,4699.47,4703.23,4667.04,4676.54,61378,41
2026-04-27 20:00:00,4676.67,4686.03,4668.11,4679.79,31441,42
2026-04-28 00:00:00,4682.33,4701.07,4682.28,4690.4,15271,45
2026-04-28 04:00:00,4690.41,4691.18,4666.41,4667.51,35429,45
2026-04-28 08:00:00,4667.66,4667.83,4614.55,4629.54,55981,42
2026-04-28 12:00:00,4629.47,4629.88,4554.73,4593.6,58591,42
2026-04-28 16:00:00,4593.56,4594.71,4557.15,4592.2,72762,42
2026-04-28 20:00:00,4592.19,4601.35,4587.05,4593.06,37247,42
2026-04-29 00:00:00,4598.41,4610.13,4587.74,4600.09,13835,45
2026-04-29 04:00:00,4600.1,4605.42,4575.9,4604.59,36725,45
2026-04-29 08:00:00,4604.61,4607.45,4557.14,4573.02,47126,42
2026-04-29 12:00:00,4573.17,4580.63,4541.53,4544.78,50507,42
2026-04-29 16:00:00,4544.79,4564.71,4510.08,4545.28,70090,42
2026-04-29 20:00:00,4545.32,4554.39,4518.17,4541.81,59938,42
2026-04-30 00:00:00,4539.7,4573.92,4539.37,4569.81,20625,45
2026-04-30 04:00:00,4569.72,4582.28,4540.72,4542.0,42806,45
2026-04-30 08:00:00,4541.92,4629.64,4541.92,4616.21,52101,42
2026-04-30 12:00:00,4616.3,4646.76,4614.08,4639.43,55963,42
2026-04-30 16:00:00,4639.47,4645.64,4605.26,4607.46,66296,42
2026-04-30 20:00:00,4607.49,4627.17,4607.49,4618.42,41219,42
2026-05-01 00:00:00,4628.74,4633.9,4618.36,4619.57,18501,45
2026-05-01 04:00:00,4619.16,4635.82,4609.03,4609.03,26095,45
2026-05-01 08:00:00,4609.01,4616.01,4565.0,4568.57,37372,42
2026-05-01 12:00:00,4568.87,4607.57,4560.21,4590.99,38026,42
2026-05-01 16:00:00,4590.63,4660.08,4586.4,4638.65,64530,42
2026-05-01 20:00:00,4638.75,4642.56,4606.8,4613.13,36198,42
2026-05-04 00:00:00,4625.35,4629.13,4601.7,4612.88,22466,45
2026-05-04 04:00:00,4612.87,4618.28,4590.86,4605.72,34243,45
2026-05-04 08:00:00,4605.78,4612.91,4573.56,4576.84,42077,42
2026-05-04 12:00:00,4576.64,4584.3,4525.84,4568.26,50872,42
2026-05-04 16:00:00,4568.18,4583.13,4500.56,4510.43,72496,42
2026-05-04 20:00:00,4510.42,4531.4,4509.76,4521.4,42031,42
2026-05-05 00:00:00,4520.26,4530.18,4513.44,4529.9,14146,45
2026-05-05 04:00:00,4529.54,4546.48,4525.19,4533.46,25967,45
2026-05-05 08:00:00,4533.43,4559.49,4531.29,4558.32,40518,42
2026-05-05 12:00:00,4558.39,4574.6,4539.74,4564.49,41691,42
2026-05-05 16:00:00,4564.47,4586.43,4553.56,4561.15,53671,42
2026-05-05 20:00:00,4561.14,4565.59,4551.4,4555.83,26598,42
2026-05-06 00:00:00,4552.25,4619.49,4546.13,4618.58,25878,45
2026-05-06 04:00:00,4618.56,4653.44,4609.37,4648.84,36824,45
2026-05-06 08:00:00,4648.85,4702.36,4644.52,4700.02,44694,42
2026-05-06 12:00:00,4700.34,4722.86,4660.27,4683.14,63542,42
2026-05-06 16:00:00,4683.08,4717.28,4668.67,4682.99,65628,42
2026-05-06 20:00:00,4682.82,4700.11,4678.79,4689.31,33772,42
2026-05-07 00:00:00,4690.44,4700.99,4685.32,4688.39,20544,45
2026-05-07 04:00:00,4688.49,4721.07,4685.04,4696.23,37166,45
2026-05-07 08:00:00,4696.2,4753.33,4694.51,4730.86,48195,42
2026-05-07 12:00:00,4730.95,4752.57,4721.71,4749.93,46839,42
2026-05-07 16:00:00,4749.95,4764.59,4704.28,4714.91,69543,42
2026-05-07 20:00:00,4715.56,4719.39,4687.63,4702.3,58869,42
2026-05-08 00:00:00,4692.99,4709.28,4681.58,4701.22,24027,45
2026-05-08 04:00:00,4701.08,4732.53,4700.54,4710.86,41778,45
2026-05-08 08:00:00,4710.97,4734.38,4696.94,4715.64,46983,42
2026-05-08 12:00:00,4715.63,4731.91,4702.72,4724.25,42977,42
2026-05-08 16:00:00,4724.26,4749.18,4701.89,4712.3,63221,42
2026-05-08 20:00:00,4712.27,4728.83,4712.0,4714.96,29238,42
2026-05-11 00:00:00,4686.72,4698.31,4669.92,4683.37,23961,45
2026-05-11 04:00:00,4683.23,4705.33,4668.3,4671.85,45537,45
2026-05-11 08:00:00,4671.78,4680.52,4647.93,4667.42,42629,42
2026-05-11 12:00:00,4667.48,4700.94,4650.41,4699.81,40443,42
2026-05-11 16:00:00,4700.04,4748.38,4698.62,4716.37,58836,42
2026-05-11 20:00:00,4716.36,4738.41,4715.75,4736.57,30245,42
2026-05-12 00:00:00,4740.4,4773.25,4737.34,4749.13,22769,45
2026-05-12 04:00:00,4749.12,4755.34,4711.08,4713.98,43568,45
2026-05-12 08:00:00,4713.8,4722.06,4687.26,4703.16,47065,42
2026-05-12 12:00:00,4703.06,4711.37,4685.07,4705.55,44665,42
2026-05-12 16:00:00,4705.5,4708.67,4638.23,4671.05,66714,42
2026-05-12 20:00:00,4671.17,4719.04,4671.17,4715.16,36901,42
2026-05-13 00:00:00,4719.97,4726.51,4712.57,4714.31,24416,45
2026-05-13 04:00:00,4714.55,4716.9,4687.49,4699.42,36749,45
2026-05-13 08:00:00,4699.37,4715.3,4693.59,4700.54,40232,42
2026-05-13 12:00:00,4700.58,4710.38,4676.16,4683.66,44305,42
2026-05-13 16:00:00,4683.45,4709.65,4669.27,4695.56,60789,42
2026-05-13 20:00:00,4695.58,4701.12,4677.5,4688.74,34078,42
2026-05-14 00:00:00,4693.19,4706.64,4688.82,4704.86,17710,45
2026-05-14 04:00:00,4704.99,4712.46,4668.7,4702.34,47199,45
2026-05-14 08:00:00,4702.31,4718.58,4685.94,4693.17,45468,42
2026-05-14 12:00:00,4693.18,4709.9,4688.36,4704.8,42475,42
2026-05-14 16:00:00,4704.89,4707.64,4666.67,4678.41,61211,42
2026-05-14 20:00:00,4678.43,4682.87,4644.21,4650.21,35899,42
2026-05-15 00:00:00,4652.62,4665.08,4613.46,4629.95,27502,45
2026-05-15 04:00:00,4630.14,4631.45,4604.17,4605.68,54047,45
2026-05-15 08:00:00,4605.97,4606.28,4550.1,4554.2,64233,42
2026-05-15 12:00:00,4554.35,4572.37,4531.67,4545.74,59484,42
2026-05-15 16:00:00,4546.42,4566.33,4511.61,4544.29,73354,39
2026-05-15 20:00:00,4544.23,4564.36,4532.98,4538.07,43795,39
2026-05-18 00:00:00,4544.86,4554.94,4480.26,4515.86,37055,42
2026-05-18 04:00:00,4515.05,4549.5,4489.3,4540.55,60805,42
2026-05-18 08:00:00,4540.53,4559.81,4529.64,4549.88,52943,39
2026-05-18 12:00:00,4549.75,4574.61,4529.91,4571.28,50459,39
2026-05-18 16:00:00,4571.29,4584.04,4531.63,4550.07,69384,39
2026-05-18 20:00:00,4549.83,4566.52,4534.19,4563.7,43860,39
2026-05-19 00:00:00,4570.72,4589.12,4561.15,4563.16,21368,42
2026-05-19 04:00:00,4562.79,4572.14,4537.83,4542.34,41995,42
2026-05-19 08:00:00,4542.73,4559.23,4530.79,4542.62,49227,37
2026-05-19 12:00:00,4542.65,4547.77,4525.38,4537.13,45296,37
2026-05-19 16:00:00,4536.93,4537.12,4464.78,4507.6,71282,37
2026-05-19 20:00:00,4507.54,4510.88,4480.78,4483.03,41051,37
2026-05-20 00:00:00,4484.14,4508.76,4477.31,4500.81,25600,40
2026-05-20 04:00:00,4500.58,4505.94,4453.53,4461.96,52479,40
2026-05-20 08:00:00,4461.86,4489.89,4461.28,4483.97,50354,37
2026-05-20 12:00:00,4483.99,4505.27,4472.68,4496.05,39472,37
2026-05-20 16:00:00,4495.93,4552.41,4466.97,4534.3,70577,37
2026-05-20 20:00:00,4534.33,4550.19,4529.06,4542.77,38997,37
2026-05-21 00:00:00,4544.14,4553.1,4534.46,4545.11,22112,40
2026-05-21 04:00:00,4545.13,4570.6,4527.04,4538.28,41188,40
2026-05-21 08:00:00,4538.31,4540.3,4511.9,4532.42,50005,37
2026-05-21 12:00:00,4532.39,4543.05,4501.32,4504.0,52624,37
2026-05-21 16:00:00,4503.53,4520.73,4488.63,4519.34,67696,37
2026-05-21 20:00:00,4519.58,4559.15,4514.06,4540.44,51944,37
2026-05-22 00:00:00,4544.72,4544.79,4525.43,4526.47,18185,40
2026-05-22 04:00:00,4526.05,4535.98,4518.46,4527.06,36075,40
2026-05-22 08:00:00,4526.94,4534.08,4507.22,4521.76,43981,37
2026-05-22 12:00:00,4521.77,4536.68,4510.03,4528.15,42773,37
2026-05-22 16:00:00,4528.08,4534.13,4488.45,4514.8,60096,37
2026-05-22 20:00:00,4514.87,4527.74,4504.0,4506.77,37073,37
2026-05-25 00:00:00,4550.43,4579.81,4548.35,4569.3,26460,48
2026-05-25 04:00:00,4569.36,4575.99,4556.38,4564.61,36620,48
2026-05-25 08:00:00,4564.65,4565.58,4550.32,4556.0,34507,44
2026-05-25 12:00:00,4556.02,4576.8,4552.84,4567.51,28325,44
2026-05-25 16:00:00,4567.47,4574.41,4559.93,4573.42,29232,44
2026-05-25 20:00:00,4573.29,4577.59,4563.18,4570.78,4396,44
2026-05-26 00:00:00,4570.84,4580.02,4539.41,4549.42,23539,48
2026-05-26 04:00:00,4549.4,4550.17,4523.4,4525.29,34317,43
2026-05-26 08:00:00,4525.2,4539.01,4520.05,4523.63,40759,40
2026-05-26 12:00:00,4524.03,4540.38,4500.48,4520.3,46330,37
2026-05-26 16:00:00,4519.99,4531.14,4500.0,4504.82,55064,37
2026-05-26 20:00:00,4504.85,4510.63,4482.41,4506.5,31720,37
2026-05-27 00:00:00,4505.93,4527.97,4498.0,4514.95,19474,40
2026-05-27 04:00:00,4514.77,4520.91,4495.73,4510.02,28191,40
2026-05-27 08:00:00,4509.97,4513.67,4475.72,4497.74,43726,36
2026-05-27 12:00:00,4497.67,4497.67,4424.97,4438.74,48861,36
2026-05-27 16:00:00,4438.25,4455.37,4401.36,4450.68,62271,36
2026-05-27 20:00:00,4450.69,4458.75,4441.27,4454.14,28242,36
2026-05-28 00:00:00,4456.32,4462.19,4443.46,4456.94,19092,39
2026-05-28 04:00:00,4456.9,4458.54,4366.45,4372.89,51848,39
2026-05-28 08:00:00,4373.04,4396.03,4367.13,4386.91,42602,36
2026-05-28 12:00:00,4386.83,4433.35,4375.2,4432.03,44790,36
2026-05-28 16:00:00,4432.04,4510.96,4418.16,4510.9,66456,36
2026-05-28 20:00:00,4510.91,4516.39,4494.77,4495.87,33788,36
2026-05-29 00:00:00,4497.37,4500.33,4488.93,4495.94,17182,39
2026-05-29 04:00:00,4496.09,4520.59,4492.35,4513.97,35973,39
2026-05-29 08:00:00,4513.99,4525.92,4502.45,4514.81,37545,36
2026-05-29 12:00:00,4514.87,4543.17,4512.63,4522.86,39074,36
2026-05-29 16:00:00,4522.91,4595.17,4517.0,4566.77,64729,36
2026-05-29 20:00:00,4566.86,4568.42,4541.2,4541.77,33402,36
2026-06-01 00:00:00,4520.19,4545.79,4519.55,4540.4,19983,39
2026-06-01 04:00:00,4540.68,4541.38,4508.44,4514.22,33137,39
2026-06-01 08:00:00,4514.25,4524.99,4490.53,4497.96,36198,36
2026-06-01 12:00:00,4497.97,4512.79,4489.03,4502.09,34202,36
2026-06-01 16:00:00,4502.77,4503.71,4446.93,4479.97,61484,36
2026-06-01 20:00:00,4479.91,4495.24,4471.38,4483.77,28282,36
2026-06-02 00:00:00,4483.03,4497.0,4476.56,4481.53,16774,39
2026-06-02 04:00:00,4481.31,4518.05,4462.87,4517.18,38278,39
2026-06-02 08:00:00,4517.21,4541.34,4515.05,4526.62,36604,36
2026-06-02 12:00:00,4526.72,4535.63,4513.37,4514.26,30815,36
2026-06-02 16:00:00,4514.7,4524.67,4486.2,4491.81,50659,36
2026-06-02 20:00:00,4491.78,4492.95,4478.59,4488.65,26035,36
2026-06-03 00:00:00,4490.15,4496.6,4462.18,4486.05,22470,39
2026-06-03 04:00:00,4485.9,4487.92,4463.57,4469.28,30307,39
2026-06-03 08:00:00,4469.27,4474.06,4440.09,4443.86,41318,36
2026-06-03 12:00:00,4443.54,4467.93,4438.85,4460.32,41700,36
2026-06-03 16:00:00,4460.26,4465.92,4426.31,4441.72,60506,36
2026-06-03 20:00:00,4441.73,4452.12,4431.36,4431.36,32728,36
2026-06-04 00:00:00,4432.18,4465.14,4423.64,4448.33,23620,39
2026-06-04 04:00:00,4448.31,4483.86,4443.33,4480.89,36403,39
2026-06-04 08:00:00,4480.88,4482.21,4458.39,4463.15,39210,36
2026-06-04 12:00:00,4463.19,4514.47,4460.86,4504.02,45790,36
2026-06-04 16:00:00,4503.96,4515.3,4457.17,4482.65,54337,36
2026-06-04 20:00:00,4482.6,4483.3,4472.65,4474.66,26331,36
2026-06-05 00:00:00,4473.63,4481.28,4450.56,4459.42,20812,39
2026-06-05 04:00:00,4459.2,4469.83,4435.11,4444.87,41493,39
2026-06-05 08:00:00,4444.88,4468.09,4428.72,4462.7,40800,36
2026-06-05 12:00:00,4462.45,4475.61,4404.71,4405.98,38950,36
2026-06-05 16:00:00,4406.0,4420.88,4323.36,4344.41,79439,36
2026-06-05 20:00:00,4344.44,4347.29,4311.67,4327.26,61612,36
2026-06-08 00:00:00,4320.46,4353.25,4309.99,4342.35,33808,39
2026-06-08 04:00:00,4342.09,4345.56,4300.12,4312.49,56161,39
2026-06-08 08:00:00,4312.54,4316.72,4268.5,4288.74,57899,36
2026-06-08 12:00:00,4288.73,4339.27,4272.87,4332.95,51550,36
2026-06-08 16:00:00,4333.01,4346.51,4314.72,4340.58,65515,36
2026-06-08 20:00:00,4340.56,4345.8,4323.25,4327.26,39095,36
2026-06-09 00:00:00,4326.81,4328.75,4312.82,4319.72,20085,39
2026-06-09 04:00:00,4319.6,4342.0,4318.55,4332.22,39037,39
2026-06-09 08:00:00,4332.54,4351.27,4321.11,4326.49,40558,36
2026-06-09 12:00:00,4326.46,4344.05,4324.07,4341.23,32928,36
2026-06-09 16:00:00,4341.25,4363.37,4236.66,4252.06,81542,36
2026-06-09 20:00:00,4251.86,4274.17,4249.86,4261.67,57910,37
2026-06-10 00:00:00,4255.11,4257.28,4198.94,4218.11,32698,39
2026-06-10 04:00:00,4218.07,4218.65,4172.13,4174.66,51920,39
2026-06-10 08:00:00,4174.99,4221.66,4161.29,4168.85,55314,36
2026-06-10 12:00:00,4168.89,4179.41,4130.55,4146.84,61791,36
2026-06-10 16:00:00,4146.89,4186.16,4106.69,4121.83,83537,36
2026-06-10 20:00:00,4122.15,4134.83,4067.38,4067.78,59151,39
2026-06-11 00:00:00,4063.23,4077.81,4023.77,4075.8,43279,42
2026-06-11 04:00:00,4075.78,4117.92,4052.33,4082.6,57699,42
2026-06-11 08:00:00,4082.59,4112.43,4072.57,4084.36,51618,39
2026-06-11 12:00:00,4084.35,4096.25,4057.45,4081.87,48314,39
2026-06-11 16:00:00,4081.73,4107.4,4052.8,4080.11,77934,39
2026-06-11 20:00:00,4080.1,4219.92,4071.76,4211.06,67639,39
2026-06-12 00:00:00,4208.43,4246.45,4200.7,4208.11,33617,42
2026-06-12 04:00:00,4208.09,4210.73,4171.26,4189.81,48903,42
2026-06-12 08:00:00,4189.77,4225.83,4170.12,4219.48,53187,39
2026-06-12 12:00:00,4219.49,4227.87,4188.35,4191.62,46261,39
2026-06-12 16:00:00,4191.6,4235.42,4176.92,4215.86,74369,39
2026-06-12 20:00:00,4215.84,4235.29,4201.69,4214.9,40059,39
2026-06-15 00:00:00,4300.53,4308.84,4280.33,4292.43,27920,42
2026-06-15 04:00:00,4292.55,4335.26,4285.3,4328.07,37836,42
2026-06-15 08:00:00,4327.8,4345.29,4300.81,4334.13,40877,39
2026-06-15 12:00:00,4334.12,4349.24,4324.52,4348.83,37464,39
2026-06-15 16:00:00,4348.93,4369.36,4334.44,4339.12,55717,39
2026-06-15 20:00:00,4338.97,4339.02,4308.17,4309.81,33148,39
2026-06-16 00:00:00,4313.1,4320.58,4305.77,4319.05,19022,42
2026-06-16 04:00:00,4319.1,4332.95,4307.44,4322.38,37216,42
2026-06-16 08:00:00,4322.37,4347.82,4313.25,4346.84,37868,39
2026-06-16 12:00:00,4346.86,4354.76,4334.98,4354.56,34422,39
2026-06-16 16:00:00,4354.29,4354.67,4313.14,4340.5,59305,39
2026-06-16 20:00:00,4340.36,4342.72,4325.23,4331.77,33061,39
2026-06-17 00:00:00,4331.58,4341.56,4328.39,4336.94,14165,42
2026-06-17 04:00:00,4336.66,4349.45,4317.58,4326.56,32919,42
2026-06-17 08:00:00,4326.63,4334.06,4317.19,4324.7,36488,36
2026-06-17 12:00:00,4324.69,4335.49,4319.74,4333.53,32932,36
2026-06-17 16:00:00,4333.52,4366.35,4324.0,4359.38,52766,36
2026-06-17 20:00:00,4359.39,4382.28,4218.86,4258.39,70294,36
2026-06-18 00:00:00,4258.31,4315.13,4258.16,4308.34,28253,39
2026-06-18 04:00:00,4308.5,4329.63,4306.87,4315.92,42138,39
2026-06-18 08:00:00,4315.64,4324.59,4265.45,4266.57,47403,36
2026-06-18 12:00:00,4266.58,4273.13,4239.89,4246.49,49868,36
2026-06-18 16:00:00,4246.49,4276.58,4213.9,4219.3,66670,36
2026-06-18 20:00:00,4219.97,4233.01,4201.44,4210.02,39631,36
2026-06-19 00:00:00,4204.81,4210.35,4184.24,4190.14,20624,39
2026-06-19 04:00:00,4190.18,4194.38,4124.94,4125.61,38338,39
2026-06-19 08:00:00,4125.91,4178.4,4121.65,4168.95,45487,36
2026-06-19 12:00:00,4168.97,4179.93,4141.75,4178.9,39983,36
2026-06-19 16:00:00,4178.92,4182.73,4142.44,4155.46,36775,36
2026-06-22 00:00:00,4156.47,4200.74,4136.37,4200.66,30073,39
2026-06-22 04:00:00,4200.92,4220.4,4170.54,4181.65,47828,39
2026-06-22 08:00:00,4181.63,4207.16,4179.24,4197.23,43437,36
2026-06-22 12:00:00,4197.36,4214.9,4192.13,4193.25,37859,36
2026-06-22 16:00:00,4193.36,4210.56,4169.71,4189.67,64277,36
2026-06-22 20:00:00,4189.81,4193.64,4176.97,4191.05,33020,36
2026-06-23 00:00:00,4192.72,4195.16,4178.23,4193.14,17937,39
2026-06-23 04:00:00,4193.31,4198.1,4114.97,4118.0,49950,39
2026-06-23 08:00:00,4118.2,4137.29,4090.85,4105.18,58634,36
2026-06-23 12:00:00,4105.17,4133.1,4103.91,4113.15,47532,36
2026-06-23 16:00:00,4113.33,4144.88,4105.29,4134.13,65472,36
2026-06-23 20:00:00,4134.05,4139.59,4107.31,4110.26,38529,36
2026-06-24 00:00:00,4111.27,4114.94,4080.77,4097.21,32368,42
2026-06-24 04:00:00,4097.18,4102.06,4050.32,4064.31,58181,42
2026-06-24 08:00:00,4064.3,4097.43,4060.6,4076.15,49395,39
2026-06-24 12:00:00,4076.21,4078.96,3987.54,3987.66,53044,39
2026-06-24 16:00:00,3987.61,4041.8,3964.42,4006.54,74502,41
2026-06-24 20:00:00,4006.61,4011.07,3959.19,3997.04,58734,41
2026-06-25 00:00:00,4007.4,4018.48,3978.42,3991.36,29872,44
2026-06-25 04:00:00,3991.75,4005.76,3963.6,3995.91,60324,44
2026-06-25 08:00:00,3995.9,4001.88,3971.34,3989.07,52102,41
2026-06-25 12:00:00,3989.06,4019.16,3973.54,4012.2,45172,41
2026-06-25 16:00:00,4012.27,4043.89,3999.04,4028.6,75914,41
2026-06-25 20:00:00,4028.63,4044.05,4021.75,4024.61,44554,41
2026-06-26 00:00:00,4029.29,4036.35,4011.26,4020.1,28283,44
2026-06-26 04:00:00,4020.45,4029.29,3982.9,4011.16,52343,44
2026-06-26 08:00:00,4011.51,4039.56,4005.64,4030.86,48473,41
2026-06-26 12:00:00,4030.88,4061.39,4029.51,4058.89,42052,41
2026-06-26 16:00:00,4058.88,4095.84,4043.24,4084.95,64941,41
2026-06-26 20:00:00,4084.98,4088.02,4064.46,4075.46,34531,41
2026-06-29 00:00:00,4075.63,4083.47,4048.17,4069.41,31938,44
2026-06-29 04:00:00,4069.39,4075.44,4049.49,4052.08,49006,44
2026-06-29 08:00:00,4051.38,4068.39,4039.24,4046.87,45606,41
2026-06-29 12:00:00,4046.86,4055.05,4024.38,4043.42,40539,41
2026-06-29 16:00:00,4043.43,4051.53,3999.84,4023.8,57076,41
2026-06-29 20:00:00,4023.84,4031.9,4005.13,4014.54,25608,41
2026-06-30 00:00:00,4018.49,4022.23,3979.98,3986.99,23653,44
2026-06-30 04:00:00,3986.98,3997.88,3941.74,3985.38,52441,44
2026-06-30 08:00:00,3985.36,4037.43,3974.99,4015.48,49750,41
2026-06-30 12:00:00,4015.16,4037.14,4008.58,4010.05,37056,41
2026-06-30 16:00:00,4009.69,4063.22,4009.2,4026.03,57762,41
2026-06-30 20:00:00,4026.03,4033.64,4010.07,4010.82,27119,41
2026-07-01 00:00:00,4013.93,4018.08,3992.98,3996.53,21305,44
2026-07-01 04:00:00,3996.44,3999.48,3969.99,3976.42,42985,44
2026-07-01 08:00:00,3976.38,3984.3,3960.06,3974.31,44661,41
2026-07-01 12:00:00,3974.31,4035.3,3972.63,4022.67,42912,41
2026-07-01 16:00:00,4022.65,4115.58,4012.74,4071.09,64522,41
2026-07-01 20:00:00,4071.44,4073.51,4028.38,4032.82,35300,41
2026-07-02 00:00:00,4039.19,4052.41,4030.54,4051.58,20948,44
2026-07-02 04:00:00,4051.61,4073.95,4041.12,4060.55,42566,44
2026-07-02 08:00:00,4060.53,4079.88,4053.1,4076.0,47775,41
2026-07-02 12:00:00,4075.95,4140.34,4057.26,4117.41,46032,41
2026-07-02 16:00:00,4117.38,4143.66,4100.22,4117.98,72760,41
2026-07-02 20:00:00,4117.97,4126.9,4105.64,4119.55,42722,41
2026-07-03 00:00:00,4125.41,4150.85,4121.01,4147.1,22215,44
2026-07-03 04:00:00,4147.09,4195.19,4146.51,4178.71,41444,44
2026-07-03 08:00:00,4178.69,4186.33,4160.32,4180.86,39276,41
2026-07-03 12:00:00,4180.9,4186.13,4168.34,4176.69,27644,41
2026-07-03 16:00:00,4177.05,4179.14,4155.28,4174.76,32051,41
2026-07-06 00:00:00,4180.2,4201.57,4170.4,4179.74,27149,44
2026-07-06 04:00:00,4179.57,4202.82,4157.33,4159.51,46500,44
2026-07-06 08:00:00,4159.61,4166.12,4144.65,4150.36,38682,37
2026-07-06 12:00:00,4150.36,4159.39,4131.36,4139.5,33151,37
2026-07-06 16:00:00,4139.48,4156.07,4128.37,4154.89,50876,37
2026-07-06 20:00:00,4155.07,4167.31,4150.21,4163.2,29334,37
2026-07-07 00:00:00,4164.58,4168.26,4145.15,4145.93,18316,40
2026-07-07 04:00:00,4145.86,4147.88,4124.23,4126.47,41262,40
2026-07-07 08:00:00,4126.54,4139.11,4116.5,4125.88,43266,37
2026-07-07 12:00:00,4125.84,4174.81,4119.7,4172.15,39827,40
2026-07-07 16:00:00,4172.17,4180.29,4135.74,4144.94,58004,40
2026-07-07 20:00:00,4144.93,4147.99,4092.14,4104.97,41306,40
2026-07-08 00:00:00,4104.9,4126.51,4095.73,4111.36,27253,43
2026-07-08 04:00:00,4111.35,4130.94,4096.25,4124.9,50228,43
2026-07-08 08:00:00,4124.89,4133.76,4052.1,4056.52,55302,40
2026-07-08 12:00:00,4056.55,4086.23,4040.53,4071.93,58589,40
2026-07-08 16:00:00,4072.05,4082.8,4021.62,4063.53,73306,40
2026-07-08 20:00:00,4063.58,4091.24,4059.52,4075.08,47544,40
2026-07-09 00:00:00,4074.11,4089.53,4070.18,4073.75,20613,43
2026-07-09 04:00:00,4073.73,4082.35,4054.09,4064.14,41967,43
2026-07-09 08:00:00,4064.19,4117.55,4063.54,4108.15,45364,40
2026-07-09 12:00:00,4108.23,4122.4,4093.6,4107.55,38855,40
2026-07-09 16:00:00,4107.54,4137.78,4106.65,4127.88,55620,40
2026-07-09 20:00:00,4127.87,4137.81,4118.84,4123.54,31082,40
2026-07-10 00:00:00,4125.06,4128.09,4114.19,4126.32,15301,43
2026-07-10 04:00:00,4126.28,4134.59,4108.59,4114.98,35730,43
2026-07-10 08:00:00,4114.91,4119.92,4094.63,4097.68,34869,40
2026-07-10 12:00:00,4097.6,4117.41,4094.24,4100.57,31631,40
2026-07-10 16:00:00,4100.84,4115.29,4072.53,4104.35,52809,40
2026-07-10 20:00:00,4104.29,4114.95,4097.65,4113.6,26317,40
2026-07-13 00:00:00,4091.08,4093.93,4061.03,4073.87,30596,40
2026-07-13 04:00:00,4073.85,4089.58,4050.15,4058.64,49788,40
2026-07-13 08:00:00,4058.66,4080.52,4043.69,4074.5,49315,37
2026-07-13 12:00:00,4074.1,4076.55,4046.84,4067.18,41553,37
2026-07-13 16:00:00,4067.31,4067.44,3986.47,3993.13,66368,37
2026-07-13 20:00:00,3993.56,4006.06,3986.63,3999.0,45515,37
2026-07-14 00:00:00,4001.46,4007.08,3983.67,4004.07,26794,40
2026-07-14 04:00:00,4004.27,4023.21,3992.15,4020.12,46538,40
2026-07-14 08:00:00,4020.33,4033.89,4014.46,4015.76,42564,37
2026-07-14 12:00:00,4015.77,4101.35,4013.68,4076.17,47087,37
2026-07-14 16:00:00,4076.1,4100.3,4057.53,4061.44,68216,37
2026-07-14 20:00:00,4061.45,4064.9,4042.71,4049.98,36472,37
2026-07-15 00:00:00,4052.87,4060.34,4046.63,4058.83,18915,40
2026-07-15 04:00:00,4059.37,4061.9,4027.9,4032.98,38427,40
2026-07-15 08:00:00,4032.97,4036.36,4017.27,4031.07,41426,37
2026-07-15 12:00:00,4031.08,4071.36,4025.4,4067.64,40733,37
2026-07-15 16:00:00,4068.31,4073.91,4026.82,4033.68,63410,37
2026-07-15 20:00:00,4033.85,4081.1,4032.91,4061.23,41687,37
2026-07-16 00:00:00,4061.28,4064.54,4043.81,4044.44,20085,40
2026-07-16 04:00:00,4044.52,4050.35,4023.89,4033.01,42621,40
2026-07-16 08:00:00,4032.84,4036.43,4022.83,4035.19,45168,37
2026-07-16 12:00:00,4035.25,4043.19,3990.24,3992.2,44411,37
2026-07-16 16:00:00,3992.17,4016.66,3973.51,3991.93,68157,37
2026-07-16 20:00:00,3992.2,3992.78,3968.85,3974.5,43296,37
2026-07-17 00:00:00,3978.45,3991.83,3973.08,3991.72,22758,40
2026-07-17 04:00:00,3991.76,4008.47,3970.62,3981.68,50314,40
2026-07-17 08:00:00,3981.51,4007.08,3975.25,3994.06,52521,37
2026-07-17 12:00:00,3993.88,4002.31,3963.91,3965.96,46582,37
2026-07-17 16:00:00,3965.98,4023.6,3959.52,4014.89,69790,37
2026-07-17 20:00:00,4015.21,4019.11,4002.18,4015.66,41942,37
2026-07-20 00:00:00,3996.66,4009.88,3982.56,4008.4,26219,40
2026-07-20 04:00:00,4008.42,4028.54,3995.65,4018.74,47538,40
2026-07-20 08:00:00,4018.84,4030.5,4002.04,4018.88,43420,37
2026-07-20 12:00:00,4018.76,4040.57,4006.31,4008.08,42322,37
2026-07-20 16:00:00,4007.99,4019.33,3998.2,4009.7,54587,37
2026-07-20 20:00:00,4009.69,4017.78,4003.21,4007.79,33345,37
2026-07-21 00:00:00,4007.96,4026.97,3999.59,4024.72,24527,40
2026-07-21 04:00:00,4024.79,4051.51,4018.29,4049.48,40102,40
2026-07-21 08:00:00,4049.47,4083.95,4046.29,4062.72,38267,37
2026-07-21 12:00:00,4062.84,4070.07,4051.03,4053.96,35621,37
2026-07-21 16:00:00,4053.8,4083.22,4044.38,4071.45,51864,37
2026-07-21 20:00:00,4071.44,4086.83,4066.71,4078.29,26263,37
2026-07-22 00:00:00,4078.52,4101.98,4076.63,4097.3,19846,40
2026-07-22 04:00:00,4097.57,4141.52,4096.64,4126.85,44722,40
2026-07-22 08:00:00,4126.82,4135.13,4109.16,4118.21,45193,37
2026-07-22 12:00:00,4118.45,4134.32,4107.1,4112.75,40232,37
2026-07-22 16:00:00,4112.97,4165.87,4112.53,4146.76,56402,37
2026-07-22 20:00:00,4147.02,4147.78,4128.27,4129.97,36201,37
2026-07-23 00:00:00,4120.67,4134.57,4116.54,4132.03,24451,40
2026-07-23 04:00:00,4131.99,4140.77,4111.96,4121.1,44287,40
2026-07-23 08:00:00,4121.02,4130.37,4086.75,4093.31,45406,37
2026-07-23 12:00:00,4093.23,4099.25,4060.89,4061.67,44670,37
2026-07-23 16:00:00,4061.7,4067.3,4040.01,4051.3,65732,37
2026-07-23 20:00:00,4051.32,4054.45,4040.62,4049.56,35996,37
2026-07-24 00:00:00,4048.97,4050.47,4041.06,4049.66,16060,40
2026-07-24 04:00:00,4049.75,4050.25,4022.97,4026.85,37072,40
2026-07-24 08:00:00,4026.99,4058.48,4021.9,4057.38,39911,37
2026-07-24 12:00:00,4057.39,4063.74,4051.26,4055.97,31085,37
2026-07-24 16:00:00,4055.88,4081.9,4044.52,4066.96,56184,37
2026-07-24 20:00:00,4067.14,4069.73,4048.97,4054.23,31105,37
2026-07-27 00:00:00,4089.37,4115.98,4083.55,4100.56,26106,40
2026-07-27 04:00:00,4100.53,4112.31,4085.02,4090.08,39287,40
2026-07-27 08:00:00,4090.05,4105.87,4084.28,4095.06,40334,37
2026-07-27 12:00:00,4094.96,4103.98,4081.53,4083.6,35446,37
2026-07-27 16:00:00,4083.86,4093.78,4065.29,4082.26,61475,37
2026-07-27 20:00:00,4082.24,4089.17,4070.47,4076.44,35157,37
2026-07-28 00:00:00,4080.74,4081.16,4057.6,4057.89,19673,40
2026-07-28 04:00:00,4057.87,4060.14,4040.13,4041.99,40161,40
2026-07-28 08:00:00,4041.86,4055.04,4034.77,4045.38,41420,37
2026-07-28 12:00:00,4045.72,4045.79,4016.91,4029.35,42540,37
2026-07-28 16:00:00,4029.38,4046.91,4011.4,4037.41,60903,37
2026-07-28 20:00:00,4037.57,4041.36,4021.57,4027.39,37833,37
2026-07-29 00:00:00,4026.65,4029.64,4013.72,4021.73,26752,40
2026-07-29 04:00:00,4021.68,4037.65,4010.18,4027.16,43759,40
2026-07-29 08:00:00,4027.33,4047.56,4026.5,4037.44,34910,37
2026-07-29 12:00:00,4037.96,4038.2,4009.05,4022.44,33033,37
2026-07-29 16:00:00,4022.48,4032.67,3995.83,4027.11,59288,37
2026-07-29 20:00:00,4027.19,4116.38,4027.19,4065.98,70722,37
2026-07-30 00:00:00,4073.67,4100.2,4064.68,4072.02,32891,40
2026-07-30 04:00:00,4072.12,4092.77,4044.29,4045.88,53506,40
2026-07-30 08:00:00,4045.87,4072.8,4028.29,4061.29,56342,37
2026-07-30 12:00:00,4061.44,4086.41,4060.21,4068.8,49965,37
2026-07-30 16:00:00,4068.74,4120.3,4064.96,4110.57,68183,37
2026-07-30 20:00:00,4110.56,4117.25,4098.34,4099.86,38653,37
2026-07-31 00:00:00,4102.85,4111.55,4090.35,4094.55,19097,40
2026-07-31 04:00:00,4094.7,4101.46,4071.9,4079.86,33665,40
2026-07-31 08:00:00,4079.91,4087.37,4054.25,4060.83,36946,37
2026-07-31 12:00:00,4060.77,4063.84,4040.47,4040.65,35265,37
2026-07-31 16:00:00,4040.48,4052.42,4020.45,4043.23,61603,37
2026-07-31 20:00:00,4043.2,4055.41,4041.32,4051.26,32659,37
2026-08-03 00:00:00,4075.2,4078.82,4055.62,4056.99,28654,40
2026-08-03 04:00:00,4057.06,4071.71,4047.25,4063.73,36875,40
2026-08-03 08:00:00,4063.74,4071.92,4051.97,4059.34,37386,37
2026-08-03 12:00:00,4059.28,4064.35,4042.08,4047.53,36592,37
2026-08-03 16:00:00,4047.51,4053.47,4018.97,4036.8,48100,37
2026-08-03 20:00:00,4036.93,4058.03,4029.56,4056.16,25433,37
2026-08-04 00:00:00,4051.27,4069.12,4048.55,4049.15,15566,40
2026-08-04 04:00:00,4049.14,4066.09,4042.43,4063.63,30564,40
2026-08-04 08:00:00,4063.62,4072.68,4054.41,4054.95,30926,37
2026-08-04 12:00:00,4054.94,4084.26,4045.41,4070.75,40283,37
2026-08-04 16:00:00,4071.03,4093.71,4061.2,4093.23,53363,37
2026-08-04 20:00:00,4093.04,4106.26,4074.55,4076.76,30610,37
2026-08-05 00:00:00,4077.96,4085.62,4065.35,4082.3,17425,40
2026-08-05 04:00:00,4082.29,4141.26,4077.57,4135.4,38981,40
2026-08-05 08:00:00,4135.34,4179.37,4134.62,4160.32,45492,37
2026-08-05 12:00:00,4160.52,4213.33,4150.06,4183.76,44180,37
2026-08-05 16:00:00,4183.7,4265.04,4183.55,4242.13,70237,37
2026-08-05 20:00:00,4242.25,4267.51,4236.74,4244.02,39013,37
2026-08-06 00:00:00,4249.13,4300.14,4245.5,4294.54,25443,40
2026-08-06 04:00:00,4294.56,4303.9,4252.78,4262.08,48361,40
2026-08-06 08:00:00,4261.92,4278.71,4247.02,4278.08,41762,37
2026-08-06 12:00:00,4278.09,4284.57,4249.13,4250.11,42040,37
2026-08-06 16:00:00,4250.03,4275.11,4223.35,4241.31,66185,37
2026-08-06 20:00:00,4241.33,4251.13,4232.93,4236.45,32531,37
2026-08-07 00:00:00,4236.38,4253.08,4229.54,4232.67,18341,40
2026-08-07 04:00:00,4232.69,4268.92,4231.6,4264.83,40281,40
2026-08-07 08:00:00,4264.79,4316.49,4261.78,4305.94,46221,37
2026-08-07 12:00:00,4306.19,4371.65,4300.13,4361.21,49243,37
2026-08-07 16:00:00,4361.25,4367.82,4327.33,4329.01,74134,37
2026-08-07 20:00:00,4328.99,4350.25,4327.58,4339.65,41517,37
2026-08-10 00:00:00,4340.07,4348.89,4330.6,4332.16,23065,40
2026-08-10 04:00:00,4332.01,4340.61,4313.3,4339.4,40171,40
2026-08-10 08:00:00,4339.38,4361.84,4331.55,4346.53,37429,37
2026-08-10 12:00:00,4346.49,4349.9,4324.09,4332.38,34076,37
2026-08-10 16:00:00,4331.97,4364.54,4316.55,4356.65,58739,37
2026-08-10 20:00:00,4357.11,4395.04,4351.68,4388.81,39278,37
2026-08-11 00:00:00,4389.51,4419.11,4389.3,4409.33,20188,40
2026-08-11 04:00:00,4409.21,4434.98,4393.53,4408.72,43015,40
2026-08-11 08:00:00,4408.68,4408.85,4356.65,4368.97,47311,37
2026-08-11 12:00:00,4369.02,4399.89,4367.41,4392.3,42655,37
2026-08-11 16:00:00,4392.21,4404.02,4368.98,4383.29,58777,37
2026-08-11 20:00:00,4383.33,4385.57,4360.12,4367.28,34790,37
2026-08-12 00:00:00,4372.47,4383.54,4362.39,4380.35,21699,40
2026-08-12 04:00:00,4380.68,4415.77,4378.21,4400.86,37941,40
2026-08-12 08:00:00,4400.85,4410.38,4383.86,4401.67,34438,37
2026-08-12 12:00:00,4401.78,4437.9,4381.91,4437.38,42314,37
2026-08-12 16:00:00,4437.22,4441.26,4396.58,4401.56,68807,37
2026-08-12 20:00:00,4401.52,4418.21,4396.21,4408.14,34565,37
2026-08-13 00:00:00,4405.27,4449.59,4398.15,4427.82,19630,40
2026-08-13 04:00:00,4427.6,4435.15,4391.49,4397.67,45235,40
2026-08-13 08:00:00,4397.6,4407.1,4363.92,4375.76,48042,37
2026-08-13 12:00:00,4375.74,4401.72,4372.36,4401.69,37886,37
2026-08-13 16:00:00,4401.85,4401.85,4351.16,4366.94,66619,37
2026-08-13 20:00:00,4366.91,4373.22,4343.4,4349.77,38697,37
2026-08-14 00:00:00,4352.93,4363.94,4329.34,4340.82,24333,40
2026-08-14 04:00:00,4340.83,4341.29,4310.76,4326.73,39681,40
2026-08-14 08:00:00,4326.75,4349.62,4310.9,4348.57,37844,37
2026-08-14 12:00:00,4348.58,4386.78,4345.96,4373.53,36077,37
2026-08-14 16:00:00,4373.54,4396.87,4370.12,4385.81,55803,37
2026-08-14 20:00:00,4385.9,4386.29,4370.81,4375.21,26768,37
2026-08-17 00:00:00,4373.1,4401.95,4367.02,4400.6,21520,40
2026-08-17 04:00:00,4400.65,4416.32,4387.94,4390.6,39321,40
2026-08-17 08:00:00,4390.59,4411.19,4386.81,4394.92,37828,37
2026-08-17 12:00:00,4394.9,4405.6,4377.21,4384.77,34251,37
2026-08-17 16:00:00,4384.79,4428.71,4381.69,4424.05,56416,37
2026-08-17 20:00:00,4424.21,4426.01,4397.99,4415.56,34769,37
2026-08-18 00:00:00,4416.27,4434.81,4409.61,4434.54,18604,40
2026-08-18 04:00:00,4434.37,4436.04,4388.75,4393.4,41759,40
2026-08-18 08:00:00,4393.3,4403.53,4385.94,4393.25,36807,37
2026-08-18 12:00:00,4393.2,4400.56,4386.85,4394.08,33104,37
2026-08-18 16:00:00,4394.03,4406.38,4351.56,4363.82,66720,37
2026-08-18 20:00:00,4363.65,4368.21,4329.0,4332.93,36422,37
2026-08-19 00:00:00,4341.63,4347.1,4327.05,4337.97,25441,40
2026-08-19 04:00:00,4338.03,4361.89,4324.42,4348.33,40034,40
2026-08-19 08:00:00,4348.23,4363.04,4334.97,4355.58,43731,37
2026-08-19 12:00:00,4355.56,4442.18,4353.32,4438.69,42584,37
2026-08-19 16:00:00,4438.65,4499.24,4424.35,4493.15,75549,37
2026-08-19 20:00:00,4493.52,4523.43,4471.99,4520.74,48481,37
2026-08-20 00:00:00,4521.02,4523.48,4503.82,4504.48,24242,40
2026-08-20 04:00:00,4504.49,4509.93,4484.24,4488.43,46355,40
2026-08-20 08:00:00,4488.4,4498.56,4477.8,4489.25,41240,37
2026-08-20 12:00:00,4489.24,4494.72,4450.52,4474.67,47175,37
2026-08-20 16:00:00,4474.66,4540.74,4469.16,4509.86,73874,37
2026-08-20 20:00:00,4509.84,4532.04,4507.59,4518.4,40836,37
2026-08-21 00:00:00,4519.99,4532.59,4509.68,4510.36,21931,40
2026-08-21 04:00:00,4510.35,4547.77,4508.56,4540.44,42800,40
2026-08-21 08:00:00,4540.39,4584.83,4529.02,4583.82,44691,37
2026-08-21 12:00:00,4583.92,4604.37,4563.39,4577.85,47887,37
2026-08-21 16:00:00,4577.8,4629.05,4573.22,4628.79,68532,37
2026-08-21 20:00:00,4628.77,4632.06,4603.26,4606.2,38630,37
2026-08-24 00:00:00,4610.21,4640.64,4594.65,4621.67,30865,40
2026-08-24 04:00:00,4621.68,4656.4,4607.91,4638.74,56723,40
2026-08-24 08:00:00,4639.04,4659.7,4628.72,4637.9,55131,37
2026-08-24 12:00:00,4637.79,4669.84,4632.84,4662.67,47896,37
2026-08-24 16:00:00,4662.64,4680.7,4639.87,4644.68,69812,37
2026-08-24 20:00:00,4644.73,4656.08,4624.99,4650.15,46123,37
2026-08-25 00:00:00,4655.67,4696.6,4655.02,4684.08,25739,40
2026-08-25 04:00:00,4684.01,4685.89,4616.0,4625.71,57209,40
2026-08-25 08:00:00,4625.76,4653.32,4620.12,4630.05,49582,37
2026-08-25 12:00:00,4630.08,4647.26,4624.03,4640.7,45084,37
2026-08-25 16:00:00,4640.73,4659.3,4605.24,4643.32,66649,37
2026-08-25 20:00:00,4643.33,4668.88,4634.1,4660.94,38220,37
2026-08-26 00:00:00,4661.3,4673.65,4632.64,4637.26,21865,40
2026-08-26 04:00:00,4637.29,4670.59,4629.05,4640.47,42912,40
2026-08-26 08:00:00,4640.46,4649.35,4622.13,4628.12,42436,37
2026-08-26 12:00:00,4628.18,4633.95,4610.79,4614.44,40265,37
2026-08-26 16:00:00,4614.25,4633.42,4583.03,4591.49,66144,37
2026-08-26 20:00:00,4591.46,4604.47,4583.89,4593.23,36805,37
2026-08-27 00:00:00,4603.27,4626.93,4600.38,4604.95,22485,40
2026-08-27 04:00:00,4604.9,4642.91,4602.2,4618.59,42156,40
2026-08-27 08:00:00,4618.6,4621.35,4593.41,4598.81,44915,37
2026-08-27 12:00:00,4598.87,4600.99,4568.92,4585.7,44151,37
2026-08-27 16:00:00,4585.43,4616.53,4565.28,4614.79,65852,37
2026-08-27 20:00:00,4615.46,4617.88,4600.86,4604.47,40821,37
2026-08-28 00:00:00,4601.89,4611.29,4585.56,4588.6,18511,40
2026-08-28 04:00:00,4588.64,4602.06,4575.02,4584.18,39770,40
2026-08-28 08:00:00,4584.25,4614.52,4571.48,4602.77,43316,37
2026-08-28 12:00:00,4602.67,4609.74,4588.89,4601.58,40253,37
2026-08-28 16:00:00,4601.53,4630.41,4464.12,4479.34,86764,37
2026-08-28 20:00:00,4479.3,4486.44,4445.34,4459.1,55889,37
2026-08-31 00:00:00,4446.03,4471.86,4435.93,4456.15,28672,40
2026-08-31 04:00:00,4456.19,4463.14,4396.35,4424.41,52854,40
2026-08-31 08:00:00,4424.42,4449.36,4419.05,4435.47,43821,37
2026-08-31 12:00:00,4435.66,4463.92,4435.29,4435.61,39229,37
2026-08-31 16:00:00,4435.63,4448.14,4415.54,4433.06,65674,37
2026-08-31 20:00:00,4433.15,4455.64,4426.07,4447.13,37438,37
2026-09-01 00:00:00,4453.9,4461.3,4441.7,4453.5,19792,40
2026-09-01 04:00:00,4453.46,4456.68,4424.43,4426.47,43148,40
2026-09-01 08:00:00,4426.51,4445.87,4369.28,4370.7,52456,37
2026-09-01 12:00:00,4370.69,4387.02,4351.89,4356.24,54298,37
2026-09-01 16:00:00,4356.12,4375.41,4326.07,4351.18,71477,37
2026-09-01 20:00:00,4351.2,4351.82,4322.87,4328.25,45929,37
2026-09-02 00:00:00,4331.06,4335.52,4314.44,4315.71,22968,40
2026-09-02 04:00:00,4315.69,4326.44,4282.4,4307.09,49549,40
2026-09-02 08:00:00,4307.13,4331.45,4303.53,4312.69,52385,37
2026-09-02 12:00:00,4312.68,4344.24,4301.69,4331.3,51252,37
2026-09-02 16:00:00,4331.28,4397.4,4330.69,4368.14,68017,37
2026-09-02 20:00:00,4368.25,4391.25,4364.48,4388.9,38092,37
2026-09-03 00:00:00,4390.98,4397.54,4381.02,4395.28,16987,40
2026-09-03 04:00:00,4395.3,4438.21,4387.24,4437.24,45208,40
2026-09-03 08:00:00,4437.19,4443.42,4418.68,4434.81,51812,37
2026-09-03 12:00:00,4434.8,4495.12,4418.96,4493.33,49676,37
2026-09-03 16:00:00,4493.43,4510.65,4456.84,4486.08,69900,37
2026-09-03 20:00:00,4486.08,4494.55,4470.34,4472.66,36963,37
2026-09-04 00:00:00,4476.21,4487.08,4471.24,4486.2,17278,40
2026-09-04 04:00:00,4486.17,4486.86,4465.35,4473.58,35861,40
2026-09-04 08:00:00,4473.59,4490.53,4460.11,4477.7,40390,37
2026-09-04 12:00:00,4477.69,4479.05,4376.46,4393.65,43675,37
2026-09-04 16:00:00,4393.67,4448.82,4365.51,4436.33,69645,37
2026-09-04 20:00:00,4436.24,4440.22,4411.85,4428.59,35294,37
2026-09-07 00:00:00,4422.04,4435.0,4410.03,4412.43,18535,40
2026-09-07 04:00:00,4412.48,4418.85,4389.59,4397.89,39856,40
2026-09-07 08:00:00,4397.9,4423.64,4385.16,4410.78,43069,37
2026-09-07 12:00:00,4410.91,4413.52,4381.02,4396.65,30510,37
2026-09-07 16:00:00,4396.56,4419.41,4395.29,4414.37,30496,37
2026-09-07 20:00:00,4414.39,4414.97,4400.67,4406.06,4394,37
2026-09-08 00:00:00,4412.62,4429.97,4406.05,4426.2,24459,40
2026-09-08 04:00:00,4426.16,4442.81,4417.01,4435.94,42789,40
2026-09-08 08:00:00,4435.91,4437.57,4387.75,4394.08,52215,37
2026-09-08 12:00:00,4394.04,4411.59,4385.19,4411.37,46179,37
2026-09-08 16:00:00,4411.41,4412.94,4380.35,4393.56,59066,37
2026-09-08 20:00:00,4393.53,4403.53,4344.06,4347.62,40523,37
2026-09-09 00:00:00,4357.29,4365.43,4341.22,4364.59,21068,40
2026-09-09 04:00:00,4364.62,4384.22,4354.05,4381.46,40106,40
2026-09-09 08:00:00,4381.41,4412.55,4380.34,4400.54,40019,37
2026-09-09 12:00:00,4400.53,4415.13,4386.12,4400.0,41844,37
2026-09-09 16:00:00,4400.01,4433.92,4375.05,4409.5,68060,37
2026-09-09 20:00:00,4409.41,4421.34,4393.37,4399.82,33985,37
2026-09-10 00:00:00,4405.15,4405.77,4389.65,4400.99,18770,40
2026-09-10 04:00:00,4400.92,4420.71,4400.03,4408.34,40300,40
2026-09-10 08:00:00,4408.35,4434.36,4392.32,4394.76,44482,37
2026-09-10 12:00:00,4394.74,4400.03,4323.83,4339.93,55734,37
2026-09-10 16:00:00,4340.0,4376.36,4339.59,4363.95,70450,37
2026-09-10 20:00:00,4364.03,4367.6,4313.62,4315.09,47321,37
2026-09-11 00:00:00,4321.95,4333.71,4311.05,4331.89,21541,40
2026-09-11 04:00:00,4331.9,4340.19,4300.69,4331.54,52416,40
2026-09-11 08:00:00,4331.6,4360.8,4328.17,4346.86,49849,37
2026-09-11 12:00:00,4347.06,4389.91,4288.16,4388.5,48084,37
2026-09-11 16:00:00,4388.38,4402.32,4351.81,4361.57,69656,37
2026-09-11 20:00:00,4361.58,4370.29,4342.67,4347.45,36900,37
2026-09-14 00:00:00,4338.48,4347.3,4328.24,4338.38,24256,40
2026-09-14 04:00:00,4338.54,4355.17,4322.04,4329.41,41772,40
2026-09-14 08:00:00,4329.38,4338.52,4303.13,4305.99,45129,37
2026-09-14 12:00:00,4305.99,4311.51,4265.7,4270.82,47202,37
2026-09-14 16:00:00,4270.84,4317.54,4253.45,4315.69,65038,37
2026-09-14 20:00:00,4315.68,4316.37,4282.19,4296.55,35352,37
2026-09-15 00:00:00,4299.37,4299.86,4283.19,4292.86,19873,40
2026-09-15 04:00:00,4292.8,4317.21,4287.79,4304.63,38813,40
2026-09-15 08:00:00,4304.62,4307.37,4261.21,4262.22,48578,37
2026-09-15 12:00:00,4262.19,4295.67,4261.37,4290.51,43213,37
2026-09-15 16:00:00,4289.89,4300.3,4273.64,4295.43,56644,37
2026-09-15 20:00:00,4295.51,4310.53,4290.16,4292.52,32198,37
2026-09-16 00:00:00,4295.12,4298.82,4275.35,4277.3,16547,40
2026-09-16 04:00:00,4277.28,4340.83,4276.63,4321.81,41647,40
2026-09-16 08:00:00,4321.82,4338.97,4320.67,4330.12,41452,37
2026-09-16 12:00:00,4330.31,4353.45,4327.43,4347.51,40694,37
2026-09-16 16:00:00,4347.43,4361.0,4324.1,4346.58,54721,37
2026-09-16 20:00:00,4346.6,4364.49,4235.01,4265.62,65696,37
2026-09-17 00:00:00,4259.79,4292.13,4257.36,4279.94,27170,40
2026-09-17 04:00:00,4279.93,4317.91,4273.77,4297.33,45911,40
2026-09-17 08:00:00,4297.34,4335.16,4285.31,4311.45,45164,37
2026-09-17 12:00:00,4311.47,4381.06,4304.99,4373.2,50216,37
2026-09-17 16:00:00,4373.21,4379.84,4351.35,4362.27,62973,37
2026-09-17 20:00:00,4362.4,4365.72,4340.54,4341.99,33640,37
2026-09-18 00:00:00,4342.94,4359.94,4339.55,4356.2,18445,40
2026-09-18 04:00:00,4356.22,4366.85,4334.19,4366.7,39904,40
2026-09-18 08:00:00,4366.68,4399.43,4360.16,4392.15,45594,37
