time,close
2011-09-21,116.19999694824219
2011-09-22,115.93000030517578
2011-09-23,115.26000213623047
2011-09-26,114.70999908447266
2011-09-27,114.91999816894531
2011-09-28,114.87000274658203
2011-09-29,114.51000213623047
2011-09-30,114.30000305175781
2011-10-03,115.25
2011-10-04,115.33000183105469
2011-10-05,115.25
2011-10-06,115.23999786376953
2011-10-07,114.8499984741211
2011-10-10,114.05999755859375
2011-10-11,114.33000183105469
2011-10-12,113.8499984741211
2011-10-13,113.91999816894531
2011-10-14,113.75
2011-10-17,114.18000030517578
2011-10-18,114.7300033569336
2011-10-19,114.55000305175781
2011-10-20,114.56999969482422
2011-10-21,114.44999694824219
2011-10-24,114.79000091552734
2011-10-25,115.81999969482422
2011-10-26,115.72000122070312
2011-10-27,115.05999755859375
2011-10-28,115.45999908447266
2011-10-31,116.48999786376953
2011-11-01,117.55000305175781
2011-11-02,117.58999633789062
2011-11-03,116.7699966430664
2011-11-04,117.4000015258789
2011-11-07,117.98999786376953
2011-11-08,117.20999908447266
2011-11-09,117.19000244140625
2011-11-10,117.41999816894531
2011-11-11,117.05999755859375
2011-11-14,117.22000122070312
2011-11-15,116.7699966430664
2011-11-16,116.44000244140625
2011-11-17,116.43000030517578
2011-11-18,116.45999908447266
2011-11-21,116.25
2011-11-22,116.61000061035156
2011-11-23,117.0999984741211
2011-11-25,116.7300033569336
2011-11-28,117.11000061035156
2011-11-29,117.08000183105469
2011-11-30,116.73999786376953
2011-12-01,116.45999908447266
2011-12-02,116.98999786376953
2011-12-05,116.97000122070312
2011-12-06,116.68000030517578
2011-12-07,116.4800033569336
2011-12-08,116.52999877929688
2011-12-09,115.91000366210938
2011-12-12,116.44999694824219
2011-12-13,116.7699966430664
2011-12-14,117.0
2011-12-15,116.70999908447266
2011-12-16,116.97000122070312
2011-12-19,117.44000244140625
2011-12-20,117.51000213623047
2011-12-21,117.05000305175781
2011-12-22,116.98999786376953
2011-12-23,116.8499984741211
2011-12-27,116.52999877929688
2011-12-28,116.83000183105469
2011-12-29,116.7300033569336
2011-12-30,116.69000244140625
2012-01-03,116.6500015258789
2012-01-04,116.76000213623047
2012-01-05,116.9800033569336
2012-01-06,117.37000274658203
2012-01-09,117.48999786376953
2012-01-10,117.12999725341797
2012-01-11,117.43000030517578
2012-01-12,117.25
2012-01-13,117.58000183105469
2012-01-17,117.69999694824219
2012-01-18,117.61000061035156
2012-01-19,117.18000030517578
2012-01-20,116.94000244140625
2012-01-23,116.69999694824219
2012-01-24,116.70999908447266
2012-01-25,117.61000061035156
2012-01-26,118.1500015258789
2012-01-27,118.4000015258789
2012-01-30,118.79000091552734
2012-01-31,119.36000061035156
2012-02-01,119.29000091552734
2012-02-02,119.29000091552734
2012-02-03,118.29000091552734
2012-02-06,118.81999969482422
2012-02-07,118.37999725341797
2012-02-08,118.3499984741211
2012-02-09,117.9000015258789
2012-02-10,118.44999694824219
2012-02-13,118.69000244140625
2012-02-14,118.69000244140625
2012-02-15,118.91000366210938
2012-02-16,118.61000061035156
2012-02-17,118.33000183105469
2012-02-21,118.26000213623047
2012-02-22,118.93000030517578
2012-02-23,118.97000122070312
2012-02-24,119.0
2012-02-27,119.19000244140625
2012-02-28,119.20999908447266
2012-02-29,118.66999816894531
2012-03-01,118.37999725341797
2012-03-02,118.38999938964844
2012-03-05,117.8499984741211
2012-03-06,118.19000244140625
2012-03-07,118.44999694824219
2012-03-08,118.4000015258789
2012-03-09,118.61000061035156
2012-03-12,118.76000213623047
2012-03-13,118.47000122070312
2012-03-14,117.37000274658203
2012-03-15,117.52999877929688
2012-03-16,117.5999984741211
2012-03-19,117.29000091552734
2012-03-20,117.18000030517578
2012-03-21,117.4000015258789
2012-03-22,117.52999877929688
2012-03-23,117.91000366210938
2012-03-26,117.56999969482422
2012-03-27,117.98999786376953
2012-03-28,117.83999633789062
2012-03-29,118.04000091552734
2012-03-30,117.6500015258789
2012-04-02,117.91999816894531
2012-04-03,117.05000305175781
2012-04-04,117.06999969482422
2012-04-05,117.37999725341797
2012-04-09,117.91999816894531
2012-04-10,118.5999984741211
2012-04-11,118.79000091552734
2012-04-12,118.56999969482422
2012-04-13,119.06999969482422
2012-04-16,119.0
2012-04-17,119.26000213623047
2012-04-18,119.12000274658203
2012-04-19,118.80999755859375
2012-04-20,119.11000061035156
2012-04-23,119.23999786376953
2012-04-24,119.2699966430664
2012-04-25,119.22000122070312
2012-04-26,119.66999816894531
2012-04-27,119.55000305175781
2012-04-30,119.41999816894531
2012-05-01,119.04000091552734
2012-05-02,119.16999816894531
2012-05-03,119.0199966430664
2012-05-04,119.2699966430664
2012-05-07,119.26000213623047
2012-05-08,119.4800033569336
2012-05-09,119.33999633789062
2012-05-10,119.31999969482422
2012-05-11,119.37999725341797
2012-05-14,119.94000244140625
2012-05-15,120.08000183105469
2012-05-16,119.83999633789062
2012-05-17,120.2300033569336
2012-05-18,120.51000213623047
2012-05-21,120.66999816894531
2012-05-22,120.41999816894531
2012-05-23,120.43000030517578
2012-05-24,120.26000213623047
2012-05-25,120.37999725341797
2012-05-29,120.02999877929688
2012-05-30,120.7300033569336
2012-05-31,121.30999755859375
2012-06-01,121.01000213623047
2012-06-04,120.77999877929688
2012-06-05,120.68000030517578
2012-06-06,120.11000061035156
2012-06-07,120.08999633789062
2012-06-08,120.18000030517578
2012-06-11,120.16999816894531
2012-06-12,119.91000366210938
2012-06-13,120.18000030517578
2012-06-14,120.0199966430664
2012-06-15,120.77999877929688
2012-06-18,120.72000122070312
2012-06-19,120.58999633789062
2012-06-20,120.43000030517578
2012-06-21,119.91999816894531
2012-06-22,119.33999633789062
2012-06-25,119.88999938964844
2012-06-26,119.80999755859375
2012-06-27,119.93000030517578
2012-06-28,119.9800033569336
2012-06-29,119.69999694824219
2012-07-02,119.5999984741211
2012-07-03,119.80999755859375
2012-07-05,120.06999969482422
2012-07-06,120.25
2012-07-09,120.4800033569336
2012-07-10,120.79000091552734
2012-07-11,120.66999816894531
2012-07-12,120.91000366210938
2012-07-13,120.97000122070312
2012-07-16,121.11000061035156
2012-07-17,120.94999694824219
2012-07-18,120.9800033569336
2012-07-19,121.08999633789062
2012-07-20,121.47000122070312
2012-07-23,121.37000274658203
2012-07-24,121.44000244140625
2012-07-25,121.30999755859375
2012-07-26,121.13999938964844
2012-07-27,120.79000091552734
2012-07-30,121.12999725341797
2012-07-31,121.44000244140625
2012-08-01,121.48999786376953
2012-08-02,121.47000122070312
2012-08-03,121.25
2012-08-06,121.33000183105469
2012-08-07,121.06999969482422
2012-08-08,120.70999908447266
2012-08-09,120.4800033569336
2012-08-10,120.55999755859375
2012-08-13,120.4000015258789
2012-08-14,119.87000274658203
2012-08-15,118.9800033569336
2012-08-16,118.69000244140625
2012-08-17,118.8499984741211
2012-08-20,118.79000091552734
2012-08-21,118.87000274658203
2012-08-22,119.83999633789062
2012-08-23,120.4000015258789
2012-08-24,120.37999725341797
2012-08-27,120.7699966430664
2012-08-28,121.08000183105469
2012-08-29,120.66999816894531
2012-08-30,120.58000183105469
2012-08-31,121.13999938964844
2012-09-04,120.9800033569336
2012-09-05,121.18000030517578
2012-09-06,120.5199966430664
2012-09-07,120.91000366210938
2012-09-10,121.22000122070312
2012-09-11,121.0999984741211
2012-09-12,120.51000213623047
2012-09-13,121.5199966430664
2012-09-14,121.93000030517578
2012-09-17,121.81999969482422
2012-09-18,121.66000366210938
2012-09-19,121.80999755859375
2012-09-20,121.4000015258789
2012-09-21,121.5
2012-09-24,121.41999816894531
2012-09-25,121.58000183105469
2012-09-26,121.86000061035156
2012-09-27,121.83999633789062
2012-09-28,121.76000213623047
2012-10-01,122.0
2012-10-02,122.5
2012-10-03,122.62999725341797
2012-10-04,122.80999755859375
2012-10-05,122.55999755859375
2012-10-08,122.8499984741211
2012-10-09,122.54000091552734
2012-10-10,122.41000366210938
2012-10-11,122.30000305175781
2012-10-12,122.19999694824219
2012-10-15,122.19000244140625
2012-10-16,121.66999816894531
2012-10-17,121.30999755859375
2012-10-18,121.30000305175781
2012-10-19,121.70999908447266
2012-10-22,121.51000213623047
2012-10-23,121.7699966430664
2012-10-24,121.58000183105469
2012-10-25,121.22000122070312
2012-10-26,121.81999969482422
2012-10-31,122.5199966430664
2012-11-01,122.08999633789062
2012-11-02,122.0199966430664
2012-11-05,122.18000030517578
2012-11-06,121.86000061035156
2012-11-07,122.55999755859375
2012-11-08,123.22000122070312
2012-11-09,122.7699966430664
2012-11-12,123.0999984741211
2012-11-13,122.95999908447266
2012-11-14,122.83999633789062
2012-11-15,122.75
2012-11-16,122.83000183105469
2012-11-19,122.5999984741211
2012-11-20,122.25
2012-11-21,121.95999908447266
2012-11-23,121.87000274658203
2012-11-26,122.20999908447266
2012-11-27,122.20999908447266
2012-11-28,122.5
2012-11-29,122.72000122070312
2012-11-30,122.91000366210938
2012-12-03,122.79000091552734
2012-12-04,122.83000183105469
2012-12-05,123.05000305175781
2012-12-06,123.30000305175781
2012-12-07,123.1500015258789
2012-12-10,123.30000305175781
2012-12-11,122.94000244140625
2012-12-12,122.55999755859375
2012-12-13,122.22000122070312
2012-12-14,122.3499984741211
2012-12-17,121.88999938964844
2012-12-18,121.54000091552734
2012-12-19,121.63999938964844
2012-12-20,121.69999694824219
2012-12-21,122.04000091552734
2012-12-24,121.9000015258789
2012-12-26,122.05000305175781
2012-12-27,122.19000244140625
2012-12-28,122.1500015258789
2012-12-31,121.41000366210938
2013-01-02,121.33999633789062
2013-01-03,120.51000213623047
2013-01-04,120.45999908447266
2013-01-07,120.87000274658203
2013-01-08,121.04000091552734
2013-01-09,121.26000213623047
2013-01-10,121.1500015258789
2013-01-11,121.26000213623047
2013-01-14,121.30000305175781
2013-01-15,121.37999725341797
2013-01-16,121.3499984741211
2013-01-17,121.13999938964844
2013-01-18,121.33999633789062
2013-01-22,121.31999969482422
2013-01-23,121.33999633789062
2013-01-24,121.2699966430664
2013-01-25,120.76000213623047
2013-01-28,120.5999984741211
2013-01-29,120.37999725341797
2013-01-30,120.41999816894531
2013-01-31,120.77999877929688
2013-02-01,120.19000244140625
2013-02-04,120.97000122070312
2013-02-05,120.62000274658203
2013-02-06,120.76000213623047
2013-02-07,120.6500015258789
2013-02-08,120.61000061035156
2013-02-11,120.5199966430664
2013-02-12,120.51000213623047
2013-02-13,120.16999816894531
2013-02-14,120.37999725341797
2013-02-15,120.05000305175781
2013-02-19,119.98999786376953
2013-02-20,120.0199966430664
2013-02-21,120.16999816894531
2013-02-22,120.43000030517578
2013-02-25,121.02999877929688
2013-02-26,120.73999786376953
2013-02-27,120.73999786376953
2013-02-28,121.01000213623047
2013-03-01,121.5199966430664
2013-03-04,121.13999938964844
2013-03-05,121.11000061035156
2013-03-06,120.83999633789062
2013-03-07,120.38999938964844
2013-03-08,120.0
2013-03-11,119.94000244140625
2013-03-12,120.16000366210938
2013-03-13,120.19000244140625
2013-03-14,120.4000015258789
2013-03-15,120.55999755859375
2013-03-18,120.81999969482422
2013-03-19,120.94000244140625
2013-03-20,120.5999984741211
2013-03-21,120.66000366210938
2013-03-22,120.87000274658203
2013-03-25,120.87999725341797
2013-03-26,120.94999694824219
2013-03-27,121.31999969482422
2013-03-28,121.2699966430664
2013-04-01,121.23999786376953
2013-04-02,121.18000030517578
2013-04-03,121.48999786376953
2013-04-04,122.05999755859375
2013-04-05,122.56999969482422
2013-04-08,122.02999877929688
2013-04-09,121.91999816894531
2013-04-10,121.23999786376953
2013-04-11,121.58000183105469
2013-04-12,122.08000183105469
2013-04-15,122.05999755859375
2013-04-16,121.8499984741211
2013-04-17,121.83000183105469
2013-04-18,120.9800033569336
2013-04-19,121.44999694824219
2013-04-22,121.7699966430664
2013-04-23,121.83000183105469
2013-04-24,122.01000213623047
2013-04-25,122.0999984741211
2013-04-26,122.55000305175781
2013-04-29,122.22000122070312
2013-04-30,122.1500015258789
2013-05-01,121.80999755859375
2013-05-02,121.68000030517578
2013-05-03,120.8499984741211
2013-05-06,120.66999816894531
2013-05-07,120.66000366210938
2013-05-08,120.4000015258789
2013-05-09,120.3499984741211
2013-05-10,120.01000213623047
2013-05-13,119.6500015258789
2013-05-14,119.13999938964844
2013-05-15,119.18000030517578
2013-05-16,119.5199966430664
2013-05-17,118.91999816894531
2013-05-20,118.88999938964844
2013-05-21,119.13999938964844
2013-05-22,118.06999969482422
2013-05-23,118.0999984741211
2013-05-24,118.19999694824219
2013-05-28,117.12999725341797
2013-05-29,117.05000305175781
2013-05-30,116.62000274658203
2013-05-31,116.7300033569336
2013-06-03,116.33000183105469
2013-06-04,116.11000061035156
2013-06-05,116.25
2013-06-06,116.12000274658203
2013-06-07,115.44000244140625
2013-06-10,114.63999938964844
2013-06-11,114.58000183105469
2013-06-12,113.69999694824219
2013-06-13,114.56999969482422
2013-06-14,114.47000122070312
2013-06-17,114.0999984741211
2013-06-18,114.41000366210938
2013-06-19,112.88999938964844
2013-06-20,111.75
2013-06-21,110.44000244140625
2013-06-24,110.0199966430664
2013-06-25,110.20999908447266
2013-06-26,110.70999908447266
2013-06-27,111.62999725341797
2013-06-28,112.01000213623047
2013-07-01,112.0199966430664
2013-07-02,112.37999725341797
2013-07-03,112.16999816894531
2013-07-05,110.63999938964844
2013-07-08,111.33999633789062
2013-07-09,111.29000091552734
2013-07-10,110.91000366210938
2013-07-11,111.68000030517578
2013-07-12,111.72000122070312
2013-07-15,112.26000213623047
2013-07-16,112.70999908447266
2013-07-17,113.0199966430664
2013-07-18,112.61000061035156
2013-07-19,113.41999816894531
2013-07-22,113.37999725341797
2013-07-23,113.12000274658203
2013-07-24,112.19999694824219
2013-07-25,112.26000213623047
2013-07-26,112.29000091552734
2013-07-29,112.20999908447266
2013-07-30,112.16000366210938
2013-07-31,112.87000274658203
2013-08-01,112.01000213623047
2013-08-02,112.58000183105469
2013-08-05,112.58999633789062
2013-08-06,112.86000061035156
2013-08-07,113.12999725341797
2013-08-08,113.25
2013-08-09,113.36000061035156
2013-08-12,113.05999755859375
2013-08-13,112.06999969482422
2013-08-14,111.83000183105469
2013-08-15,111.02999877929688
2013-08-16,110.51000213623047
2013-08-19,109.8499984741211
2013-08-20,110.52999877929688
2013-08-21,109.75
2013-08-22,109.80000305175781
2013-08-23,110.56999969482422
2013-08-26,110.95999908447266
2013-08-27,111.63999938964844
2013-08-28,111.2300033569336
2013-08-29,111.08000183105469
2013-08-30,110.73999786376953
2013-09-03,110.05999755859375
2013-09-04,109.5
2013-09-05,108.70999908447266
2013-09-06,109.16000366210938
2013-09-09,109.36000061035156
2013-09-10,109.18000030517578
2013-09-11,109.80000305175781
2013-09-12,109.8499984741211
2013-09-13,109.83999633789062
2013-09-16,110.13999938964844
2013-09-17,110.56999969482422
2013-09-18,112.04000091552734
2013-09-19,111.68000030517578
2013-09-20,111.98999786376953
2013-09-23,112.37999725341797
2013-09-24,112.4000015258789
2013-09-25,112.5
2013-09-26,112.33999633789062
2013-09-27,112.37000274658203
2013-09-30,112.58000183105469
2013-10-01,112.38999938964844
2013-10-02,112.56999969482422
2013-10-03,112.6500015258789
2013-10-04,112.41000366210938
2013-10-07,112.52999877929688
2013-10-08,112.2300033569336
2013-10-09,112.23999786376953
2013-10-10,112.1500015258789
2013-10-11,112.12999725341797
2013-10-14,111.63999938964844
2013-10-15,111.86000061035156
2013-10-16,112.08999633789062
2013-10-17,112.52999877929688
2013-10-18,112.69000244140625
2013-10-21,112.5999984741211
2013-10-22,113.16999816894531
2013-10-23,113.12000274658203
2013-10-24,113.16000366210938
2013-10-25,113.41000366210938
2013-10-28,113.36000061035156
2013-10-29,113.29000091552734
2013-10-30,113.13999938964844
2013-10-31,112.91999816894531
2013-11-01,112.04000091552734
2013-11-04,112.0999984741211
2013-11-05,111.66000366210938
2013-11-06,112.30000305175781
2013-11-07,112.44999694824219
2013-11-08,111.48999786376953
2013-11-11,111.27999877929688
2013-11-12,111.33999633789062
2013-11-13,111.52999877929688
2013-11-14,112.13999938964844
2013-11-15,112.19000244140625
2013-11-18,112.48999786376953
2013-11-19,112.05000305175781
2013-11-20,111.36000061035156
2013-11-21,111.55000305175781
2013-11-22,111.86000061035156
2013-11-25,111.93000030517578
2013-11-26,111.91999816894531
2013-11-27,111.69999694824219
2013-11-29,111.61000061035156
2013-12-02,111.02999877929688
2013-12-03,111.08999633789062
2013-12-04,110.47000122070312
2013-12-05,110.33999633789062
2013-12-06,110.33000183105469
2013-12-09,110.41999816894531
2013-12-10,110.70999908447266
2013-12-11,110.52999877929688
2013-12-12,110.22000122070312
2013-12-13,110.54000091552734
2013-12-16,110.62000274658203
2013-12-17,110.94999694824219
2013-12-18,110.45999908447266
2013-12-19,110.05000305175781
2013-12-20,110.41999816894531
2013-12-23,110.2300033569336
2013-12-24,109.86000061035156
2013-12-26,109.80999755859375
2013-12-27,109.75
2013-12-30,110.05999755859375
2013-12-31,109.9000015258789
2014-01-02,110.26000213623047
2014-01-03,110.20999908447266
2014-01-06,110.58000183105469
2014-01-07,110.5999984741211
2014-01-08,110.52999877929688
2014-01-09,110.94999694824219
2014-01-10,111.54000091552734
2014-01-13,111.58999633789062
2014-01-14,111.20999908447266
2014-01-15,111.11000061035156
2014-01-16,111.19999694824219
2014-01-17,111.41000366210938
2014-01-21,111.19999694824219
2014-01-22,111.01000213623047
2014-01-23,111.48999786376953
2014-01-24,111.80999755859375
2014-01-27,111.41999816894531
2014-01-28,111.63999938964844
2014-01-29,112.05999755859375
2014-01-30,111.98999786376953
2014-01-31,112.20999908447266
2014-02-03,112.87000274658203
2014-02-04,112.37999725341797
2014-02-05,111.88999938964844
2014-02-06,111.91000366210938
2014-02-07,112.2300033569336
2014-02-10,112.33000183105469
2014-02-11,111.97000122070312
2014-02-12,111.69000244140625
2014-02-13,112.06999969482422
2014-02-14,111.83999633789062
2014-02-18,112.05000305175781
2014-02-19,111.83000183105469
2014-02-20,111.48999786376953
2014-02-21,111.69000244140625
2014-02-24,111.69000244140625
2014-02-25,112.12000274658203
2014-02-26,112.37999725341797
2014-02-27,112.54000091552734
2014-02-28,112.69999694824219
2014-03-03,113.22000122070312
2014-03-04,112.48999786376953
2014-03-05,112.6500015258789
2014-03-06,112.37000274658203
2014-03-07,112.12999725341797
2014-03-10,112.18000030517578
2014-03-11,112.1500015258789
2014-03-12,112.38999938964844
2014-03-13,112.8499984741211
2014-03-14,112.83000183105469
2014-03-17,112.56999969482422
2014-03-18,112.79000091552734
2014-03-19,111.75
2014-03-20,111.4000015258789
2014-03-21,111.81999969482422
2014-03-24,111.95999908447266
2014-03-25,111.93000030517578
2014-03-26,112.31999969482422
2014-03-27,112.36000061035156
2014-03-28,112.08000183105469
2014-03-31,112.0999984741211
2014-04-01,111.70999908447266
2014-04-02,111.45999908447266
2014-04-03,111.58999633789062
2014-04-04,112.0999984741211
2014-04-07,112.2699966430664
2014-04-08,112.33000183105469
2014-04-09,112.41000366210938
2014-04-10,112.80000305175781
2014-04-11,113.08999633789062
2014-04-14,112.87000274658203
2014-04-15,113.1500015258789
2014-04-16,113.22000122070312
2014-04-17,113.08000183105469
2014-04-21,113.08000183105469
2014-04-22,113.08000183105469
2014-04-23,113.43000030517578
2014-04-24,113.5
2014-04-25,113.55000305175781
2014-04-28,113.20999908447266
2014-04-29,113.13999938964844
2014-04-30,113.58000183105469
2014-05-01,113.7300033569336
2014-05-02,114.02999877929688
2014-05-05,113.79000091552734
2014-05-06,113.75
2014-05-07,113.81999969482422
2014-05-08,113.9800033569336
2014-05-09,113.91000366210938
2014-05-12,113.5999984741211
2014-05-13,113.88999938964844
2014-05-14,114.54000091552734
2014-05-15,115.06999969482422
2014-05-16,114.94999694824219
2014-05-19,114.61000061035156
2014-05-20,114.83000183105469
2014-05-21,114.76000213623047
2014-05-22,114.94000244140625
2014-05-23,115.20999908447266
2014-05-27,115.27999877929688
2014-05-28,115.91000366210938
2014-05-29,115.86000061035156
2014-05-30,115.58999633789062
2014-06-02,114.47000122070312
2014-06-03,113.80000305175781
2014-06-04,113.5
2014-06-05,113.79000091552734
2014-06-06,113.79000091552734
2014-06-09,113.77999877929688
2014-06-10,113.58999633789062
2014-06-11,113.69999694824219
2014-06-12,114.04000091552734
2014-06-13,113.8499984741211
2014-06-16,113.95999908447266
2014-06-17,113.80000305175781
2014-06-18,114.36000061035156
2014-06-19,114.19999694824219
2014-06-20,114.62000274658203
2014-06-23,114.5199966430664
2014-06-24,115.04000091552734
2014-06-25,115.08999633789062
2014-06-26,115.30999755859375
2014-06-27,115.3499984741211
2014-06-30,115.36000061035156
2014-07-01,114.55999755859375
2014-07-02,114.0199966430664
2014-07-03,114.11000061035156
2014-07-07,114.33000183105469
2014-07-08,114.69999694824219
2014-07-09,114.9800033569336
2014-07-10,115.12000274658203
2014-07-11,115.29000091552734
2014-07-14,115.05999755859375
2014-07-15,114.80999755859375
2014-07-16,114.77999877929688
2014-07-17,115.5
2014-07-18,115.27999877929688
2014-07-21,115.48999786376953
2014-07-22,115.38999938964844
2014-07-23,115.37999725341797
2014-07-24,115.16999816894531
2014-07-25,115.66999816894531
2014-07-28,115.54000091552734
2014-07-29,115.70999908447266
2014-07-30,114.94999694824219
2014-07-31,114.91000366210938
2014-08-01,114.98999786376953
2014-08-04,114.81999969482422
2014-08-05,114.94999694824219
2014-08-06,114.95999908447266
2014-08-07,115.45999908447266
2014-08-08,115.36000061035156
2014-08-11,115.37000274658203
2014-08-12,115.0199966430664
2014-08-13,115.3499984741211
2014-08-14,115.47000122070312
2014-08-15,115.75
2014-08-18,115.30000305175781
2014-08-19,115.08999633789062
2014-08-20,114.75
2014-08-21,114.97000122070312
2014-08-22,114.91999816894531
2014-08-25,115.05999755859375
2014-08-26,114.97000122070312
2014-08-27,115.18000030517578
2014-08-28,115.36000061035156
2014-08-29,115.25
2014-09-02,114.44000244140625
2014-09-03,114.6500015258789
2014-09-04,114.22000122070312
2014-09-05,114.0999984741211
2014-09-08,113.81999969482422
2014-09-09,113.48999786376953
2014-09-10,113.05999755859375
2014-09-11,113.11000061035156
2014-09-12,112.66000366210938
2014-09-15,112.79000091552734
2014-09-16,112.76000213623047
2014-09-17,112.0
2014-09-18,111.70999908447266
2014-09-19,112.04000091552734
2014-09-22,111.95999908447266
2014-09-23,112.37999725341797
2014-09-24,112.27999877929688
2014-09-25,112.69000244140625
2014-09-26,112.11000061035156
2014-09-29,112.19000244140625
2014-09-30,112.06999969482422
2014-10-01,112.87000274658203
2014-10-02,112.58999633789062
2014-10-03,112.41000366210938
2014-10-06,112.51000213623047
2014-10-07,112.9800033569336
2014-10-08,113.5999984741211
2014-10-09,113.4800033569336
2014-10-10,113.79000091552734
2014-10-13,114.31999969482422
2014-10-14,114.05000305175781
2014-10-15,114.18000030517578
2014-10-16,114.04000091552734
2014-10-17,114.0
2014-10-20,114.04000091552734
2014-10-21,113.80999755859375
2014-10-22,113.76000213623047
2014-10-23,113.3499984741211
2014-10-24,113.29000091552734
2014-10-27,113.2300033569336
2014-10-28,113.18000030517578
2014-10-29,113.02999877929688
2014-10-30,112.98999786376953
2014-10-31,113.08000183105469
2014-11-03,113.08000183105469
2014-11-04,113.04000091552734
2014-11-05,113.1500015258789
2014-11-06,112.95999908447266
2014-11-07,113.62000274658203
2014-11-10,113.22000122070312
2014-11-11,113.19999694824219
2014-11-12,113.04000091552734
2014-11-13,112.91000366210938
2014-11-14,113.19999694824219
2014-11-17,112.80999755859375
2014-11-18,112.91000366210938
2014-11-19,112.43000030517578
2014-11-20,112.72000122070312
2014-11-21,113.05999755859375
2014-11-24,113.1500015258789
2014-11-25,113.25
2014-11-26,113.30999755859375
2014-11-28,113.26000213623047
2014-12-01,112.93000030517578
2014-12-02,112.29000091552734
2014-12-03,112.43000030517578
2014-12-04,112.6500015258789
2014-12-05,112.0
2014-12-08,112.08999633789062
2014-12-09,112.56999969482422
2014-12-10,112.80000305175781
2014-12-11,112.6500015258789
2014-12-12,112.77999877929688
2014-12-15,112.33999633789062
2014-12-16,113.04000091552734
2014-12-17,112.51000213623047
2014-12-18,111.80000305175781
2014-12-19,112.3499984741211
2014-12-22,112.45999908447266
2014-12-23,111.6500015258789
2014-12-24,111.52999877929688
2014-12-26,111.56999969482422
2014-12-29,111.73999786376953
2014-12-30,111.70999908447266
2014-12-31,112.01000213623047
2015-01-02,112.7300033569336
2015-01-05,112.81999969482422
2015-01-06,112.83000183105469
2015-01-07,112.91999816894531
2015-01-08,112.73999786376953
2015-01-09,113.08000183105469
2015-01-12,113.05000305175781
2015-01-13,112.87000274658203
2015-01-14,113.54000091552734
2015-01-15,114.44000244140625
2015-01-16,113.80000305175781
2015-01-20,114.06999969482422
2015-01-21,113.5999984741211
2015-01-22,113.62999725341797
2015-01-23,114.31999969482422
2015-01-26,114.12999725341797
2015-01-27,114.48999786376953
2015-01-28,114.93000030517578
2015-01-29,114.80000305175781
2015-01-30,115.62999725341797
2015-02-02,115.55000305175781
2015-02-03,115.0199966430664
2015-02-04,115.26000213623047
2015-02-05,114.76000213623047
2015-02-06,113.86000061035156
2015-02-09,113.66000366210938
2015-02-10,113.27999877929688
2015-02-11,113.06999969482422
2015-02-12,112.88999938964844
2015-02-13,112.66000366210938
2015-02-17,112.08999633789062
2015-02-18,112.55999755859375
2015-02-19,112.47000122070312
2015-02-20,112.4800033569336
2015-02-23,112.69000244140625
2015-02-24,113.37000274658203
2015-02-25,113.55999755859375
2015-02-26,113.4800033569336
2015-02-27,114.13999938964844
2015-03-02,113.20999908447266
2015-03-03,113.37000274658203
2015-03-04,113.4800033569336
2015-03-05,113.27999877929688
2015-03-06,111.97000122070312
2015-03-09,111.80000305175781
2015-03-10,111.93000030517578
2015-03-11,112.12000274658203
2015-03-12,111.87000274658203
2015-03-13,111.51000213623047
2015-03-16,111.66999816894531
2015-03-17,111.77999877929688
2015-03-18,113.48999786376953
2015-03-19,113.41999816894531
2015-03-20,113.76000213623047
2015-03-23,113.70999908447266
2015-03-24,114.26000213623047
2015-03-25,114.2300033569336
2015-03-26,113.62000274658203
2015-03-27,113.66999816894531
2015-03-30,113.33000183105469
2015-03-31,113.58999633789062
2015-04-01,114.47000122070312
2015-04-02,114.05000305175781
2015-04-06,114.5
2015-04-07,114.75
2015-04-08,114.47000122070312
2015-04-09,114.05999755859375
2015-04-10,113.94999694824219
2015-04-13,113.9800033569336
2015-04-14,114.27999877929688
2015-04-15,114.62999725341797
2015-04-16,114.76000213623047
2015-04-17,115.48999786376953
2015-04-20,115.18000030517578
2015-04-21,114.7699966430664
2015-04-22,114.23999786376953
2015-04-23,114.52999877929688
2015-04-24,115.0199966430664
2015-04-27,115.04000091552734
2015-04-28,114.37999725341797
2015-04-29,114.16999816894531
2015-04-30,114.36000061035156
2015-05-01,113.88999938964844
2015-05-04,113.44999694824219
2015-05-05,113.4000015258789
2015-05-06,112.48999786376953
2015-05-07,112.77999877929688
2015-05-08,113.25
2015-05-11,112.22000122070312
2015-05-12,112.33000183105469
2015-05-13,112.16000366210938
2015-05-14,112.37000274658203
2015-05-15,113.1500015258789
2015-05-18,112.55000305175781
2015-05-19,112.01000213623047
2015-05-20,112.30999755859375
2015-05-21,112.73999786376953
2015-05-22,112.93000030517578
2015-05-26,113.0199966430664
2015-05-27,112.91999816894531
2015-05-28,112.8499984741211
2015-05-29,113.20999908447266
2015-06-01,112.51000213623047
2015-06-02,112.05000305175781
2015-06-03,111.36000061035156
2015-06-04,111.66999816894531
2015-06-05,111.36000061035156
2015-06-08,111.51000213623047
2015-06-09,111.26000213623047
2015-06-10,110.86000061035156
2015-06-11,111.41000366210938
2015-06-12,111.47000122070312
2015-06-15,111.83000183105469
2015-06-16,112.48999786376953
2015-06-17,112.62000274658203
2015-06-18,112.3499984741211
2015-06-19,112.61000061035156
2015-06-22,112.11000061035156
2015-06-23,111.86000061035156
2015-06-24,112.05999755859375
2015-06-25,111.94000244140625
2015-06-26,111.44000244140625
2015-06-29,112.26000213623047
2015-06-30,112.05000305175781
2015-07-01,111.63999938964844
2015-07-02,112.12999725341797
2015-07-06,112.56999969482422
2015-07-07,112.94000244140625
2015-07-08,113.08000183105469
2015-07-09,112.3499984741211
2015-07-10,111.81999969482422
2015-07-13,111.43000030517578
2015-07-14,111.61000061035156
2015-07-15,111.91999816894531
2015-07-16,112.05999755859375
2015-07-17,112.0199966430664
2015-07-20,111.72000122070312
2015-07-21,111.9800033569336
2015-07-22,112.02999877929688
2015-07-23,112.22000122070312
2015-07-24,112.0999984741211
2015-07-27,112.33000183105469
2015-07-28,112.05999755859375
2015-07-29,112.05000305175781
2015-07-30,112.20999908447266
2015-07-31,112.6500015258789
2015-08-03,112.55000305175781
2015-08-04,111.91999816894531
2015-08-05,111.56999969482422
2015-08-06,111.7699966430664
2015-08-07,112.08000183105469
2015-08-10,111.91999816894531
2015-08-11,112.37999725341797
2015-08-12,112.12000274658203
2015-08-13,111.81999969482422
2015-08-14,111.69999694824219
2015-08-17,111.69000244140625
2015-08-18,111.41999816894531
2015-08-19,111.80000305175781
2015-08-20,112.11000061035156
2015-08-21,112.1500015258789
2015-08-24,111.76000213623047
2015-08-25,111.48999786376953
2015-08-26,110.81999969482422
2015-08-27,111.36000061035156
2015-08-28,111.68000030517578
2015-08-31,111.58000183105469
2015-09-01,111.06999969482422
2015-09-02,110.72000122070312
2015-09-03,110.7300033569336
2015-09-04,110.91000366210938
2015-09-08,110.41000366210938
2015-09-09,110.66000366210938
2015-09-10,110.69000244140625
2015-09-11,111.0
2015-09-14,110.79000091552734
2015-09-15,110.04000091552734
2015-09-16,110.01000213623047
2015-09-17,110.87000274658203
2015-09-18,111.22000122070312
2015-09-21,110.5199966430664
2015-09-22,110.79000091552734
2015-09-23,110.70999908447266
2015-09-24,110.72000122070312
2015-09-25,110.12999725341797
2015-09-28,110.16000366210938
2015-09-29,110.47000122070312
2015-09-30,110.69000244140625
2015-10-01,111.02999877929688
2015-10-02,111.66999816894531
2015-10-05,111.33000183105469
2015-10-06,111.6500015258789
2015-10-07,111.62999725341797
2015-10-08,111.58999633789062
2015-10-09,111.27999877929688
2015-10-12,111.4800033569336
2015-10-13,111.41999816894531
2015-10-14,111.80000305175781
2015-10-15,111.58999633789062
2015-10-16,111.29000091552734
2015-10-19,111.0999984741211
2015-10-20,110.97000122070312
2015-10-21,111.04000091552734
2015-10-22,111.41999816894531
2015-10-23,111.26000213623047
2015-10-26,111.2300033569336
2015-10-27,111.4800033569336
2015-10-28,110.91999816894531
2015-10-29,110.62000274658203
2015-10-30,110.95999908447266
2015-11-02,110.91000366210938
2015-11-03,110.72000122070312
2015-11-04,110.56999969482422
2015-11-05,110.22000122070312
2015-11-06,109.76000213623047
2015-11-09,109.72000122070312
2015-11-10,109.68000030517578
2015-11-11,109.66999816894531
2015-11-12,109.66999816894531
2015-11-13,109.81999969482422
2015-11-16,109.76000213623047
2015-11-17,109.95999908447266
2015-11-18,110.12000274658203
2015-11-19,110.51000213623047
2015-11-20,110.5999984741211
2015-11-23,110.7300033569336
2015-11-24,110.8499984741211
2015-11-25,110.79000091552734
2015-11-27,110.8499984741211
2015-11-30,110.80000305175781
2015-12-01,111.20999908447266
2015-12-02,110.83000183105469
2015-12-03,110.13999938964844
2015-12-04,110.41999816894531
2015-12-07,110.37999725341797
2015-12-08,110.41000366210938
2015-12-09,110.19999694824219
2015-12-10,109.95999908447266
2015-12-11,110.31999969482422
2015-12-14,109.52999877929688
2015-12-15,109.47000122070312
2015-12-16,109.1500015258789
2015-12-17,109.52999877929688
2015-12-18,109.83000183105469
2015-12-21,109.62999725341797
2015-12-22,109.4800033569336
2015-12-23,109.58000183105469
2015-12-24,109.7699966430664
2015-12-28,109.80000305175781
2015-12-29,109.37999725341797
2015-12-30,109.5
2015-12-31,109.68000030517578
2016-01-04,110.11000061035156
2016-01-05,110.04000091552734
2016-01-06,110.38999938964844
2016-01-07,110.30000305175781
2016-01-08,110.38999938964844
2016-01-11,109.80999755859375
2016-01-12,110.11000061035156
2016-01-13,110.33999633789062
2016-01-14,110.23999786376953
2016-01-15,110.23999786376953
2016-01-19,110.12999725341797
2016-01-20,110.19000244140625
2016-01-21,109.79000091552734
2016-01-22,109.94999694824219
2016-01-25,110.16000366210938
2016-01-26,110.44000244140625
2016-01-27,110.72000122070312
2016-01-28,110.94999694824219
2016-01-29,111.4000015258789
2016-02-01,111.19999694824219
2016-02-02,111.54000091552734
2016-02-03,111.68000030517578
2016-02-04,111.69999694824219
2016-02-05,111.38999938964844
2016-02-08,111.47000122070312
2016-02-09,111.22000122070312
2016-02-10,111.62999725341797
2016-02-11,112.0199966430664
2016-02-12,111.5999984741211
2016-02-16,111.13999938964844
2016-02-17,110.94999694824219
2016-02-18,111.26000213623047
2016-02-19,111.3499984741211
2016-02-22,111.62000274658203
2016-02-23,111.95999908447266
2016-02-24,112.20999908447266
2016-02-25,112.66999816894531
2016-02-26,112.37999725341797
2016-02-29,112.76000213623047
2016-03-01,112.44999694824219
2016-03-02,112.69000244140625
2016-03-03,112.91999816894531
2016-03-04,112.56999969482422
2016-03-07,112.12000274658203
2016-03-08,112.55000305175781
2016-03-09,112.4800033569336
2016-03-10,112.08999633789062
2016-03-11,112.05000305175781
2016-03-14,111.91999816894531
2016-03-15,111.69999694824219
2016-03-16,112.88999938964844
2016-03-17,113.13999938964844
2016-03-18,113.5199966430664
2016-03-21,113.55000305175781
2016-03-22,113.26000213623047
2016-03-23,113.37999725341797
2016-03-24,113.12000274658203
2016-03-28,113.26000213623047
2016-03-29,114.44999694824219
2016-03-30,114.5199966430664
2016-03-31,114.63999938964844
2016-04-01,114.7300033569336
2016-04-04,114.87000274658203
2016-04-05,114.98999786376953
2016-04-06,114.69000244140625
2016-04-07,115.08999633789062
2016-04-08,114.86000061035156
2016-04-11,114.56999969482422
2016-04-12,114.08999633789062
2016-04-13,114.19000244140625
2016-04-14,113.91999816894531
2016-04-15,114.33000183105469
2016-04-18,114.30999755859375
2016-04-19,114.51000213623047
2016-04-20,114.02999877929688
2016-04-21,113.88999938964844
2016-04-22,113.81999969482422
2016-04-25,113.69000244140625
2016-04-26,113.63999938964844
2016-04-27,114.33000183105469
2016-04-28,114.93000030517578
2016-04-29,114.87999725341797
2016-05-02,114.5
2016-05-03,114.55000305175781
2016-05-04,114.68000030517578
2016-05-05,115.05000305175781
2016-05-06,114.6500015258789
2016-05-09,114.72000122070312
2016-05-10,115.06999969482422
2016-05-11,115.05000305175781
2016-05-12,114.97000122070312
2016-05-13,115.25
2016-05-16,115.12000274658203
2016-05-17,115.19999694824219
2016-05-18,114.19999694824219
2016-05-19,114.1500015258789
2016-05-20,114.08999633789062
2016-05-23,114.1500015258789
2016-05-24,114.04000091552734
2016-05-25,114.12999725341797
2016-05-26,114.45999908447266
2016-05-27,114.30999755859375
2016-05-31,114.13999938964844
2016-06-01,113.93000030517578
2016-06-02,114.31999969482422
2016-06-03,115.05999755859375
2016-06-06,115.19000244140625
2016-06-07,115.5
2016-06-08,115.7699966430664
2016-06-09,115.80999755859375
2016-06-10,115.80999755859375
2016-06-13,115.66000366210938
2016-06-14,115.37000274658203
2016-06-15,115.91000366210938
2016-06-16,115.68000030517578
2016-06-17,115.38999938964844
2016-06-20,115.05999755859375
2016-06-21,114.70999908447266
2016-06-22,115.0199966430664
2016-06-23,115.05999755859375
2016-06-24,115.77999877929688
2016-06-27,116.12000274658203
2016-06-28,116.5199966430664
2016-06-29,116.44999694824219
2016-06-30,116.66999816894531
2016-07-01,117.05999755859375
2016-07-05,117.25
2016-07-06,117.52999877929688
2016-07-07,117.29000091552734
2016-07-08,117.55000305175781
2016-07-11,116.9800033569336
2016-07-12,116.58999633789062
2016-07-13,116.83999633789062
2016-07-14,116.54000091552734
2016-07-15,116.41000366210938
2016-07-18,116.33000183105469
2016-07-19,116.33999633789062
2016-07-20,116.12999725341797
2016-07-21,116.18000030517578
2016-07-22,116.08000183105469
2016-07-25,115.83000183105469
2016-07-26,116.02999877929688
2016-07-27,116.4800033569336
2016-07-28,116.63999938964844
2016-07-29,116.9000015258789
2016-08-01,115.75
2016-08-02,115.18000030517578
2016-08-03,115.51000213623047
2016-08-04,115.98999786376953
2016-08-05,115.70999908447266
2016-08-08,115.79000091552734
2016-08-09,116.06999969482422
2016-08-10,116.0999984741211
2016-08-11,115.79000091552734
2016-08-12,116.08999633789062
2016-08-15,115.79000091552734
2016-08-16,115.62999725341797
2016-08-17,115.9800033569336
2016-08-18,116.18000030517578
2016-08-19,115.98999786376953
2016-08-22,116.2300033569336
2016-08-23,116.38999938964844
2016-08-24,116.20999908447266
2016-08-25,116.1500015258789
2016-08-26,115.69999694824219
2016-08-29,116.12000274658203
2016-08-30,116.0199966430664
2016-08-31,116.04000091552734
2016-09-01,115.72000122070312
2016-09-02,115.58999633789062
2016-09-06,116.13999938964844
2016-09-07,116.29000091552734
2016-09-08,115.87999725341797
2016-09-09,115.08000183105469
2016-09-12,115.12000274658203
2016-09-13,114.61000061035156
2016-09-14,114.79000091552734
2016-09-15,114.76000213623047
2016-09-16,114.94999694824219
2016-09-19,114.80999755859375
2016-09-20,114.79000091552734
2016-09-21,115.33000183105469
2016-09-22,115.9000015258789
2016-09-23,116.22000122070312
2016-09-26,116.2699966430664
2016-09-27,116.37000274658203
2016-09-28,116.51000213623047
2016-09-29,116.48999786376953
2016-09-30,116.48999786376953
2016-10-03,116.37999725341797
2016-10-04,115.80999755859375
2016-10-05,115.62000274658203
2016-10-06,115.68000030517578
2016-10-07,115.6500015258789
2016-10-10,115.48999786376953
2016-10-11,115.4000015258789
2016-10-12,115.36000061035156
2016-10-13,115.54000091552734
2016-10-14,115.43000030517578
2016-10-17,115.94999694824219
2016-10-18,116.0199966430664
2016-10-19,116.18000030517578
2016-10-20,116.0
2016-10-21,116.12999725341797
2016-10-24,115.94999694824219
2016-10-25,116.12999725341797
2016-10-26,116.01000213623047
2016-10-27,115.51000213623047
2016-10-28,115.63999938964844
2016-10-31,115.86000061035156
2016-11-01,115.87000274658203
2016-11-02,115.91999816894531
2016-11-03,115.58999633789062
2016-11-04,115.88999938964844
2016-11-07,115.83000183105469
2016-11-08,115.62999725341797
2016-11-09,114.7699966430664
2016-11-10,114.56999969482422
2016-11-11,114.25
2016-11-14,113.37000274658203
2016-11-15,113.44000244140625
2016-11-16,113.68000030517578
2016-11-17,113.48999786376953
2016-11-18,113.31999969482422
2016-11-21,113.58999633789062
2016-11-22,113.69000244140625
2016-11-23,113.30999755859375
2016-11-25,113.12000274658203
2016-11-28,113.29000091552734
2016-11-29,113.4000015258789
2016-11-30,113.45999908447266
2016-12-01,112.88999938964844
2016-12-02,112.94999694824219
2016-12-05,113.11000061035156
2016-12-06,113.33000183105469
2016-12-07,113.43000030517578
2016-12-08,113.31999969482422
2016-12-09,112.80000305175781
2016-12-12,112.77999877929688
2016-12-13,112.73999786376953
2016-12-14,111.8499984741211
2016-12-15,111.1500015258789
2016-12-16,111.08999633789062
2016-12-19,111.55000305175781
2016-12-20,111.66000366210938
2016-12-21,111.94000244140625
2016-12-22,112.29000091552734
2016-12-23,112.41999816894531
2016-12-27,112.37000274658203
2016-12-28,112.66000366210938
2016-12-29,112.80000305175781
2016-12-30,113.16999816894531
2017-01-03,113.27999877929688
2017-01-04,113.52999877929688
2017-01-05,113.91999816894531
2017-01-06,113.44999694824219
2017-01-09,113.62999725341797
2017-01-10,113.72000122070312
2017-01-11,114.08000183105469
2017-01-12,114.18000030517578
2017-01-13,113.9800033569336
2017-01-17,114.33999633789062
2017-01-18,113.77999877929688
2017-01-19,113.69000244140625
2017-01-20,113.70999908447266
2017-01-23,114.16999816894531
2017-01-24,113.9800033569336
2017-01-25,113.61000061035156
2017-01-26,113.77999877929688
2017-01-27,113.97000122070312
2017-01-30,113.94000244140625
2017-01-31,114.18000030517578
2017-02-01,113.94000244140625
2017-02-02,113.94999694824219
2017-02-03,113.83000183105469
2017-02-06,114.11000061035156
2017-02-07,114.05999755859375
2017-02-08,114.33000183105469
2017-02-09,114.11000061035156
2017-02-10,114.19999694824219
2017-02-13,114.0199966430664
2017-02-14,113.75
2017-02-15,113.9000015258789
2017-02-16,113.9000015258789
2017-02-17,114.16000366210938
2017-02-21,114.1500015258789
2017-02-22,114.36000061035156
2017-02-23,114.62999725341797
2017-02-24,114.95999908447266
2017-02-27,114.6500015258789
2017-02-28,114.6500015258789
2017-03-01,113.95999908447266
2017-03-02,113.5999984741211
2017-03-03,113.86000061035156
2017-03-06,113.73999786376953
2017-03-07,113.54000091552734
2017-03-08,113.05000305175781
2017-03-09,112.75
2017-03-10,112.95999908447266
2017-03-13,112.69999694824219
2017-03-14,112.62000274658203
2017-03-15,113.63999938964844
2017-03-16,113.55999755859375
2017-03-17,113.80999755859375
2017-03-20,113.9800033569336
2017-03-21,114.05999755859375
2017-03-22,114.25
2017-03-23,114.12000274658203
2017-03-24,114.44999694824219
2017-03-27,114.66999816894531
2017-03-28,114.29000091552734
2017-03-29,114.58999633789062
2017-03-30,114.30999755859375
2017-03-31,114.6500015258789
2017-04-03,114.7699966430664
2017-04-04,114.63999938964844
2017-04-05,114.86000061035156
2017-04-06,114.80000305175781
2017-04-07,114.3499984741211
2017-04-10,114.41000366210938
2017-04-11,114.62999725341797
2017-04-12,115.05999755859375
2017-04-13,115.2300033569336
2017-04-17,114.95999908447266
2017-04-18,115.20999908447266
2017-04-19,115.0
2017-04-20,114.87999725341797
2017-04-21,114.72000122070312
2017-04-24,114.69000244140625
2017-04-25,114.5
2017-04-26,114.73999786376953
2017-04-27,114.83999633789062
2017-04-28,115.01000213623047
2017-05-01,114.33999633789062
2017-05-02,114.33999633789062
2017-05-03,114.08999633789062
2017-05-04,113.66000366210938
2017-05-05,113.75
2017-05-08,113.30999755859375
2017-05-09,113.20999908447266
2017-05-10,113.25
2017-05-11,113.58999633789062
2017-05-12,113.7699966430664
2017-05-15,113.47000122070312
2017-05-16,113.55000305175781
2017-05-17,114.20999908447266
2017-05-18,114.38999938964844
2017-05-19,114.58999633789062
2017-05-22,114.41000366210938
2017-05-23,114.23999786376953
2017-05-24,114.30999755859375
2017-05-25,114.12999725341797
2017-05-26,114.4000015258789
2017-05-30,114.6500015258789
2017-05-31,114.68000030517578
2017-06-01,114.37000274658203
2017-06-02,114.83000183105469
2017-06-05,114.52999877929688
2017-06-06,114.66000366210938
2017-06-07,114.38999938964844
2017-06-08,114.2699966430664
2017-06-09,114.16999816894531
2017-06-12,113.93000030517578
2017-06-13,114.12000274658203
2017-06-14,114.13999938964844
2017-06-15,113.58000183105469
2017-06-16,113.68000030517578
2017-06-19,113.55000305175781
2017-06-20,113.66999816894531
2017-06-21,113.8499984741211
2017-06-22,114.22000122070312
2017-06-23,114.30999755859375
2017-06-26,114.48999786376953
2017-06-27,113.94999694824219
2017-06-28,114.04000091552734
2017-06-29,113.58999633789062
2017-06-30,113.43000030517578
2017-07-03,112.93000030517578
2017-07-05,113.0999984741211
2017-07-06,112.80999755859375
2017-07-07,112.45999908447266
2017-07-10,112.41000366210938
2017-07-11,112.7699966430664
2017-07-12,113.0999984741211
2017-07-13,113.05999755859375
2017-07-14,113.05000305175781
2017-07-17,113.27999877929688
2017-07-18,113.5999984741211
2017-07-19,113.69000244140625
2017-07-20,113.41000366210938
2017-07-21,113.58000183105469
2017-07-24,113.58000183105469
2017-07-25,113.13999938964844
2017-07-26,113.47000122070312
2017-07-27,113.38999938964844
2017-07-28,113.66000366210938
2017-07-31,113.66000366210938
2017-08-01,113.54000091552734
2017-08-02,113.4800033569336
2017-08-03,113.79000091552734
2017-08-04,113.62999725341797
2017-08-07,113.76000213623047
2017-08-08,113.83999633789062
2017-08-09,114.05000305175781
2017-08-10,114.33999633789062
2017-08-11,114.2699966430664
2017-08-14,113.81999969482422
2017-08-15,113.4800033569336
2017-08-16,113.68000030517578
2017-08-17,113.95999908447266
2017-08-18,113.9800033569336
2017-08-21,114.0199966430664
2017-08-22,113.87999725341797
2017-08-23,114.19000244140625
2017-08-24,113.9000015258789
2017-08-25,114.08999633789062
2017-08-28,114.18000030517578
2017-08-29,114.36000061035156
2017-08-30,114.33000183105469
2017-08-31,114.62000274658203
2017-09-01,114.12000274658203
2017-09-05,114.86000061035156
2017-09-06,114.72000122070312
2017-09-07,115.19999694824219
2017-09-08,115.22000122070312
2017-09-11,114.77999877929688
2017-09-12,114.58999633789062
2017-09-13,114.37999725341797
2017-09-14,114.55999755859375
2017-09-15,114.5
2017-09-18,114.44999694824219
2017-09-19,114.31999969482422
2017-09-20,114.0
2017-09-21,113.73999786376953
2017-09-22,114.02999877929688
2017-09-25,114.3499984741211
2017-09-26,114.26000213623047
2017-09-27,113.91000366210938
2017-09-28,113.83000183105469
2017-09-29,113.58000183105469
2017-10-02,113.37999725341797
2017-10-03,113.48999786376953
2017-10-04,113.58999633789062
2017-10-05,113.47000122070312
2017-10-06,113.37999725341797
2017-10-09,113.41999816894531
2017-10-10,113.62000274658203
2017-10-11,113.76000213623047
2017-10-12,113.97000122070312
2017-10-13,114.12999725341797
2017-10-16,113.87000274658203
2017-10-17,113.66000366210938
2017-10-18,113.5199966430664
2017-10-19,113.66999816894531
2017-10-20,113.41000366210938
2017-10-23,113.41999816894531
2017-10-24,113.26000213623047
2017-10-25,113.13999938964844
2017-10-26,113.08999633789062
2017-10-27,113.44999694824219
2017-10-30,113.75
2017-10-31,113.80000305175781
2017-11-01,113.69999694824219
2017-11-02,113.87000274658203
2017-11-03,113.94999694824219
2017-11-06,114.13999938964844
2017-11-07,114.30000305175781
2017-11-08,114.2300033569336
2017-11-09,114.20999908447266
2017-11-10,113.70999908447266
2017-11-13,113.69999694824219
2017-11-14,113.83999633789062
2017-11-15,114.16000366210938
2017-11-16,113.91999816894531
2017-11-17,114.12000274658203
2017-11-20,113.94999694824219
2017-11-21,113.94000244140625
2017-11-22,114.27999877929688
2017-11-24,114.13999938964844
2017-11-27,114.12000274658203
2017-11-28,114.11000061035156
2017-11-29,113.80000305175781
2017-11-30,113.68000030517578
2017-12-01,113.61000061035156
2017-12-04,113.6500015258789
2017-12-05,113.7699966430664
2017-12-06,113.88999938964844
2017-12-07,113.73999786376953
2017-12-08,113.69000244140625
2017-12-11,113.5999984741211
2017-12-12,113.69000244140625
2017-12-13,113.88999938964844
2017-12-14,113.88999938964844
2017-12-15,113.88999938964844
2017-12-18,113.69000244140625
2017-12-19,113.3499984741211
2017-12-20,112.97000122070312
2017-12-21,113.11000061035156
2017-12-22,113.18000030517578
2017-12-26,113.27999877929688
2017-12-27,113.75
2017-12-28,113.79000091552734
2017-12-29,114.08000183105469
2018-01-02,113.80000305175781
2018-01-03,113.91000366210938
2018-01-04,113.94000244140625
2018-01-05,113.91999816894531
2018-01-08,113.80000305175781
2018-01-09,113.43000030517578
2018-01-10,113.38999938964844
2018-01-11,113.2699966430664
2018-01-12,113.37999725341797
2018-01-16,113.56999969482422
2018-01-17,113.48999786376953
2018-01-18,113.38999938964844
2018-01-19,113.19999694824219
2018-01-22,113.13999938964844
2018-01-23,113.30999755859375
2018-01-24,113.2300033569336
2018-01-25,113.44000244140625
2018-01-26,113.37000274658203
2018-01-29,113.0999984741211
2018-01-30,112.83000183105469
2018-01-31,113.11000061035156
2018-02-01,112.51000213623047
2018-02-02,112.37000274658203
2018-02-05,112.79000091552734
2018-02-06,112.33000183105469
2018-02-07,112.08000183105469
2018-02-08,111.8499984741211
2018-02-09,111.5
2018-02-12,111.58000183105469
2018-02-13,111.66000366210938
2018-02-14,111.55999755859375
2018-02-15,111.62000274658203
2018-02-16,111.80000305175781
2018-02-20,111.70999908447266
2018-02-21,111.38999938964844
2018-02-22,111.48999786376953
2018-02-23,111.9000015258789
2018-02-26,112.04000091552734
2018-02-27,111.76000213623047
2018-02-28,111.91999816894531
2018-03-01,112.26000213623047
2018-03-02,112.16999816894531
2018-03-05,112.0999984741211
2018-03-06,112.06999969482422
2018-03-07,112.06999969482422
2018-03-08,112.18000030517578
2018-03-09,112.01000213623047
2018-03-12,112.08999633789062
2018-03-13,112.18000030517578
2018-03-14,112.37000274658203
2018-03-15,112.37999725341797
2018-03-16,112.19000244140625
2018-03-19,112.12000274658203
2018-03-20,111.94999694824219
2018-03-21,112.19000244140625
2018-03-22,112.5199966430664
2018-03-23,112.58000183105469
2018-03-26,112.37999725341797
2018-03-27,112.80999755859375
2018-03-28,112.80999755859375
2018-03-29,113.05000305175781
2018-04-02,112.87000274658203
2018-04-03,112.80000305175781
2018-04-04,112.73999786376953
2018-04-05,112.41999816894531
2018-04-06,112.87000274658203
2018-04-09,112.8499984741211
2018-04-10,112.80000305175781
2018-04-11,113.12999725341797
2018-04-12,112.94999694824219
2018-04-13,113.11000061035156
2018-04-16,113.01000213623047
2018-04-17,113.18000030517578
2018-04-18,112.94999694824219
2018-04-19,112.7699966430664
2018-04-20,112.37999725341797
2018-04-23,112.3499984741211
2018-04-24,112.04000091552734
2018-04-25,111.87000274658203
2018-04-26,112.16000366210938
2018-04-27,112.5199966430664
2018-04-30,112.61000061035156
2018-05-01,111.79000091552734
2018-05-02,111.93000030517578
2018-05-03,112.06999969482422
2018-05-04,112.0999984741211
2018-05-07,112.12000274658203
2018-05-08,111.91999816894531
2018-05-09,111.8499984741211
2018-05-10,112.06999969482422
2018-05-11,112.06999969482422
2018-05-14,111.79000091552734
2018-05-15,111.43000030517578
2018-05-16,111.2699966430664
2018-05-17,111.05999755859375
2018-05-18,111.36000061035156
2018-05-21,111.4000015258789
2018-05-22,111.3499984741211
2018-05-23,111.66999816894531
2018-05-24,111.80000305175781
2018-05-25,111.95999908447266
2018-05-29,112.62000274658203
2018-05-30,112.41000366210938
2018-05-31,112.4800033569336
2018-06-01,111.9800033569336
2018-06-04,111.75
2018-06-05,112.0
2018-06-06,111.76000213623047
2018-06-07,112.0999984741211
2018-06-08,111.91000366210938
2018-06-11,111.91000366210938
2018-06-12,111.81999969482422
2018-06-13,111.75
2018-06-14,112.04000091552734
2018-06-15,112.08000183105469
2018-06-18,112.16999816894531
2018-06-19,112.3499984741211
2018-06-20,112.04000091552734
2018-06-21,112.23999786376953
2018-06-22,112.4000015258789
2018-06-25,112.44999694824219
2018-06-26,112.61000061035156
2018-06-27,112.9800033569336
2018-06-28,112.83000183105469
2018-06-29,112.87000274658203
2018-07-02,112.4800033569336
2018-07-03,112.72000122070312
2018-07-05,112.8499984741211
2018-07-06,113.01000213623047
2018-07-09,112.77999877929688
2018-07-10,112.61000061035156
2018-07-11,112.7300033569336
2018-07-12,112.63999938964844
2018-07-13,112.86000061035156
2018-07-16,112.55999755859375
2018-07-17,112.41000366210938
2018-07-18,112.2300033569336
2018-07-19,112.38999938964844
2018-07-20,112.12000274658203
2018-07-23,111.58999633789062
2018-07-24,111.6500015258789
2018-07-25,111.66999816894531
2018-07-26,111.55999755859375
2018-07-27,111.7300033569336
2018-07-30,111.66999816894531
2018-07-31,111.83999633789062
2018-08-01,111.0999984741211
2018-08-02,111.16000366210938
2018-08-03,111.37999725341797
2018-08-06,111.4000015258789
2018-08-07,111.25
2018-08-08,111.26000213623047
2018-08-09,111.5199966430664
2018-08-10,111.87999725341797
2018-08-13,111.86000061035156
2018-08-14,111.72000122070312
2018-08-15,111.94000244140625
2018-08-16,111.87000274658203
2018-08-17,111.91999816894531
2018-08-20,112.13999938964844
2018-08-21,112.06999969482422
2018-08-22,112.30999755859375
2018-08-23,112.4000015258789
2018-08-24,112.51000213623047
2018-08-27,112.33999633789062
2018-08-28,112.12000274658203
2018-08-29,112.12000274658203
2018-08-30,112.22000122070312
2018-08-31,112.08999633789062
2018-09-04,111.55000305175781
2018-09-05,111.44000244140625
2018-09-06,111.54000091552734
2018-09-07,111.22000122070312
2018-09-10,111.25
2018-09-11,111.0199966430664
2018-09-12,111.12000274658203
2018-09-13,110.95999908447266
2018-09-14,110.76000213623047
2018-09-17,110.77999877929688
2018-09-18,110.55000305175781
2018-09-19,110.43000030517578
2018-09-20,110.58000183105469
2018-09-21,110.58999633789062
2018-09-24,110.4800033569336
2018-09-25,110.44000244140625
2018-09-26,110.62999725341797
2018-09-27,110.66999816894531
2018-09-28,110.62000274658203
2018-10-01,110.19000244140625
2018-10-02,110.37000274658203
2018-10-03,109.83999633789062
2018-10-04,109.56999969482422
2018-10-05,109.2699966430664
2018-10-08,109.22000122070312
2018-10-09,109.52999877929688
2018-10-10,109.41999816894531
2018-10-11,109.5999984741211
2018-10-12,109.43000030517578
2018-10-15,109.5
2018-10-16,109.51000213623047
2018-10-17,109.25
2018-10-18,109.16999816894531
2018-10-19,109.06999969482422
2018-10-22,109.01000213623047
2018-10-23,109.04000091552734
2018-10-24,109.4000015258789
2018-10-25,108.94000244140625
2018-10-26,109.48999786376953
2018-10-29,109.37999725341797
2018-10-30,109.08999633789062
2018-10-31,108.83999633789062
2018-11-01,108.61000061035156
2018-11-02,108.27999877929688
2018-11-05,108.4800033569336
2018-11-06,108.44000244140625
2018-11-07,108.5199966430664
2018-11-08,108.37000274658203
2018-11-09,108.62999725341797
2018-11-12,108.86000061035156
2018-11-13,108.7699966430664
2018-11-14,108.77999877929688
2018-11-15,108.87000274658203
2018-11-16,109.31999969482422
2018-11-19,109.2699966430664
2018-11-20,109.11000061035156
2018-11-21,109.05999755859375
2018-11-23,108.88999938964844
2018-11-26,108.7699966430664
2018-11-27,108.4800033569336
2018-11-28,108.61000061035156
2018-11-29,109.25
2018-11-30,109.2699966430664
2018-12-03,109.31999969482422
2018-12-04,109.6500015258789
2018-12-06,109.66000366210938
2018-12-07,109.81999969482422
2018-12-10,109.55000305175781
2018-12-11,109.11000061035156
2018-12-12,108.94999694824219
2018-12-13,108.97000122070312
2018-12-14,109.05000305175781
2018-12-17,109.23999786376953
2018-12-18,109.33999633789062
2018-12-19,109.52999877929688
2018-12-20,109.22000122070312
2018-12-21,109.16999816894531
2018-12-24,109.33000183105469
2018-12-26,109.11000061035156
2018-12-27,109.11000061035156
2018-12-28,109.43000030517578
2018-12-31,109.51000213623047
2019-01-02,109.68000030517578
2019-01-03,110.31999969482422
2019-01-04,110.08999633789062
2019-01-07,110.0199966430664
2019-01-08,110.11000061035156
2019-01-09,110.23999786376953
2019-01-10,109.9800033569336
2019-01-11,110.2699966430664
2019-01-14,110.06999969482422
2019-01-15,109.97000122070312
2019-01-16,109.95999908447266
2019-01-17,109.87000274658203
2019-01-18,109.73999786376953
2019-01-22,109.80999755859375
2019-01-23,109.68000030517578
2019-01-24,109.8499984741211
2019-01-25,109.68000030517578
2019-01-28,109.52999877929688
2019-01-29,109.8499984741211
2019-01-30,110.44999694824219
2019-01-31,111.06999969482422
2019-02-01,110.68000030517578
2019-02-04,110.45999908447266
2019-02-05,110.61000061035156
2019-02-06,110.54000091552734
2019-02-07,110.70999908447266
2019-02-08,110.76000213623047
2019-02-11,110.52999877929688
2019-02-12,110.55000305175781
2019-02-13,110.52999877929688
2019-02-14,110.83999633789062
2019-02-15,110.83999633789062
2019-02-19,111.0999984741211
2019-02-20,111.13999938964844
2019-02-21,110.94999694824219
2019-02-22,111.23999786376953
2019-02-25,111.16000366210938
2019-02-26,111.31999969482422
2019-02-27,111.05999755859375
2019-02-28,110.87999725341797
2019-03-01,110.66000366210938
2019-03-04,110.81999969482422
2019-03-05,110.77999877929688
2019-03-06,110.91000366210938
2019-03-07,111.22000122070312
2019-03-08,111.31999969482422
2019-03-11,111.30000305175781
2019-03-12,111.51000213623047
2019-03-13,111.63999938964844
2019-03-14,111.61000061035156
2019-03-15,112.0
2019-03-18,111.98999786376953
2019-03-19,111.88999938964844
2019-03-20,112.62999725341797
2019-03-21,112.62000274658203
2019-03-22,112.95999908447266
2019-03-25,112.93000030517578
2019-03-26,112.7300033569336
2019-03-27,112.77999877929688
2019-03-28,112.87000274658203
2019-03-29,113.06999969482422
2019-04-01,112.6500015258789
2019-04-02,112.76000213623047
2019-04-03,112.41000366210938
2019-04-04,112.48999786376953
2019-04-05,112.62000274658203
2019-04-08,112.51000213623047
2019-04-09,112.62000274658203
2019-04-10,113.02999877929688
2019-04-11,112.7699966430664
2019-04-12,112.55999755859375
2019-04-15,112.62000274658203
2019-04-16,112.36000061035156
2019-04-17,112.33999633789062
2019-04-18,112.66000366210938
2019-04-22,112.55000305175781
2019-04-23,112.80999755859375
2019-04-24,113.19999694824219
2019-04-25,113.19999694824219
2019-04-26,113.44999694824219
2019-04-29,113.12999725341797
2019-04-30,113.31999969482422
2019-05-01,113.04000091552734
2019-05-02,112.58000183105469
2019-05-03,112.88999938964844
2019-05-06,113.05999755859375
2019-05-07,113.12000274658203
2019-05-08,112.83000183105469
2019-05-09,113.0199966430664
2019-05-10,113.2699966430664
2019-05-13,113.51000213623047
2019-05-14,113.58999633789062
2019-05-15,113.81999969482422
2019-05-16,113.63999938964844
2019-05-17,113.52999877929688
2019-05-20,113.37999725341797
2019-05-21,113.44000244140625
2019-05-22,113.4800033569336
2019-05-23,113.72000122070312
2019-05-24,113.91000366210938
2019-05-28,113.97000122070312
2019-05-29,114.16999816894531
2019-05-30,114.55000305175781
2019-05-31,115.2699966430664
2019-06-03,114.94000244140625
2019-06-04,114.70999908447266
2019-06-05,114.77999877929688
2019-06-06,114.70999908447266
2019-06-07,115.12999725341797
2019-06-10,114.51000213623047
2019-06-11,114.36000061035156
2019-06-12,114.41999816894531
2019-06-13,114.45999908447266
2019-06-14,114.27999877929688
2019-06-17,114.05999755859375
2019-06-18,114.52999877929688
2019-06-19,115.19000244140625
2019-06-20,115.83999633789062
2019-06-21,115.31999969482422
2019-06-24,115.54000091552734
2019-06-25,115.33999633789062
2019-06-26,115.2300033569336
2019-06-27,115.44999694824219
2019-06-28,115.48999786376953
2019-07-01,114.63999938964844
2019-07-02,114.69999694824219
2019-07-03,115.0
2019-07-05,114.6500015258789
2019-07-08,114.66999816894531
2019-07-09,114.79000091552734
2019-07-10,114.98999786376953
2019-07-11,114.62999725341797
2019-07-12,114.83000183105469
2019-07-15,115.12000274658203
2019-07-16,114.93000030517578
2019-07-17,115.16999816894531
2019-07-18,115.41000366210938
2019-07-19,115.2300033569336
2019-07-22,115.26000213623047
2019-07-23,115.2300033569336
2019-07-24,115.26000213623047
2019-07-25,115.06999969482422
2019-07-26,114.98999786376953
2019-07-29,114.88999938964844
2019-07-30,115.05999755859375
2019-07-31,115.23999786376953
2019-08-01,115.38999938964844
2019-08-02,115.47000122070312
2019-08-05,115.87000274658203
2019-08-06,116.30000305175781
2019-08-07,116.36000061035156
2019-08-08,116.66000366210938
2019-08-09,116.54000091552734
2019-08-12,117.01000213623047
2019-08-13,116.81999969482422
2019-08-14,117.04000091552734
2019-08-15,117.55999755859375
2019-08-16,117.22000122070312
2019-08-19,116.77999877929688
2019-08-20,116.93000030517578
2019-08-21,116.80999755859375
2019-08-22,116.70999908447266
2019-08-23,117.37999725341797
2019-08-26,117.25
2019-08-27,117.80000305175781
2019-08-28,118.02999877929688
2019-08-29,118.0999984741211
2019-08-30,117.6500015258789
2019-09-03,117.44999694824219
2019-09-04,117.73999786376953
2019-09-05,117.20999908447266
2019-09-06,117.30999755859375
2019-09-09,116.70999908447266
2019-09-10,116.04000091552734
2019-09-11,115.91000366210938
2019-09-12,115.81999969482422
2019-09-13,115.13999938964844
2019-09-16,115.83000183105469
2019-09-17,115.9800033569336
2019-09-18,115.62000274658203
2019-09-19,115.8499984741211
2019-09-20,116.48999786376953
2019-09-23,116.6500015258789
2019-09-24,116.91000366210938
2019-09-25,116.30000305175781
2019-09-26,116.37000274658203
2019-09-27,116.19000244140625
2019-09-30,116.29000091552734
2019-10-01,116.31999969482422
2019-10-02,116.31999969482422
2019-10-03,116.69000244140625
2019-10-04,117.05000305175781
2019-10-07,116.7300033569336
2019-10-08,116.62000274658203
2019-10-09,116.37999725341797
2019-10-10,116.01000213623047
2019-10-11,115.6500015258789
2019-10-14,115.83999633789062
2019-10-15,115.44999694824219
2019-10-16,115.62999725341797
2019-10-17,115.79000091552734
2019-10-18,115.97000122070312
2019-10-21,115.5999984741211
2019-10-22,115.94999694824219
2019-10-23,116.02999877929688
2019-10-24,116.0999984741211
2019-10-25,116.12000274658203
2019-10-28,115.55999755859375
2019-10-29,115.2699966430664
2019-10-30,115.69999694824219
2019-10-31,116.05999755859375
2019-11-01,116.20999908447266
2019-11-04,116.12999725341797
2019-11-05,115.91000366210938
2019-11-06,116.27999877929688
2019-11-07,115.62999725341797
2019-11-08,115.55999755859375
2019-11-11,115.62000274658203
2019-11-12,115.5999984741211
2019-11-13,115.69999694824219
2019-11-14,115.97000122070312
2019-11-15,115.83000183105469
2019-11-18,116.05999755859375
2019-11-19,116.2699966430664
2019-11-20,116.72000122070312
2019-11-21,116.45999908447266
2019-11-22,116.5
2019-11-25,116.62999725341797
2019-11-26,116.87999725341797
2019-11-27,116.6500015258789
2019-11-29,116.37999725341797
2019-12-02,116.11000061035156
2019-12-03,116.83000183105469
2019-12-04,116.75
2019-12-05,116.58000183105469
2019-12-06,116.5
2019-12-09,116.52999877929688
2019-12-10,116.5
2019-12-11,116.91000366210938
2019-12-12,116.33999633789062
2019-12-13,116.80999755859375
2019-12-16,116.54000091552734
2019-12-17,116.69999694824219
2019-12-18,116.56999969482422
2019-12-19,116.6500015258789
2019-12-20,116.58999633789062
2019-12-23,116.38999938964844
2019-12-24,116.52999877929688
2019-12-26,116.61000061035156
2019-12-27,116.6500015258789
2019-12-30,116.69000244140625
2019-12-31,116.56999969482422
2020-01-02,117.13999938964844
2020-01-03,117.68000030517578
2020-01-06,117.37999725341797
2020-01-07,117.0199966430664
2020-01-08,116.91000366210938
2020-01-09,116.9000015258789
2020-01-10,117.25
2020-01-13,117.2300033569336
2020-01-14,117.38999938964844
2020-01-15,117.4800033569336
2020-01-16,117.29000091552734
2020-01-17,117.0999984741211
2020-01-21,117.4800033569336
2020-01-22,117.4000015258789
2020-01-23,117.63999938964844
2020-01-24,117.9000015258789
2020-01-27,118.16999816894531
2020-01-28,117.98999786376953
2020-01-29,118.41999816894531
2020-01-30,118.55000305175781
2020-01-31,119.05999755859375
2020-02-03,118.6500015258789
2020-02-04,118.13999938964844
2020-02-05,117.79000091552734
2020-02-06,118.01000213623047
2020-02-07,118.48999786376953
2020-02-10,118.66999816894531
2020-02-11,118.31999969482422
2020-02-12,118.19999694824219
2020-02-13,118.44999694824219
2020-02-14,118.54000091552734
2020-02-18,118.80000305175781
2020-02-19,118.75
2020-02-20,118.9800033569336
2020-02-21,119.19999694824219
2020-02-24,119.75
2020-02-25,119.55000305175781
2020-02-26,119.48999786376953
2020-02-27,119.83999633789062
2020-02-28,120.02999877929688
2020-03-02,120.30999755859375
2020-03-03,121.52999877929688
2020-03-04,121.3499984741211
2020-03-05,121.7300033569336
2020-03-06,122.54000091552734
2020-03-09,120.0199966430664
2020-03-10,116.58000183105469
2020-03-11,113.94000244140625
2020-03-12,113.66999816894531
2020-03-13,114.12000274658203
2020-03-16,113.33000183105469
2020-03-17,110.16000366210938
2020-03-18,108.80999755859375
2020-03-19,110.91999816894531
2020-03-20,115.86000061035156
2020-03-23,118.04000091552734
2020-03-24,118.11000061035156
2020-03-25,119.25
2020-03-26,119.86000061035156
2020-03-27,120.25
2020-03-30,118.33999633789062
2020-03-31,117.91999816894531
2020-04-01,118.45999908447266
2020-04-02,120.2699966430664
2020-04-03,121.33000183105469
2020-04-06,121.25
2020-04-07,121.16999816894531
2020-04-08,120.33999633789062
2020-04-09,121.52999877929688
2020-04-13,121.75
2020-04-14,122.11000061035156
2020-04-15,122.23999786376953
2020-04-16,121.18000030517578
2020-04-17,120.5999984741211
2020-04-20,120.2300033569336
2020-04-21,120.83999633789062
2020-04-22,121.56999969482422
2020-04-23,121.5
2020-04-24,122.19000244140625
2020-04-27,121.94999694824219
2020-04-28,122.37000274658203
2020-04-29,122.22000122070312
2020-04-30,121.30999755859375
2020-05-01,121.01000213623047
2020-05-04,121.12999725341797
2020-05-05,121.2699966430664
2020-05-06,120.68000030517578
2020-05-07,121.44000244140625
2020-05-08,121.4000015258789
2020-05-11,120.9800033569336
2020-05-12,121.08999633789062
2020-05-13,121.19999694824219
2020-05-14,121.33999633789062
2020-05-15,121.55000305175781
2020-05-18,121.54000091552734
2020-05-19,121.4000015258789
2020-05-20,121.76000213623047
2020-05-21,121.62999725341797
2020-05-22,121.69999694824219
2020-05-26,121.25
2020-05-27,121.37000274658203
2020-05-28,121.75
2020-05-29,121.80000305175781
2020-06-01,121.94999694824219
2020-06-02,121.68000030517578
2020-06-03,121.27999877929688
2020-06-04,120.81999969482422
2020-06-05,120.80999755859375
2020-06-08,121.06999969482422
2020-06-09,121.19000244140625
2020-06-10,122.12000274658203
2020-06-11,122.16000366210938
2020-06-12,121.83000183105469
2020-06-15,121.87999725341797
2020-06-16,121.81999969482422
2020-06-17,121.73999786376953
2020-06-18,122.29000091552734
2020-06-19,122.52999877929688
2020-06-22,122.83999633789062
2020-06-23,122.91000366210938
2020-06-24,122.73999786376953
2020-06-25,122.8499984741211
2020-06-26,123.05999755859375
2020-06-29,123.19999694824219
2020-06-30,123.0
2020-07-01,123.08000183105469
2020-07-02,123.41999816894531
2020-07-06,123.66000366210938
2020-07-07,123.69000244140625
2020-07-08,123.47000122070312
2020-07-09,123.79000091552734
2020-07-10,123.66000366210938
2020-07-13,123.93000030517578
2020-07-14,123.94999694824219
2020-07-15,123.87999725341797
2020-07-16,124.12999725341797
2020-07-17,124.36000061035156
2020-07-20,124.52999877929688
2020-07-21,124.80999755859375
2020-07-22,124.80999755859375
2020-07-23,124.87000274658203
2020-07-24,124.83999633789062
2020-07-27,124.83999633789062
2020-07-28,125.06999969482422
2020-07-29,125.36000061035156
2020-07-30,125.48999786376953
2020-07-31,125.86000061035156
2020-08-03,126.02999877929688
2020-08-04,126.30999755859375
2020-08-05,126.37000274658203
2020-08-06,126.51000213623047
2020-08-07,126.16999816894531
2020-08-10,126.0199966430664
2020-08-11,125.73999786376953
2020-08-12,125.81999969482422
2020-08-13,125.5
2020-08-14,125.29000091552734
2020-08-17,125.55999755859375
2020-08-18,126.12000274658203
2020-08-19,125.73999786376953
2020-08-20,125.62000274658203
2020-08-21,126.05000305175781
2020-08-24,126.30000305175781
2020-08-25,126.26000213623047
2020-08-26,126.51000213623047
2020-08-27,126.01000213623047
2020-08-28,126.41000366210938
2020-08-31,126.9800033569336
2020-09-01,127.05000305175781
2020-09-02,127.0999984741211
2020-09-03,126.66000366210938
2020-09-04,126.2699966430664
2020-09-08,126.38999938964844
2020-09-09,126.45999908447266
2020-09-10,126.56999969482422
2020-09-11,126.5
2020-09-14,126.41999816894531
2020-09-15,126.51000213623047
2020-09-16,126.51000213623047
2020-09-17,126.58000183105469
2020-09-18,126.47000122070312
2020-09-21,126.23999786376953
2020-09-22,126.27999877929688
2020-09-23,126.1500015258789
2020-09-24,126.23999786376953
2020-09-25,126.41000366210938
2020-09-28,126.66999816894531
2020-09-29,126.87999725341797
2020-09-30,126.5
2020-10-01,126.05999755859375
2020-10-02,126.08000183105469
2020-10-05,125.69999694824219
2020-10-06,125.72000122070312
2020-10-07,125.70999908447266
2020-10-08,126.20999908447266
2020-10-09,126.25
2020-10-12,126.33000183105469
2020-10-13,126.33000183105469
2020-10-14,126.33000183105469
2020-10-15,126.29000091552734
2020-10-16,126.33999633789062
2020-10-19,126.04000091552734
2020-10-20,125.93000030517578
2020-10-21,125.88999938964844
2020-10-22,125.69999694824219
2020-10-23,125.8499984741211
2020-10-26,125.94999694824219
2020-10-27,126.19999694824219
2020-10-28,126.04000091552734
2020-10-29,125.61000061035156
2020-10-30,125.2300033569336
2020-11-02,125.37000274658203
2020-11-03,125.2699966430664
2020-11-04,125.4800033569336
2020-11-05,125.58000183105469
2020-11-06,125.01000213623047
2020-11-09,124.6500015258789
2020-11-10,124.7699966430664
2020-11-11,124.98999786376953
2020-11-12,125.33999633789062
2020-11-13,125.33000183105469
2020-11-16,125.16000366210938
2020-11-17,125.37000274658203
2020-11-18,125.41000366210938
2020-11-19,125.54000091552734
2020-11-20,125.81999969482422
2020-11-23,125.72000122070312
2020-11-24,125.76000213623047
2020-11-25,125.97000122070312
2020-11-27,126.27999877929688
2020-11-30,126.41999816894531
2020-12-01,126.0
2020-12-02,126.08999633789062
2020-12-03,126.44000244140625
2020-12-04,126.16999816894531
2020-12-07,126.5
2020-12-08,126.70999908447266
2020-12-09,126.55000305175781
2020-12-10,126.83999633789062
2020-12-11,126.83000183105469
2020-12-14,126.83000183105469
2020-12-15,127.05999755859375
2020-12-16,127.05000305175781
2020-12-17,127.0999984741211
2020-12-18,127.04000091552734
2020-12-21,127.0199966430664
2020-12-22,127.13999938964844
2020-12-23,127.19999694824219
2020-12-24,127.25
2020-12-28,127.33999633789062
2020-12-29,127.27999877929688
2020-12-30,127.37999725341797
2020-12-31,127.6500015258789
2021-01-04,127.79000091552734
2021-01-05,127.75
2021-01-06,127.37000274658203
2021-01-07,127.29000091552734
2021-01-08,126.79000091552734
2021-01-11,126.5199966430664
2021-01-12,126.69000244140625
2021-01-13,126.97000122070312
2021-01-14,127.02999877929688
2021-01-15,127.16999816894531
2021-01-19,127.47000122070312
2021-01-20,127.66000366210938
2021-01-21,127.97000122070312
2021-01-22,127.7699966430664
2021-01-25,128.10000610351562
2021-01-26,127.91000366210938
2021-01-27,127.87000274658203
2021-01-28,128.1199951171875
2021-01-29,127.98999786376953
2021-02-01,127.70999908447266
2021-02-02,127.9000015258789
2021-02-03,127.83000183105469
2021-02-04,127.73999786376953
2021-02-05,127.70999908447266
2021-02-08,127.83000183105469
2021-02-09,127.9000015258789
2021-02-10,128.00999450683594
2021-02-11,127.86000061035156
2021-02-12,127.6500015258789
2021-02-16,127.02999877929688
2021-02-17,126.9800033569336
2021-02-18,126.44999694824219
2021-02-19,125.91000366210938
2021-02-22,125.9000015258789
2021-02-23,125.93000030517578
2021-02-24,125.83000183105469
2021-02-25,124.29000091552734
2021-02-26,125.83000183105469
2021-03-01,125.41000366210938
2021-03-02,125.91999816894531
2021-03-03,125.5999984741211
2021-03-04,125.12000274658203
2021-03-05,125.25
2021-03-08,124.55999755859375
2021-03-09,125.33999633789062
2021-03-10,125.91000366210938
2021-03-11,126.0199966430664
2021-03-12,125.02999877929688
2021-03-15,125.4000015258789
2021-03-16,125.66000366210938
2021-03-17,125.55000305175781
2021-03-18,124.66000366210938
2021-03-19,124.9000015258789
2021-03-22,125.5
2021-03-23,125.76000213623047
2021-03-24,126.08999633789062
2021-03-25,126.0
2021-03-26,126.02999877929688
2021-03-29,125.69000244140625
2021-03-30,125.47000122070312
2021-03-31,125.5
2021-04-01,125.55999755859375
2021-04-05,125.19999694824219
2021-04-06,125.2699966430664
2021-04-07,125.3499984741211
2021-04-08,125.62999725341797
2021-04-09,125.36000061035156
2021-04-12,125.37999725341797
2021-04-13,125.83999633789062
2021-04-14,125.83999633789062
2021-04-15,126.5199966430664
2021-04-16,126.4800033569336
2021-04-19,126.26000213623047
2021-04-20,126.33999633789062
2021-04-21,126.45999908447266
2021-04-22,126.61000061035156
2021-04-23,126.66999816894531
2021-04-26,126.73999786376953
2021-04-27,126.7300033569336
2021-04-28,127.12999725341797
2021-04-29,127.06999969482422
2021-04-30,126.98999786376953
2021-05-03,126.79000091552734
2021-05-04,127.08000183105469
2021-05-05,127.6500015258789
2021-05-06,127.5
2021-05-07,127.7699966430664
2021-05-10,127.83000183105469
2021-05-11,127.48999786376953
2021-05-12,127.2699966430664
2021-05-13,127.30000305175781
2021-05-14,127.75
2021-05-17,128.0
2021-05-18,127.80999755859375
2021-05-19,126.94000244140625
2021-05-20,127.08999633789062
2021-05-21,127.31999969482422
2021-05-24,127.62999725341797
2021-05-25,127.98999786376953
2021-05-26,127.69999694824219
2021-05-27,127.69000244140625
2021-05-28,127.7699966430664
2021-06-01,127.45999908447266
2021-06-02,127.30000305175781
2021-06-03,126.87000274658203
2021-06-04,127.4800033569336
2021-06-07,127.19999694824219
2021-06-08,127.33000183105469
2021-06-09,127.33999633789062
2021-06-10,128.0
2021-06-11,127.66999816894531
2021-06-14,127.5999984741211
2021-06-15,127.80999755859375
2021-06-16,126.6500015258789
2021-06-17,127.12999725341797
2021-06-18,127.18000030517578
2021-06-21,126.95999908447266
2021-06-22,127.66000366210938
2021-06-23,127.69000244140625
2021-06-24,127.44999694824219
2021-06-25,127.58000183105469
2021-06-28,127.7699966430664
2021-06-29,127.83999633789062
2021-06-30,128.00999450683594
2021-07-01,127.30000305175781
2021-07-02,127.83999633789062
2021-07-06,128.1699981689453
2021-07-07,128.0800018310547
2021-07-08,127.91000366210938
2021-07-09,127.93000030517578
2021-07-12,128.27000427246094
2021-07-13,128.27000427246094
2021-07-14,128.61000061035156
2021-07-15,129.0
2021-07-16,129.0
2021-07-19,129.0500030517578
2021-07-20,129.02999877929688
2021-07-21,128.6999969482422
2021-07-22,129.05999755859375
2021-07-23,129.63999938964844
2021-07-26,130.1999969482422
2021-07-27,130.1699981689453
2021-07-28,130.61000061035156
2021-07-29,130.3800048828125
2021-07-30,130.5800018310547
2021-08-02,129.85000610351562
2021-08-03,129.97000122070312
2021-08-04,129.72000122070312
2021-08-05,129.25999450683594
2021-08-06,128.97000122070312
2021-08-09,128.74000549316406
2021-08-10,128.86000061035156
2021-08-11,129.07000732421875
2021-08-12,128.97000122070312
2021-08-13,129.3000030517578
2021-08-16,129.42999267578125
2021-08-17,129.0800018310547
2021-08-18,129.10000610351562
2021-08-19,129.14999389648438
2021-08-20,128.75
2021-08-23,129.0500030517578
2021-08-24,129.0500030517578
2021-08-25,129.0
2021-08-26,129.02000427246094
2021-08-27,129.99000549316406
2021-08-30,129.97000122070312
2021-08-31,129.58999633789062
2021-09-01,128.75
2021-09-02,128.8000030517578
2021-09-03,128.6199951171875
2021-09-07,128.3000030517578
2021-09-08,128.82000732421875
2021-09-09,129.5
2021-09-10,129.13999938964844
2021-09-13,129.13999938964844
2021-09-14,129.2100067138672
2021-09-15,129.27999877929688
2021-09-16,129.07000732421875
2021-09-17,128.6999969482422
2021-09-20,128.82000732421875
2021-09-21,128.72999572753906
2021-09-22,128.60000610351562
2021-09-23,128.13999938964844
2021-09-24,127.81999969482422
2021-09-27,127.87999725341797
2021-09-28,127.5999984741211
2021-09-29,127.66999816894531
2021-09-30,127.69000244140625
2021-10-01,127.80999755859375
2021-10-04,127.80000305175781
2021-10-05,127.93000030517578
2021-10-06,127.86000061035156
2021-10-07,127.75
2021-10-08,127.77999877929688
2021-10-11,127.69999694824219
2021-10-12,127.94000244140625
2021-10-13,128.52000427246094
2021-10-14,128.77000427246094
2021-10-15,128.55999755859375
2021-10-18,128.2899932861328
2021-10-19,127.9800033569336
2021-10-20,128.2100067138672
2021-10-21,128.5
2021-10-22,128.75999450683594
2021-10-25,129.07000732421875
2021-10-26,129.52000427246094
2021-10-27,130.1300048828125
2021-10-28,129.0
2021-10-29,128.6699981689453
2021-11-01,128.0399932861328
2021-11-02,128.5500030517578
2021-11-03,128.3699951171875
2021-11-04,129.22000122070312
2021-11-05,129.6699981689453
2021-11-08,130.10000610351562
2021-11-09,130.86000061035156
2021-11-10,130.4600067138672
2021-11-11,130.44000244140625
2021-11-12,130.4199981689453
2021-11-15,130.44000244140625
2021-11-16,130.25
2021-11-17,130.50999450683594
2021-11-18,130.58999633789062
2021-11-19,130.35000610351562
2021-11-22,129.3000030517578
2021-11-23,128.8000030517578
2021-11-24,129.1999969482422
2021-11-26,129.83999633789062
2021-11-29,129.5399932861328
2021-11-30,129.66000366210938
2021-12-01,129.07000732421875
2021-12-02,129.4499969482422
2021-12-03,129.72000122070312
2021-12-06,129.1300048828125
2021-12-07,129.33999633789062
2021-12-08,129.1199951171875
2021-12-09,128.58999633789062
2021-12-10,128.5800018310547
2021-12-13,128.7100067138672
2021-12-14,128.3000030517578
2021-12-15,128.41000366210938
2021-12-16,127.88999938964844
2021-12-17,127.9000015258789
2021-12-20,127.83000183105469
2021-12-21,128.11000061035156
2021-12-22,128.52000427246094
2021-12-23,128.22999572753906
2021-12-27,128.66000366210938
2021-12-28,128.5800018310547
2021-12-29,128.69000244140625
2021-12-30,129.36000061035156
2021-12-31,129.1999969482422
2022-01-03,128.4600067138672
2022-01-04,127.97000122070312
2022-01-05,126.93000030517578
2022-01-06,126.37999725341797
2022-01-07,126.2300033569336
2022-01-10,126.38999938964844
2022-01-11,127.2699966430664
2022-01-12,126.44999694824219
2022-01-13,126.4800033569336
2022-01-14,125.91000366210938
2022-01-18,125.30999755859375
2022-01-19,125.05000305175781
2022-01-20,125.19999694824219
2022-01-21,125.9800033569336
2022-01-24,126.2699966430664
2022-01-25,126.05000305175781
2022-01-26,125.25
2022-01-27,125.76000213623047
2022-01-28,126.19999694824219
2022-01-31,126.54000091552734
2022-02-01,125.27999877929688
2022-02-02,125.41999816894531
2022-02-03,124.62999725341797
2022-02-04,123.91000366210938
2022-02-07,123.86000061035156
2022-02-08,123.69999694824219
2022-02-09,123.94000244140625
2022-02-10,122.94999694824219
2022-02-11,124.05000305175781
2022-02-14,123.72000122070312
2022-02-15,123.20999908447266
2022-02-16,123.44999694824219
2022-02-17,123.7300033569336
2022-02-18,124.13999938964844
2022-02-22,124.5199966430664
2022-02-23,124.61000061035156
2022-02-24,125.12000274658203
2022-02-25,125.01000213623047
2022-02-28,127.18000030517578
2022-03-01,127.86000061035156
2022-03-02,127.02999877929688
2022-03-03,126.87999725341797
2022-03-04,127.8499984741211
2022-03-07,128.5399932861328
2022-03-08,129.16000366210938
2022-03-09,127.87999725341797
2022-03-10,127.5999984741211
2022-03-11,128.5
2022-03-14,127.08000183105469
2022-03-15,126.12999725341797
2022-03-16,125.4000015258789
2022-03-17,127.11000061035156
2022-03-18,126.72000122070312
2022-03-21,125.5999984741211
2022-03-22,125.0199966430664
2022-03-23,126.58999633789062
2022-03-24,125.80999755859375
2022-03-25,124.94999694824219
2022-03-28,124.80999755859375
2022-03-29,124.36000061035156
2022-03-30,124.97000122070312
2022-03-31,124.56999969482422
2022-04-01,123.08999633789062
2022-04-04,123.0
2022-04-05,122.11000061035156
2022-04-06,121.56999969482422
2022-04-07,121.41000366210938
2022-04-08,121.62999725341797
2022-04-11,121.41999816894531
2022-04-12,121.41000366210938
2022-04-13,121.18000030517578
2022-04-14,121.16999816894531
2022-04-18,121.12999725341797
2022-04-19,120.52999877929688
2022-04-20,121.41999816894531
2022-04-21,121.9000015258789
2022-04-22,121.41999816894531
2022-04-25,121.33000183105469
2022-04-26,121.58999633789062
2022-04-27,121.38999938964844
2022-04-28,122.08000183105469
2022-04-29,121.06999969482422
2022-05-02,118.38999938964844
2022-05-03,118.81999969482422
2022-05-04,119.75
2022-05-05,118.48999786376953
2022-05-06,118.18000030517578
2022-05-09,117.72000122070312
2022-05-10,117.19000244140625
2022-05-11,118.61000061035156
2022-05-12,118.0999984741211
2022-05-13,118.70999908447266
2022-05-16,118.75
2022-05-17,118.1500015258789
2022-05-18,118.97000122070312
2022-05-19,118.55000305175781
2022-05-20,118.5999984741211
2022-05-23,118.18000030517578
2022-05-24,118.81999969482422
2022-05-25,118.91999816894531
2022-05-26,119.41000366210938
2022-05-27,119.79000091552734
2022-05-31,118.94000244140625
2022-06-01,117.08999633789062
2022-06-02,117.62999725341797
2022-06-03,118.30999755859375
2022-06-06,117.54000091552734
2022-06-07,117.81999969482422
2022-06-08,117.52999877929688
2022-06-09,117.51000213623047
2022-06-10,116.98999786376953
2022-06-13,115.0199966430664
2022-06-14,113.44000244140625
2022-06-15,115.01000213623047
2022-06-16,114.66999816894531
2022-06-17,114.7300033569336
2022-06-21,114.33000183105469
2022-06-22,114.98999786376953
2022-06-23,115.33000183105469
2022-06-24,115.44000244140625
2022-06-27,114.61000061035156
2022-06-28,114.20999908447266
2022-06-29,114.01000213623047
2022-06-30,113.91000366210938
2022-07-01,115.16999816894531
2022-07-05,114.8499984741211
2022-07-06,113.80999755859375
2022-07-07,113.62999725341797
2022-07-08,113.51000213623047
2022-07-11,113.69000244140625
2022-07-12,113.6500015258789
2022-07-13,114.23999786376953
2022-07-14,113.95999908447266
2022-07-15,114.62000274658203
2022-07-18,114.47000122070312
2022-07-19,114.3499984741211
2022-07-20,114.25
2022-07-21,114.95999908447266
2022-07-22,115.93000030517578
2022-07-25,115.70999908447266
2022-07-26,115.70999908447266
2022-07-27,116.44999694824219
2022-07-28,117.63999938964844
2022-07-29,118.2300033569336
2022-08-01,117.12999725341797
2022-08-02,115.75
2022-08-03,116.36000061035156
2022-08-04,116.33999633789062
2022-08-05,115.16999816894531
2022-08-08,115.95999908447266
2022-08-09,115.62999725341797
2022-08-10,115.43000030517578
2022-08-11,115.04000091552734
2022-08-12,115.48999786376953
2022-08-15,115.37000274658203
2022-08-16,115.4000015258789
2022-08-17,115.05000305175781
2022-08-18,115.63999938964844
2022-08-19,115.44000244140625
2022-08-22,115.22000122070312
2022-08-23,115.41000366210938
2022-08-24,115.38999938964844
2022-08-25,115.75
2022-08-26,115.58000183105469
2022-08-29,115.12999725341797
2022-08-30,114.93000030517578
2022-08-31,113.91000366210938
2022-09-01,111.62000274658203
2022-09-02,112.27999877929688
2022-09-06,111.20999908447266
2022-09-07,111.66999816894531
2022-09-08,111.05000305175781
2022-09-09,111.0999984741211
2022-09-12,110.7699966430664
2022-09-13,110.44000244140625
2022-09-14,110.72000122070312
2022-09-15,110.16000366210938
2022-09-16,109.69999694824219
2022-09-19,109.19999694824219
2022-09-20,109.02999877929688
2022-09-21,109.23999786376953
2022-09-22,108.0
2022-09-23,107.54000091552734
2022-09-26,105.81999969482422
2022-09-27,105.26000213623047
2022-09-28,107.12000274658203
2022-09-29,105.62000274658203
2022-09-30,104.9000015258789
2022-10-03,106.25
2022-10-04,106.66999816894531
2022-10-05,105.83000183105469
2022-10-06,105.4800033569336
2022-10-07,105.51000213623047
2022-10-10,104.91000366210938
2022-10-11,105.51000213623047
2022-10-12,105.72000122070312
2022-10-13,105.5999984741211
2022-10-14,105.69000244140625
2022-10-17,105.9800033569336
2022-10-18,105.69999694824219
2022-10-19,105.16000366210938
2022-10-20,105.05999755859375
2022-10-21,105.33000183105469
2022-10-24,105.58000183105469
2022-10-25,106.01000213623047
2022-10-26,105.8499984741211
2022-10-27,106.66999816894531
2022-10-28,106.54000091552734
2022-10-31,106.38999938964844
2022-11-01,106.37000274658203
2022-11-02,106.12999725341797
2022-11-03,104.94999694824219
2022-11-04,105.33999633789062
2022-11-07,105.47000122070312
2022-11-08,105.62000274658203
2022-11-09,105.4000015258789
2022-11-10,107.1500015258789
2022-11-11,107.08999633789062
2022-11-14,106.30000305175781
2022-11-15,106.98999786376953
2022-11-16,107.26000213623047
2022-11-17,106.52999877929688
2022-11-18,105.98999786376953
2022-11-21,106.55000305175781
2022-11-22,106.9800033569336
2022-11-23,107.56999969482422
2022-11-25,107.47000122070312
2022-11-28,107.22000122070312
2022-11-29,106.76000213623047
2022-11-30,108.33999633789062
2022-12-01,109.37000274658203
2022-12-02,110.18000030517578
2022-12-05,109.05000305175781
2022-12-06,109.02999877929688
2022-12-07,109.5
2022-12-08,109.47000122070312
2022-12-09,108.43000030517578
2022-12-12,108.44000244140625
2022-12-13,108.76000213623047
2022-12-14,108.48999786376953
2022-12-15,108.16000366210938
2022-12-16,107.58000183105469
2022-12-19,107.20999908447266
2022-12-20,107.18000030517578
2022-12-21,107.76000213623047
2022-12-22,107.16999816894531
2022-12-23,106.93000030517578
2022-12-27,106.44000244140625
2022-12-28,106.31999969482422
2022-12-29,106.76000213623047
2022-12-30,106.44000244140625
2023-01-03,106.81999969482422
2023-01-04,106.88999938964844
2023-01-05,106.91999816894531
2023-01-06,107.9000015258789
2023-01-09,108.1500015258789
2023-01-10,107.70999908447266
2023-01-11,108.16999816894531
2023-01-12,109.0199966430664
2023-01-13,108.16999816894531
2023-01-17,107.86000061035156
2023-01-18,108.5999984741211
2023-01-19,109.2699966430664
2023-01-20,108.6500015258789
2023-01-23,108.55000305175781
2023-01-24,109.16999816894531
2023-01-25,109.38999938964844
2023-01-26,109.37999725341797
2023-01-27,109.13999938964844
2023-01-30,108.61000061035156
2023-01-31,108.6500015258789
2023-02-01,109.37999725341797
2023-02-02,109.2300033569336
2023-02-03,108.20999908447266
2023-02-06,107.77999877929688
2023-02-07,108.05999755859375
2023-02-08,108.62000274658203
2023-02-09,108.06999969482422
2023-02-10,107.68000030517578
2023-02-13,107.86000061035156
2023-02-14,107.5
2023-02-15,107.5
2023-02-16,107.23999786376953
2023-02-17,107.44999694824219
2023-02-21,106.97000122070312
2023-02-22,106.91000366210938
2023-02-23,107.26000213623047
2023-02-24,106.55999755859375
2023-02-27,106.77999877929688
2023-02-28,107.18000030517578
2023-03-01,106.77999877929688
2023-03-02,106.86000061035156
2023-03-03,108.01000213623047
2023-03-06,107.43000030517578
2023-03-07,106.75
2023-03-08,106.23999786376953
2023-03-09,106.5199966430664
2023-03-10,108.08999633789062
2023-03-13,108.91000366210938
2023-03-14,108.30999755859375
2023-03-15,109.62999725341797
2023-03-16,108.38999938964844
2023-03-17,108.62000274658203
2023-03-20,108.72000122070312
2023-03-21,108.48999786376953
2023-03-22,109.9800033569336
2023-03-23,110.18000030517578
2023-03-24,109.9000015258789
2023-03-27,109.04000091552734
2023-03-28,109.37999725341797
2023-03-29,109.58999633789062
2023-03-30,109.69999694824219
2023-03-31,110.25
2023-04-03,110.31999969482422
2023-04-04,110.63999938964844
2023-04-05,110.9000015258789
2023-04-06,111.1500015258789
2023-04-10,110.36000061035156
2023-04-11,110.55000305175781
2023-04-12,110.58999633789062
2023-04-13,110.31999969482422
2023-04-14,109.83999633789062
2023-04-17,109.33999633789062
2023-04-18,109.44999694824219
2023-04-19,109.33999633789062
2023-04-20,109.69000244140625
2023-04-21,109.73999786376953
2023-04-24,110.16000366210938
2023-04-25,110.80999755859375
2023-04-26,110.41999816894531
2023-04-27,110.05000305175781
2023-04-28,110.18000030517578
2023-05-01,108.69999694824219
2023-05-02,109.52999877929688
2023-05-03,110.02999877929688
2023-05-04,110.0
2023-05-05,109.77999877929688
2023-05-08,109.37000274658203
2023-05-09,109.20999908447266
2023-05-10,109.56999969482422
2023-05-11,109.80999755859375
2023-05-12,109.41999816894531
2023-05-15,109.26000213623047
2023-05-16,108.97000122070312
2023-05-17,108.91999816894531
2023-05-18,108.55999755859375
2023-05-19,108.30000305175781
2023-05-22,108.0999984741211
2023-05-23,108.43000030517578
2023-05-24,108.08999633789062
2023-05-25,107.5999984741211
2023-05-26,107.7300033569336
2023-05-30,108.16000366210938
2023-05-31,108.30000305175781
2023-06-01,108.16000366210938
2023-06-02,107.62999725341797
2023-06-05,107.7699966430664
2023-06-06,107.83000183105469
2023-06-07,107.33000183105469
2023-06-08,107.86000061035156
2023-06-09,107.55999755859375
2023-06-12,107.6500015258789
2023-06-13,107.0999984741211
2023-06-14,107.37000274658203
2023-06-15,108.05000305175781
2023-06-16,107.7699966430664
2023-06-20,108.0
2023-06-21,108.01000213623047
2023-06-22,107.62999725341797
2023-06-23,107.88999938964844
2023-06-26,107.94000244140625
2023-06-27,107.63999938964844
2023-06-28,107.86000061035156
2023-06-29,107.1500015258789
2023-06-30,107.62000274658203
2023-07-03,106.98999786376953
2023-07-05,106.4800033569336
2023-07-06,105.91999816894531
2023-07-07,105.8499984741211
2023-07-10,106.0999984741211
2023-07-11,105.9800033569336
2023-07-12,107.1500015258789
2023-07-13,107.69999694824219
2023-07-14,107.12999725341797
2023-07-17,107.33000183105469
2023-07-18,107.27999877929688
2023-07-19,107.6500015258789
2023-07-20,107.61000061035156
2023-07-21,107.61000061035156
2023-07-24,107.66000366210938
2023-07-25,107.47000122070312
2023-07-26,107.51000213623047
2023-07-27,106.72000122070312
2023-07-28,107.12999725341797
2023-07-31,107.16000366210938
2023-08-01,106.30000305175781
2023-08-02,106.11000061035156
2023-08-03,105.44999694824219
2023-08-04,106.47000122070312
2023-08-07,106.55999755859375
2023-08-08,106.54000091552734
2023-08-09,106.48999786376953
2023-08-10,105.94000244140625
2023-08-11,105.79000091552734
2023-08-14,105.56999969482422
2023-08-15,105.23999786376953
2023-08-16,104.93000030517578
2023-08-17,104.9000015258789
2023-08-18,105.08000183105469
2023-08-21,104.80000305175781
2023-08-22,104.9800033569336
2023-08-23,105.93000030517578
2023-08-24,105.44999694824219
2023-08-25,105.43000030517578
2023-08-28,105.48999786376953
2023-08-29,106.01000213623047
2023-08-30,105.8499984741211
2023-08-31,106.06999969482422
2023-09-01,105.19999694824219
2023-09-05,104.98999786376953
2023-09-06,104.83000183105469
2023-09-07,105.20999908447266
2023-09-08,105.44999694824219
2023-09-11,105.3499984741211
2023-09-12,105.4000015258789
2023-09-13,105.54000091552734
2023-09-14,105.37000274658203
2023-09-15,105.11000061035156
2023-09-18,105.33000183105469
2023-09-19,105.02999877929688
2023-09-20,104.80999755859375
2023-09-21,104.26000213623047
2023-09-22,104.62000274658203
2023-09-25,103.83000183105469
2023-09-26,103.56999969482422
2023-09-27,103.4000015258789
2023-09-28,103.93000030517578
2023-09-29,103.72000122070312
2023-10-02,102.91999816894531
2023-10-03,102.19000244140625
2023-10-04,102.63999938964844
2023-10-05,102.48999786376953
2023-10-06,102.12000274658203
2023-10-09,103.12999725341797
2023-10-10,103.16999816894531
2023-10-11,103.62999725341797
2023-10-12,102.97000122070312
2023-10-13,103.63999938964844
2023-10-16,103.33999633789062
2023-10-17,102.83999633789062
2023-10-18,102.62000274658203
2023-10-19,102.52999877929688
2023-10-20,102.83999633789062
2023-10-23,102.86000061035156
2023-10-24,102.94999694824219
2023-10-25,102.5199966430664
2023-10-26,103.06999969482422
2023-10-27,103.22000122070312
2023-10-30,103.05999755859375
2023-10-31,102.80000305175781
2023-11-01,103.23999786376953
2023-11-02,103.70999908447266
2023-11-03,104.23999786376953
2023-11-06,103.97000122070312
2023-11-07,104.25
2023-11-08,104.4800033569336
2023-11-09,103.5999984741211
2023-11-10,103.63999938964844
2023-11-13,103.56999969482422
2023-11-14,104.41999816894531
2023-11-15,103.97000122070312
2023-11-16,104.3499984741211
2023-11-17,104.45999908447266
2023-11-20,104.7699966430664
2023-11-21,104.55000305175781
2023-11-22,104.6500015258789
2023-11-24,104.20999908447266
2023-11-27,104.55000305175781
2023-11-28,104.95999908447266
2023-11-29,105.37999725341797
2023-11-30,105.19000244140625
2023-12-01,105.47000122070312
2023-12-04,105.02999877929688
2023-12-05,105.5999984741211
2023-12-06,105.70999908447266
2023-12-07,105.62000274658203
2023-12-08,105.48999786376953
2023-12-11,105.2699966430664
2023-12-12,105.20999908447266
2023-12-13,106.63999938964844
2023-12-14,107.80999755859375
2023-12-15,107.62999725341797
2023-12-18,107.30999755859375
2023-12-19,107.37999725341797
2023-12-20,107.80999755859375
2023-12-21,107.62999725341797
2023-12-22,107.41999816894531
2023-12-26,107.4800033569336
2023-12-27,107.97000122070312
2023-12-28,107.62000274658203
2023-12-29,107.48999786376953
2024-01-02,107.33999633789062
2024-01-03,107.51000213623047
2024-01-04,107.01000213623047
2024-01-05,106.7699966430664
2024-01-08,107.05999755859375
2024-01-09,106.8499984741211
2024-01-10,106.76000213623047
2024-01-11,107.33000183105469
2024-01-12,107.79000091552734
2024-01-16,107.23999786376953
2024-01-17,106.91000366210938
2024-01-18,106.94000244140625
2024-01-19,107.0199966430664
2024-01-22,107.06999969482422
2024-01-23,106.72000122070312
2024-01-24,106.47000122070312
2024-01-25,106.83000183105469
2024-01-26,106.7300033569336
2024-01-29,107.19999694824219
2024-01-30,107.1500015258789
2024-01-31,107.8499984741211
2024-02-01,108.04000091552734
2024-02-02,107.0
2024-02-05,106.4000015258789
2024-02-06,106.76000213623047
2024-02-07,106.55999755859375
2024-02-08,106.4800033569336
2024-02-09,106.33000183105469
2024-02-12,106.37000274658203
2024-02-13,105.69000244140625
2024-02-14,106.13999938964844
2024-02-15,106.2699966430664
2024-02-16,106.16000366210938
2024-02-20,106.20999908447266
2024-02-21,106.08999633789062
2024-02-22,105.94999694824219
2024-02-23,106.22000122070312
2024-02-26,106.18000030517578
2024-02-27,106.05000305175781
2024-02-28,106.38999938964844
2024-02-29,106.72000122070312
2024-03-01,107.12000274658203
2024-03-04,107.02999877929688
2024-03-05,107.5199966430664
2024-03-06,107.55999755859375
2024-03-07,107.5
2024-03-08,107.58999633789062
2024-03-11,107.4000015258789
2024-03-12,107.19000244140625
2024-03-13,107.04000091552734
2024-03-14,106.38999938964844
2024-03-15,106.31999969482422
2024-03-18,106.22000122070312
2024-03-19,106.37000274658203
2024-03-20,106.79000091552734
2024-03-21,106.9800033569336
2024-03-22,107.3499984741211
2024-03-25,107.01000213623047
2024-03-26,107.04000091552734
2024-03-27,107.37000274658203
2024-03-28,107.41000366210938
2024-04-01,106.6500015258789
2024-04-02,106.68000030517578
2024-04-03,106.68000030517578
2024-04-04,107.08000183105469
2024-04-05,106.62999725341797
2024-04-08,106.58999633789062
2024-04-09,106.87000274658203
2024-04-10,105.83999633789062
2024-04-11,105.75
2024-04-12,106.12000274658203
2024-04-15,105.77999877929688
2024-04-16,105.3499984741211
2024-04-17,105.76000213623047
2024-04-18,105.62000274658203
2024-04-19,105.77999877929688
2024-04-22,105.79000091552734
2024-04-23,105.88999938964844
2024-04-24,105.66999816894531
2024-04-25,105.51000213623047
2024-04-26,105.77999877929688
2024-04-29,106.04000091552734
2024-04-30,105.52999877929688
2024-05-01,105.01000213623047
2024-05-02,105.38999938964844
2024-05-03,105.93000030517578
2024-05-06,105.9800033569336
2024-05-07,105.95999908447266
2024-05-08,105.83999633789062
2024-05-09,106.22000122070312
2024-05-10,106.05000305175781
2024-05-13,106.08999633789062
2024-05-14,106.29000091552734
2024-05-15,106.83000183105469
2024-05-16,106.68000030517578
2024-05-17,106.58000183105469
2024-05-20,106.54000091552734
2024-05-21,106.73999786376953
2024-05-22,106.72000122070312
2024-05-23,106.30999755859375
2024-05-24,106.44000244140625
2024-05-28,106.12000274658203
2024-05-29,105.87000274658203
2024-05-30,106.27999877929688
2024-05-31,106.69999694824219
2024-06-03,106.41999816894531
2024-06-04,106.75
2024-06-05,107.0199966430664
2024-06-06,106.93000030517578
2024-06-07,106.05000305175781
2024-06-10,105.9000015258789
2024-06-11,106.19000244140625
2024-06-12,106.3499984741211
2024-06-13,106.7699966430664
2024-06-14,106.9000015258789
2024-06-17,106.75
2024-06-18,107.18000030517578
2024-06-20,107.19999694824219
2024-06-21,107.04000091552734
2024-06-24,107.0999984741211
2024-06-25,107.2300033569336
2024-06-26,106.91000366210938
2024-06-27,107.11000061035156
2024-06-28,106.77999877929688
2024-07-01,105.91999816894531
2024-07-02,106.12000274658203
2024-07-03,106.54000091552734
2024-07-05,107.0199966430664
2024-07-08,106.9800033569336
2024-07-09,106.81999969482422
2024-07-10,107.0199966430664
2024-07-11,107.33999633789062
2024-07-12,107.51000213623047
2024-07-15,107.44000244140625
2024-07-16,107.7699966430664
2024-07-17,107.80999755859375
2024-07-18,107.56999969482422
2024-07-19,107.30999755859375
2024-07-22,107.18000030517578
2024-07-23,107.12000274658203
2024-07-24,106.80000305175781
2024-07-25,107.05999755859375
2024-07-26,107.4000015258789
2024-07-29,107.51000213623047
2024-07-30,107.58999633789062
2024-07-31,108.18000030517578
2024-08-01,108.1500015258789
2024-08-02,108.66999816894531
2024-08-05,108.9800033569336
2024-08-06,108.3499984741211
2024-08-07,108.0199966430664
2024-08-08,107.91999816894531
2024-08-09,108.19999694824219
2024-08-12,108.48999786376953
2024-08-13,108.72000122070312
2024-08-14,108.66000366210938
2024-08-15,108.43000030517578
2024-08-16,108.38999938964844
2024-08-19,108.45999908447266
2024-08-20,108.88999938964844
2024-08-21,109.12999725341797
2024-08-22,108.79000091552734
2024-08-23,109.37000274658203
2024-08-26,109.37999725341797
2024-08-27,109.37999725341797
2024-08-28,109.37000274658203
2024-08-29,109.22000122070312
2024-08-30,108.87000274658203
2024-09-03,109.05999755859375
2024-09-04,109.3499984741211
2024-09-05,109.41999816894531
2024-09-06,109.48999786376953
2024-09-09,109.73999786376953
2024-09-10,109.9800033569336
2024-09-11,110.05000305175781
2024-09-12,110.06999969482422
2024-09-13,110.44000244140625
2024-09-16,110.81999969482422
2024-09-17,110.77999877929688
2024-09-18,110.37000274658203
2024-09-19,110.69999694824219
2024-09-20,110.55000305175781
2024-09-23,110.55999755859375
2024-09-24,110.83000183105469
2024-09-25,110.41000366210938
2024-09-26,110.2699966430664
2024-09-27,110.54000091552734
2024-09-30,110.47000122070312
2024-10-01,110.70999908447266
2024-10-02,110.61000061035156
2024-10-03,110.13999938964844
2024-10-04,109.38999938964844
2024-10-07,109.2699966430664
2024-10-08,109.44999694824219
2024-10-09,109.25
2024-10-10,109.47000122070312
2024-10-11,109.4800033569336
2024-10-14,109.37000274658203
2024-10-15,109.48999786376953
2024-10-16,109.51000213623047
2024-10-17,109.18000030517578
2024-10-18,109.36000061035156
2024-10-21,108.56999969482422
2024-10-22,108.72000122070312
2024-10-23,108.44999694824219
2024-10-24,108.55999755859375
2024-10-25,108.2699966430664
2024-10-28,108.05999755859375
2024-10-29,108.22000122070312
2024-10-30,108.43000030517578
2024-10-31,108.30999755859375
2024-11-01,107.76000213623047
2024-11-04,107.94000244140625
2024-11-05,108.04000091552734
2024-11-06,107.87000274658203
2024-11-07,108.2699966430664
2024-11-08,108.56999969482422
2024-11-11,108.20999908447266
2024-11-12,107.63999938964844
2024-11-13,107.44000244140625
2024-11-14,107.41999816894531
2024-11-15,107.44999694824219
2024-11-18,107.70999908447266
2024-11-19,107.87999725341797
2024-11-20,107.83000183105469
2024-11-21,107.69000244140625
2024-11-22,107.7699966430664
2024-11-25,108.36000061035156
2024-11-26,108.11000061035156
2024-11-27,108.44999694824219
2024-11-29,108.76000213623047
2024-12-02,108.51000213623047
2024-12-03,108.55999755859375
2024-12-04,108.87000274658203
2024-12-05,108.73999786376953
2024-12-06,108.83000183105469
2024-12-09,108.62999725341797
2024-12-10,108.58999633789062
2024-12-11,108.43000030517578
2024-12-12,108.08000183105469
2024-12-13,107.77999877929688
2024-12-16,107.66000366210938
2024-12-17,107.5999984741211
2024-12-18,106.76000213623047
2024-12-19,106.33000183105469
2024-12-20,106.54000091552734
2024-12-23,106.4000015258789
2024-12-24,106.63999938964844
2024-12-26,106.63999938964844
2024-12-27,106.37000274658203
2024-12-30,106.68000030517578
2024-12-31,106.55000305175781
2025-01-02,106.70999908447266
2025-01-03,106.48999786376953
2025-01-06,106.48999786376953
2025-01-07,106.31999969482422
2025-01-08,106.5999984741211
2025-01-10,106.22000122070312
2025-01-13,106.22000122070312
2025-01-14,106.26000213623047
2025-01-15,107.0
2025-01-16,107.13999938964844
2025-01-17,107.18000030517578
2025-01-21,107.26000213623047
2025-01-22,107.13999938964844
2025-01-23,107.23999786376953
2025-01-24,107.43000030517578
2025-01-27,107.87999725341797
2025-01-28,107.94999694824219
2025-01-29,107.81999969482422
2025-01-30,107.93000030517578
2025-01-31,108.01000213623047
2025-02-03,108.26000213623047
2025-02-04,108.44000244140625
2025-02-05,108.91999816894531
2025-02-06,108.7300033569336
2025-02-07,108.44000244140625
2025-02-10,108.48999786376953
2025-02-11,108.45999908447266
2025-02-12,107.80999755859375
2025-02-13,108.41000366210938
2025-02-14,108.61000061035156
2025-02-18,108.26000213623047
2025-02-19,108.4800033569336
2025-02-20,108.69999694824219
2025-02-21,108.91999816894531
2025-02-24,109.16000366210938
2025-02-25,109.62000274658203
2025-02-26,109.70999908447266
2025-02-27,109.58000183105469
2025-02-28,110.33999633789062
2025-03-03,110.63999938964844
2025-03-04,110.25
2025-03-05,109.69000244140625
2025-03-06,109.63999938964844
2025-03-07,109.45999908447266
2025-03-10,109.94999694824219
2025-03-11,109.6500015258789
2025-03-12,109.5199966430664
2025-03-13,109.68000030517578
2025-03-14,109.41999816894531
2025-03-17,109.44999694824219
2025-03-18,109.56999969482422
2025-03-19,110.12999725341797
2025-03-20,110.2300033569336
2025-03-21,110.0999984741211
2025-03-24,109.81999969482422
2025-03-25,110.0
2025-03-26,109.86000061035156
2025-03-27,110.08999633789062
2025-03-28,110.6500015258789
2025-03-31,111.08999633789062
2025-04-01,110.44999694824219
2025-04-02,110.27999877929688
2025-04-03,110.97000122070312
2025-04-04,110.5999984741211
2025-04-07,109.2699966430664
2025-04-08,109.0
2025-04-09,109.2300033569336
2025-04-10,107.93000030517578
2025-04-11,107.97000122070312
2025-04-14,108.48999786376953
2025-04-15,108.4800033569336
2025-04-16,108.77999877929688
2025-04-17,109.02999877929688
2025-04-21,108.47000122070312
2025-04-22,108.87000274658203
2025-04-23,109.19000244140625
2025-04-24,109.7699966430664
2025-04-25,109.81999969482422
2025-04-28,110.19999694824219
2025-04-29,110.38999938964844
2025-04-30,110.5199966430664
2025-05-01,109.61000061035156
2025-05-02,109.04000091552734
2025-05-05,108.93000030517578
2025-05-06,109.26000213623047
2025-05-07,109.37000274658203
2025-05-08,108.9800033569336
2025-05-09,109.08000183105469
2025-05-12,108.2300033569336
2025-05-13,108.48999786376953
2025-05-14,108.37999725341797
2025-05-15,108.69000244140625
2025-05-16,108.87999725341797
2025-05-19,108.88999938964844
2025-05-20,108.7300033569336
2025-05-21,108.13999938964844
2025-05-22,108.45999908447266
2025-05-23,108.55999755859375
2025-05-27,108.87000274658203
2025-05-28,108.62000274658203
2025-05-29,108.93000030517578
2025-05-30,109.29000091552734
2025-06-02,108.6500015258789
2025-06-03,108.55000305175781
2025-06-04,108.97000122070312
2025-06-05,108.6500015258789
2025-06-06,108.06999969482422
2025-06-09,108.22000122070312
2025-06-10,108.2699966430664
2025-06-11,108.44999694824219
2025-06-12,108.76000213623047
2025-06-13,108.5999984741211
2025-06-16,108.44999694824219
2025-06-17,109.0199966430664
2025-06-18,109.0999984741211
2025-06-20,109.29000091552734
2025-06-23,109.37999725341797
2025-06-24,109.5199966430664
2025-06-25,109.58000183105469
2025-06-26,109.9000015258789
2025-06-27,109.76000213623047
2025-06-30,110.04000091552734
2025-07-01,109.5999984741211
2025-07-02,109.55000305175781
2025-07-03,109.36000061035156
2025-07-07,109.22000122070312
2025-07-08,109.12999725341797
2025-07-09,109.54000091552734
2025-07-10,109.51000213623047
2025-07-11,109.33000183105469
2025-07-14,109.4000015258789
2025-07-15,109.11000061035156
2025-07-16,109.4800033569336
2025-07-17,109.58000183105469
2025-07-18,109.69999694824219
2025-07-21,109.9800033569336
2025-07-22,110.08000183105469
2025-07-23,109.6500015258789
2025-07-24,109.7300033569336
2025-07-25,109.83000183105469
2025-07-28,109.69000244140625
2025-07-29,110.27999877929688
2025-07-30,109.8499984741211
2025-07-31,109.66999816894531
2025-08-01,110.16999816894531
2025-08-04,110.48999786376953
2025-08-05,110.38999938964844
2025-08-06,110.30000305175781
2025-08-07,110.41999816894531
2025-08-08,110.3499984741211
2025-08-11,110.3499984741211
2025-08-12,110.16000366210938
2025-08-13,110.58000183105469
2025-08-14,110.25
2025-08-15,110.04000091552734
2025-08-18,109.91999816894531
2025-08-19,110.02999877929688
2025-08-20,110.1500015258789
2025-08-21,110.16999816894531
2025-08-22,110.91999816894531
2025-08-25,110.70999908447266
2025-08-26,110.97000122070312
2025-08-27,111.22000122070312
2025-08-28,111.29000091552734
2025-08-29,111.16999816894531
2025-09-02,110.55000305175781
2025-09-03,110.80000305175781
2025-09-04,110.97000122070312
2025-09-05,111.45999908447266
2025-09-08,111.69000244140625
2025-09-09,111.47000122070312
2025-09-10,111.63999938964844
2025-09-11,111.81999969482422
2025-09-12,111.66999816894531
2025-09-15,111.77999877929688
2025-09-16,111.87999725341797
2025-09-17,111.80999755859375
2025-09-18,111.5
2025-09-19,111.44000244140625
2025-09-22,111.16999816894531
2025-09-23,111.47000122070312
2025-09-24,111.2699966430664
2025-09-25,111.08999633789062
2025-09-26,111.11000061035156
2025-09-29,111.25
2025-09-30,111.22000122070312
2025-10-01,111.22000122070312
2025-10-02,111.16999816894531
2025-10-03,111.05000305175781
2025-10-06,110.86000061035156
2025-10-07,111.16999816894531
2025-10-08,111.25
2025-10-09,111.12000274658203
2025-10-10,111.51000213623047
2025-10-13,111.79000091552734
2025-10-14,111.66999816894531
2025-10-15,111.63999938964844
2025-10-16,111.9000015258789
2025-10-17,111.68000030517578
2025-10-20,111.77999877929688
2025-10-21,112.0199966430664
2025-10-22,112.19999694824219
2025-10-23,111.9800033569336
2025-10-24,111.97000122070312
2025-10-27,111.94000244140625
2025-10-28,112.02999877929688
2025-10-29,111.44000244140625
2025-10-30,111.19999694824219
2025-10-31,111.37999725341797
2025-11-03,110.94000244140625
2025-11-04,110.98999786376953
2025-11-05,110.58000183105469
2025-11-06,110.87999725341797
2025-11-07,110.9000015258789
2025-11-10,110.91999816894531
2025-11-11,111.37000274658203
2025-11-12,111.12999725341797
2025-11-13,110.87999725341797
2025-11-14,110.75
2025-11-17,110.7699966430664
2025-11-18,110.8499984741211
2025-11-19,110.70999908447266
2025-11-20,110.76000213623047
2025-11-21,111.0199966430664
2025-11-24,111.06999969482422
2025-11-25,111.2699966430664
2025-11-26,111.51000213623047
2025-11-28,111.26000213623047
2025-12-01,110.5
2025-12-02,110.52999877929688
2025-12-03,110.77999877929688
2025-12-04,110.62999725341797
2025-12-05,110.44999694824219
2025-12-08,110.2300033569336
2025-12-09,110.08999633789062
2025-12-10,110.44999694824219
2025-12-11,110.4000015258789
2025-12-12,110.2300033569336
2025-12-15,110.1500015258789
2025-12-16,110.16999816894531
2025-12-17,110.29000091552734
2025-12-18,110.5
2025-12-19,109.94000244140625
2025-12-22,109.77999877929688
2025-12-23,109.83000183105469
2025-12-24,110.05999755859375
2025-12-26,110.05000305175781
2025-12-29,110.1500015258789
2025-12-30,110.12999725341797
2025-12-31,109.91000366210938
2026-01-02,109.86000061035156
2026-01-05,110.16000366210938
2026-01-06,110.08000183105469
2026-01-07,110.25
2026-01-08,110.02999877929688
2026-01-09,110.18000030517578
2026-01-12,110.18000030517578
2026-01-13,110.27999877929688
2026-01-14,110.4000015258789
2026-01-15,110.2300033569336
2026-01-16,110.0199966430664
2026-01-20,109.69000244140625
2026-01-21,110.12000274658203
2026-01-22,110.01000213623047
2026-01-23,110.2300033569336
2026-01-26,110.37999725341797
2026-01-27,110.38999938964844
2026-01-28,110.44000244140625
2026-01-29,110.5199966430664
2026-01-30,110.4800033569336
2026-02-02,110.19000244140625
2026-02-03,110.37000274658203
2026-02-04,110.25
2026-02-05,110.55999755859375
2026-02-06,110.66999816894531
2026-02-09,110.76000213623047
2026-02-10,110.98999786376953
2026-02-11,110.80999755859375
2026-02-12,111.25
2026-02-13,111.38999938964844
2026-02-17,111.2300033569336
2026-02-18,111.16000366210938
2026-02-19,111.25
2026-02-20,111.19000244140625
2026-02-23,111.29000091552734
2026-02-24,111.30999755859375
2026-02-25,111.41000366210938
2026-02-26,111.70999908447266
2026-02-27,111.87999725341797
2026-03-02,111.56999969482422
2026-03-03,111.5
2026-03-04,111.25
2026-03-05,111.22000122070312
2026-03-06,111.43000030517578
2026-03-09,111.61000061035156
2026-03-10,111.23999786376953
2026-03-11,111.06999969482422
2026-03-12,110.93000030517578
2026-03-13,110.70999908447266
2026-03-16,111.05999755859375
2026-03-17,111.44999694824219
2026-03-18,111.23999786376953
2026-03-19,111.11000061035156
2026-03-20,110.22000122070312
2026-03-23,110.19000244140625
2026-03-24,109.83000183105469
2026-03-25,110.16000366210938
2026-03-26,109.76000213623047
2026-03-27,109.66999816894531
2026-03-30,110.3499984741211
2026-03-31,110.36000061035156
2026-04-01,110.36000061035156
2026-04-02,110.80999755859375
2026-04-06,110.76000213623047
2026-04-07,110.88999938964844
2026-04-08,110.91000366210938
2026-04-09,110.95999908447266
2026-04-10,111.0199966430664
2026-04-13,111.27999877929688
2026-04-14,111.52999877929688
2026-04-15,111.43000030517578
2026-04-16,111.19000244140625
2026-04-17,111.4800033569336
2026-04-20,111.41000366210938
2026-04-21,111.22000122070312
2026-04-22,111.38999938964844
2026-04-23,111.56999969482422
2026-04-24,111.80000305175781
2026-04-27,111.7699966430664
2026-04-28,111.7300033569336
2026-04-29,111.38999938964844
2026-04-30,111.55999755859375
2026-05-01,111.3499984741211
2026-05-04,111.1500015258789
2026-05-05,111.06999969482422
2026-05-06,111.1500015258789
2026-05-07,111.02999877929688
2026-05-08,111.4000015258789
2026-05-11,111.30999755859375
2026-05-12,111.12000274658203
2026-05-13,111.12000274658203
2026-05-14,111.01000213623047
2026-05-15,110.61000061035156
2026-05-18,110.4800033569336
2026-05-19,110.11000061035156
2026-05-20,110.37000274658203
2026-05-21,110.37000274658203
2026-05-22,110.37999725341797
2026-05-26,110.81999969482422
2026-05-27,110.87999725341797
2026-05-28,111.18000030517578
2026-05-29,111.20999908447266
2026-06-01,109.9800033569336
2026-06-02,109.97000122070312
2026-06-03,109.7699966430664
2026-06-04,109.77999877929688
2026-06-05,109.25
2026-06-08,109.12999725341797
2026-06-09,109.31999969482422
2026-06-10,109.20999908447266
2026-06-11,109.5999984741211
2026-06-12,109.61000061035156
2026-06-15,109.76000213623047
2026-06-16,109.76000213623047
2026-06-17,109.02999877929688
2026-06-18,109.38999938964844
2026-06-22,108.94000244140625
2026-06-23,108.9000015258789
2026-06-24,109.31999969482422
2026-06-25,109.5
2026-06-26,109.69999694824219
2026-06-29,109.9000015258789
2026-06-30,109.43000030517578
2026-07-01,108.16999816894531
2026-07-02,108.33000183105469
2026-07-06,108.48999786376953
2026-07-07,108.16999816894531
2026-07-08,108.05000305175781
2026-07-09,108.12000274658203
2026-07-10,108.12999725341797
2026-07-13,107.91000366210938
2026-07-14,108.01000213623047
2026-07-15,108.06999969482422
2026-07-16,107.97000122070312
2026-07-17,108.2699966430664
2026-07-20,108.05000305175781
2026-07-21,107.87999725341797
2026-07-22,107.7699966430664
2026-07-23,107.48999786376953
2026-07-24,107.5
2026-07-27,107.38999938964844
2026-07-28,107.66000366210938
2026-07-29,107.7699966430664
2026-07-30,107.73999786376953
2026-07-31,107.62999725341797
2026-08-03,106.86000061035156
2026-08-04,107.05000305175781
2026-08-05,107.0
2026-08-06,106.87000274658203
2026-08-07,107.08000183105469
2026-08-10,106.86000061035156
2026-08-11,106.88999938964844
2026-08-12,106.91999816894531
2026-08-13,107.16000366210938
2026-08-14,106.98999786376953
2026-08-17,106.7699966430664
2026-08-18,107.0199966430664
2026-08-19,107.51000213623047
2026-08-20,107.5199966430664
2026-08-21,107.12999725341797
2026-08-24,107.25
2026-08-25,107.63999938964844
2026-08-26,107.51000213623047
2026-08-27,107.44000244140625
2026-08-28,106.94000244140625
2026-08-31,106.81999969482422
2026-09-01,106.80999755859375
2026-09-02,106.86000061035156
2026-09-03,107.0
2026-09-04,106.97000122070312
2026-09-08,107.05000305175781
2026-09-09,106.80000305175781
2026-09-10,106.33000183105469
2026-09-11,105.83999633789062
2026-09-14,105.81999969482422
2026-09-15,105.79000091552734
2026-09-16,105.38999938964844
2026-09-17,105.70999908447266
2026-09-18,105.2699966430664
2026-09-21,105.51499938964844
